# t[s]  w_center_TSDT[m]  w_center_RM_navier[m]  (Nayak Ex.5, blast pulse, q0 F(t) sinsin)
0.000000000000000000e+00 0.000000000000000000e+00 0.000000000000000000e+00
1.000000000000000082e-05 8.460605591510434332e-05 8.462711909899358102e-05
2.000000000000000164e-05 3.380370297355021086e-04 3.381231293070352008e-04
3.000000000000000415e-05 7.596904864753551562e-04 7.598912675329087558e-04
4.000000000000000327e-05 1.348935396901167639e-03 1.349310035858187345e-03
5.000000000000000240e-05 2.105112580056911487e-03 2.105733632571283372e-03
6.000000000000000830e-05 3.027535272487439765e-03 3.028492509964415998e-03
7.000000000000000742e-05 4.115489812904726992e-03 4.116894047196980981e-03
8.000000000000000654e-05 5.368236428417439733e-03 5.370223323815258819e-03
9.000000000000000567e-05 6.785010106149682099e-03 6.787743977151972780e-03
1.000000000000000048e-04 8.365021532158243081e-03 8.368699124867189781e-03
1.100000000000000039e-04 1.010745807805693043e-02 1.011231233238191890e-02
1.200000000000000166e-04 1.201148481472474536e-02 1.201778860392997347e-02
1.300000000000000157e-04 1.407624553191501662e-02 1.408431537544674317e-02
1.400000000000000148e-04 1.630086374251957584e-02 1.631106348751968152e-02
1.500000000000000140e-04 1.868444365068170493e-02 1.869718811716680751e-02
1.600000000000000131e-04 2.122607106386793091e-02 2.124182964825736819e-02
1.700000000000000122e-04 2.392481423039852576e-02 2.394411446191788140e-02
1.800000000000000113e-04 2.677972458574854470e-02 2.680315563025474634e-02
1.900000000000000105e-04 2.978983739314580714e-02 2.981805349910429670e-02
2.000000000000000096e-04 3.295417226653066939e-02 3.298789614824968602e-02
2.100000000000000087e-04 3.627173356677197702e-02 3.631175972054864753e-02
2.200000000000000078e-04 3.974151066506417113e-02 3.978870861462722314e-02
2.300000000000000070e-04 4.336247807061482940e-02 4.341779553913279605e-02
2.400000000000000332e-04 4.713359542296999272e-02 4.719806142992638565e-02
2.500000000000000052e-04 5.105380735256756508e-02 5.112853523494789720e-02
2.600000000000000314e-04 5.512204321625454456e-02 5.520823357472433301e-02
2.700000000000000035e-04 5.933721671750335352e-02 5.943616028953960934e-02
2.800000000000000297e-04 6.369822542382330699e-02 6.381130588706053486e-02
2.900000000000000017e-04 6.820395019634099831e-02 6.833264690666633612e-02
3.000000000000000279e-04 7.285325454864133299e-02 7.299914521877741425e-02
3.099999999999999999e-04 7.764498395368601980e-02 7.780974727909803490e-02
3.200000000000000262e-04 8.257796511890658220e-02 8.276338335882207908e-02
3.300000000000000524e-04 8.765100525038296841e-02 8.785896677247445608e-02
3.400000000000000244e-04 9.286289132733474561e-02 9.309539312516575127e-02
3.500000000000000507e-04 9.821238940798455996e-02 9.847153960062154932e-02
3.600000000000000227e-04 1.036982439871802775e-01 1.039862643104061818e-01
3.700000000000000489e-04 1.093191774250164838e-01 1.096384057233376480e-01
3.800000000000000209e-04 1.150738894641063076e-01 1.154267821922041470e-01
3.900000000000000471e-04 1.209610568511379075e-01 1.213501915925951358e-01
4.000000000000000192e-04 1.269793330759809158e-01 1.274074110860053677e-01
4.100000000000000454e-04 1.331273482389188079e-01 1.335971970164228917e-01
4.200000000000000174e-04 1.394037090536521528e-01 1.399182849464461198e-01
4.300000000000000436e-04 1.458069989905999564e-01 1.463693898356518142e-01
4.400000000000000157e-04 1.523357785618139060e-01 1.529492063605664143e-01
4.500000000000000419e-04 1.589885857455617946e-01 1.596564093722200872e-01
4.600000000000000139e-04 1.657639365454350866e-01 1.664896544839955250e-01
4.700000000000000401e-04 1.726603256757471283e-01 1.734475787793980650e-01
4.800000000000000664e-04 1.796762273620928496e-01 1.805288016265166606e-01
4.900000000000000926e-04 1.868100962433082712e-01 1.877319255834382916e-01
5.000000000000000104e-04 1.940603683587505957e-01 1.950555373767174638e-01
5.100000000000000366e-04 2.014254622028811004e-01 2.024982089332967861e-01
5.200000000000000629e-04 2.089037798276172364e-01 2.100584984450289405e-01
5.300000000000000891e-04 2.164937079718529112e-01 2.177349514442077361e-01
5.400000000000000069e-04 2.241936191969685910e-01 2.255261018682999385e-01
5.500000000000000331e-04 2.320018730070630419e-01 2.334304730923657534e-01
5.600000000000000594e-04 2.399168169330450351e-01 2.414465789084823122e-01
5.700000000000000856e-04 2.479367875606268423e-01 2.495729244328032392e-01
5.800000000000000034e-04 2.560601114836130732e-01 2.578080069226640347e-01
5.900000000000000296e-04 2.642851061656844025e-01 2.661503164883647909e-01
6.000000000000000559e-04 2.726100806960521927e-01 2.745983366868193776e-01
6.100000000000000821e-04 2.810333364269021472e-01 2.831505449871641877e-01
6.199999999999999999e-04 2.895531674833425329e-01 2.918054131015235808e-01
6.300000000000000261e-04 2.981678611396105238e-01 3.005614071774284080e-01
6.400000000000000524e-04 3.068756980584521621e-01 3.094169878517372685e-01
6.500000000000000786e-04 3.156749523938437441e-01 3.183706101692979629e-01
6.600000000000001048e-04 3.245638917604513618e-01 3.274207233728568256e-01
6.700000000000000226e-04 3.335407770763939572e-01 3.365657705738793748e-01
6.800000000000000488e-04 3.426038622888684104e-01 3.458041883168245234e-01
6.900000000000000751e-04 3.517513939949816759e-01 3.551344060520254531e-01
7.000000000000001013e-04 3.609816109726207145e-01 3.645548455345516969e-01
7.100000000000000191e-04 3.702927436383375848e-01 3.740639201682440795e-01
7.200000000000000453e-04 3.796830134509627253e-01 3.836600343154538684e-01
7.300000000000000716e-04 3.891506322809777929e-01 3.933415825938752497e-01
7.400000000000000978e-04 3.986938017665037637e-01 4.031069491821958617e-01
7.500000000000000156e-04 4.083107126771149953e-01 4.129545071560958291e-01
7.600000000000000418e-04 4.179995443065434579e-01 4.228826178754276355e-01
7.700000000000000681e-04 4.277584639146831402e-01 4.328896304421882002e-01
7.800000000000000943e-04 4.375856262382034068e-01 4.429738812472240883e-01
7.900000000000000121e-04 4.474791730874881357e-01 4.531336936214837574e-01
8.000000000000000383e-04 4.574372330456454305e-01 4.633673776051421278e-01
8.100000000000000646e-04 4.674579212829647612e-01 4.736732298451044598e-01
8.200000000000000908e-04 4.775393394975351868e-01 4.840495336283182626e-01
8.300000000000001170e-04 4.876795759898149285e-01 4.944945590550861581e-01
8.400000000000000348e-04 4.978767058758355457e-01 5.050065633532052622e-01
8.500000000000000611e-04 5.081287914405110406e-01 5.155837913304044395e-01
8.600000000000000873e-04 5.184338826292714808e-01 5.262244759592247245e-01
8.700000000000001135e-04 5.287900176730320201e-01 5.369268390853388917e-01
8.800000000000000313e-04 5.391952238384095653e-01 5.476890922473319767e-01
8.900000000000000576e-04 5.496475182922024860e-01 5.585094375933287170e-01
9.000000000000000838e-04 5.601449090664862851e-01 5.693860688775123080e-01
9.100000000000001100e-04 5.706853961083603322e-01 5.803171725177067586e-01
9.200000000000000278e-04 5.812669723964090096e-01 5.913009286937258580e-01
9.300000000000000541e-04 5.918876251044087322e-01 6.023355124652401971e-01
9.400000000000000803e-04 6.025453367917178449e-01 6.134190948874594929e-01
9.500000000000001065e-04 6.132380865991846619e-01 6.245498441030151726e-01
9.600000000000001327e-04 6.239638514292960014e-01 6.357259263890009393e-01
9.700000000000000505e-04 6.347206070896631580e-01 6.469455071392521406e-01
9.800000000000001852e-04 6.455063293798286583e-01 6.582067517635074028e-01
9.899999999999999946e-04 6.563189951026977553e-01 6.695078264871229257e-01
1.000000000000000021e-03 6.671565829836861861e-01 6.808468990374324514e-01
1.010000000000000047e-03 6.780170744828354357e-01 6.922221392055721845e-01
1.020000000000000073e-03 6.888984544876646243e-01 7.036317192756290639e-01
1.030000000000000100e-03 6.997987118773224546e-01 7.150738143161624594e-01
1.040000000000000126e-03 7.107158399516166902e-01 7.265466023324915756e-01
1.050000000000000152e-03 7.216478367216712098e-01 7.380482642814955030e-01
1.060000000000000178e-03 7.325927050621928727e-01 7.495769839539988544e-01
1.069999999999999988e-03 7.435484527285811662e-01 7.611309477330200357e-01
1.080000000000000014e-03 7.545130922452620847e-01 7.727083442391461388e-01
1.090000000000000040e-03 7.654846406746597109e-01 7.843073638770270417e-01
1.100000000000000066e-03 7.764611192789901972e-01 7.959261982993689477e-01
1.110000000000000092e-03 7.874405530895891570e-01 8.075630398067994431e-01
1.120000000000000119e-03 7.984209704006290931e-01 8.192160807035081538e-01
1.130000000000000145e-03 8.094004022058552961e-01 8.308835126296498785e-01
1.140000000000000171e-03 8.203768815983052409e-01 8.425635258920416426e-01
1.150000000000000197e-03 8.313484431538191721e-01 8.542543088147281916e-01
1.160000000000000007e-03 8.423131223195488015e-01 8.659540471305078313e-01
1.170000000000000033e-03 8.532689548285219416e-01 8.776609234335153165e-01
1.180000000000000059e-03 8.642139761607324777e-01 8.893731167114847791e-01
1.190000000000000085e-03 8.751462210700988731e-01 9.010888019743880095e-01
1.200000000000000112e-03 8.860637231951181692e-01 9.128061499938147083e-01
1.210000000000000138e-03 8.969645147690454845e-01 9.245233271647868012e-01
1.220000000000000164e-03 9.078466264431136468e-01 9.362384954987390540e-01
1.230000000000000190e-03 9.187080872336427229e-01 9.479498127532333118e-01
1.240000000000000000e-03 9.295469246009779862e-01 9.596554327006712182e-01
1.250000000000000026e-03 9.403611646651114375e-01 9.713535055349133973e-01
1.260000000000000052e-03 9.511488325596093585e-01 9.830421784113814176e-01
1.270000000000000078e-03 9.619079529222497316e-01 9.947195961130016473e-01
1.280000000000000105e-03 9.726365505175296189e-01 1.006383901831306327e+00
1.290000000000000131e-03 9.833326509831240569e-01 1.018033238049224298e+00
1.300000000000000157e-03 9.939942816894531408e-01 1.029665747509651341e+00
1.310000000000000183e-03 1.004619472698845328e+00 1.041279574251796625e+00
1.320000000000000210e-03 1.015206257808453083e+00 1.052872864695682198e+00
1.330000000000000019e-03 1.025752675659072466e+00 1.064443768753998487e+00
1.340000000000000045e-03 1.036256770890483514e+00 1.075990440949853522e+00
1.350000000000000071e-03 1.046716595322790599e+00 1.087511041518813171e+00
1.360000000000000098e-03 1.057130209142634891e+00 1.099003737473991382e+00
1.370000000000000124e-03 1.067495682072990837e+00 1.110466703613852690e+00
1.380000000000000150e-03 1.077811094505632727e+00 1.121898123453738627e+00
1.390000000000000176e-03 1.088074538576193184e+00 1.133296190063988851e+00
1.400000000000000203e-03 1.098284119163054795e+00 1.144659106799744031e+00
1.410000000000000012e-03 1.108437954793070279e+00 1.155985087910141651e+00
1.420000000000000038e-03 1.118534178439245075e+00 1.167272359017501149e+00
1.430000000000000064e-03 1.128570938198026674e+00 1.178519157460213185e+00
1.440000000000000091e-03 1.138546397836613266e+00 1.189723732496337005e+00
1.450000000000000117e-03 1.148458737203716939e+00 1.200884345368232520e+00
1.460000000000000143e-03 1.158306152500352626e+00 1.211999269231902598e+00
1.470000000000000169e-03 1.168086856410496477e+00 1.223066788957955398e+00
1.480000000000000196e-03 1.177799078094653673e+00 1.234085200814182048e+00
1.490000000000000222e-03 1.187441063052591339e+00 1.245052812042563239e+00
1.500000000000000031e-03 1.197011072864478054e+00 1.255967940346054634e+00
1.510000000000000057e-03 1.206507384822494533e+00 1.266828913302645576e+00
1.520000000000000084e-03 1.215928291467492262e+00 1.277634067725908595e+00
1.530000000000000110e-03 1.225272100047471113e+00 1.288381748992532660e+00
1.540000000000000136e-03 1.234537131916412234e+00 1.299070310358086955e+00
1.550000000000000162e-03 1.243721721893376708e+00 1.309698112282523530e+00
1.560000000000000189e-03 1.252824217602648726e+00 1.320263521786662952e+00
1.570000000000000215e-03 1.261842978816117400e+00 1.330764911860118138e+00
1.580000000000000024e-03 1.270776376818980369e+00 1.341200660939855238e+00
1.590000000000000050e-03 1.279622793819272131e+00 1.351569152476838731e+00
1.600000000000000077e-03 1.288380622420642219e+00 1.361868774606061372e+00
1.610000000000000103e-03 1.297048265176289128e+00 1.372097919932721455e+00
1.620000000000000129e-03 1.305624134239999234e+00 1.382254985444494322e+00
1.630000000000000155e-03 1.314106651127938008e+00 1.392338372556749748e+00
1.640000000000000182e-03 1.322494246602182288e+00 1.402346487294336530e+00
1.650000000000000208e-03 1.330785360684104912e+00 1.412277740610233590e+00
1.660000000000000234e-03 1.338978442802615909e+00 1.422130548838029140e+00
1.670000000000000043e-03 1.347071952079082813e+00 1.431903334271916739e+00
1.680000000000000070e-03 1.355064357747479242e+00 1.441594525864819287e+00
1.690000000000000096e-03 1.362954139705119028e+00 1.451202560032332611e+00
1.700000000000000122e-03 1.370739789186209867e+00 1.460725881547633831e+00
1.710000000000000148e-03 1.378419809547540176e+00 1.470162944510246206e+00
1.720000000000000175e-03 1.385992717152942033e+00 1.479512213369757356e+00
1.730000000000000201e-03 1.393457042340792817e+00 1.488772163984214192e+00
1.740000000000000227e-03 1.400811330456829706e+00 1.497941284692078101e+00
1.750000000000000036e-03 1.408054142932973374e+00 1.507018077376231391e+00
1.760000000000000063e-03 1.415184058391708355e+00 1.516001058498718024e+00
1.770000000000000089e-03 1.422199673754914517e+00 1.524888760085552741e+00
1.780000000000000115e-03 1.429099605335899081e+00 1.533679730642122374e+00
1.790000000000000141e-03 1.435882489893679503e+00 1.542372535981339166e+00
1.800000000000000168e-03 1.442546985629417744e+00 1.550965759948766731e+00
1.810000000000000194e-03 1.449091773106185421e+00 1.559458005031416850e+00
1.820000000000000220e-03 1.455515556074965522e+00 1.567847892839658863e+00
1.830000000000000246e-03 1.461817062191937522e+00 1.576134064454726369e+00
1.840000000000000056e-03 1.467995043614559902e+00 1.584315180637507980e+00
1.850000000000000082e-03 1.474048277466744272e+00 1.592389921897618077e+00
1.860000000000000108e-03 1.479975566166401135e+00 1.600356988425063243e+00
1.870000000000000134e-03 1.485775737611796377e+00 1.608215099890119237e+00
1.880000000000000161e-03 1.491447645226396057e+00 1.615962995120149071e+00
1.890000000000000187e-03 1.496990167865102972e+00 1.623599431665021964e+00
1.900000000000000213e-03 1.502402209587986537e+00 1.631123185265455522e+00
1.910000000000000239e-03 1.507682699310613605e+00 1.638533049240867623e+00
1.920000000000000265e-03 1.512830590342920667e+00 1.645827833815248109e+00
1.930000000000000075e-03 1.517844859831102067e+00 1.653006365400996769e+00
1.940000000000000101e-03 1.522724508119174036e+00 1.660067485861633774e+00
1.950000000000000127e-03 1.527468558048703962e+00 1.667010051774757473e+00
1.960000000000000370e-03 1.532076054216551464e+00 1.673832933716565385e+00
1.969999999999999963e-03 1.536546062211380459e+00 1.680535015588671355e+00
1.979999999999999989e-03 1.540877667850141686e+00 1.687115194006910679e+00
1.990000000000000015e-03 1.545069976435627268e+00 1.693572377770216963e+00
2.000000000000000042e-03 1.549122112055653755e+00 1.699905487425747763e+00
2.010000000000000068e-03 1.553033216943380035e+00 1.706113454943982921e+00
2.020000000000000094e-03 1.556802450916751290e+00 1.712195223514868969e+00
2.030000000000000120e-03 1.560428990913155012e+00 1.718149747473076694e+00
2.040000000000000147e-03 1.563912030633048733e+00 1.723975992357280385e+00
2.050000000000000173e-03 1.567250780303728330e+00 1.729672935105078579e+00
2.060000000000000199e-03 1.570444466571488062e+00 1.735239564381853006e+00
2.070000000000000225e-03 1.573492332527369753e+00 1.740674881038560606e+00
2.080000000000000251e-03 1.576393637868485964e+00 1.745977898690317831e+00
2.090000000000000278e-03 1.579147659193663067e+00 1.751147644404640324e+00
2.100000000000000304e-03 1.581753690428923553e+00 1.756183159485515954e+00
2.110000000000000330e-03 1.584211043375219674e+00 1.761083500337129681e+00
2.120000000000000356e-03 1.586519048367903695e+00 1.765847739389071691e+00
2.130000000000000383e-03 1.588677055034701802e+00 1.770474966063329436e+00
2.139999999999999975e-03 1.590684433136609233e+00 1.774964287762322623e+00
2.150000000000000001e-03 1.592540573474089394e+00 1.779314830856643548e+00
2.160000000000000028e-03 1.594244888839354335e+00 1.783525741651160512e+00
2.170000000000000054e-03 1.595796814994349333e+00 1.787596187308588602e+00
2.180000000000000080e-03 1.597195811653395525e+00 1.791525356710627737e+00
2.190000000000000106e-03 1.598441363449232044e+00 1.795312461238194990e+00
2.200000000000000133e-03 1.599532980861530618e+00 1.798956735454215083e+00
2.210000000000000159e-03 1.600470201087741851e+00 1.802457437674703122e+00
2.220000000000000185e-03 1.601252588837402069e+00 1.805813850416544852e+00
2.230000000000000211e-03 1.601879737032734896e+00 1.809025280713273398e+00
2.240000000000000237e-03 1.602351267400507817e+00 1.812091060293308686e+00
2.250000000000000264e-03 1.602666830942544030e+00 1.815010545618365168e+00
2.260000000000000290e-03 1.602826108275059669e+00 1.817783117783065672e+00
2.270000000000000316e-03 1.602828809829981882e+00 1.820408182280102816e+00
2.280000000000000342e-03 1.602674675914543378e+00 1.822885168638457953e+00
2.290000000000000369e-03 1.602363476628688721e+00 1.825213529945222124e+00
2.300000000000000395e-03 1.601895011643058142e+00 1.827392742264292158e+00
2.309999999999999987e-03 1.601269109843511229e+00 1.829422303967668029e+00
2.320000000000000014e-03 1.600485628851169961e+00 1.831301734997109465e+00
2.330000000000000040e-03 1.599544454429811191e+00 1.833030576075544760e+00
2.340000000000000066e-03 1.598445499794969304e+00 1.834608387888780223e+00
2.350000000000000092e-03 1.597188704841337126e+00 1.836034750258696224e+00
2.360000000000000119e-03 1.595774035306888106e+00 1.837309261329290289e+00
2.370000000000000145e-03 1.594201481893516625e+00 1.838431536786518494e+00
2.380000000000000171e-03 1.592471059364952923e+00 1.839401209132052406e+00
2.390000000000000197e-03 1.590582805643141473e+00 1.840217927029660139e+00
2.400000000000000223e-03 1.588536780924226566e+00 1.840881354741138454e+00
2.410000000000000250e-03 1.586333066834761496e+00 1.841391171666481474e+00
2.420000000000000276e-03 1.583971765647707697e+00 1.841747072000393004e+00
2.430000000000000302e-03 1.581452999576343110e+00 1.841948764514382164e+00
2.440000000000000328e-03 1.578776910162258185e+00 1.841995972470580334e+00
2.450000000000000355e-03 1.575943657771372575e+00 1.841888433670186398e+00
2.460000000000000381e-03 1.572953421209262848e+00 1.841625900636111757e+00
2.470000000000000407e-03 1.569806397464243330e+00 1.841208140926121617e+00
2.480000000000000000e-03 1.566502801583565141e+00 1.840634937569524787e+00
2.490000000000000026e-03 1.563042866684891674e+00 1.839906089617452389e+00
2.500000000000000052e-03 1.559426844101992282e+00 1.839021412793924837e+00
2.510000000000000078e-03 1.555655003660338709e+00 1.837980740232444177e+00
2.520000000000000104e-03 1.551727634075200424e+00 1.836783923280697506e+00
2.530000000000000131e-03 1.547645043461874703e+00 1.835430832354264963e+00
2.540000000000000157e-03 1.543407559944983465e+00 1.833921357818975695e+00
2.550000000000000183e-03 1.539015532351369009e+00 1.832255410880804014e+00
2.560000000000000209e-03 1.534469330969106649e+00 1.830432924461957933e+00
2.570000000000000236e-03 1.529769348353481995e+00 1.828453854042078497e+00
2.580000000000000262e-03 1.524916000159656226e+00 1.826318178444259255e+00
2.590000000000000288e-03 1.519909725980981952e+00 1.824025900546860424e+00
2.600000000000000314e-03 1.514750990171771283e+00 1.821577047903830904e+00
2.610000000000000341e-03 1.509440282633562447e+00 1.818971673258402477e+00
2.620000000000000367e-03 1.503978119544725711e+00 1.816209854937512080e+00
2.630000000000000393e-03 1.498365044014491332e+00 1.813291697117184631e+00
2.640000000000000419e-03 1.492601626644160628e+00 1.810217329952095167e+00
2.650000000000000012e-03 1.486688465980374296e+00 1.806986909565804211e+00
2.660000000000000038e-03 1.480626188847721236e+00 1.803600617901448544e+00
2.670000000000000064e-03 1.474415450550765838e+00 1.800058662435969570e+00
2.680000000000000090e-03 1.468056934938486213e+00 1.796361275764215115e+00
2.690000000000000117e-03 1.461551354327315089e+00 1.792508715062324898e+00
2.700000000000000143e-03 1.454899449282151425e+00 1.788501261442672297e+00
2.710000000000000169e-03 1.448101988257999961e+00 1.784339219215184569e+00
2.720000000000000195e-03 1.441159767108040946e+00 1.780022915072080103e+00
2.730000000000000222e-03 1.434073608467008043e+00 1.775552697214842546e+00
2.740000000000000248e-03 1.426844361021569307e+00 1.770928934443582348e+00
2.750000000000000274e-03 1.419472898681991335e+00 1.766152015229811356e+00
2.760000000000000300e-03 1.411960119671590075e+00 1.761222346793957838e+00
2.770000000000000327e-03 1.404306945552314057e+00 1.756140354208813203e+00
2.780000000000000353e-03 1.396514320206244886e+00 1.750906479549394046e+00
2.790000000000000379e-03 1.388583208793729540e+00 1.745521181108528275e+00
2.800000000000000405e-03 1.380514596709361941e+00 1.739984932695831210e+00
2.810000000000000431e-03 1.372309488556975987e+00 1.734298223035662945e+00
2.820000000000000024e-03 1.363968907164327504e+00 1.728461555277197359e+00
2.830000000000000050e-03 1.355493892657116728e+00 1.722475446626986262e+00
2.840000000000000076e-03 1.346885501610561864e+00 1.716340428111370775e+00
2.850000000000000103e-03 1.338144806294833788e+00 1.710057044472888421e+00
2.860000000000000129e-03 1.329272894028416863e+00 1.703625854201552103e+00
2.870000000000000155e-03 1.320270866650844477e+00 1.697047429698540499e+00
2.880000000000000181e-03 1.311139840123414446e+00 1.690322357566582889e+00
2.890000000000000208e-03 1.301880944263421158e+00 1.683451239018219248e+00
2.900000000000000234e-03 1.292495322614252151e+00 1.676434690390181892e+00
2.910000000000000260e-03 1.282984132450448289e+00 1.669273343749551941e+00
2.920000000000000286e-03 1.273348544913610825e+00 1.661967847575043677e+00
2.930000000000000313e-03 1.263589745271908038e+00 1.654518867494914280e+00
2.940000000000000339e-03 1.253708933292978722e+00 1.646927087061554440e+00
2.950000000000000365e-03 1.243707323717310409e+00 1.639193208541883662e+00
2.960000000000000391e-03 1.233586146816760154e+00 1.631317953702227985e+00
2.970000000000000417e-03 1.223346649020833121e+00 1.623302064566433334e+00
2.980000000000000444e-03 1.212990093591673313e+00 1.615146304126555465e+00
2.990000000000000036e-03 1.202517761327536183e+00 1.606851456986559290e+00
3.000000000000000062e-03 1.191930951273772576e+00 1.598418329921020176e+00
3.010000000000000089e-03 1.181230981420120285e+00 1.589847752332818276e+00
3.020000000000000115e-03 1.170419189363360646e+00 1.581140576596195668e+00
3.030000000000000141e-03 1.159496932915140111e+00 1.572297678274263477e+00
3.040000000000000167e-03 1.148465590635991962e+00 1.563319956203037764e+00
3.050000000000000194e-03 1.137326562278251574e+00 1.554208332437219342e+00
3.060000000000000220e-03 1.126081269122622075e+00 1.544963752056262685e+00
3.070000000000000246e-03 1.114731154195607754e+00 1.535587182832565345e+00
3.080000000000000272e-03 1.103277682357718614e+00 1.526079614766914005e+00
3.090000000000000299e-03 1.091722340255356638e+00 1.516442059499457651e+00
3.100000000000000325e-03 1.080066636132392954e+00 1.506675549607455533e+00
3.110000000000000351e-03 1.068312099500701606e+00 1.496781137803721684e+00
3.120000000000000377e-03 1.056460280672131491e+00 1.486759896052039620e+00
3.130000000000000403e-03 1.044512750157611247e+00 1.476612914617779770e+00
3.140000000000000430e-03 1.032471097942115223e+00 1.466341301073473158e+00
3.150000000000000456e-03 1.020336932647087691e+00 1.455946179280136032e+00
3.160000000000000048e-03 1.008111880594491971e+00 1.445428688365672176e+00
3.170000000000000075e-03 9.957975847889003473e-01 1.434789981721717345e+00
3.180000000000000101e-03 9.833957038359337766e-01 1.424031226039794928e+00
3.190000000000000127e-03 9.709079108167507632e-01 1.413153600406652943e+00
3.200000000000000153e-03 9.583358921393253516e-01 1.402158295477184513e+00
3.210000000000000180e-03 9.456813463876996284e-01 1.391046512741419994e+00
3.220000000000000206e-03 9.329459831904317602e-01 1.379819463899748744e+00
3.230000000000000232e-03 9.201315221289495527e-01 1.368478370357884888e+00
3.240000000000000258e-03 9.072396917055475241e-01 1.357024462850153324e+00
3.250000000000000284e-03 8.942722283893325130e-01 1.345458981196517190e+00
3.260000000000000311e-03 8.812308757565495698e-01 1.333783174195507737e+00
3.270000000000000337e-03 8.681173837394796644e-01 1.321998299651884423e+00
3.280000000000000363e-03 8.549335079955133754e-01 1.310105624534554813e+00
3.290000000000000389e-03 8.416810094051672131e-01 1.298106425257095298e+00
3.300000000000000416e-03 8.283616537047417960e-01 1.286001988070204938e+00
3.310000000000000442e-03 8.149772112561460835e-01 1.273793609552679840e+00
3.320000000000000468e-03 8.015294569531582480e-01 1.261482597185071164e+00
3.330000000000000061e-03 7.880201702601788982e-01 1.249070269988140636e+00
3.340000000000000087e-03 7.744511353763876560e-01 1.236557959206633805e+00
3.350000000000000113e-03 7.608241415152524612e-01 1.223947009017732235e+00
3.360000000000000139e-03 7.471409832866159340e-01 1.211238777242925391e+00
3.370000000000000166e-03 7.334034611661387482e-01 1.198434636041896262e+00
3.380000000000000192e-03 7.196133820348210586e-01 1.185535972567427043e+00
3.390000000000000218e-03 7.057725597696408171e-01 1.172544189561206540e+00
3.400000000000000244e-03 6.918828158651356697e-01 1.159460705871830921e+00
3.410000000000000270e-03 6.779459800649827450e-01 1.146286956878106000e+00
3.420000000000000297e-03 6.639638909823989410e-01 1.133024394803010537e+00
3.430000000000000323e-03 6.499383966883884867e-01 1.119674488906296173e+00
3.440000000000000349e-03 6.358713552476104036e-01 1.106238725546568213e+00
3.450000000000000375e-03 6.217646351828304274e-01 1.092718608106824085e+00
3.460000000000000402e-03 6.076201158505680766e-01 1.079115656780678112e+00
3.470000000000000428e-03 5.934396877126097980e-01 1.065431408219837284e+00
3.480000000000000454e-03 5.792252524904557553e-01 1.051667415046702025e+00
3.490000000000000480e-03 5.649787231925061937e-01 1.037825245239199834e+00
3.500000000000000073e-03 5.507020240067357353e-01 1.023906481398008550e+00
3.510000000000000099e-03 5.363970900547248011e-01 1.009912719909131340e+00
3.520000000000000125e-03 5.220658670061599782e-01 9.958455700173058922e-01
3.530000000000000152e-03 5.077103105561401319e-01 9.817066528278256543e-01
3.540000000000000178e-03 4.933323857708328264e-01 9.674976002560774502e-01
3.550000000000000204e-03 4.789340663100806750e-01 9.532200539453338228e-01
3.560000000000000230e-03 4.645173335384225610e-01 9.388756641740705344e-01
3.570000000000000256e-03 4.500841755385912579e-01 9.244660887743226807e-01
3.580000000000000283e-03 4.356365860438216608e-01 9.099929920822945606e-01
3.590000000000000309e-03 4.211765633071740123e-01 8.954580439416542914e-01
3.600000000000000335e-03 4.067061089275723629e-01 8.808629187786192194e-01
3.610000000000000361e-03 3.922272266532249030e-01 8.662092947662357600e-01
3.620000000000000388e-03 3.777419211836392510e-01 8.514988530930174271e-01
3.630000000000000414e-03 3.632521969914620508e-01 8.367332773486417796e-01
3.640000000000000440e-03 3.487600571849027165e-01 8.219142530364800248e-01
3.650000000000000466e-03 3.342675024305539200e-01 8.070434672197295267e-01
3.660000000000000493e-03 3.197765299549894524e-01 7.921226083046035704e-01
3.670000000000000085e-03 3.052891326417017659e-01 7.771533659607658961e-01
3.680000000000000111e-03 2.908072982376761484e-01 7.621374311758044584e-01
3.690000000000000138e-03 2.763330086813797215e-01 7.470764964373400874e-01
3.700000000000000164e-03 2.618682395610389957e-01 7.319722560332186934e-01
3.710000000000000190e-03 2.474149597091107600e-01 7.168264064573772743e-01
3.720000000000000216e-03 2.329751309356061506e-01 7.016406469064264684e-01
3.730000000000000242e-03 2.185507078997180608e-01 6.864166798497278732e-01
3.740000000000000269e-03 2.041436381159602576e-01 6.711562116540170653e-01
3.750000000000000295e-03 1.897558620878864455e-01 6.558609532422088328e-01
3.760000000000000321e-03 1.753893135594898622e-01 6.405326207652530801e-01
3.770000000000000347e-03 1.610459198716152063e-01 6.251729362654986355e-01
3.780000000000000374e-03 1.467276024083035701e-01 6.097836283102782140e-01
3.790000000000000400e-03 1.324362771158610619e-01 5.943664325750559474e-01
3.800000000000000426e-03 1.181738550757737150e-01 5.789230923567468823e-01
3.810000000000000452e-03 1.039422431113336404e-01 5.634553589994166778e-01
3.820000000000000479e-03 8.974334440706707716e-02 5.479649922167355580e-01
3.830000000000000505e-03 7.557905911977226554e-02 5.324537602979667605e-01
3.840000000000000531e-03 6.145128496016934172e-02 5.169234401871285467e-01
3.850000000000000124e-03 4.736191772489385665e-02 5.013758174279773216e-01
3.860000000000000150e-03 3.331285175970865459e-02 4.858126859706866085e-01
3.870000000000000176e-03 1.930598033647521958e-02 4.702358478394532693e-01
3.880000000000000202e-03 5.343195928401151332e-03 4.546471126635805993e-01
3.890000000000000228e-03 -8.573609629454094147e-03 4.390482970778729066e-01
3.900000000000000255e-03 -2.244254510478352685e-02 4.234412240013669670e-01
3.910000000000000281e-03 -3.626171996514500340e-02 4.078277218062883458e-01
3.920000000000000741e-03 -5.002924461186558647e-02 3.922096233918445640e-01
3.930000000000000333e-03 -6.374323075179398612e-02 3.765887651796928637e-01
3.939999999999999926e-03 -7.740179190473051030e-02 3.609669860498561644e-01
3.950000000000000386e-03 -9.100304404113794543e-02 3.453461262372873875e-01
3.959999999999999978e-03 -1.045451063416759085e-01 3.297280262102299520e-01
3.970000000000000438e-03 -1.180261020672598860e-01 3.141145255519560142e-01
3.980000000000000031e-03 -1.314441595256547468e-01 2.985074618674283808e-01
3.990000000000000491e-03 -1.447974131184269764e-01 2.829086697357716673e-01
4.000000000000000083e-03 -1.580840044500800012e-01 2.673199797284163681e-01
4.010000000000000543e-03 -1.713020834797759628e-01 2.517432175111178339e-01
4.020000000000000136e-03 -1.844498096949813148e-01 2.361802030461264135e-01
4.030000000000000596e-03 -1.975253532858655126e-01 2.206327499082831045e-01
4.040000000000000188e-03 -2.105268962991714565e-01 2.051026647261649516e-01
4.050000000000000648e-03 -2.234526337508060123e-01 1.895917467563101866e-01
4.060000000000000241e-03 -2.363007746772429474e-01 1.741017875954306293e-01
4.070000000000000701e-03 -2.490695431072885713e-01 1.586345710321189206e-01
4.080000000000000293e-03 -2.617571789375458535e-01 1.431918730362790049e-01
4.090000000000000753e-03 -2.743619386971650753e-01 1.277754618811133835e-01
4.100000000000000346e-03 -2.868820961899571920e-01 1.123870983893889702e-01
4.109999999999999938e-03 -2.993159430048635272e-01 9.702853629263487323e-02
4.120000000000000398e-03 -3.116617888887138199e-01 8.170152268927503847e-02
4.129999999999999991e-03 -3.239179619784614550e-01 6.640779858527717794e-02
4.140000000000000450e-03 -3.360828088933003888e-01 5.114909949891243562e-02
4.150000000000000043e-03 -3.481546946902688844e-01 3.592715610972564005e-02
4.160000000000000503e-03 -3.601320026901690396e-01 2.074369493068421375e-02
4.170000000000000095e-03 -3.720131341835350436e-01 5.600438982001040497e-03
4.180000000000000555e-03 -3.837965080292062292e-01 -9.500891554987796195e-03
4.190000000000000148e-03 -3.954805601604850507e-01 -2.455857872494193392e-02
4.200000000000000608e-03 -4.070637430160127801e-01 -3.957090624676480595e-02
4.210000000000000200e-03 -4.185445249141497293e-01 -5.453615904155337951e-02
4.220000000000000660e-03 -4.299213893910017736e-01 -6.945262285696823801e-02
4.230000000000000253e-03 -4.411928345229402804e-01 -8.431858400232714046e-02
4.240000000000000713e-03 -4.523573722548704934e-01 -9.913232920612440047e-02
4.250000000000000305e-03 -4.634135277552347554e-01 -1.138921456046300545e-01
4.260000000000000765e-03 -4.743598388181218817e-01 -1.285963208671308255e-01
4.270000000000000358e-03 -4.851948553316591251e-01 -1.432431434599810427e-01
4.279999999999999950e-03 -4.959171388302975880e-01 -1.578309030483465158e-01
4.290000000000000410e-03 -5.065252621465369254e-01 -1.723578910311164281e-01
4.300000000000000003e-03 -5.170178091753093730e-01 -1.868224012012683899e-01
4.310000000000000463e-03 -5.273933747615244805e-01 -2.012227305209251527e-01
4.320000000000000055e-03 -5.376505647183223990e-01 -2.155571799975117275e-01
4.330000000000000515e-03 -5.477879959805295185e-01 -2.298240556450217020e-01
4.340000000000000108e-03 -5.578042968945106095e-01 -2.440216695122556789e-01
4.350000000000000568e-03 -5.676981076424474359e-01 -2.581483407583194944e-01
4.360000000000000160e-03 -5.774680807958010309e-01 -2.722023967544336398e-01
4.370000000000000620e-03 -5.871128819896791473e-01 -2.861821741905107297e-01
4.380000000000000213e-03 -5.966311907069201670e-01 -3.000860201647421177e-01
4.390000000000000673e-03 -6.060217011580988355e-01 -3.139122932348836215e-01
4.400000000000000265e-03 -6.152831232413151774e-01 -3.276593644107491654e-01
4.410000000000000725e-03 -6.244141835637553317e-01 -3.413256180688800656e-01
4.420000000000000318e-03 -6.334136265054515214e-01 -3.549094527721259884e-01
4.430000000000000777e-03 -6.422802153046532903e-01 -3.684092819792108564e-01
4.440000000000000370e-03 -6.510127331436317277e-01 -3.818235346318809564e-01
4.449999999999999963e-03 -6.596099842136809999e-01 -3.951506556102755696e-01
4.460000000000000422e-03 -6.680707947384755263e-01 -4.083891060501550485e-01
4.470000000000000015e-03 -6.763940139358788350e-01 -4.215373635190494128e-01
4.480000000000000475e-03 -6.845785148996466063e-01 -4.345939220516871204e-01
4.490000000000000067e-03 -6.926231953842828526e-01 -4.475572920484222617e-01
4.500000000000000527e-03 -7.005269784785126408e-01 -4.604260000436949385e-01
4.510000000000000120e-03 -7.082888131553377598e-01 -4.731985883545947735e-01
4.520000000000000580e-03 -7.159076746895070009e-01 -4.858736146225236530e-01
4.530000000000000172e-03 -7.233825649362130017e-01 -4.984496512634273291e-01
4.540000000000000632e-03 -7.307125124680390327e-01 -5.109252848443092132e-01
4.550000000000000225e-03 -7.378965725703965362e-01 -5.232991154054125182e-01
4.560000000000000685e-03 -7.449338270989582789e-01 -5.355697557488018345e-01
4.570000000000000277e-03 -7.518233842057057137e-01 -5.477358307147889294e-01
4.580000000000000737e-03 -7.585643779432661438e-01 -5.597959764679699690e-01
4.590000000000000330e-03 -7.651559677599228948e-01 -5.717488398143125705e-01
4.600000000000000790e-03 -7.715973379002263322e-01 -5.835930775700149953e-01
4.610000000000000382e-03 -7.778876967282204458e-01 -5.953273560015109878e-01
4.619999999999999975e-03 -7.840262759920576530e-01 -6.069503503543123291e-01
4.630000000000000435e-03 -7.900123300500713208e-01 -6.184607444861398573e-01
4.640000000000000027e-03 -7.958451350791868606e-01 -6.298572306172912638e-01
4.650000000000000487e-03 -8.015239882869105159e-01 -6.411385092083176085e-01
4.660000000000000080e-03 -8.070482071479534447e-01 -6.523032889719539984e-01
4.670000000000000540e-03 -8.124171286859200869e-01 -6.633502870230140180e-01
4.680000000000000132e-03 -8.176301088193312916e-01 -6.742782291665503358e-01
4.690000000000000592e-03 -8.226865217897115778e-01 -6.850858503212517991e-01
4.700000000000000185e-03 -8.275857596874223177e-01 -6.957718950717020068e-01
4.710000000000000644e-03 -8.323272320886169195e-01 -7.063351183400272681e-01
4.720000000000000237e-03 -8.369103658139646074e-01 -7.167742861644798014e-01
4.730000000000000697e-03 -8.413346048169073610e-01 -7.270881765699438448e-01
4.740000000000000289e-03 -8.455994102060745421e-01 -7.372755805130277729e-01
4.750000000000000749e-03 -8.497042604032952751e-01 -7.473353028826210664e-01
4.760000000000000342e-03 -8.536486514353599508e-01 -7.572661635353490350e-01
4.770000000000000802e-03 -8.574320973545246360e-01 -7.670669983445314033e-01
4.780000000000000394e-03 -8.610541307796094612e-01 -7.767366602408101173e-01
4.789999999999999987e-03 -8.645143035466902326e-01 -7.862740202228244435e-01
4.800000000000000447e-03 -8.678121874557050974e-01 -7.956779683169297179e-01
4.810000000000000039e-03 -8.709473750969896066e-01 -8.049474144661649122e-01
4.820000000000000499e-03 -8.739194807398081855e-01 -8.140812893303196462e-01
4.830000000000000092e-03 -8.767281412634069238e-01 -8.230785449810233967e-01
4.840000000000000552e-03 -8.793730171100447857e-01 -8.319381554782917521e-01
4.850000000000000144e-03 -8.818537932388644807e-01 -8.406591173177209164e-01
4.860000000000000604e-03 -8.841701800593619875e-01 -8.492404497406382813e-01
4.870000000000000197e-03 -8.863219143236038544e-01 -8.576811949027135507e-01
4.880000000000000657e-03 -8.883087599572387916e-01 -8.659804178999377378e-01
4.890000000000000249e-03 -8.901305088106719055e-01 -8.741372066542234531e-01
4.900000000000000709e-03 -8.917869813135892443e-01 -8.821506716642408819e-01
4.910000000000000302e-03 -8.932780270181629456e-01 -8.900199456302668732e-01
4.920000000000000762e-03 -8.946035250188159038e-01 -8.977441829648393767e-01
4.930000000000000354e-03 -8.957633842392044299e-01 -9.053225592036775460e-01
4.940000000000000814e-03 -8.967575435801226069e-01 -9.127542703337043761e-01
4.950000000000000407e-03 -8.975859719251776392e-01 -9.200385320569266501e-01
4.959999999999999999e-03 -8.982486680043491045e-01 -9.271745790104533036e-01
4.970000000000000459e-03 -8.987456601187698846e-01 -9.341616639638987696e-01
4.980000000000000052e-03 -8.990770057332354570e-01 -9.409990570159416645e-01
4.990000000000000512e-03 -8.992427909459588253e-01 -9.476860448117634395e-01
5.000000000000000104e-03 -8.992431298478724688e-01 -9.542219298025311769e-01
5.010000000000000564e-03 -8.990781637862801379e-01 -9.606060295670380000e-01
5.020000000000000157e-03 -8.987480605498154862e-01 -9.668376762140431513e-01
5.030000000000000616e-03 -8.982530134934215704e-01 -9.729162158818799311e-01
5.040000000000000209e-03 -8.975932406233860794e-01 -9.788410083494800684e-01
5.050000000000000669e-03 -8.967689836633153666e-01 -9.846114267702447131e-01
5.060000000000000261e-03 -8.957805071223017279e-01 -9.902268575371566683e-01
5.070000000000000721e-03 -8.946280973863943720e-01 -9.956867002843421410e-01
5.080000000000000314e-03 -8.933120618538673563e-01 -1.000990368026910549e+00
5.090000000000000774e-03 -8.918327281336648760e-01 -1.006137287437550043e+00
5.100000000000000366e-03 -8.901904433248538639e-01 -1.011126899254979561e+00
5.110000000000000826e-03 -8.883855733929252319e-01 -1.015958658816142890e+00
5.120000000000000419e-03 -8.864185026564558312e-01 -1.020632036700977352e+00
5.130000000000000011e-03 -8.842896333949670229e-01 -1.025146519475836238e+00
5.140000000000000471e-03 -8.819993855859092902e-01 -1.029501610519195420e+00
5.150000000000000064e-03 -8.795481967756026975e-01 -1.033696830911242426e+00
5.160000000000000524e-03 -8.769365220857432419e-01 -1.037731720367351507e+00
5.170000000000000116e-03 -8.741648343538440669e-01 -1.041605838194315847e+00
5.180000000000000576e-03 -8.712336244027621968e-01 -1.045318764247626042e+00
5.190000000000000169e-03 -8.681434014313664793e-01 -1.048870099867971195e+00
5.200000000000000629e-03 -8.648946935154880888e-01 -1.052259468775603946e+00
5.210000000000000221e-03 -8.614880482056403999e-01 -1.055486517902145760e+00
5.220000000000000681e-03 -8.579240332056444762e-01 -1.058550918140869213e+00
5.230000000000000274e-03 -8.542032371143420955e-01 -1.061452364998386688e+00
5.240000000000000734e-03 -8.503262702109991578e-01 -1.064190579132998415e+00
5.250000000000000326e-03 -8.462937652639344055e-01 -1.066765306767607502e+00
5.260000000000000786e-03 -8.421063783412491288e-01 -1.069176319968087929e+00
5.270000000000000379e-03 -8.377647896024448260e-01 -1.071423416781151383e+00
5.280000000000000838e-03 -8.332697040500534058e-01 -1.073506421229100560e+00
5.290000000000000431e-03 -8.286218522212818183e-01 -1.075425183162218135e+00
5.300000000000000024e-03 -8.238219908009851711e-01 -1.077179577972938285e+00
5.310000000000000484e-03 -8.188709031390580817e-01 -1.078769506179181104e+00
5.320000000000000076e-03 -8.137693996574814070e-01 -1.080194892887349489e+00
5.330000000000000536e-03 -8.085183181347638248e-01 -1.081455687148304312e+00
5.340000000000000129e-03 -8.031185238583286035e-01 -1.082551861222156075e+00
5.350000000000000588e-03 -7.975709096383719610e-01 -1.083483409769850914e+00
5.360000000000000181e-03 -7.918763956799312886e-01 -1.084250348991217860e+00
5.370000000000000641e-03 -7.860359293130887437e-01 -1.084852715730385109e+00
5.380000000000000233e-03 -7.800504845845257496e-01 -1.085290566570183302e+00
5.390000000000000693e-03 -7.739210617167849859e-01 -1.085563976937370168e+00
5.400000000000000286e-03 -7.676486864446235847e-01 -1.085673040240181075e+00
5.410000000000000746e-03 -7.612344092406392315e-01 -1.085617867058868535e+00
5.420000000000000338e-03 -7.546793044448860677e-01 -1.085398584408560296e+00
5.430000000000000798e-03 -7.479844693153343549e-01 -1.085015335091964905e+00
5.440000000000000391e-03 -7.411510230178495195e-01 -1.084468277157216054e+00
5.450000000000000851e-03 -7.341801055756753680e-01 -1.083757583473569541e+00
5.460000000000000443e-03 -7.270728767993120956e-01 -1.082883441434757676e+00
5.470000000000000036e-03 -7.198305152180346500e-01 -1.081846052796671342e+00
5.480000000000000496e-03 -7.124542170342379466e-01 -1.080645633652750348e+00
5.490000000000000088e-03 -7.049451951211392897e-01 -1.079282414547082070e+00
5.500000000000000548e-03 -6.973046780833330738e-01 -1.077756640721826198e+00
5.510000000000000141e-03 -6.895339093981313061e-01 -1.076068572492306696e+00
5.520000000000000601e-03 -6.816341466536672833e-01 -1.074218485739955709e+00
5.530000000000000193e-03 -6.736066608974444758e-01 -1.072206672510417569e+00
5.540000000000000653e-03 -6.654527361063067303e-01 -1.070033441701510712e+00
5.550000000000000246e-03 -6.571736687859681680e-01 -1.067699119823544374e+00
5.560000000000000706e-03 -6.487707677050972288e-01 -1.065204051812666197e+00
5.570000000000000298e-03 -6.402453537657754046e-01 -1.062548601876595500e+00
5.580000000000000758e-03 -6.315987600088653897e-01 -1.059733154351252926e+00
5.590000000000000351e-03 -6.228323317496604616e-01 -1.056758114546483052e+00
5.600000000000000810e-03 -6.139474268360032294e-01 -1.053623909559262106e+00
5.610000000000000403e-03 -6.049454160182313744e-01 -1.050330989033523954e+00
5.620000000000000863e-03 -5.958276834175407766e-01 -1.046879825846953382e+00
5.630000000000000455e-03 -5.865956270770698033e-01 -1.043270916706799056e+00
5.640000000000000048e-03 -5.772506595779723915e-01 -1.039504782638902780e+00
5.650000000000000508e-03 -5.677942087011911276e-01 -1.035581969356645038e+00
5.660000000000000100e-03 -5.582277181145052225e-01 -1.031503047499349401e+00
5.670000000000000560e-03 -5.485526480637887836e-01 -1.027268612732762376e+00
5.680000000000000153e-03 -5.387704760472586951e-01 -1.022879285707517516e+00
5.690000000000000613e-03 -5.288826974518242574e-01 -1.018335711874811089e+00
5.700000000000000205e-03 -5.188908261315127168e-01 -1.013638561161952278e+00
5.710000000000000665e-03 -5.087963949091918181e-01 -1.008788527513709177e+00
5.720000000000000258e-03 -4.986009559846239503e-01 -1.003786328308601705e+00
5.730000000000000718e-03 -4.883060812339474754e-01 -9.986327036621962527e-01
5.740000000000000310e-03 -4.779133623882315107e-01 -9.933284156321634528e-01
5.750000000000000770e-03 -4.674244110814888553e-01 -9.878742473421255887e-01
5.760000000000000363e-03 -4.568408587615559457e-01 -9.822710020432611211e-01
5.770000000000000823e-03 -4.461643564603785528e-01 -9.765195021340284942e-01
5.780000000000000415e-03 -4.353965744235323565e-01 -9.706205881593663598e-01
5.790000000000000875e-03 -4.245392016019813863e-01 -9.645751178111184876e-01
5.800000000000000468e-03 -4.135939450123189420e-01 -9.583839649513873349e-01
5.810000000000000060e-03 -4.025625289747222224e-01 -9.520480186798699895e-01
5.820000000000000520e-03 -3.914466942406755190e-01 -9.455681824651428480e-01
5.830000000000000113e-03 -3.802481970250782273e-01 -9.389453733582492356e-01
5.840000000000000573e-03 -3.689688079594861669e-01 -9.321805213049043637e-01
5.850000000000000165e-03 -3.576103109851077599e-01 -9.252745685702102874e-01
5.860000000000000625e-03 -3.461745022054913412e-01 -9.182284692869946419e-01
5.870000000000000218e-03 -3.346631887197703548e-01 -9.110431891358738987e-01
5.880000000000000678e-03 -3.230781874577214330e-01 -9.037197051618874877e-01
5.890000000000000270e-03 -3.114213240378602698e-01 -8.962590057292414425e-01
5.900000000000000730e-03 -2.996944316691518839e-01 -8.886620906122840724e-01
5.910000000000000323e-03 -2.878993501159248791e-01 -8.809299712175441277e-01
5.920000000000000782e-03 -2.760379247440207795e-01 -8.730636709284104180e-01
5.930000000000000375e-03 -2.641120056642999314e-01 -8.650642255610798692e-01
5.940000000000000835e-03 -2.521234469872891126e-01 -8.569326839176190092e-01
5.950000000000000427e-03 -2.400741062001761073e-01 -8.486701084196459632e-01
5.960000000000000887e-03 -2.279658436743825234e-01 -8.402775758041174381e-01
5.970000000000000480e-03 -2.158005223089636271e-01 -8.317561778611851642e-01
5.980000000000000072e-03 -2.035800073117763620e-01 -8.231070221930142372e-01
5.990000000000000532e-03 -1.913061661171839289e-01 -8.143312329719212261e-01
6.000000000000000125e-03 -1.789808684358208113e-01 -8.054299516761520561e-01
6.010000000000000585e-03 -1.666059864287876002e-01 -7.964043377821131697e-01
6.020000000000000177e-03 -1.541833949957973626e-01 -7.872555693928982024e-01
6.030000000000000637e-03 -1.417149721640013071e-01 -7.779848437844107956e-01
6.040000000000000230e-03 -1.292025995619416334e-01 -7.685933778523665882e-01
6.050000000000000690e-03 -1.166481629609786852e-01 -7.590824084457612475e-01
6.060000000000000282e-03 -1.040535528650279040e-01 -7.494531925751297674e-01
6.070000000000000742e-03 -9.142066512819060908e-02 -7.397070074868522527e-01
6.080000000000000335e-03 -7.875140157930149432e-02 -7.298451505979918208e-01
6.090000000000000795e-03 -6.604767063212535483e-02 -7.198689392894209726e-01
6.100000000000000387e-03 -5.331138786034304855e-02 -7.097797105584093824e-01
6.110000000000000847e-03 -4.054447651721228979e-02 -6.995788205351505251e-01
6.120000000000000440e-03 -2.774886798110264355e-02 -6.892676438709748332e-01
6.130000000000000900e-03 -1.492650210978208915e-02 -6.788475730090092197e-01
6.140000000000000492e-03 -2.079327488517356947e-03 -6.683200173508683228e-01
6.150000000000000085e-03 1.079069844057532757e-02 -6.576864023353874433e-01
6.160000000000000545e-03 2.368160937762526716e-02 -6.469481684475151262e-01
6.170000000000000137e-03 3.659143029933594610e-02 -6.361067701771058180e-01
6.180000000000000597e-03 4.951817773215076018e-02 -6.251636749485005584e-01
6.190000000000000190e-03 6.245986016459418450e-02 -6.141203620424939835e-01
6.200000000000000649e-03 7.541447859595611092e-02 -6.029783215323544221e-01
6.210000000000000242e-03 8.838002721522501826e-02 -5.917390532552581073e-01
6.220000000000000702e-03 1.013544942011955219e-01 -5.804040658395325236e-01
6.230000000000000294e-03 1.143358626318175253e-01 -5.689748758067786349e-01
6.240000000000000754e-03 1.273221114883336114e-01 -5.574530067660412591e-01
6.250000000000000347e-03 1.403112167374853947e-01 -5.458399887149926188e-01
6.260000000000000807e-03 1.533011524733337849e-01 -5.341373574604190155e-01
6.270000000000000399e-03 1.662898920987386786e-01 -5.223466541674497421e-01
6.280000000000000859e-03 1.792754095257266256e-01 -5.104694250437645797e-01
6.290000000000000452e-03 1.922556803734422060e-01 -4.985072211617884164e-01
6.300000000000000912e-03 2.052286831424924851e-01 -4.864615984184705311e-01
6.310000000000000504e-03 2.181924003450124994e-01 -4.743341176289403993e-01
6.320000000000000097e-03 2.311448195708431796e-01 -4.621263447470382313e-01
6.330000000000000557e-03 2.440839344716490000e-01 -4.498398512026645646e-01
6.340000000000000149e-03 2.570077456467786958e-01 -4.374762143430261374e-01
6.350000000000000609e-03 2.699142614169317000e-01 -4.250370179623272904e-01
6.360000000000000202e-03 2.828014984742808768e-01 -4.125238529023220746e-01
6.370000000000000662e-03 2.956674824006633728e-01 -3.999383177043694393e-01
6.380000000000000254e-03 3.085102480484188114e-01 -3.872820192924208982e-01
6.390000000000000714e-03 3.213278397817627141e-01 -3.745565736655448452e-01
6.400000000000000307e-03 3.341183115797458636e-01 -3.617636065784060051e-01
6.410000000000000767e-03 3.468797270051278692e-01 -3.489047541883170678e-01
6.420000000000000359e-03 3.596101590465830555e-01 -3.359816636483420882e-01
6.430000000000000819e-03 3.723076898446414096e-01 -3.229959936271378229e-01
6.440000000000000412e-03 3.849704103144033773e-01 -3.099494147380365550e-01
6.450000000000000872e-03 3.975964196805563122e-01 -2.968436098619774977e-01
6.460000000000000464e-03 4.101838249421630445e-01 -2.836802743515008385e-01
6.470000000000000924e-03 4.227307402863793029e-01 -2.704611161058002589e-01
6.480000000000000517e-03 4.352352864713948666e-01 -2.571878555099857966e-01
6.490000000000000109e-03 4.476955901996277354e-01 -2.438622252349022523e-01
6.500000000000000569e-03 4.601097835023515437e-01 -2.304859698972438198e-01
6.510000000000000162e-03 4.724760031567157292e-01 -2.170608455830251304e-01
6.520000000000000621e-03 4.847923901552808612e-01 -2.035886192407361239e-01
6.530000000000000214e-03 4.970570892469632351e-01 -1.900710679536735670e-01
6.540000000000000674e-03 5.092682485666034653e-01 -1.765099781037768600e-01
6.550000000000000266e-03 5.214240193682219138e-01 -1.629071444419477876e-01
6.560000000000000726e-03 5.335225558746532482e-01 -1.492643690820170399e-01
6.570000000000000319e-03 5.455620152534209621e-01 -1.355834604373929719e-01
6.580000000000000779e-03 5.575405577257931400e-01 -1.218662321207339971e-01
6.590000000000000371e-03 5.694563468127790129e-01 -1.081145018279176945e-01
6.600000000000000831e-03 5.813075497186317442e-01 -9.433009022787643139e-02
6.610000000000000424e-03 5.930923378491124165e-01 -8.051481987977056332e-02
6.620000000000000884e-03 6.048088874586856623e-01 -6.667051419823212532e-02
6.630000000000000476e-03 6.164553804176460261e-01 -5.279899648629490794e-02
6.640000000000000936e-03 6.280300050874688678e-01 -3.890208905391547706e-02
6.650000000000000529e-03 6.395309572899839923e-01 -2.498161243797522232e-02
6.660000000000000121e-03 6.509564413538551086e-01 -1.103938473712556823e-02
6.670000000000000581e-03 6.623046712199299746e-01 2.922778927886695004e-03
6.680000000000000174e-03 6.735738715856196546e-01 1.690306682084943835e-02
6.690000000000000634e-03 6.847622790675720328e-01 3.089967085932845622e-02
6.700000000000000226e-03 6.958681433613441714e-01 4.491078674546369887e-02
6.710000000000000686e-03 7.068897283769083328e-01 5.893461396066788233e-02
6.720000000000000279e-03 7.178253133292501476e-01 7.296935562979443846e-02
6.730000000000000739e-03 7.286731937644295165e-01 8.701321826356488154e-02
6.740000000000000331e-03 7.394316825028318663e-01 1.010644113909154596e-01
6.750000000000000791e-03 7.500991104833364398e-01 1.151211470956463451e-01
6.760000000000000384e-03 7.606738274943014577e-01 1.291816394739984108e-01
6.770000000000000843e-03 7.711542027799596077e-01 1.432441040317536385e-01
6.780000000000000436e-03 7.815386255135901017e-01 1.573067570408450133e-01
6.790000000000000896e-03 7.918255051319909033e-01 1.713678148764999909e-01
6.800000000000000488e-03 8.020132715289007841e-01 1.854254933563395380e-01
6.810000000000000948e-03 8.121003751083101241e-01 1.994780071028680601e-01
6.820000000000000541e-03 8.220852867017909293e-01 2.135235689501512879e-01
6.830000000000000134e-03 8.319664973571591071e-01 2.275603894144704320e-01
6.840000000000000593e-03 8.417425180086710590e-01 2.415866762471327311e-01
6.850000000000000186e-03 8.514118790417193328e-01 2.556006340856615267e-01
6.860000000000000646e-03 8.609731297674148021e-01 2.696004642172108445e-01
6.870000000000000238e-03 8.704248378244293649e-01 2.835843644652916717e-01
6.880000000000000698e-03 8.797655885272183118e-01 2.975505292079764219e-01
6.890000000000000291e-03 8.889939841808367493e-01 3.114971495324963535e-01
6.900000000000000751e-03 8.981086433833715965e-01 3.254224135279192853e-01
6.910000000000000343e-03 9.071082003372020752e-01 3.393245067141834048e-01
6.920000000000000803e-03 9.159913041900250574e-01 3.532016126025336322e-01
6.930000000000000396e-03 9.247566184258794175e-01 3.670519133791616539e-01
6.940000000000000856e-03 9.334028203251237832e-01 3.808735907009409560e-01
6.950000000000000448e-03 9.419286005106620729e-01 3.946648265893428764e-01
6.960000000000000908e-03 9.503326625956697304e-01 4.084238044063752127e-01
6.970000000000000501e-03 9.586137229455736763e-01 4.221487098942244831e-01
6.980000000000000961e-03 9.667705105643825680e-01 4.358377322589367386e-01
6.990000000000000553e-03 9.748017671124157291e-01 4.494890652771930117e-01
7.000000000000000146e-03 9.827062470594204457e-01 4.631009084048779423e-01
7.010000000000000606e-03 9.904827179737641929e-01 4.766714678658936499e-01
7.020000000000000198e-03 9.981299609452154442e-01 4.901989577002899279e-01
7.030000000000000658e-03 1.005646771135565443e+00 5.036816007516758953e-01
7.040000000000000251e-03 1.013031958448358250e+00 5.171176295753330265e-01
7.050000000000000711e-03 1.020284348306093491e+00 5.305052872504038008e-01
7.060000000000000303e-03 1.027402782520707714e+00 5.438428280817567684e-01
7.070000000000000763e-03 1.034386120240905482e+00 5.571285181798589781e-01
7.080000000000000356e-03 1.041233238958005680e+00 5.703606359098388756e-01
7.090000000000000815e-03 1.047943035550595869e+00 5.835374722041341000e-01
7.100000000000000408e-03 1.054514427347235772e+00 5.966573307363255418e-01
7.110000000000000868e-03 1.060946353186030366e+00 6.097185279571598615e-01
7.120000000000000460e-03 1.067237774449842247e+00 6.227193929969970787e-01
7.130000000000000920e-03 1.073387676056454243e+00 6.356582674421944468e-01
7.140000000000000513e-03 1.079395067383936757e+00 6.485335049958849130e-01
7.150000000000000973e-03 1.085258983112953990e+00 6.613434710364463065e-01
7.160000000000000565e-03 1.090978483969592849e+00 6.740865420893322746e-01
7.170000000000000158e-03 1.096552657354543880e+00 6.867611052300576224e-01
7.180000000000000618e-03 1.101980617847084787e+00 6.993655574377363182e-01
7.190000000000000210e-03 1.107261507575117099e+00 7.118983049197141755e-01
7.200000000000000670e-03 1.112394496445624270e+00 7.243577624285679750e-01
7.210000000000000263e-03 1.117378782233045653e+00 7.367423525928283867e-01
7.220000000000000723e-03 1.122213590526377924e+00 7.490505052824691923e-01
7.230000000000000315e-03 1.126898174538961683e+00 7.612806570292877106e-01
7.240000000000000775e-03 1.131431814788141033e+00 7.734312505210062527e-01
7.250000000000000368e-03 1.135813818654848095e+00 7.855007341860417158e-01
7.260000000000000828e-03 1.140043519835987285e+00 7.974875618837289348e-01
7.270000000000000420e-03 1.144120277704861355e+00 8.093901927121368578e-01
7.280000000000000880e-03 1.148043476596978474e+00 8.212070909428260679e-01
7.290000000000000473e-03 1.151812525040247337e+00 8.329367260887158286e-01
7.300000000000000933e-03 1.155426854949786808e+00 8.445775731080448212e-01
7.310000000000000525e-03 1.158885920808314651e+00 8.561281127440284466e-01
7.320000000000000985e-03 1.162189198853360139e+00 8.675868319965730491e-01
7.330000000000000578e-03 1.165336186292279752e+00 8.789522247191280391e-01
7.340000000000000170e-03 1.168326400565356860e+00 8.902227923307334256e-01
7.350000000000000630e-03 1.171159378676030816e+00 9.013970446304743200e-01
7.360000000000000223e-03 1.173834676605670202e+00 9.124735006990938313e-01
7.370000000000000683e-03 1.176351868828249492e+00 9.234506898703375155e-01
7.380000000000000275e-03 1.178710547937859232e+00 9.343271527528769216e-01
7.390000000000000735e-03 1.180910324399267575e+00 9.451014422824582928e-01
7.400000000000000328e-03 1.182950826428801339e+00 9.557721247830945899e-01
7.410000000000000787e-03 1.184831700009672195e+00 9.663377810159112791e-01
7.420000000000000380e-03 1.186552609042651030e+00 9.767970071944774846e-01
7.430000000000000840e-03 1.188113235629771669e+00 9.871484159462802221e-01
7.440000000000000432e-03 1.189513280485504643e+00 9.973906372012126820e-01
7.450000000000000892e-03 1.190752463466839606e+00 1.007522318989704901e+00
7.460000000000000485e-03 1.191830524210796494e+00 1.017542128135244139e+00
7.470000000000000945e-03 1.192747222865336409e+00 1.027448750828580559e+00
7.480000000000000537e-03 1.193502340897347525e+00 1.037240893073688719e+00
7.490000000000000997e-03 1.194095681959516542e+00 1.046917280998652222e+00
7.500000000000000590e-03 1.194527072796424116e+00 1.056476661027812458e+00
7.510000000000000182e-03 1.194796364169211422e+00 1.065917799914897657e+00
7.520000000000000642e-03 1.194903431777649239e+00 1.075239484640095888e+00
7.530000000000000235e-03 1.194848177158410518e+00 1.084440522177308575e+00
7.540000000000000695e-03 1.194630528538834335e+00 1.093519739140929925e+00
7.550000000000000287e-03 1.194250441626415471e+00 1.102475981324319898e+00
7.560000000000000747e-03 1.193707900315683634e+00 1.111308113144747312e+00
7.570000000000000340e-03 1.193002917295983956e+00 1.120015017011751324e+00
7.580000000000000800e-03 1.192135534545895048e+00 1.128595592637732015e+00
7.590000000000000392e-03 1.191105823702606648e+00 1.137048756310832909e+00
7.600000000000000852e-03 1.189913886297404133e+00 1.145373440151171041e+00
7.610000000000000445e-03 1.188559853851465897e+00 1.153568591371670449e+00
7.620000000000000905e-03 1.187043887829359656e+00 1.161633171564734557e+00
7.630000000000000497e-03 1.185366179450863422e+00 1.169566156035203086e+00
7.640000000000000957e-03 1.183526949364979153e+00 1.177366533198976883e+00
7.650000000000000550e-03 1.181526447193136153e+00 1.185033304064939230e+00
7.660000000000001009e-03 1.179364950951561353e+00 1.192565481815855088e+00
7.670000000000000602e-03 1.177042766365540949e+00 1.199962091501389327e+00
7.680000000000001062e-03 1.174560226090729298e+00 1.207222169853694682e+00
7.690000000000000654e-03 1.171917688858779671e+00 1.214344765232964418e+00
7.700000000000000247e-03 1.169115538566221524e+00 1.221328937707170326e+00
7.710000000000000707e-03 1.166154183326790328e+00 1.228173759266901532e+00
7.720000000000000299e-03 1.163034054508168103e+00 1.234878314172922709e+00
7.730000000000000759e-03 1.159755605774376308e+00 1.241441699430790857e+00
7.740000000000000352e-03 1.156319312154856505e+00 1.247863025383742164e+00
7.750000000000000812e-03 1.152725669160572730e+00 1.254141416412184906e+00
7.760000000000000404e-03 1.148975191966274068e+00 1.260276011725461220e+00
7.770000000000000864e-03 1.145068414676432500e+00 1.266265966229293882e+00
7.780000000000000457e-03 1.141005889690360986e+00 1.272110451450417568e+00
7.790000000000000917e-03 1.136788187179562204e+00 1.277808656498495177e+00
7.800000000000000509e-03 1.132415894687722746e+00 1.283359789044434374e+00
7.810000000000000969e-03 1.127889616860747957e+00 1.288763076293789611e+00
7.820000000000000562e-03 1.123209975311186160e+00 1.294017765933971331e+00
7.830000000000000154e-03 1.118377608618101204e+00 1.299123127034600200e+00
7.840000000000001482e-03 1.113393172460262592e+00 1.304078450881392515e+00
7.850000000000001074e-03 1.108257339877287473e+00 1.308883051725505009e+00
7.860000000000000667e-03 1.102970801650318577e+00 1.313536267432298343e+00
7.870000000000000259e-03 1.097534266790956892e+00 1.318037460015793139e+00
7.879999999999999852e-03 1.091948463124524649e+00 1.322386016047849333e+00
7.890000000000001179e-03 1.086214137951499570e+00 1.326581346934029515e+00
7.900000000000000772e-03 1.080332058769027048e+00 1.330622889051304103e+00
7.910000000000000364e-03 1.074303014032919723e+00 1.334510103746010978e+00
7.919999999999999957e-03 1.068127813939595105e+00 1.338242477193816171e+00
7.930000000000001284e-03 1.061807291206785742e+00 1.341819520126687149e+00
7.940000000000000877e-03 1.055342301831866614e+00 1.345240767435061713e+00
7.950000000000000469e-03 1.048733725807048600e+00 1.348505777656336946e+00
7.960000000000000062e-03 1.041982467771673804e+00 1.351614132363499143e+00
7.970000000000001389e-03 1.035089457583199257e+00 1.354565435470065582e+00
7.980000000000000981e-03 1.028055650790302034e+00 1.357359312469484047e+00
7.990000000000000574e-03 1.020882028993756796e+00 1.359995409628637297e+00
8.000000000000000167e-03 1.013569600083301436e+00 1.362473393156186541e+00
8.010000000000001494e-03 1.006119398341490001e+00 1.364792948366994052e+00
8.020000000000001086e-03 9.985324844086380658e-01 1.366953778863934543e+00
8.030000000000000679e-03 9.908099451060795593e-01 1.368955605757923299e+00
8.040000000000000271e-03 9.829528931182330842e-01 1.370798166945969454e+00
8.049999999999999864e-03 9.749624665372087495e-01 1.372481216465664788e+00
8.060000000000001191e-03 9.668398282768110308e-01 1.374004523942548683e+00
8.070000000000000784e-03 9.585861653657947734e-01 1.375367874144531433e+00
8.080000000000000376e-03 9.502026881329758146e-01 1.376571066654890929e+00
8.089999999999999969e-03 9.416906292992852645e-01 1.377613915672433409e+00
8.100000000000001296e-03 9.330512429939137320e-01 1.378496249944284324e+00
8.110000000000000889e-03 9.242858037134701332e-01 1.379217912833503590e+00
8.120000000000000481e-03 9.153956052442784319e-01 1.379778762520404767e+00
8.130000000000000074e-03 9.063819595687759856e-01 1.380178672333161272e+00
8.140000000000001401e-03 8.972461957772780439e-01 1.380417531200102577e+00
8.150000000000000994e-03 8.879896590061767681e-01 1.380495244213097328e+00
8.160000000000000586e-03 8.786137094229370392e-01 1.380411733288682274e+00
8.170000000000000179e-03 8.691197212771654135e-01 1.380166937911154301e+00
8.180000000000001506e-03 8.595090820353401551e-01 1.379760815939817364e+00
8.190000000000001099e-03 8.497831916148375075e-01 1.379193344460958981e+00
8.200000000000000691e-03 8.399434617304405437e-01 1.378464520663975623e+00
8.210000000000000284e-03 8.299913153639156826e-01 1.377574362720437762e+00
8.219999999999999876e-03 8.199281863642268187e-01 1.376522910644731423e+00
8.230000000000001203e-03 8.097555191828630372e-01 1.375310227115311035e+00
8.240000000000000796e-03 7.994747687455856511e-01 1.373936398236482059e+00
8.250000000000000389e-03 7.890874004585793910e-01 1.372401534221986408e+00
8.259999999999999981e-03 7.785948903438504320e-01 1.370705769983529887e+00
8.270000000000001308e-03 7.679987252956195221e-01 1.368849265609580979e+00
8.280000000000000901e-03 7.573004034465754541e-01 1.366832206722386367e+00
8.290000000000000493e-03 7.465014346301965809e-01 1.364654804704020341e+00
8.300000000000000086e-03 7.356033409231325093e-01 1.362317296785382048e+00
8.310000000000001413e-03 7.246076572496301660e-01 1.359819945995315527e+00
8.320000000000001006e-03 7.135159320285199280e-01 1.357163040970333912e+00
8.330000000000000598e-03 7.023297278422357959e-01 1.354346895628744329e+00
8.340000000000000191e-03 6.910506221067909127e-01 1.351371848716184099e+00
8.350000000000001518e-03 6.796802077214996185e-01 1.348238263232625966e+00
8.360000000000001111e-03 6.682200936777558109e-01 1.344946525753708988e+00
8.370000000000000703e-03 6.566719056069929561e-01 1.341497045661765641e+00
8.380000000000000296e-03 6.450372862493888304e-01 1.337890254304005655e+00
8.389999999999999888e-03 6.333178958266734160e-01 1.334126604097070290e+00
8.400000000000001216e-03 6.215154123045704138e-01 1.330206567598342993e+00
8.410000000000000808e-03 6.096315315329888795e-01 1.326130636565227894e+00
8.420000000000000401e-03 5.976679672548116384e-01 1.321899321023759510e+00
8.429999999999999993e-03 5.856264509772816096e-01 1.317513148367707165e+00
8.440000000000001321e-03 5.735087317030427290e-01 1.312972662508474775e+00
8.450000000000000913e-03 5.613165755211926289e-01 1.308278423094871190e+00
8.460000000000000506e-03 5.490517650619196610e-01 1.303431004820034378e+00
8.470000000000000098e-03 5.367160988214803030e-01 1.298430996830681305e+00
8.480000000000001426e-03 5.243113903671948739e-01 1.293279002251281673e+00
8.490000000000001018e-03 5.118394674350028595e-01 1.287975637832961207e+00
8.500000000000000611e-03 4.993021709345073500e-01 1.282521533733833818e+00
8.510000000000000203e-03 4.867013538786205684e-01 1.276917333434275603e+00
8.520000000000001530e-03 4.740388802566394277e-01 1.271163693787287885e+00
8.530000000000001123e-03 4.613166238708732991e-01 1.265261285200827812e+00
8.540000000000000716e-03 4.485364671577101725e-01 1.259210791945684749e+00
8.550000000000000308e-03 4.357003000144565874e-01 1.253012912579446914e+00
8.559999999999999901e-03 4.228100186530127647e-01 1.246668360474193271e+00
8.570000000000001228e-03 4.098675245008124857e-01 1.240177864433016586e+00
8.580000000000000820e-03 3.968747231683858456e-01 1.233542169378251341e+00
8.590000000000000413e-03 3.838335235012202418e-01 1.226762037092508528e+00
8.600000000000000006e-03 3.707458367316684988e-01 1.219838246992277275e+00
8.610000000000001333e-03 3.576135757442671093e-01 1.212771596913011063e+00
8.620000000000000925e-03 3.444386544651551474e-01 1.205562903884269232e+00
8.630000000000000518e-03 3.312229873833029137e-01 1.198213004873678100e+00
8.640000000000000110e-03 3.179684892082781933e-01 1.190722757479158123e+00
8.650000000000001438e-03 3.046770746659263063e-01 1.183093040550080133e+00
8.660000000000001030e-03 2.913506584302023583e-01 1.175324754719622167e+00
8.670000000000000623e-03 2.779911551860820285e-01 1.167418822832743786e+00
8.680000000000000215e-03 2.646004798155285886e-01 1.159376190256611983e+00
8.690000000000001543e-03 2.511805476954786509e-01 1.151197825063136060e+00
8.700000000000001135e-03 2.377332750942205419e-01 1.142884718076256911e+00
8.710000000000000728e-03 2.242605796502271376e-01 1.134437882779894213e+00
8.720000000000000320e-03 2.107643809155728409e-01 1.125858355085727736e+00
8.729999999999999913e-03 1.972466009444767410e-01 1.117147192963365399e+00
8.740000000000001240e-03 1.837091649065337173e-01 1.108305475938667461e+00
8.750000000000000833e-03 1.701540017035544916e-01 1.099334304469197887e+00
8.760000000000000425e-03 1.565830445688023154e-01 1.090234799208610994e+00
8.770000000000000018e-03 1.429982316279313492e-01 1.081008100174520870e+00
8.780000000000001345e-03 1.294015064017017269e-01 1.071655365836569951e+00
8.790000000000000938e-03 1.157948182319491620e-01 1.062177772143408028e+00
8.800000000000000530e-03 1.021801226140735264e-01 1.052576511508608759e+00
8.810000000000000123e-03 8.855938142150866776e-02 1.042852791776631038e+00
8.820000000000001450e-03 7.493456301008634413e-02 1.033007835190233203e+00
8.830000000000001042e-03 6.130764219311634483e-02 1.023042877380808902e+00
8.840000000000000635e-03 4.768060008092055851e-02 1.012959166402372047e+00
8.850000000000000228e-03 3.405542378179320095e-02 1.002757961828984579e+00
8.860000000000001555e-03 2.043410596458301171e-02 9.924405339337138976e-01
8.870000000000001147e-03 6.818644286330705247e-03 9.820081629652716027e-01
8.880000000000000740e-03 -6.788959308505835254e-03 9.714621385360513450e-01
8.890000000000000333e-03 -2.038669940757360105e-02 9.608037591326011873e-01
8.899999999999999925e-03 -3.397256805658739609e-02 9.500343317565180801e-01
8.910000000000001252e-03 -4.754455577684180839e-02 9.391551717005695021e-01
8.920000000000000845e-03 -6.110065265728634176e-02 9.281676024616067888e-01
8.930000000000000437e-03 -7.463884950240338989e-02 9.170729557883684491e-01
8.940000000000000030e-03 -8.815713901579898260e-02 9.058725718591269516e-01
8.950000000000001357e-03 -1.016535169986469977e-01 8.945677995808017924e-01
8.960000000000000950e-03 -1.151259835416622579e-01 8.831599969983332521e-01
8.970000000000000542e-03 -1.285725441895260723e-01 8.716505318002506497e-01
8.980000000000000135e-03 -1.419912110572532915e-01 8.600407819041829827e-01
8.990000000000001462e-03 -1.553800038791166294e-01 8.483321361039034558e-01
9.000000000000001055e-03 -1.687369509723075645e-01 8.365259947581424882e-01
9.010000000000000647e-03 -1.820600900995482940e-01 8.246237705001780993e-01
9.020000000000000240e-03 -1.953474692170915905e-01 8.126268889468593049e-01
9.030000000000001567e-03 -2.085971470973375652e-01 8.005367893854931083e-01
9.040000000000001160e-03 -2.218071938181498115e-01 7.883549254177056875e-01
9.050000000000000752e-03 -2.349756911140619686e-01 7.760827655401912883e-01
9.060000000000000345e-03 -2.481007325877533642e-01 7.637217936439504307e-01
9.069999999999999937e-03 -2.611804237834912112e-01 7.512735094153485393e-01
9.080000000000001265e-03 -2.742128821273508987e-01 7.387394286248226694e-01
9.090000000000000857e-03 -2.871962367421753703e-01 7.261210832916058511e-01
9.100000000000000450e-03 -3.001286281481725382e-01 7.134200217158886970e-01
9.110000000000000042e-03 -3.130082078625880948e-01 7.006378083729365436e-01
9.120000000000001369e-03 -3.258331379143564188e-01 6.877760236670400484e-01
9.130000000000000962e-03 -3.386015902914903952e-01 6.748362635464455472e-01
9.140000000000000555e-03 -3.513117463406234542e-01 6.618201389838203053e-01
9.150000000000000147e-03 -3.639617961390751444e-01 6.487292753299536141e-01
9.160000000000001474e-03 -3.765499378605470793e-01 6.355653115514885432e-01
9.170000000000001067e-03 -3.890743771556207653e-01 6.223298993661823264e-01
9.180000000000000659e-03 -4.015333265678568964e-01 6.090247022916980280e-01
9.190000000000000252e-03 -4.139250050054179009e-01 5.956513946259599512e-01
9.200000000000001579e-03 -4.262476372868632124e-01 5.822116603787657052e-01
9.210000000000001172e-03 -4.384994537779125512e-01 5.687071921754495163e-01
9.220000000000000764e-03 -4.506786901338964424e-01 5.551396901541064688e-01
9.230000000000000357e-03 -4.627835871600550766e-01 5.415108608779706234e-01
9.239999999999999949e-03 -4.748123907990600689e-01 5.278224162842198863e-01
9.250000000000001277e-03 -4.867633522521518930e-01 5.140760726894828547e-01
9.260000000000000869e-03 -4.986347282370764411e-01 5.002735498710777495e-01
9.270000000000000462e-03 -5.104247813828475255e-01 4.864165702409982694e-01
9.280000000000000054e-03 -5.221317807579928250e-01 4.725068581275984614e-01
9.290000000000001382e-03 -5.337540025259380760e-01 4.585461391771261663e-01
9.300000000000000974e-03 -5.452897307180228914e-01 4.445361398845182888e-01
9.310000000000000567e-03 -5.567372581119636177e-01 4.304785872595598417e-01
9.320000000000000159e-03 -5.680948872010008754e-01 4.163752086314282952e-01
9.330000000000001487e-03 -5.793609312368254161e-01 4.022277315910777751e-01
9.340000000000001079e-03 -5.905337153276023487e-01 3.880378840677775609e-01
9.350000000000000672e-03 -6.016115775711224911e-01 3.738073945326617631e-01
9.360000000000000264e-03 -6.125928702021480321e-01 3.595379923192815741e-01
9.370000000000001592e-03 -6.234759607327389208e-01 3.452314080481026504e-01
9.380000000000001184e-03 -6.342592330643926912e-01 3.308893741395533272e-01
9.390000000000000777e-03 -6.449410885515104441e-01 3.165136253978809155e-01
9.400000000000000369e-03 -6.555199469966906944e-01 3.021058996465669222e-01
9.409999999999999962e-03 -6.659942475599922584e-01 2.876679383945669466e-01
9.420000000000001289e-03 -6.763624495662340363e-01 2.732014875120707953e-01
9.430000000000000882e-03 -6.866230331966899358e-01 2.587082978940844491e-01
9.440000000000000474e-03 -6.967745000542678868e-01 2.441901260905119664e-01
9.450000000000000067e-03 -7.068153735940984062e-01 2.296487348821412144e-01
9.460000000000001394e-03 -7.167441994145800077e-01 2.150858937832883788e-01
9.470000000000000986e-03 -7.265595454071258619e-01 2.005033794535277802e-01
9.480000000000000579e-03 -7.362600017661493634e-01 1.859029760031965794e-01
9.490000000000000172e-03 -7.458441808639389992e-01 1.712864751798429397e-01
9.500000000000001499e-03 -7.553107169982936631e-01 1.566556764257156786e-01
9.510000000000001091e-03 -7.646582660235986539e-01 1.420123867994061984e-01
9.520000000000000684e-03 -7.738855048788039204e-01 1.273584207581032191e-01
9.530000000000000276e-03 -7.829911310279856762e-01 1.126955998002128756e-01
9.540000000000001604e-03 -7.919738618312697209e-01 9.802575197151736086e-02
9.550000000000001196e-03 -8.008324338654113639e-01 8.335071124125419118e-02
9.560000000000000789e-03 -8.095656022144392949e-01 6.867231675770830990e-02
9.570000000000000381e-03 -8.181721397514368777e-01 5.399241199575398331e-02
9.579999999999999974e-03 -8.266508364326417002e-01 3.931284381145207923e-02
9.590000000000001301e-03 -8.350004986247383520e-01 2.463546142095153491e-02
9.600000000000000894e-03 -8.432199484853252214e-01 9.962115322916832716e-03
9.610000000000000486e-03 -8.513080234153064252e-01 -4.705343815121533491e-03
9.620000000000000079e-03 -8.592635756001097969e-01 -1.936506628499626292e-02
9.630000000000001406e-03 -8.670854716545814966e-01 -3.401520445908549212e-02
9.640000000000000999e-03 -8.747725923838775008e-01 -4.865391388277268830e-02
9.650000000000000591e-03 -8.823238326698914502e-01 -6.327935431740548677e-02
9.660000000000000184e-03 -8.897381014897507434e-01 -7.788969071393000987e-02
9.670000000000001511e-03 -8.970143220697984754e-01 -9.248309409926558367e-02
9.680000000000001104e-03 -9.041514321751734640e-01 -1.070577423593723487e-01
9.690000000000000696e-03 -9.111483845319274799e-01 -1.216118209056530480e-01
9.700000000000000289e-03 -9.180041473754118053e-01 -1.361435232139016627e-01
9.710000000000001616e-03 -9.247177051156439953e-01 -1.506510512283075753e-01
9.720000000000001208e-03 -9.312880591075723968e-01 -1.651326156260496392e-01
9.730000000000000801e-03 -9.377142285116434328e-01 -1.795864359415822731e-01
9.740000000000000394e-03 -9.439952512278422248e-01 -1.940107405528506412e-01
9.749999999999999986e-03 -9.501301848846521736e-01 -2.084037665352239943e-01
9.760000000000001313e-03 -9.561181078629706898e-01 -2.227637593919182812e-01
9.770000000000000906e-03 -9.619581203341583953e-01 -2.370889726727916091e-01
9.780000000000000498e-03 -9.676493452909834536e-01 -2.513776674959807278e-01
9.790000000000000091e-03 -9.731909295502986224e-01 -2.656281119892389686e-01
9.800000000000001418e-03 -9.785820447069144556e-01 -2.798385806697025191e-01
9.810000000000001011e-03 -9.838218880191527127e-01 -2.940073537823643113e-01
9.820000000000000603e-03 -9.889096832081197830e-01 -3.081327166184392730e-01
9.830000000000000196e-03 -9.938446811546629567e-01 -3.222129588353406238e-01
9.840000000000001523e-03 -9.986261604802921799e-01 -3.362463737998777069e-01
9.850000000000001116e-03 -1.003253428000985936e+00 -3.502312579757882460e-01
9.860000000000000708e-03 -1.007725819045711013e+00 -3.641659103755640614e-01
9.870000000000000301e-03 -1.012042697634534472e+00 -3.780486320950241508e-01
9.880000000000001628e-03 -1.016203456514445547e+00 -3.918777259470209717e-01
9.890000000000001221e-03 -1.020207517054248836e+00 -4.056514962083411779e-01
9.900000000000000813e-03 -1.024054329003088792e+00 -4.193682484910394304e-01
9.910000000000000406e-03 -1.027743370120289157e+00 -4.330262897464884353e-01
9.919999999999999998e-03 -1.031274145687128385e+00 -4.466239284071517601e-01
9.930000000000001326e-03 -1.034646187913834892e+00 -4.601594746678400183e-01
9.940000000000000918e-03 -1.037859055257461582e+00 -4.736312409046949390e-01
9.950000000000000511e-03 -1.040912331668327306e+00 -4.870375422269824783e-01
9.960000000000000103e-03 -1.043805625784260949e+00 -5.003766971533445407e-01
9.970000000000001431e-03 -1.046538570093062059e+00 -5.136470284013462395e-01
9.980000000000001023e-03 -1.049110820084227402e+00 -5.268468637762062645e-01
9.990000000000000616e-03 -1.051522053411195756e+00 -5.399745371423784190e-01
1.000000000000000021e-02 -1.053771969084991822e+00 -5.530283894594132388e-01
1.001000000000000154e-02 -1.055860286719378038e+00 -5.660067698621639165e-01
1.002000000000000113e-02 -1.057786745846314824e+00 -5.789080367641140645e-01
1.003000000000000072e-02 -1.059551105318806030e+00 -5.917305589621981721e-01
1.004000000000000031e-02 -1.061153142816092743e+00 -6.044727167212275987e-01
1.005000000000000164e-02 -1.062592654463669906e+00 -6.171329028166782082e-01
1.006000000000000123e-02 -1.063869454577842877e+00 -6.297095235154055448e-01
1.007000000000000083e-02 -1.064983375541548760e+00 -6.422009994754744877e-01
1.008000000000000042e-02 -1.065934267815008996e+00 -6.546057665480241594e-01
1.009000000000000001e-02 -1.066722000081545163e+00 -6.669222764666037362e-01
1.010000000000000134e-02 -1.067346459525660540e+00 -6.791489974119349071e-01
1.011000000000000093e-02 -1.067807552237293844e+00 -6.912844144431062876e-01
1.012000000000000052e-02 -1.068105203733139330e+00 -7.033270297893994272e-01
1.013000000000000012e-02 -1.068239359583093462e+00 -7.152753630001930096e-01
1.014000000000000144e-02 -1.068209986127354627e+00 -7.271279509538439711e-01
1.015000000000000104e-02 -1.068017071267494345e+00 -7.388833477297647168e-01
1.016000000000000063e-02 -1.067660625313020306e+00 -7.505401243512421772e-01
1.017000000000000022e-02 -1.067140681863546270e+00 -7.620968684094920897e-01
1.018000000000000155e-02 -1.066457298705793644e+00 -7.735521835824298309e-01
1.019000000000000114e-02 -1.065610558704205957e+00 -7.849046890639815865e-01
1.020000000000000073e-02 -1.064600570664024470e+00 -7.961530189220350495e-01
1.021000000000000033e-02 -1.063427470146242282e+00 -8.072958214046377368e-01
1.022000000000000165e-02 -1.062091420214884119e+00 -8.183317582154391312e-01
1.023000000000000125e-02 -1.060592612098574250e+00 -8.292595037799078694e-01
1.024000000000000084e-02 -1.058931265750258754e+00 -8.400777445242080255e-01
1.025000000000000043e-02 -1.057107630291263201e+00 -8.507851781880951814e-01
1.026000000000000002e-02 -1.055121984328480034e+00 -8.613805131925139635e-01
1.027000000000000135e-02 -1.052974636136363218e+00 -8.718624680810653782e-01
1.028000000000000094e-02 -1.050665923698493431e+00 -8.822297710528190784e-01
1.029000000000000054e-02 -1.048196214606670784e+00 -8.924811596016145598e-01
1.030000000000000013e-02 -1.045565905818751862e+00 -9.026153802744500965e-01
1.031000000000000145e-02 -1.042775423279651337e+00 -9.126311885585955963e-01
1.032000000000000105e-02 -1.039825221413073875e+00 -9.225273489039873542e-01
1.033000000000000064e-02 -1.036715782494451066e+00 -9.323026348840965927e-01
1.034000000000000023e-02 -1.033447615918284157e+00 -9.419558294951355659e-01
1.035000000000000156e-02 -1.030021257375464350e+00 -9.514857255900474042e-01
1.036000000000000115e-02 -1.026437267958172139e+00 -9.608911264404793595e-01
1.037000000000000074e-02 -1.022696233211569217e+00 -9.701708464167714263e-01
1.038000000000000034e-02 -1.018798762152669735e+00 -9.793237117731360408e-01
1.039000000000000166e-02 -1.014745486277444098e+00 -9.883485615225859888e-01
1.040000000000000126e-02 -1.010537058577437808e+00 -9.972442483840135985e-01
1.041000000000000085e-02 -1.006174152586850390e+00 -1.006009639781985543e+00
1.042000000000000044e-02 -1.001657461480253808e+00 -1.014643618878539710e+00
1.043000000000000003e-02 -9.969876972398663550e-01 -1.023145085615411176e+00
1.044000000000000136e-02 -9.921655899095733755e-01 -1.031512957744872949e+00
1.045000000000000095e-02 -9.871918869508140570e-01 -1.039746171827520049e+00
1.046000000000000055e-02 -9.820673527129503144e-01 -1.047843684176179790e+00
1.047000000000000014e-02 -9.767927680280346081e-01 -1.055804471726241589e+00
1.048000000000000147e-02 -9.713689299368600816e-01 -1.063627532814570120e+00
1.049000000000000106e-02 -9.657966515500556737e-01 -1.071311887851170708e+00
1.050000000000000065e-02 -9.600767620447504536e-01 -1.078856579870450805e+00
1.051000000000000024e-02 -9.542101067940934600e-01 -1.086260674951624150e+00
1.052000000000000157e-02 -9.481975476237098910e-01 -1.093523262501033155e+00
1.053000000000000116e-02 -9.420399631861734457e-01 -1.100643455392330550e+00
1.054000000000000076e-02 -9.357382494416935925e-01 -1.107620389963931418e+00
1.055000000000000035e-02 -9.292933202306943308e-01 -1.114453225876424369e+00
1.056000000000000168e-02 -9.227061079217274697e-01 -1.121141145836046737e+00
1.057000000000000127e-02 -9.159775641163340199e-01 -1.127683355193425552e+00
1.058000000000000086e-02 -9.091086603910327746e-01 -1.134079081429795188e+00
1.059000000000000045e-02 -9.021003890557370841e-01 -1.140327573545494078e+00
1.060000000000000005e-02 -8.949537639073863460e-01 -1.146428101367909180e+00
1.061000000000000137e-02 -8.876698209576363574e-01 -1.152379954797851047e+00
1.062000000000000097e-02 -8.802496191140177784e-01 -1.158182443014839746e+00
1.063000000000000056e-02 -8.726942407949412894e-01 -1.163834893662646808e+00
1.064000000000000015e-02 -8.650047924604408189e-01 -1.169336652036917279e+00
1.065000000000000148e-02 -8.571824050424388108e-01 -1.174687080296532571e+00
1.066000000000000107e-02 -8.492282342605982359e-01 -1.179885556719799888e+00
1.067000000000000066e-02 -8.411434608124046530e-01 -1.184931475025376990e+00
1.068000000000000026e-02 -8.329292904290644950e-01 -1.189824243776243407e+00
1.069000000000000158e-02 -8.245869537917916992e-01 -1.194563285882960013e+00
1.070000000000000118e-02 -8.161177063063334014e-01 -1.199148038220029022e+00
1.071000000000000077e-02 -8.075228277367448859e-01 -1.203577951366361809e+00
1.072000000000000036e-02 -7.988036217027529862e-01 -1.207852489477834856e+00
1.073000000000000169e-02 -7.899614150480948060e-01 -1.211971130296655152e+00
1.074000000000000128e-02 -7.809975570901903641e-01 -1.215933365298928148e+00
1.075000000000000087e-02 -7.719134187642366918e-01 -1.219738699978414553e+00
1.076000000000000047e-02 -7.627103916772196568e-01 -1.223386654261137352e+00
1.077000000000000006e-02 -7.533898870893398492e-01 -1.226876763042278995e+00
1.078000000000000139e-02 -7.439533348420480641e-01 -1.230208576833827783e+00
1.079000000000000098e-02 -7.344021822530414356e-01 -1.233381662508678200e+00
1.080000000000000057e-02 -7.247378929992525087e-01 -1.236395604124542746e+00
1.081000000000000016e-02 -7.149619460091728440e-01 -1.239250003809020839e+00
1.082000000000000149e-02 -7.050758343854920396e-01 -1.241944482685670037e+00
1.083000000000000108e-02 -6.950810643783041920e-01 -1.244478681819849220e+00
1.084000000000000068e-02 -6.849791544278909239e-01 -1.246852263162611996e+00
1.085000000000000027e-02 -6.747716342944313217e-01 -1.249064910470862211e+00
1.086000000000000160e-02 -6.644600442898346282e-01 -1.251116330182556080e+00
1.087000000000000119e-02 -6.540459346245471872e-01 -1.253006252226712691e+00
1.088000000000000078e-02 -6.435308648793452990e-01 -1.254734430749536278e+00
1.089000000000000037e-02 -6.329164036092241874e-01 -1.256300644739908101e+00
1.090000000000000170e-02 -6.222041280833183752e-01 -1.257704698539859223e+00
1.091000000000000129e-02 -6.113956241615776666e-01 -1.258946422228362616e+00
1.092000000000000089e-02 -6.004924863056215756e-01 -1.260025671869769770e+00
1.093000000000000048e-02 -5.894963177181110625e-01 -1.260942329621409952e+00
1.094000000000000007e-02 -5.784087306018114161e-01 -1.261696303698206956e+00
1.095000000000000140e-02 -5.672313465267562194e-01 -1.262287528195558561e+00
1.096000000000000099e-02 -5.559657968912947723e-01 -1.262715962775059486e+00
1.097000000000000058e-02 -5.446137234605918920e-01 -1.262981592220903782e+00
1.098000000000000018e-02 -5.331767789643091504e-01 -1.263084425877849526e+00
1.099000000000000150e-02 -5.216566277336978086e-01 -1.263024496984422207e+00
1.100000000000000110e-02 -5.100549463574738374e-01 -1.262801861917479451e+00
1.101000000000000069e-02 -4.983734243352549997e-01 -1.262416599366355197e+00
1.102000000000000028e-02 -4.866137647074352257e-01 -1.261868809456410112e+00
1.103000000000000161e-02 -4.747776846408444107e-01 -1.261158612842979698e+00
1.104000000000000120e-02 -4.628669159505553465e-01 -1.260286149797361421e+00
1.105000000000000079e-02 -4.508832055395937677e-01 -1.259251579306607471e+00
1.106000000000000039e-02 -4.388283157402982915e-01 -1.258055078208483613e+00
1.107000000000000171e-02 -4.267040245432369705e-01 -1.256696840382067526e+00
1.108000000000000131e-02 -4.145121257022151284e-01 -1.255177076013020532e+00
1.109000000000000090e-02 -4.022544287067821300e-01 -1.253496010950737372e+00
1.110000000000000049e-02 -3.899327586167120607e-01 -1.251653886172275465e+00
1.111000000000000008e-02 -3.775489557560731124e-01 -1.249650957365356030e+00
1.112000000000000141e-02 -3.651048752678254794e-01 -1.247487494639766936e+00
1.113000000000000100e-02 -3.526023865330759621e-01 -1.245163782373375438e+00
1.114000000000000060e-02 -3.400433724622090592e-01 -1.242680119195625155e+00
1.115000000000000019e-02 -3.274297286681942531e-01 -1.240036818108046557e+00
1.116000000000000152e-02 -3.147633625349671727e-01 -1.237234206737922948e+00
1.117000000000000111e-02 -3.020461921963087937e-01 -1.234272627718017157e+00
1.118000000000000070e-02 -2.892801454426085495e-01 -1.231152439182131575e+00
1.119000000000000029e-02 -2.764671585746860671e-01 -1.227874015363470406e+00
1.120000000000000162e-02 -2.636091752249455356e-01 -1.224437747280199273e+00
1.121000000000000121e-02 -2.507081451669217476e-01 -1.220844043490471709e+00
1.122000000000000081e-02 -2.377660231345254949e-01 -1.217093330897430992e+00
1.123000000000000040e-02 -2.247847676720656773e-01 -1.213186055583483469e+00
1.124000000000000173e-02 -2.117663400353119174e-01 -1.209122683652318786e+00
1.125000000000000132e-02 -1.987127031627561879e-01 -1.204903702056982162e+00
1.126000000000000091e-02 -1.856258207344640143e-01 -1.200529619392502578e+00
1.127000000000000050e-02 -1.725076563339079383e-01 -1.196000966632480456e+00
1.128000000000000010e-02 -1.593601727257372425e-01 -1.191318297790229463e+00
1.129000000000000142e-02 -1.461853312596959331e-01 -1.186482190486923383e+00
1.130000000000000102e-02 -1.329850914079352131e-01 -1.181493246411325027e+00
1.131000000000000061e-02 -1.197614104398495027e-01 -1.176352091658253274e+00
1.132000000000000020e-02 -1.065162432353479877e-01 -1.171059376935812635e+00
1.133000000000000153e-02 -9.325154223415850485e-02 -1.165615777634523731e+00
1.134000000000000112e-02 -7.996925751567160456e-02 -1.160021993754746905e+00
1.135000000000000071e-02 -6.667133700066622815e-02 -1.154278749692152273e+00
1.136000000000000031e-02 -5.335972676346656396e-02 -1.148386793884375257e+00
1.137000000000000163e-02 -4.003637144047262481e-02 -1.142346898325263149e+00
1.138000000000000123e-02 -2.670321471874891744e-02 -1.136159857956258845e+00
1.139000000000000082e-02 -1.336219988642102334e-02 -1.129826489947359125e+00
1.140000000000000041e-02 -1.527042530439469347e-05 -1.123347632882708780e+00
1.141000000000000174e-02 1.333562937494095837e-02 -1.116724145868119189e+00
1.142000000000000133e-02 2.668855380223379009e-02 -1.109956907579620733e+00
1.143000000000000092e-02 4.004155512829942615e-02 -1.103046815273508674e+00
1.144000000000000052e-02 5.339268305630549827e-02 -1.095994783779243198e+00
1.145000000000000011e-02 6.673998422966340160e-02 -1.088801744496890045e+00
1.146000000000000144e-02 8.008150182028681008e-02 -1.081468644420632064e+00
1.147000000000000103e-02 9.341527521268430667e-02 -1.073996445209178585e+00
1.148000000000000062e-02 1.067393397981133418e-01 -1.066386122322741103e+00
1.149000000000000021e-02 1.200517268903796703e-01 -1.058638664244548222e+00
1.150000000000000154e-02 1.333504637720333563e-01 -1.050755071802813134e+00
1.151000000000000113e-02 1.466335738766581520e-01 -1.042736357606548925e+00
1.152000000000000073e-02 1.598990771098185437e-01 -1.034583545605869404e+00
1.153000000000000032e-02 1.731449903078548513e-01 -1.026297670784320104e+00
1.154000000000000165e-02 1.863693278306120804e-01 -1.017879778987596184e+00
1.155000000000000124e-02 1.995701022809892866e-01 -1.009330926889607349e+00
1.156000000000000083e-02 2.127453253412265599e-01 -1.000652182093536346e+00
1.157000000000000042e-02 2.258930087130874287e-01 -9.918446233622092434e-01
1.158000000000000175e-02 2.390111651467234088e-01 -9.829093409689558802e-01
1.159000000000000134e-02 2.520978095408139552e-01 -9.738474371571418375e-01
1.160000000000000094e-02 2.651509600950033851e-01 -9.646600266939470147e-01
1.161000000000000053e-02 2.781686394943444496e-01 -9.553482375015946992e-01
1.162000000000000012e-02 2.911488761047140161e-01 -9.459132113473848191e-01
1.163000000000000145e-02 3.040897051579148913e-01 -9.363561045723444165e-01
1.164000000000000104e-02 3.169891699053528633e-01 -9.266780888374446246e-01
1.165000000000000063e-02 3.298453227199802384e-01 -9.168803518657331342e-01
1.166000000000000023e-02 3.426562261272582677e-01 -9.069640981589467410e-01
1.167000000000000155e-02 3.554199537476483983e-01 -8.969305496675901157e-01
1.168000000000000115e-02 3.681345911351348588e-01 -8.867809463946880744e-01
1.169000000000000074e-02 3.807982364986924884e-01 -8.765165469148410438e-01
1.170000000000000033e-02 3.934090012963097904e-01 -8.661386287923696914e-01
1.171000000000000166e-02 4.059650106941969927e-01 -8.556484888845717895e-01
1.172000000000000125e-02 4.184644038868351457e-01 -8.450474435189957445e-01
1.173000000000000084e-02 4.309053342768490169e-01 -8.343368285364788361e-01
1.174000000000000044e-02 4.432859695168694381e-01 -8.235179991950616341e-01
1.175000000000000176e-02 4.556044914187681316e-01 -8.125923299330440885e-01
1.176000000000000136e-02 4.678590957387128713e-01 -8.015612139929497726e-01
1.177000000000000095e-02 4.800479918494157672e-01 -7.904260629113293302e-01
1.178000000000000054e-02 4.921694023134440821e-01 -7.791883058826969410e-01
1.179000000000000013e-02 5.042215623738453001e-01 -7.678493890087154661e-01
1.180000000000000146e-02 5.162027193802126712e-01 -7.564107744466181948e-01
1.181000000000000105e-02 5.281111321697367078e-01 -7.448739394731297425e-01
1.182000000000000065e-02 5.399450704238911714e-01 -7.332403754822252040e-01
1.183000000000000024e-02 5.517028140218763754e-01 -7.215115869365633650e-01
1.184000000000000156e-02 5.633826524119907031e-01 -7.096890902935554246e-01
1.185000000000000116e-02 5.749828840216523185e-01 -6.977744129275441631e-01
1.186000000000000075e-02 5.865018157258851117e-01 -6.857690920696691839e-01
1.187000000000000034e-02 5.979377623925825613e-01 -6.736746737864914847e-01
1.188000000000000167e-02 6.092890465211344697e-01 -6.614927120175176922e-01
1.189000000000000126e-02 6.205539979886924851e-01 -6.492247676902375142e-01
1.190000000000000085e-02 6.317309539158799669e-01 -6.368724079294523222e-01
1.191000000000000045e-02 6.428182586607985582e-01 -6.244372053752992313e-01
1.192000000000000177e-02 6.538142639472507289e-01 -6.119207376217792316e-01
1.193000000000000137e-02 6.647173291298623665e-01 -5.993245867845792274e-01
1.194000000000000096e-02 6.755258215955480816e-01 -5.866503392039011944e-01
1.195000000000000055e-02 6.862381172975173804e-01 -5.738995852846613399e-01
1.196000000000000014e-02 6.968526014149190040e-01 -5.610739194731420021e-01
1.197000000000000147e-02 7.073676691281752804e-01 -5.481749403657631969e-01
1.198000000000000106e-02 7.177817264973348488e-01 -5.352042509425607442e-01
1.199000000000000066e-02 7.280931914283514939e-01 -5.221634589147470251e-01
1.200000000000000025e-02 7.383004947099935933e-01 -5.090541771731614817e-01
1.201000000000000158e-02 7.484020811024925113e-01 -4.958780243217484895e-01
1.202000000000000117e-02 7.583964104576909060e-01 -4.826366252783221844e-01
1.203000000000000076e-02 7.682819588497555863e-01 -4.693316119230404593e-01
1.204000000000000035e-02 7.780572196950918951e-01 -4.559646237740474506e-01
1.205000000000000168e-02 7.877207048404362144e-01 -4.425373086688587088e-01
1.206000000000000127e-02 7.972709455986721760e-01 -4.290513234301059908e-01
1.207000000000000087e-02 8.067064937131677160e-01 -4.155083344944159873e-01
1.208000000000000046e-02 8.160259222330001894e-01 -4.019100184842876455e-01
1.209000000000000179e-02 8.252278262834648048e-01 -3.882580627039786680e-01
1.210000000000000138e-02 8.343108237186662723e-01 -3.745541655424236005e-01
1.211000000000000097e-02 8.432735556457107151e-01 -3.608000367682344667e-01
1.212000000000000056e-02 8.521146868128869345e-01 -3.469973977046483249e-01
1.213000000000000016e-02 8.608329058574328840e-01 -3.331479812749359448e-01
1.214000000000000148e-02 8.694269254116401280e-01 -3.192535319120980986e-01
1.215000000000000108e-02 8.778954820693400940e-01 -3.053158053297778118e-01
1.216000000000000067e-02 8.862373362179939429e-01 -2.913365681547588903e-01
1.217000000000000026e-02 8.944512717446858607e-01 -2.773175974246734343e-01
1.218000000000000159e-02 9.025360956272364676e-01 -2.632606799578418588e-01
1.219000000000000118e-02 9.104906374242248690e-01 -2.491676116051597112e-01
1.220000000000000077e-02 9.183137486800502236e-01 -2.350401963968518637e-01
1.221000000000000037e-02 9.260043022630648490e-01 -2.208802455993768565e-01
1.222000000000000169e-02 9.335611916563042456e-01 -2.066895766999723438e-01
1.223000000000000129e-02 9.409833302213816975e-01 -1.924700123379882721e-01
1.224000000000000088e-02 9.482696504567174056e-01 -1.782233792034986497e-01
1.225000000000000047e-02 9.554191032712507914e-01 -1.639515069243933365e-01
1.226000000000000180e-02 9.624306572944397731e-01 -1.496562269634769127e-01
1.227000000000000139e-02 9.693032982423747113e-01 -1.353393715467674507e-01
1.228000000000000098e-02 9.760360283585093333e-01 -1.210027726434938083e-01
1.229000000000000058e-02 9.826278659456150200e-01 -1.066482610169717099e-01
1.230000000000000017e-02 9.890778450034457547e-01 -9.227766536387965735e-02
1.231000000000000150e-02 9.953850149840153261e-01 -7.789281155720609306e-02
1.232000000000000109e-02 1.001548440673552864e+00 -6.349552200577807115e-02
1.233000000000000068e-02 1.007567202207224621e+00 -4.908761514026067918e-02
1.234000000000000027e-02 1.013440395219463719e+00 -3.467090503268482199e-02
1.235000000000000160e-02 1.019167131129560921e+00 -2.024720115310239821e-02
1.236000000000000119e-02 1.024746537558903992e+00 -5.818308263859025241e-03
1.237000000000000079e-02 1.030177758873125793e+00 8.613973551556703551e-03
1.238000000000000038e-02 1.035459956839389628e+00 2.304784873115621122e-02
1.239000000000000171e-02 1.040592311386309365e+00 3.748152595798370790e-02
1.240000000000000130e-02 1.045574021451516566e+00 5.191321777660319603e-02
1.241000000000000089e-02 1.050404305899754309e+00 6.634114011739637717e-02
1.242000000000000048e-02 1.055082404492651893e+00 8.076351174552222345e-02
1.243000000000000181e-02 1.059607578890075841e+00 9.517855365343415308e-02
1.244000000000000140e-02 1.063979113662091747e+00 1.095844884169951544e-01
1.245000000000000100e-02 1.068196317290300623e+00 1.239795395363174763e-01
1.246000000000000059e-02 1.072258523137436859e+00 1.383619307825842970e-01
1.247000000000000018e-02 1.076165090364811894e+00 1.527298855721864190e-01
1.248000000000000151e-02 1.079915404778311272e+00 1.670816263886458486e-01
1.249000000000000110e-02 1.083508879585247886e+00 1.814153742717826423e-01
1.250000000000000069e-02 1.086944956046401956e+00 1.957293483918464416e-01
1.251000000000000029e-02 1.090223104009902411e+00 2.100217657243394209e-01
1.252000000000000161e-02 1.093342822316336393e+00 2.242908408387525032e-01
1.253000000000000121e-02 1.096303639067382818e+00 2.385347858117564668e-01
1.254000000000000080e-02 1.099105111753370778e+00 2.527518102722900450e-01
1.255000000000000039e-02 1.101746827238393678e+00 2.669401215828606233e-01
1.256000000000000172e-02 1.104228401604862686e+00 2.810979251580014715e-01
1.257000000000000131e-02 1.106549479862569907e+00 2.952234249175946790e-01
1.258000000000000090e-02 1.108709735530442941e+00 3.093148238694141683e-01
1.259000000000000050e-02 1.110708870102047996e+00 3.233703248121763685e-01
1.260000000000000182e-02 1.112546612408546354e+00 3.373881311474169475e-01
1.261000000000000142e-02 1.114222717895120285e+00 3.513664477858908786e-01
1.262000000000000101e-02 1.115736967828832471e+00 3.653034821319435244e-01
1.263000000000000060e-02 1.117089168457388926e+00 3.791974451273085189e-01
1.264000000000000019e-02 1.118279150139359190e+00 3.930465523344207623e-01
1.265000000000000152e-02 1.119306766466987124e+00 4.068490250383350326e-01
1.266000000000000111e-02 1.120171893402800434e+00 4.206030913458824183e-01
1.267000000000000071e-02 1.120874428450851390e+00 4.343069872607721593e-01
1.268000000000000030e-02 1.121414289882502580e+00 4.479589577138392564e-01
1.269000000000000163e-02 1.121791416035326172e+00 4.615572575288012791e-01
1.270000000000000122e-02 1.122005764701893948e+00 4.751001523053663411e-01
1.271000000000000081e-02 1.122057312623041980e+00 4.885859192035623688e-01
1.272000000000000040e-02 1.121946055097680306e+00 5.020128476154415154e-01
1.273000000000000173e-02 1.121672005718398868e+00 5.153792397131153891e-01
1.274000000000000132e-02 1.121235196239104503e+00 5.286834108649814956e-01
1.275000000000000092e-02 1.120635676577752537e+00 5.419236899152068965e-01
1.276000000000000051e-02 1.119873514953993121e+00 5.550984193247425758e-01
1.277000000000000184e-02 1.118948798158317937e+00 5.682059551755507254e-01
1.278000000000000143e-02 1.117861631946135414e+00 5.812446670429706197e-01
1.279000000000000102e-02 1.116612141547195458e+00 5.942129377442886273e-01
1.280000000000000061e-02 1.115200472278015331e+00 6.071091629745840601e-01
1.281000000000000021e-02 1.113626790242453479e+00 6.199317508435662205e-01
1.282000000000000153e-02 1.111891283103447092e+00 6.326791213295659411e-01
1.283000000000000113e-02 1.109994160907183058e+00 6.453497056686907651e-01
1.284000000000000072e-02 1.107935656939650348e+00 6.579419456988621073e-01
1.285000000000000031e-02 1.105716028594700084e+00 6.704542931793067151e-01
1.286000000000000164e-02 1.103335558232384939e+00 6.828852091068455810e-01
1.287000000000000123e-02 1.100794554006482073e+00 6.952331630501813464e-01
1.288000000000000082e-02 1.098093350640760857e+00 7.074966325230985786e-01
1.289000000000000042e-02 1.095232310134668152e+00 7.196741024163322287e-01
1.290000000000000174e-02 1.092211822380662056e+00 7.317640645065881522e-01
1.291000000000000134e-02 1.089032305677431589e+00 7.437650170591417753e-01
1.292000000000000093e-02 1.085694207125569744e+00 7.556754645383108038e-01
1.293000000000000052e-02 1.082198002894955380e+00 7.674939174372688022e-01
1.294000000000000185e-02 1.078544198356005790e+00 7.792188922359444270e-01
1.295000000000000144e-02 1.074733328070069938e+00 7.908489114924404095e-01
1.296000000000000103e-02 1.070765955637446032e+00 8.023825040703198574e-01
1.297000000000000063e-02 1.066642673404748276e+00 8.138182055006057958e-01
1.298000000000000022e-02 1.062364102036578828e+00 8.251545584742289163e-01
1.299000000000000155e-02 1.057930889959522114e+00 8.363901134573140661e-01
1.300000000000000114e-02 1.053343712689411849e+00 8.475234294188142004e-01
1.301000000000000073e-02 1.048603272055457891e+00 8.585530746571619076e-01
1.302000000000000032e-02 1.043710295337162863e+00 8.694776277102358453e-01
1.303000000000000165e-02 1.038665534331902229e+00 8.802956783308312216e-01
1.304000000000000124e-02 1.033469764372612509e+00 8.910058285082760321e-01
1.305000000000000084e-02 1.028123783316085449e+00 9.016066935156065165e-01
1.306000000000000043e-02 1.022628410523011899e+00 9.120969029611137868e-01
1.307000000000000176e-02 1.016984485851008202e+00 9.224751018228728450e-01
1.308000000000000135e-02 1.011192868681505042e+00 9.327399514453064144e-01
1.309000000000000094e-02 1.005254437000460355e+00 9.428901304776394765e-01
1.310000000000000053e-02 9.991700865515988905e-01 9.529243357355173805e-01
1.311000000000000186e-02 9.929407300790435986e-01 9.628412829688259844e-01
1.312000000000000145e-02 9.865672966740690608e-01 9.726397075210313492e-01
1.313000000000000105e-02 9.800507312381948610e-01 9.823183648678825985e-01
1.314000000000000064e-02 9.733919940720504593e-01 9.918760310262274560e-01
1.315000000000000023e-02 9.665920605964005707e-01 1.001311502826746302e+00
1.316000000000000156e-02 9.596519212085987682e-01 1.010623598047723393e+00
1.317000000000000115e-02 9.525725812744697540e-01 1.019811155410174308e+00
1.318000000000000074e-02 9.453550612523718977e-01 1.028873034438099632e+00
1.319000000000000034e-02 9.380003969430782407e-01 1.037808115190681724e+00
1.320000000000000166e-02 9.305096398560467330e-01 1.046615297876453576e+00
1.321000000000000126e-02 9.228838576799018867e-01 1.055293502362119940e+00
1.322000000000000085e-02 9.151241348423974076e-01 1.063841667591365336e+00
1.323000000000000044e-02 9.072315731430313779e-01 1.072258750930944693e+00
1.324000000000000177e-02 8.992072924396586897e-01 1.080543727463221249e+00
1.325000000000000136e-02 8.910524313691582377e-01 1.088695589245427531e+00
1.326000000000000095e-02 8.827681480813005521e-01 1.096713344556800473e+00
1.327000000000000055e-02 8.743556209646543564e-01 1.104596017154863663e+00
1.328000000000000187e-02 8.658160493434416960e-01 1.112342645561986032e+00
1.329000000000000146e-02 8.571506541248460342e-01 1.119952282402438382e+00
1.330000000000000106e-02 8.483606783774501059e-01 1.127423993809038683e+00
1.331000000000000065e-02 8.394473878229592456e-01 1.134756858916586175e+00
1.332000000000000024e-02 8.304120712253235670e-01 1.141949969457299430e+00
1.333000000000000157e-02 8.212560406637815502e-01 1.149002429470816100e+00
1.334000000000000116e-02 8.119806316789301981e-01 1.155913355138601162e+00
1.335000000000000075e-02 8.025872032838354819e-01 1.162681874749479372e+00
1.336000000000000035e-02 7.930771378353570489e-01 1.169307128799831341e+00
1.337000000000000167e-02 7.834518407639908810e-01 1.175788270228647736e+00
1.338000000000000127e-02 7.737127401638405066e-01 1.182124464784368723e+00
1.339000000000000086e-02 7.638612862474796206e-01 1.188314891517157967e+00
1.340000000000000045e-02 7.538989506736510915e-01 1.194358743387193389e+00
1.341000000000000178e-02 7.438272257585818448e-01 1.200255227976688488e+00
1.342000000000000137e-02 7.336476235844173743e-01 1.206003568290810790e+00
1.343000000000000096e-02 7.233616750205670298e-01 1.211603003630442155e+00
1.344000000000000056e-02 7.129709286758194597e-01 1.217052790517943794e+00
1.345000000000000188e-02 7.024769498005593027e-01 1.222352203655734160e+00
1.346000000000000148e-02 6.918813191596050460e-01 1.227500536896664496e+00
1.347000000000000107e-02 6.811856318967384194e-01 1.232497104204803851e+00
1.348000000000000066e-02 6.703914964122482667e-01 1.237341240585436264e+00
1.349000000000000025e-02 6.595005332743454352e-01 1.242032302963741008e+00
1.350000000000000158e-02 6.485143741845299514e-01 1.246569670992834666e+00
1.351000000000000117e-02 6.374346610156722548e-01 1.250952747773454554e+00
1.352000000000000077e-02 6.262630449397647014e-01 1.255180960469702622e+00
1.353000000000000036e-02 6.150011856602556337e-01 1.259253760807638622e+00
1.354000000000000169e-02 6.036507507613037005e-01 1.263170625446368156e+00
1.355000000000000128e-02 5.922134151834977933e-01 1.266931056214212648e+00
1.356000000000000087e-02 5.806908608327046029e-01 1.270534580205817887e+00
1.357000000000000046e-02 5.690847763253635838e-01 1.273980749739296536e+00
1.358000000000000179e-02 5.573968568704993354e-01 1.277269142175873062e+00
1.359000000000000138e-02 5.456288042853659759e-01 1.280399359607722776e+00
1.360000000000000098e-02 5.337823271384639634e-01 1.283371028422858329e+00
1.361000000000000057e-02 5.218591410107611406e-01 1.286183798758792962e+00
1.362000000000000190e-02 5.098609688630121317e-01 1.288837343859374318e+00
1.363000000000000149e-02 4.977895414946514330e-01 1.291331359351431729e+00
1.364000000000000108e-02 4.856465980774606339e-01 1.293665562459793250e+00
1.365000000000000067e-02 4.734338867455427646e-01 1.295839691180625808e+00
1.366000000000000027e-02 4.611531652216670496e-01 1.297853503434035494e+00
1.367000000000000159e-02 4.488062014592290594e-01 1.299706776217282034e+00
1.368000000000000119e-02 4.363947742786674078e-01 1.301399304779905508e+00
1.369000000000000078e-02 4.239206739772083954e-01 1.302930901841482969e+00
1.370000000000000037e-02 4.113857028915227088e-01 1.304301396871620611e+00
1.371000000000000170e-02 3.987916758938138129e-01 1.305510635450255474e+00
1.372000000000000129e-02 3.861404208034914243e-01 1.306558478724331840e+00
1.373000000000000088e-02 3.734337786984182062e-01 1.307444802974525588e+00
1.374000000000000048e-02 3.606736041121722525e-01 1.308169499302984207e+00
1.375000000000000180e-02 3.478617651062683169e-01 1.308732473450062050e+00
1.376000000000000140e-02 3.350001432092858389e-01 1.309133645744860130e+00
1.377000000000000099e-02 3.220906332178263831e-01 1.309372951191083656e+00
1.378000000000000058e-02 3.091351428575619398e-01 1.309450339686399900e+00
1.379000000000000191e-02 2.961355923057787387e-01 1.309365776370203349e+00
1.380000000000000150e-02 2.830939135800312201e-01 1.309119242091519197e+00
1.381000000000000109e-02 2.700120498007349545e-01 1.308710733985819941e+00
1.382000000000000069e-02 2.568919543383447190e-01 1.308140266146830211e+00
1.383000000000000028e-02 2.437355898584497860e-01 1.307407870377045755e+00
1.384000000000000161e-02 2.305449272805771277e-01 1.306513596998714499e+00
1.385000000000000120e-02 2.173219446683987421e-01 1.305457515705512606e+00
1.386000000000000079e-02 2.040686260706184862e-01 1.304239716434095975e+00
1.387000000000000038e-02 1.907869603330581143e-01 1.302860310234158270e+00
1.388000000000000171e-02 1.774789399029864101e-01 1.301319430115610576e+00
1.389000000000000130e-02 1.641465596470071120e-01 1.299617231851962540e+00
1.390000000000000090e-02 1.507918157033830697e-01 1.297753894719992029e+00
1.391000000000000049e-02 1.374167043889921169e-01 1.295729622157270500e+00
1.392000000000000182e-02 1.240232211796844508e-01 1.293544642321000415e+00
1.393000000000000141e-02 1.106133597811878866e-01 1.291199208533980514e+00
1.394000000000000100e-02 9.718911130547394639e-02 1.288693599606124618e+00
1.395000000000000059e-02 8.375246356516001522e-02 1.286028120022966625e+00
1.396000000000000192e-02 7.030540049561588567e-02 1.283203099995664065e+00
1.397000000000000151e-02 5.684990171155605843e-02 1.280218895370351717e+00
1.398000000000000111e-02 4.338794220164191723e-02 1.277075887397989051e+00
1.399000000000000070e-02 2.992149216152273014e-02 1.273774482369195438e+00
1.400000000000000029e-02 1.645251696236411584e-02 1.270315111121728568e+00
1.401000000000000162e-02 2.982977248849510814e-03 1.266698228431297979e+00
1.402000000000000121e-02 -1.048517084249806462e-02 1.262924312299177343e+00
1.403000000000000080e-02 -2.394997535650650322e-02 1.258993863152473969e+00
1.404000000000000040e-02 -3.740948809853494872e-02 1.254907402975029562e+00
1.405000000000000172e-02 -5.086176413631976478e-02 1.250665474388469756e+00
1.406000000000000132e-02 -6.430486124286376171e-02 1.246268639704152470e+00
1.407000000000000091e-02 -7.773683930022662336e-02 1.241717479967334059e+00
1.408000000000000050e-02 -9.115575968498577930e-02 1.237012594015074241e+00
1.409000000000000183e-02 -1.045596846564554178e-01 1.232154597568969834e+00
1.410000000000000142e-02 -1.179466767687869649e-01 1.227144122382948455e+00
1.411000000000000101e-02 -1.313147983275076702e-01 1.221981815464929122e+00
1.412000000000000061e-02 -1.446621109099002767e-01 1.216668338389378823e+00
1.413000000000000193e-02 -1.579866749672607373e-01 1.211204366715488812e+00
1.414000000000000153e-02 -1.712865495250360803e-01 1.205590589523139133e+00
1.415000000000000112e-02 -1.845597919946569410e-01 1.199827709075879323e+00
1.416000000000000071e-02 -1.978044581081140341e-01 1.193916440617081687e+00
1.417000000000000030e-02 -2.110186019835814664e-01 1.187857512302108676e+00
1.418000000000000163e-02 -2.242002763272343269e-01 1.181651665266033824e+00
1.419000000000000122e-02 -2.373475327732090523e-01 1.175299653823097978e+00
1.420000000000000082e-02 -2.504584223604858217e-01 1.168802245790872663e+00
1.421000000000000041e-02 -2.635309961421197222e-01 1.162160222929015552e+00
1.422000000000000174e-02 -2.765633059192734722e-01 1.155374381479701063e+00
1.423000000000000133e-02 -2.895534050894611466e-01 1.148445532794262647e+00
1.424000000000000092e-02 -3.024993495958263057e-01 1.141374504028488168e+00
1.425000000000000051e-02 -3.153991989617663250e-01 1.134162138887249149e+00
1.426000000000000184e-02 -3.282510173932992603e-01 1.126809298397943637e+00
1.427000000000000143e-02 -3.410528749299677198e-01 1.119316861691422416e+00
1.428000000000000103e-02 -3.538028486238089521e-01 1.111685726768878002e+00
1.429000000000000062e-02 -3.664990237253467620e-01 1.103916811233421225e+00
1.430000000000000195e-02 -3.791394948553659661e-01 1.096011052965895516e+00
1.431000000000000154e-02 -3.917223671414421515e-01 1.087969410725726727e+00
1.432000000000000113e-02 -4.042457572990886816e-01 1.079792864659386620e+00
1.433000000000000072e-02 -4.167077946386575915e-01 1.071482416701238449e+00
1.434000000000000032e-02 -4.291066219807301851e-01 1.063039090853993507e+00
1.435000000000000164e-02 -4.414403964649725176e-01 1.054463933338976478e+00
1.436000000000000124e-02 -4.537072902397901730e-01 1.045758012609389720e+00
1.437000000000000083e-02 -4.659054910229725177e-01 1.036922419223035741e+00
1.438000000000000042e-02 -4.780332025263697715e-01 1.027958265574357322e+00
1.439000000000000175e-02 -4.900886447409253388e-01 1.018866685488934776e+00
1.440000000000000134e-02 -5.020700540815105084e-01 1.009648833686838998e+00
1.441000000000000093e-02 -5.139756833943565084e-01 1.000305885124467276e+00
1.442000000000000053e-02 -5.258038018329249663e-01 9.908390342271989892e-01
1.443000000000000185e-02 -5.375526946112235693e-01 9.812494940279757882e-01
1.444000000000000145e-02 -5.492206626463068675e-01 9.715384952290249121e-01
1.445000000000000104e-02 -5.608060221043452698e-01 9.617072852057587662e-01
1.446000000000000063e-02 -5.723071038667433275e-01 9.517571269733241524e-01
1.447000000000000196e-02 -5.837222529347341204e-01 9.416892981370503790e-01
1.448000000000000155e-02 -5.950498277921844048e-01 9.315050898483884234e-01
1.449000000000000114e-02 -6.062881997473665852e-01 9.212058057878812489e-01
1.450000000000000074e-02 -6.174357522747937477e-01 9.107927611958258618e-01
1.451000000000000033e-02 -6.284908803782545128e-01 9.002672819702964846e-01
1.452000000000000166e-02 -6.394519899956466746e-01 8.896307038503797893e-01
1.453000000000000125e-02 -6.503174974650971496e-01 8.788843717004880540e-01
1.454000000000000084e-02 -6.610858290704614282e-01 8.680296389090387255e-01
1.455000000000000043e-02 -6.717554206823956875e-01 8.570678669121318816e-01
1.456000000000000176e-02 -6.823247175088195116e-01 8.460004248496260093e-01
1.457000000000000135e-02 -6.927921739660753975e-01 8.348286893579774937e-01
1.458000000000000095e-02 -7.031562536792052009e-01 8.235540445006707122e-01
1.459000000000000054e-02 -7.134154296166188569e-01 8.121778818338982742e-01
1.460000000000000187e-02 -7.235681843613409603e-01 8.007016006016969278e-01
1.461000000000000146e-02 -7.336130105176811300e-01 7.891266080516958770e-01
1.462000000000000105e-02 -7.435484112490554631e-01 7.774543198595698090e-01
1.463000000000000064e-02 -7.533729009394375398e-01 7.656861606477874949e-01
1.464000000000000197e-02 -7.630850059680986952e-01 7.538235645817258357e-01
1.465000000000000156e-02 -7.726832655844959596e-01 7.418679760245427968e-01
1.466000000000000116e-02 -7.821662328678524734e-01 7.298208502305085776e-01
1.467000000000000075e-02 -7.915324757538420020e-01 7.176836540557431920e-01
1.468000000000000034e-02 -8.007805781092525166e-01 7.054578666646860174e-01
1.469000000000000167e-02 -8.099091408342672382e-01 6.931449802107945146e-01
1.470000000000000126e-02 -8.189167829713099866e-01 6.807465004704352785e-01
1.471000000000000085e-02 -8.278021427992208192e-01 6.682639474101990107e-01
1.472000000000000045e-02 -8.365638788917402202e-01 6.556988556692059378e-01
1.473000000000000177e-02 -8.452006711201138778e-01 6.430527749402042970e-01
1.474000000000000137e-02 -8.537112215808801974e-01 6.303272702355281476e-01
1.475000000000000096e-02 -8.620942554315202955e-01 6.175239220267279006e-01
1.476000000000000055e-02 -8.703485216188064921e-01 6.046443262498005788e-01
1.477000000000000188e-02 -8.784727934871369159e-01 5.916900941710521167e-01
1.478000000000000147e-02 -8.864658692568078147e-01 5.786628521119511204e-01
1.479000000000000106e-02 -8.943265723652350507e-01 5.655642410348318272e-01
1.480000000000000066e-02 -9.020537516672529899e-01 5.523959159944255015e-01
1.481000000000000198e-02 -9.096462814938024444e-01 5.391595454636148865e-01
1.482000000000000157e-02 -9.171030615716203593e-01 5.258568105446815855e-01
1.483000000000000117e-02 -9.244230168097201661e-01 5.124894040800493933e-01
1.484000000000000076e-02 -9.316050969614488864e-01 4.990590296790406999e-01
1.485000000000000035e-02 -9.386482761738116354e-01 4.855674006790581254e-01
1.486000000000000168e-02 -9.455515524382822612e-01 4.720162390611513104e-01
1.487000000000000127e-02 -9.523139469595554019e-01 4.584072743411632955e-01
1.488000000000000086e-02 -9.589345034605811779e-01 4.447422424579884348e-01
1.489000000000000046e-02 -9.654122874435728807e-01 4.310228846807574454e-01
1.490000000000000178e-02 -9.717463854277113011e-01 4.172509465561191622e-01
1.491000000000000138e-02 -9.779359041846841238e-01 4.034281769159207554e-01
1.492000000000000097e-02 -9.839799699932357813e-01 3.895563269639967796e-01
1.493000000000000056e-02 -9.898777279333080825e-01 3.756371494590425297e-01
1.494000000000000189e-02 -9.956283412394369980e-01 3.616723980079652456e-01
1.495000000000000148e-02 -1.001230990731544646e+00 3.476638264817056290e-01
1.496000000000000107e-02 -1.006684874339438984e+00 3.336131885622822257e-01
1.497000000000000067e-02 -1.011989206735008917e+00 3.195222374268803511e-01
1.498000000000000199e-02 -1.017143219083552541e+00 3.053927255713033140e-01
1.499000000000000159e-02 -1.022146158922820236e+00 2.912264047718575721e-01
1.500000000000000118e-02 -1.026997290175243105e+00 2.770250261812647330e-01
1.501000000000000077e-02 -1.031695893295672573e+00 2.627903405511374246e-01
1.502000000000000036e-02 -1.036241265553713875e+00 2.485240985702456551e-01
1.503000000000000169e-02 -1.040632721446469677e+00 2.342280513052347191e-01
1.504000000000000128e-02 -1.044869593234415861e+00 2.199039507278244543e-01
1.505000000000000088e-02 -1.048951231590190991e+00 2.055535503104145290e-01
1.506000000000000047e-02 -1.052877006347303634e+00 1.911786056704883330e-01
1.507000000000000180e-02 -1.056646307333416024e+00 1.767808752428902952e-01
1.508000000000000139e-02 -1.060258545270745589e+00 1.623621209583656355e-01
1.509000000000000098e-02 -1.063713152724533817e+00 1.479241089067420134e-01
1.510000000000000057e-02 -1.067009585079274236e+00 1.334686099632434175e-01
1.511000000000000190e-02 -1.070147321521700778e+00 1.189974003575505063e-01
1.512000000000000149e-02 -1.073125866009284390e+00 1.045122621664325152e-01
1.513000000000000109e-02 -1.075944748203253587e+00 9.001498371261103248e-02
1.514000000000000068e-02 -1.078603524345879361e+00 7.550735985489084867e-02
1.515000000000000201e-02 -1.081101778063028762e+00 6.099119215704917885e-02
1.516000000000000160e-02 -1.083439121074609490e+00 4.646828892600881472e-02
1.517000000000000119e-02 -1.085615193797646816e+00 3.194046511286709883e-02
1.518000000000000078e-02 -1.087629665829130898e+00 1.740954207372412757e-02
1.519000000000000038e-02 -1.089482236298509488e+00 2.877347190623632915e-03
1.520000000000000170e-02 -1.091172634082678394e+00 -1.165428664377942194e-02
1.521000000000000130e-02 -1.092700617879452274e+00 -2.618352167083039250e-02
1.522000000000000089e-02 -1.094065976138705265e+00 -4.070851602978544509e-02
1.523000000000000048e-02 -1.095268526853650393e+00 -5.522742462800023927e-02
1.524000000000000181e-02 -1.096308117217887901e+00 -6.973840010195046790e-02
1.525000000000000140e-02 -1.097184623156925998e+00 -8.423959385141072120e-02
1.526000000000000099e-02 -1.097897948745711894e+00 -9.872915712732183158e-02
1.527000000000000059e-02 -1.098448025526326033e+00 -1.132052421525728825e-01
1.528000000000000191e-02 -1.098834811742203765e+00 -1.276660032541920564e-01
1.529000000000000151e-02 -1.099058291507152729e+00 -1.421095979850643676e-01
1.530000000000000110e-02 -1.099118473928857975e+00 -1.565341882136602192e-01
1.531000000000000069e-02 -1.099015392207554287e+00 -1.709379411608628885e-01
1.532000000000000202e-02 -1.098749102731045868e+00 -1.853190303643734715e-01
1.533000000000000161e-02 -1.098319684187246681e+00 -1.996756365529124000e-01
1.534000000000000120e-02 -1.097727236714939991e+00 -2.140059484144400670e-01
1.535000000000000080e-02 -1.096971881112461578e+00 -2.283081632454100895e-01
1.536000000000000212e-02 -1.096053758122585542e+00 -2.425804874706732894e-01
1.537000000000000172e-02 -1.094973027810026256e+00 -2.568211370269157801e-01
1.538000000000000131e-02 -1.093729869045715564e+00 -2.710283376057802118e-01
1.539000000000000090e-02 -1.092324479109444857e+00 -2.852003247560704891e-01
1.540000000000000049e-02 -1.090757073419607037e+00 -2.993353438479397499e-01
1.541000000000000182e-02 -1.089027885395716932e+00 -3.134316499052767768e-01
1.542000000000000141e-02 -1.087137166456207948e+00 -3.274875073155147920e-01
1.543000000000000101e-02 -1.085085186150749559e+00 -3.415011894292670491e-01
1.544000000000000060e-02 -1.082872232423113257e+00 -3.554709780645841088e-01
1.545000000000000193e-02 -1.080498611997476432e+00 -3.693951629331055919e-01
1.546000000000000152e-02 -1.077964650878070918e+00 -3.832720410071117079e-01
1.547000000000000111e-02 -1.075270694949378214e+00 -3.970999158480198465e-01
1.548000000000000070e-02 -1.072417110661627371e+00 -4.108770969175946641e-01
1.549000000000000203e-02 -1.069404285784256281e+00 -4.246018988937887984e-01
1.550000000000000162e-02 -1.066232630208365784e+00 -4.382726410127292804e-01
1.551000000000000122e-02 -1.062902576777945196e+00 -4.518876464579908991e-01
1.552000000000000081e-02 -1.059414582128881177e+00 -4.654452418168942285e-01
1.553000000000000214e-02 -1.055769127514539107e+00 -4.789437566221189102e-01
1.554000000000000173e-02 -1.051966719596906685e+00 -4.923815229947225980e-01
1.555000000000000132e-02 -1.048007891183010409e+00 -5.057568754023202828e-01
1.556000000000000091e-02 -1.043893201887559519e+00 -5.190681505431973264e-01
1.557000000000000051e-02 -1.039623238704355357e+00 -5.323136873643186107e-01
1.558000000000000183e-02 -1.035198616471109556e+00 -5.454918272177082805e-01
1.559000000000000143e-02 -1.030619978214707633e+00 -5.586009141564736158e-01
1.560000000000000102e-02 -1.025887995366649985e+00 -5.716392953683542277e-01
1.561000000000000061e-02 -1.021003367841408549e+00 -5.846053217412221503e-01
1.562000000000000194e-02 -1.015966823973523336e+00 -5.974973485518778604e-01
1.563000000000000153e-02 -1.010779120312502277e+00 -6.103137362664835530e-01
1.564000000000000112e-02 -1.005441041277830738e+00 -6.230528514381297178e-01
1.565000000000000072e-02 -9.999533986796081964e-01 -6.357130676848745665e-01
1.566000000000000031e-02 -9.943170311133746608e-01 -6.482927667294119400e-01
1.566999999999999990e-02 -9.885328032405674703e-01 -6.607903394801831753e-01
1.568000000000000296e-02 -9.826016049686266962e-01 -6.732041871326024385e-01
1.569000000000000256e-02 -9.765243505470933005e-01 -6.855327222686375954e-01
1.570000000000000215e-02 -9.703019775978465322e-01 -6.977743699329423954e-01
1.571000000000000174e-02 -9.639354460991905738e-01 -7.099275686642612104e-01
1.572000000000000133e-02 -9.574257373444233776e-01 -7.219907714619154815e-01
1.573000000000000093e-02 -9.507738528961056090e-01 -7.339624466687240112e-01
1.574000000000000052e-02 -9.439808135572148595e-01 -7.458410787535834086e-01
1.575000000000000011e-02 -9.370476583799807191e-01 -7.576251689794550881e-01
1.575999999999999970e-02 -9.299754437321655631e-01 -7.693132359451153590e-01
1.577000000000000277e-02 -9.227652424391907804e-01 -7.809038159921429800e-01
1.578000000000000236e-02 -9.154181430186573154e-01 -7.923954634716696699e-01
1.579000000000000195e-02 -9.079352490215499838e-01 -8.037867508689703344e-01
1.580000000000000154e-02 -9.003176784918882625e-01 -8.150762687871173640e-01
1.581000000000000114e-02 -8.925665635537382014e-01 -8.262626257945192565e-01
1.582000000000000073e-02 -8.846830501314273398e-01 -8.373444481441946197e-01
1.583000000000000032e-02 -8.766682978056606901e-01 -8.483203793758281597e-01
1.583999999999999991e-02 -8.685234798049583649e-01 -8.591890798143494434e-01
1.585000000000000298e-02 -8.602497831286214369e-01 -8.699492259813164097e-01
1.586000000000000257e-02 -8.518484087943144489e-01 -8.805995099373026269e-01
1.587000000000000216e-02 -8.433205722002725668e-01 -8.911386385753002903e-01
1.588000000000000175e-02 -8.346675035895670947e-01 -9.015653328860742111e-01
1.589000000000000135e-02 -8.258904486012405011e-01 -9.118783272172489296e-01
1.590000000000000094e-02 -8.169906688911325876e-01 -9.220763685478270411e-01
1.591000000000000053e-02 -8.079694428034854825e-01 -9.321582157995644824e-01
1.592000000000000012e-02 -7.988280660731876814e-01 -9.421226392056035737e-01
1.592999999999999972e-02 -7.895678525376877976e-01 -9.519684197554281191e-01
1.594000000000000278e-02 -7.801901348374084000e-01 -9.616943487332140217e-01
1.595000000000000237e-02 -7.706962650836197692e-01 -9.712992273644467378e-01
1.596000000000000196e-02 -7.610876154734413923e-01 -9.807818665829971527e-01
1.597000000000000156e-02 -7.513655788328815754e-01 -9.901410869278863824e-01
1.598000000000000115e-02 -7.415315690703785378e-01 -9.993757185757927708e-01
1.599000000000000074e-02 -7.315870215253446052e-01 -1.008484601512088075e+00
1.600000000000000033e-02 -7.215333931986767091e-01 -1.017466585839741366e+00
1.600999999999999993e-02 -7.113721628548256293e-01 -1.026320532222148696e+00
1.602000000000000299e-02 -7.011048309879954754e-01 -1.035045312452564481e+00
1.603000000000000258e-02 -6.907329196481860611e-01 -1.043639810139805224e+00
1.604000000000000217e-02 -6.802579721259595091e-01 -1.052102921497028110e+00
1.605000000000000177e-02 -6.696815524981104550e-01 -1.060433556217836637e+00
1.606000000000000136e-02 -6.590052450396193251e-01 -1.068630638421813162e+00
1.607000000000000095e-02 -6.482306535102946299e-01 -1.076693107649904002e+00
1.608000000000000054e-02 -6.373594003274398734e-01 -1.084619919888770045e+00
1.609000000000000014e-02 -6.263931256384687174e-01 -1.092410048602552752e+00
1.609999999999999973e-02 -6.153334863096857621e-01 -1.100062485750174401e+00
1.611000000000000279e-02 -6.041821548493827576e-01 -1.107576242766696861e+00
1.612000000000000238e-02 -5.929408182848383557e-01 -1.114950351487982383e+00
1.613000000000000198e-02 -5.816111770138893133e-01 -1.122183864999346525e+00
1.614000000000000157e-02 -5.701949436522861792e-01 -1.129275858390490717e+00
1.615000000000000116e-02 -5.586938418980618160e-01 -1.136225429401392040e+00
1.616000000000000075e-02 -5.471096054337267756e-01 -1.143031698946276764e+00
1.617000000000000035e-02 -5.354439768862006011e-01 -1.149693811505775543e+00
1.617999999999999994e-02 -5.236987068629096465e-01 -1.156210935380391991e+00
1.619000000000000300e-02 -5.118755530807886922e-01 -1.162582262801792110e+00
1.620000000000000259e-02 -4.999762796026067657e-01 -1.168807009901714045e+00
1.621000000000000218e-02 -4.880026561924896700e-01 -1.174884416541770449e+00
1.622000000000000178e-02 -4.759564577997827950e-01 -1.180813746010570098e+00
1.623000000000000137e-02 -4.638394641772601856e-01 -1.186594284597869864e+00
1.624000000000000096e-02 -4.516534596365083809e-01 -1.192225341058267274e+00
1.625000000000000056e-02 -4.394002329401714424e-01 -1.197706245979624384e+00
1.626000000000000015e-02 -4.270815773273800020e-01 -1.203036351073571320e+00
1.626999999999999974e-02 -4.146992906656238320e-01 -1.208215028407321867e+00
1.628000000000000280e-02 -4.022551757192936450e-01 -1.213241669597364236e+00
1.629000000000000239e-02 -3.897510405224187124e-01 -1.218115684986415426e+00
1.630000000000000199e-02 -3.771886988405037111e-01 -1.222836502825456195e+00
1.631000000000000158e-02 -3.645699707045057525e-01 -1.227403568482358542e+00
1.632000000000000117e-02 -3.518966829980240130e-01 -1.231816343698026062e+00
1.633000000000000076e-02 -3.391706700776531691e-01 -1.236074305909711013e+00
1.634000000000000036e-02 -3.263937744055916412e-01 -1.240176947659480167e+00
1.634999999999999995e-02 -3.135678471732932793e-01 -1.244123776103728263e+00
1.636000000000000301e-02 -3.006947488951484670e-01 -1.247914312637114609e+00
1.637000000000000260e-02 -2.877763499518076751e-01 -1.251548092641473708e+00
1.638000000000000220e-02 -2.748145310639631411e-01 -1.255024665367239223e+00
1.639000000000000179e-02 -2.618111836790052993e-01 -1.258343593951566364e+00
1.640000000000000138e-02 -2.487682102549360064e-01 -1.261504455574084194e+00
1.641000000000000097e-02 -2.356875244283452298e-01 -1.264506841747782495e+00
1.642000000000000057e-02 -2.225710510559524014e-01 -1.267350358739232519e+00
1.643000000000000016e-02 -2.094207261220757121e-01 -1.270034628109166785e+00
1.643999999999999975e-02 -1.962384965076383048e-01 -1.272559287361502589e+00
1.645000000000000281e-02 -1.830263196194045761e-01 -1.274923990686193109e+00
1.646000000000000241e-02 -1.697861628814970048e-01 -1.277128409779006768e+00
1.647000000000000200e-02 -1.565200030943338372e-01 -1.279172234719402557e+00
1.648000000000000159e-02 -1.432298256693841088e-01 -1.281055174886215786e+00
1.649000000000000118e-02 -1.299176237508029297e-01 -1.282776959889921908e+00
1.650000000000000078e-02 -1.165853972378629588e-01 -1.284337340499761559e+00
1.651000000000000037e-02 -1.032351517242415667e-01 -1.285736089544103011e+00
1.651999999999999996e-02 -8.986889737223942298e-02 -1.286973002762995311e+00
1.653000000000000302e-02 -7.648864774148671219e-02 -1.288047899592957846e+00
1.654000000000000262e-02 -6.309641859280225307e-02 -1.288960623865649247e+00
1.655000000000000221e-02 -4.969422668828467338e-02 -1.289711044404047158e+00
1.656000000000000180e-02 -3.628408860906461031e-02 -1.290299055502204917e+00
1.657000000000000139e-02 -2.286801961145826234e-02 -1.290724577277397422e+00
1.658000000000000099e-02 -9.448032541522407082e-03 -1.290987555886468074e+00
1.659000000000000058e-02 3.973863173411313308e-03 -1.291087963601425193e+00
1.660000000000000017e-02 1.739566243944705437e-02 -1.291025798742646558e+00
1.660999999999999976e-02 3.081536530246713895e-02 -1.290801085471442677e+00
1.662000000000000283e-02 4.423097763411541067e-02 -1.290413873447030069e+00
1.663000000000000242e-02 5.764051168808091707e-02 -1.289864237356201038e+00
1.664000000000000201e-02 7.104198652058983654e-02 -1.289152276326958058e+00
1.665000000000000160e-02 8.443342827196856359e-02 -1.288278113240120870e+00
1.666000000000000120e-02 9.781287030955353179e-02 -1.287241893955314964e+00
1.667000000000000079e-02 1.111783532353476933e-01 -1.286043786469734718e+00
1.668000000000000038e-02 1.245279247650892263e-01 -1.284683980029643902e+00
1.668999999999999997e-02 1.378596394882602438e-01 -1.283162684215639837e+00
1.670000000000000304e-02 1.511715585214772617e-01 -1.281480128023267717e+00
1.671000000000000263e-02 1.644617490700828188e-01 -1.279636558960642656e+00
1.672000000000000222e-02 1.777282839150075566e-01 -1.277632242184225664e+00
1.673000000000000181e-02 1.909692408435413880e-01 -1.275467459692942285e+00
1.674000000000000141e-02 2.041827020441703278e-01 -1.273142509599344718e+00
1.675000000000000100e-02 2.173667534862490647e-01 -1.270657705494611545e+00
1.676000000000000059e-02 2.305194843057796206e-01 -1.268013375921823283e+00
1.677000000000000018e-02 2.436389862183276078e-01 -1.265209863969322113e+00
1.677999999999999978e-02 2.567233529794865077e-01 -1.262247526992955837e+00
1.679000000000000284e-02 2.697706799121713517e-01 -1.259126736472883312e+00
1.680000000000000243e-02 2.827790635183994317e-01 -1.255847878007285034e+00
1.681000000000000202e-02 2.957466011913714721e-01 -1.252411351441967247e+00
1.682000000000000162e-02 3.086713910410483486e-01 -1.248817571131514814e+00
1.683000000000000121e-02 3.215515318440023140e-01 -1.245066966324432922e+00
1.684000000000000080e-02 3.343851231252402689e-01 -1.241159981661638989e+00
1.685000000000000039e-02 3.471702653766461366e-01 -1.237097077774915066e+00
1.685999999999999999e-02 3.599050604134389486e-01 -1.232878731969423436e+00
1.687000000000000305e-02 3.725876118668718928e-01 -1.228505438972359309e+00
1.688000000000000264e-02 3.852160258080374322e-01 -1.223977711728118090e+00
1.689000000000000223e-02 3.977884114947539129e-01 -1.219296082219206712e+00
1.690000000000000183e-02 4.103028822304050083e-01 -1.214461102291439110e+00
1.691000000000000142e-02 4.227575563211087850e-01 -1.209473344461836408e+00
1.692000000000000101e-02 4.351505581151673963e-01 -1.204333402687955745e+00
1.693000000000000060e-02 4.474800191068914468e-01 -1.199041893078323096e+00
1.694000000000000020e-02 4.597440790852316828e-01 -1.193599454524932213e+00
1.694999999999999979e-02 4.719408873066925358e-01 -1.188006749240692717e+00
1.696000000000000285e-02 4.840686036713372498e-01 -1.182264463186856629e+00
1.697000000000000244e-02 4.961253998805864596e-01 -1.176373306378144079e+00
1.698000000000000204e-02 5.081094605559537403e-01 -1.170334013056070210e+00
1.699000000000000163e-02 5.200189842986855382e-01 -1.164147341724247831e+00
1.700000000000000122e-02 5.318521846716273149e-01 -1.157814075042578272e+00
1.701000000000000081e-02 5.436072910864575558e-01 -1.151335019580677077e+00
1.702000000000000041e-02 5.552825495815635337e-01 -1.144711005434164486e+00
1.703000000000000000e-02 5.668762234783749632e-01 -1.137942885710761409e+00
1.704000000000000306e-02 5.783865939067643902e-01 -1.131031535896157791e+00
1.705000000000000265e-02 5.898119601931108846e-01 -1.123977853112512193e+00
1.706000000000000225e-02 6.011506401079274031e-01 -1.116782755284894124e+00
1.707000000000000184e-02 6.124009699729564549e-01 -1.109447180233270602e+00
1.708000000000000143e-02 6.235613046311213603e-01 -1.101972084709248012e+00
1.709000000000000102e-02 6.346300172857389787e-01 -1.094358443398135483e+00
1.710000000000000062e-02 6.456054992184611097e-01 -1.086607247907616980e+00
1.711000000000000021e-02 6.564861593981754506e-01 -1.078719505764653919e+00
1.711999999999999980e-02 6.672704239956630534e-01 -1.070696239441908615e+00
1.713000000000000286e-02 6.779567358208605787e-01 -1.062538485434269875e+00
1.714000000000000246e-02 6.885435537014248375e-01 -1.054247293404741548e+00
1.715000000000000205e-02 6.990293518226182723e-01 -1.045823725417273975e+00
1.716000000000000164e-02 7.094126190493089679e-01 -1.037268855271942458e+00
1.717000000000000123e-02 7.196918582513247564e-01 -1.028583767955363770e+00
1.718000000000000083e-02 7.298655856532780817e-01 -1.019769559216361365e+00
1.719000000000000042e-02 7.399323302292598603e-01 -1.010827335273910110e+00
1.720000000000000001e-02 7.498906331618125920e-01 -1.001758212661054914e+00
1.721000000000000307e-02 7.597390473829672697e-01 -9.925633182052279180e-01
1.722000000000000267e-02 7.694761372131629917e-01 -9.832437891420109377e-01
1.723000000000000226e-02 7.791004781115665745e-01 -9.738007733561457879e-01
1.724000000000000185e-02 7.886106565485971887e-01 -9.642354297404905905e-01
1.725000000000000144e-02 7.980052700085634720e-01 -9.545489286607056201e-01
1.726000000000000104e-02 8.072829271272466967e-01 -9.447424525108305549e-01
1.727000000000000063e-02 8.164422479660207177e-01 -9.348171963427810427e-01
1.728000000000000022e-02 8.254818644208634648e-01 -9.247743685508456046e-01
1.728999999999999981e-02 8.344004207613965329e-01 -9.146151915909938035e-01
1.730000000000000288e-02 8.431965742919812490e-01 -9.043409027138333833e-01
1.731000000000000247e-02 8.518689961240197839e-01 -8.939527546898209387e-01
1.732000000000000206e-02 8.604163720459067077e-01 -8.834520165052989205e-01
1.733000000000000165e-02 8.688374034747393670e-01 -8.728399740088018666e-01
1.734000000000000125e-02 8.771308084719540155e-01 -8.621179304880289829e-01
1.735000000000000084e-02 8.852953228034617927e-01 -8.512872071597116230e-01
1.736000000000000043e-02 8.933297010237554181e-01 -8.403491435565130230e-01
1.737000000000000002e-02 9.012327175628789266e-01 -8.293050977976604843e-01
1.738000000000000309e-02 9.090031677949388378e-01 -8.181564467326634116e-01
1.739000000000000268e-02 9.166398690672736826e-01 -8.069045859506530638e-01
1.740000000000000227e-02 9.241416616702373688e-01 -7.955509296508908035e-01
1.741000000000000186e-02 9.315074097288297272e-01 -7.840969103735110357e-01
1.742000000000000146e-02 9.387360019992128102e-01 -7.725439785926955238e-01
1.743000000000000105e-02 9.458263525553184392e-01 -7.608936021779453274e-01
1.744000000000000064e-02 9.527774013531807862e-01 -7.491472657321153195e-01
1.745000000000000023e-02 9.595881146635023562e-01 -7.373064698179162546e-01
1.745999999999999983e-02 9.662574853659193774e-01 -7.253727300871344319e-01
1.747000000000000289e-02 9.727845331016158337e-01 -7.133475763292628224e-01
1.748000000000000248e-02 9.791683042841510254e-01 -7.012325514580314278e-01
1.749000000000000207e-02 9.854078719716826695e-01 -6.890292104558167763e-01
1.750000000000000167e-02 9.915023356068092264e-01 -6.767391192969028912e-01
1.751000000000000126e-02 9.974508206334060656e-01 -6.643638538710546770e-01
1.752000000000000085e-02 1.003252478002554904e+00 -6.519049989287527547e-01
1.753000000000000044e-02 1.008906483582212354e+00 -6.393641470689636064e-01
1.754000000000000004e-02 1.014412037487437246e+00 -6.267428977891470465e-01
1.755000000000000310e-02 1.019768363349767393e+00 -6.140428566158021573e-01
1.756000000000000269e-02 1.024974707545713182e+00 -6.012656343317626106e-01
1.757000000000000228e-02 1.030030338405185875e+00 -5.884128463141039544e-01
1.758000000000000188e-02 1.034934545421073215e+00 -5.754861119938559089e-01
1.759000000000000147e-02 1.039686638481105652e+00 -5.624870544457384325e-01
1.760000000000000106e-02 1.044285947142515880e+00 -5.494173001129152301e-01
1.761000000000000065e-02 1.048731819968942380e+00 -5.362784786685517169e-01
1.762000000000000025e-02 1.053023623947500598e+00 -5.230722230125252059e-01
1.762999999999999984e-02 1.057160744001960140e+00 -5.098001693984866023e-01
1.764000000000000290e-02 1.061142582615682617e+00 -4.964639576831604839e-01
1.765000000000000249e-02 1.064968559575303564e+00 -4.830652316869249452e-01
1.766000000000000208e-02 1.068638111843255079e+00 -4.696056396518116793e-01
1.767000000000000168e-02 1.072150693564114743e+00 -4.560868347809803325e-01
1.768000000000000127e-02 1.075505776206595820e+00 -4.425104758414454276e-01
1.769000000000000086e-02 1.078702848839691697e+00 -4.288782278104575907e-01
1.770000000000000046e-02 1.081741418538323840e+00 -4.151917625448403593e-01
1.771000000000000005e-02 1.084621010910697070e+00 -4.014527594519257669e-01
1.772000000000000311e-02 1.087341170736662033e+00 -3.876629061408275456e-01
1.773000000000000270e-02 1.089901462703689372e+00 -3.738238990331460565e-01
1.774000000000000229e-02 1.092301472224736614e+00 -3.599374439130861303e-01
1.775000000000000189e-02 1.094540806320232429e+00 -3.460052563986772967e-01
1.776000000000000148e-02 1.096619094544882378e+00 -3.320290623173844935e-01
1.777000000000000107e-02 1.098535989938840496e+00 -3.180105979718693132e-01
1.778000000000000067e-02 1.100291169982139605e+00 -3.039516102842660383e-01
1.779000000000000026e-02 1.101884337531135793e+00 -2.898538568101752255e-01
1.779999999999999985e-02 1.103315221716032690e+00 -2.757191056168684096e-01
1.781000000000000291e-02 1.104583578779409159e+00 -2.615491350232899137e-01
1.782000000000000250e-02 1.105689192836949886e+00 -2.473457332029317668e-01
1.783000000000000210e-02 1.106631876543324511e+00 -2.331106976537304920e-01
1.784000000000000169e-02 1.107411471648296120e+00 -2.188458345426502749e-01
1.785000000000000128e-02 1.108027849430620604e+00 -2.045529579353194127e-01
1.786000000000000087e-02 1.108480911000079949e+00 -1.902338889240574593e-01
1.787000000000000047e-02 1.108770587460986112e+00 -1.758904546699297800e-01
1.788000000000000006e-02 1.108896839933648959e+00 -1.615244873766805422e-01
1.789000000000000312e-02 1.108859659433550249e+00 -1.471378232158768173e-01
1.790000000000000271e-02 1.108659066611190180e+00 -1.327323012239084998e-01
1.791000000000000231e-02 1.108295111358770679e+00 -1.183097621919446812e-01
1.792000000000000190e-02 1.107767872292893419e+00 -1.038720475704231205e-01
1.793000000000000149e-02 1.107077456125269643e+00 -8.942099840896731988e-02
1.794000000000000108e-02 1.106223996935983278e+00 -7.495845435198618401e-02
1.795000000000000068e-02 1.105207655366031938e+00 -6.048625270869362192e-02
1.796000000000000027e-02 1.104028617747685015e+00 -4.600622761465364419e-02
1.796999999999999986e-02 1.102687095192560029e+00 -3.152020929956993178e-02
1.798000000000000292e-02 1.101183322658235930e+00 -1.703002347359536955e-02
1.799000000000000252e-02 1.099517558014629248e+00 -2.537490841468194053e-03
1.800000000000000211e-02 1.097690081131284190e+00 1.195557324923783755e-02
1.801000000000000170e-02 1.095701193006171748e+00 2.644735902271218991e-02
1.802000000000000129e-02 1.093551214955513329e+00 4.093606235266076393e-02
1.803000000000000089e-02 1.091240487882661148e+00 5.541988470686200208e-02
1.804000000000000048e-02 1.088769371642116068e+00 6.989703296525603959e-02
1.805000000000000007e-02 1.086138244512482309e+00 8.436571912151219488e-02
1.806000000000000313e-02 1.083347502789493655e+00 9.882415988070850088e-02
1.807000000000000273e-02 1.080397560507402988e+00 1.132705761683601986e-01
1.808000000000000232e-02 1.077288849293898565e+00 1.277031925681016977e-01
1.809000000000000191e-02 1.074021818360546110e+00 1.421202367070519001e-01
1.810000000000000150e-02 1.070596934627476182e+00 1.565199386091801204e-01
1.811000000000000110e-02 1.067014682977847517e+00 1.709005300377906267e-01
1.812000000000000069e-02 1.063275566634461322e+00 1.852602438483642588e-01
1.813000000000000028e-02 1.059380107648017821e+00 1.995973133729007920e-01
1.813999999999999987e-02 1.055328847483770982e+00 2.139099718560044938e-01
1.815000000000000294e-02 1.051122347690980119e+00 2.281964519618299714e-01
1.816000000000000253e-02 1.046761190637542915e+00 2.424549853690877999e-01
1.817000000000000212e-02 1.042245980290580132e+00 2.566838024694297338e-01
1.818000000000000171e-02 1.037577343022596077e+00 2.708811321817399254e-01
1.819000000000000131e-02 1.032755928422172786e+00 2.850452018923305686e-01
1.820000000000000090e-02 1.027782410087951792e+00 2.991742375277298693e-01
1.821000000000000049e-02 1.022657486384985992e+00 3.132664637637270766e-01
1.822000000000000008e-02 1.017381881143343270e+00 3.273201043709061953e-01
1.823000000000000315e-02 1.011956344280110054e+00 3.413333826937142712e-01
1.824000000000000274e-02 1.006381652327686727e+00 3.553045222566804107e-01
1.825000000000000233e-02 1.000658608853307818e+00 3.692317474885709050e-01
1.826000000000000192e-02 9.947880447573040907e-01 3.831132845521139640e-01
1.827000000000000152e-02 9.887708184402693723e-01 3.969473622646488287e-01
1.828000000000000111e-02 9.826078158323529044e-01 4.107322130925805670e-01
1.829000000000000070e-02 9.762999502810232322e-01 4.244660742009188636e-01
1.830000000000000029e-02 9.698481622968995186e-01 4.381471885376936881e-01
1.830999999999999989e-02 9.632534191604549267e-01 4.517738059323125333e-01
1.832000000000000295e-02 9.565167143956327944e-01 4.653441841864046635e-01
1.833000000000000254e-02 9.496390671194133715e-01 4.788565901359947419e-01
1.834000000000000213e-02 9.426215212791857478e-01 4.923093006644838066e-01
1.835000000000000173e-02 9.354651447923901797e-01 5.057006036470558241e-01
1.836000000000000132e-02 9.281710286050530723e-01 5.190287988087566307e-01
1.837000000000000091e-02 9.207402856876649722e-01 5.322921984806244788e-01
1.838000000000000050e-02 9.131740499882985418e-01 5.454891282405931463e-01
1.839000000000000010e-02 9.054734753637289080e-01 5.586179274287742524e-01
1.840000000000000316e-02 8.976397345097999469e-01 5.716769495295805914e-01
1.841000000000000275e-02 8.896740179122343273e-01 5.846645624164683586e-01
1.842000000000000234e-02 8.815775328384981568e-01 5.975791484583456992e-01
1.843000000000000194e-02 8.733515023903478669e-01 6.104191044899741625e-01
1.844000000000000153e-02 8.649971646351938270e-01 6.231828416519525904e-01
1.845000000000000112e-02 8.565157718324707403e-01 6.358687851090564225e-01
1.846000000000000071e-02 8.479085897689634388e-01 6.484753736585275874e-01
1.847000000000000031e-02 8.391768972143887062e-01 6.610010592426590614e-01
1.847999999999999990e-02 8.303219855056837018e-01 6.734443063821475839e-01
1.849000000000000296e-02 8.213451582653540362e-01 6.858035915487306067e-01
1.850000000000000255e-02 8.122477312560820728e-01 6.980774024969159663e-01
1.851000000000000215e-02 8.030310323704411557e-01 7.102642375757679538e-01
1.852000000000000174e-02 7.936964017515124592e-01 7.223626050418835431e-01
1.853000000000000133e-02 7.842451920369080121e-01 7.343710223949169169e-01
1.854000000000000092e-02 7.746787687158606106e-01 7.462880157562338246e-01
1.855000000000000052e-02 7.649985105863147394e-01 7.581121193103479428e-01
1.856000000000000011e-02 7.552058102965162334e-01 7.698418748270936529e-01
1.857000000000000317e-02 7.453020749536448664e-01 7.814758312806502349e-01
1.858000000000000276e-02 7.352887267803388527e-01 7.930125445790264793e-01
1.859000000000000236e-02 7.251672037987854091e-01 8.044505774150909616e-01
1.860000000000000195e-02 7.149389605214173660e-01 8.157884992469986996e-01
1.861000000000000154e-02 7.046054686269863643e-01 8.270248864129720046e-01
1.862000000000000113e-02 6.941682176010475214e-01 8.381583223819157880e-01
1.863000000000000073e-02 6.836287153207770695e-01 8.491873981381685699e-01
1.864000000000000032e-02 6.729884885651666870e-01 8.601107126952703963e-01
1.864999999999999991e-02 6.622490834334157084e-01 8.709268737306035124e-01
1.866000000000000297e-02 6.514120656563933132e-01 8.816344983297019766e-01
1.867000000000000257e-02 6.404790207885519004e-01 8.922322138264170421e-01
1.868000000000000216e-02 6.294515542702773248e-01 9.027186587226990744e-01
1.869000000000000175e-02 6.183312913538635547e-01 9.130924836698151026e-01
1.870000000000000134e-02 6.071198768892275277e-01 9.233523524912981006e-01
1.871000000000000094e-02 5.958189749688291847e-01 9.334969432269046852e-01
1.872000000000000053e-02 5.844302684344784282e-01 9.435249491762074392e-01
1.873000000000000012e-02 5.729554582518869843e-01 9.534350799205206783e-01
1.874000000000000318e-02 5.613962627618744872e-01 9.632260623022600443e-01
1.875000000000000278e-02 5.497544168200142467e-01 9.728966413418699277e-01
1.876000000000000237e-02 5.380316708389377700e-01 9.824455810738786932e-01
1.877000000000000196e-02 5.262297897499774724e-01 9.918716652855423810e-01
1.878000000000000155e-02 5.143505519024400563e-01 1.001173698143876578e+00
1.879000000000000115e-02 5.023957479203597920e-01 1.010350504699528695e+00
1.880000000000000074e-02 4.903671795374875964e-01 1.019400931258799270e+00
1.881000000000000033e-02 4.782666584317623593e-01 1.028323845618351662e+00
1.881999999999999992e-02 4.660960050804265897e-01 1.037118137160360165e+00
1.883000000000000299e-02 4.538570476565325085e-01 1.045782716809172674e+00
1.884000000000000258e-02 4.415516209864910890e-01 1.054316516853907482e+00
1.885000000000000217e-02 4.291815655868458368e-01 1.062718490644539049e+00
1.886000000000000176e-02 4.167487267966896169e-01 1.070987612172044523e+00
1.887000000000000136e-02 4.042549540196807567e-01 1.079122875545998506e+00
1.888000000000000095e-02 3.917021000872130676e-01 1.087123294385338834e+00
1.889000000000000054e-02 3.790920207512834539e-01 1.094987901140150210e+00
1.890000000000000013e-02 3.664265743126167152e-01 1.102715746363899463e+00
1.891000000000000320e-02 3.537076213863756258e-01 1.110305897956703314e+00
1.892000000000000279e-02 3.409370248046031393e-01 1.117757440400890312e+00
1.893000000000000238e-02 3.281166496511551123e-01 1.125069474010224946e+00
1.894000000000000197e-02 3.152483634220181186e-01 1.132241114213779154e+00
1.895000000000000157e-02 3.023340363006923326e-01 1.139271490894613326e+00
1.896000000000000116e-02 2.893755415357586180e-01 1.146159747801968942e+00
1.897000000000000075e-02 2.763747559052779357e-01 1.152905042053913975e+00
1.898000000000000034e-02 2.633335602506361450e-01 1.159506543745127738e+00
1.898999999999999994e-02 2.502538400607859925e-01 1.165963435671906856e+00
1.900000000000000300e-02 2.371374860866696244e-01 1.172274913183636080e+00
1.901000000000000259e-02 2.239863949648224772e-01 1.178440184166781091e+00
1.902000000000000218e-02 2.108024698289767962e-01 1.184458469164307637e+00
1.903000000000000178e-02 1.975876208887514807e-01 1.190329001630026751e+00
1.904000000000000137e-02 1.843437659552065733e-01 1.196051028314076170e+00
1.905000000000000096e-02 1.710728308943215148e-01 1.201623809772540907e+00
1.906000000000000055e-02 1.577767499911298388e-01 1.207046620991149011e+00
1.907000000000000015e-02 1.444574662092367456e-01 1.212318752110145725e+00
1.908000000000000321e-02 1.311169313330147468e-01 1.217439509234996775e+00
1.909000000000000280e-02 1.177571059823925431e-01 1.222408215315369029e+00
1.910000000000000239e-02 1.043799594931162644e-01 1.227224211073197901e+00
1.911000000000000199e-02 9.098746965863294123e-02 1.231886855959358096e+00
1.912000000000000158e-02 7.758162233275919806e-02 1.236395529117707559e+00
1.913000000000000117e-02 6.416441089576191414e-02 1.240749630335057807e+00
1.914000000000000076e-02 5.073783558949911815e-02 1.244948580955871131e+00
1.915000000000000036e-02 3.730390273041324367e-02 1.248991824741288337e+00
1.915999999999999995e-02 2.386462381198726362e-02 1.252878828653386734e+00
1.917000000000000301e-02 1.042201451085449787e-02 1.256609083547271188e+00
1.918000000000000260e-02 -3.021906386945606617e-03 1.260182104755795063e+00
1.919000000000000219e-02 -1.646511812137438704e-02 1.263597432554242506e+00
1.920000000000000179e-02 -2.990559913555386820e-02 1.266854632495109989e+00
1.921000000000000138e-02 -4.334132827407584376e-02 1.269953295606222943e+00
1.922000000000000097e-02 -5.677028598118947361e-02 1.272893038448660086e+00
1.923000000000000057e-02 -7.019045547765852266e-02 1.275673503034264300e+00
1.924000000000000016e-02 -8.359982389557060745e-02 1.278294356605887971e+00
1.925000000000000322e-02 -9.699638335133635436e-02 1.280755291286723274e+00
1.926000000000000281e-02 -1.103781319386139825e-01 1.283056023608209584e+00
1.927000000000000240e-02 -1.237430746247055041e-01 1.285196293928882350e+00
1.928000000000000200e-02 -1.370892240362238390e-01 1.287175865759073945e+00
1.929000000000000159e-02 -1.504146011224642143e-01 1.288994525008625436e+00
1.930000000000000118e-02 -1.637172356877158730e-01 1.290652079176553002e+00
1.931000000000000077e-02 -1.769951667868007172e-01 1.292148356502967665e+00
1.932000000000000037e-02 -1.902464429813896518e-01 1.293483205104395406e+00
1.932999999999999996e-02 -2.034691224577595547e-01 1.294656492113996915e+00
1.934000000000000302e-02 -2.166612730100157536e-01 1.295668102848004377e+00
1.935000000000000261e-02 -2.298209718958371117e-01 1.296517940019019433e+00
1.936000000000000221e-02 -2.429463055748454781e-01 1.297205923015612106e+00
1.937000000000000180e-02 -2.560353693423737531e-01 1.297731987266022458e+00
1.938000000000000139e-02 -2.690862668738368546e-01 1.298096083701660852e+00
1.939000000000000098e-02 -2.820971096970343872e-01 1.298298178333658681e+00
1.940000000000000058e-02 -2.950660166113301952e-01 1.298338251952920297e+00
1.941000000000000017e-02 -3.079911130738956504e-01 1.298216299961091336e+00
1.942000000000000323e-02 -3.208705305739602553e-01 1.297932332336645178e+00
1.943000000000000282e-02 -3.337024060162184780e-01 1.297486373736960408e+00
1.944000000000000242e-02 -3.464848811344609092e-01 1.296878463733931230e+00
1.945000000000000201e-02 -3.592161019555106249e-01 1.296108657177350132e+00
1.946000000000000160e-02 -3.718942183325995576e-01 1.295177024677178323e+00
1.947000000000000119e-02 -3.845173835655211758e-01 1.294083653192867445e+00
1.948000000000000079e-02 -3.970837541228872669e-01 1.292828646715261653e+00
1.949000000000000038e-02 -4.095914894794028815e-01 1.291412127024301304e+00
1.949999999999999997e-02 -4.220387520783238089e-01 1.289834234503865362e+00
1.951000000000000303e-02 -4.344237074263943010e-01 1.288095128993629324e+00
1.952000000000000263e-02 -4.467445243252727294e-01 1.286194990656871262e+00
1.953000000000000222e-02 -4.589993752404420424e-01 1.284134020842698343e+00
1.954000000000000181e-02 -4.711864368051451035e-01 1.281912442921235851e+00
1.955000000000000140e-02 -4.833038904538582980e-01 1.279530503070913205e+00
1.956000000000000100e-02 -4.953499231766435584e-01 1.276988470998048797e+00
1.957000000000000059e-02 -5.073227283829599976e-01 1.274286640570540197e+00
1.958000000000000018e-02 -5.192205068607970153e-01 1.271425330349433169e+00
1.959000000000000324e-02 -5.310414678148461798e-01 1.268404884004574740e+00
1.960000000000000284e-02 -5.427838299654553778e-01 1.265225670603260744e+00
1.961000000000000243e-02 -5.544458226887374330e-01 1.261888084763811202e+00
1.962000000000000202e-02 -5.660256871770706910e-01 1.258392546669191647e+00
1.963000000000000161e-02 -5.775216775988893936e-01 1.254739501939122537e+00
1.964000000000000121e-02 -5.889320622364641045e-01 1.250929421362445115e+00
1.965000000000000080e-02 -6.002551245809680802e-01 1.246962800494878953e+00
1.966000000000000039e-02 -6.114891643650245401e-01 1.242840159130427669e+00
1.966999999999999998e-02 -6.226324985143679713e-01 1.238562040657745777e+00
1.968000000000000305e-02 -6.336834620020916908e-01 1.234129011315437063e+00
1.969000000000000264e-02 -6.446404085911613402e-01 1.229541659362704209e+00
1.970000000000000223e-02 -6.555017114535587330e-01 1.224800594183680813e+00
1.971000000000000182e-02 -6.662657636570428199e-01 1.219906445345410484e+00
1.972000000000000142e-02 -6.769309785137879176e-01 1.214859861630410265e+00
1.973000000000000101e-02 -6.874957897881969204e-01 1.209661510065403789e+00
1.974000000000000060e-02 -6.979586517644945642e-01 1.204312074967783364e+00
1.975000000000000019e-02 -7.083180391778907126e-01 1.198812257030927642e+00
1.976000000000000326e-02 -7.185724470163199484e-01 1.193162772468468136e+00
1.977000000000000285e-02 -7.287203902026104796e-01 1.187364352236188081e+00
1.978000000000000244e-02 -7.387604031698424834e-01 1.181417741348231631e+00
1.979000000000000203e-02 -7.486910393449422996e-01 1.175323698302067399e+00
1.980000000000000163e-02 -7.585108705577644495e-01 1.169082994623877880e+00
1.981000000000000122e-02 -7.682184863945333841e-01 1.162696414543189505e+00
1.982000000000000081e-02 -7.778124935158275965e-01 1.156164754802296413e+00
1.983000000000000040e-02 -7.872915149599686302e-01 1.149488824602808545e+00
1.984000000000000000e-02 -7.966541894530591028e-01 1.142669445688210939e+00
1.985000000000000306e-02 -8.058991707466408583e-01 1.135707452558073705e+00
1.986000000000000265e-02 -8.150251270032489170e-01 1.128603692806261494e+00
1.987000000000000224e-02 -8.240307402489891464e-01 1.121359027572450762e+00
1.988000000000000184e-02 -8.329147059106032369e-01 1.113974332093504049e+00
1.989000000000000143e-02 -8.416757324524527517e-01 1.106450496338772238e+00
1.990000000000000102e-02 -8.503125411264859101e-01 1.098788425711296757e+00
1.991000000000000061e-02 -8.588238658455212837e-01 1.090989041795274117e+00
1.992000000000000021e-02 -8.672084531872376045e-01 1.083053283128913247e+00
1.993000000000000327e-02 -8.754650625331585889e-01 1.074982105981233227e+00
1.994000000000000286e-02 -8.835924663436534043e-01 1.066776485111119444e+00
1.995000000000000245e-02 -8.915894505668380265e-01 1.058437414487352290e+00
1.996000000000000205e-02 -8.994548151758947618e-01 1.049965907949213850e+00
1.997000000000000164e-02 -9.071873748264289716e-01 1.041362999788672195e+00
1.998000000000000123e-02 -9.147859596225077494e-01 1.032629745236922414e+00
1.999000000000000082e-02 -9.222494159774499156e-01 1.023767220840385184e+00
2.000000000000000042e-02 -9.295766075531419759e-01 1.014776524713791206e+00
