********************************************************************************
Field Output Report, written Sat Aug  1 20:07:20 2026

Source 1
---------

   ODB: C:/Temp/opensg_dyn/sandwich_SOLID_step.odb
   Step: PULSE
   Frame: Increment    100: Step Time =   3.5210E-03

Loc 1 : Nodal values from source 1

Output sorted by column "Node Label".

***Coordinate system: GLOB

Field Output reported at nodes for part: PART-1-1

      Node Label     U.Magnitude            U.U1            U.U2            U.U3
                          @Loc 1          @Loc 1          @Loc 1          @Loc 1
---------------------------------------------------------------------------------
               1              0.     391.551E-36     391.263E-36    -20.2581E-36
               2     15.3294E-03    -53.8546E-33    -15.3294E-03     6.47422E-33
               3     30.2814E-03    -47.1520E-33    -30.2814E-03     10.0247E-33
               4     44.4877E-03    -39.2884E-33    -44.4877E-03     13.3283E-33
               5     57.5986E-03    -30.4574E-33    -57.5986E-03     16.3037E-33
               6     69.2913E-03    -20.8764E-33    -69.2913E-03     18.8776E-33
               7     79.2777E-03    -10.7813E-33    -79.2777E-03     20.9868E-33
               8     87.3121E-03    -420.833E-36    -87.3121E-03     22.5791E-33
               9     93.1965E-03     9.95004E-33    -93.1965E-03     23.6155E-33
              10     96.7862E-03     20.0759E-33    -96.7862E-03     24.0704E-33
              11     97.9927E-03     29.7075E-33    -97.9927E-03     23.9326E-33
              12     96.7862E-03     38.6075E-33    -96.7862E-03     23.2055E-33
              13     93.1965E-03     46.5569E-33    -93.1965E-03     21.9071E-33
              14     87.3121E-03     53.3599E-33    -87.3121E-03     20.0691E-33
              15     79.2777E-03     58.8490E-33    -79.2777E-03     17.7371E-33
              16     69.2913E-03     62.8891E-33    -69.2913E-03     14.9682E-33
              17     57.5986E-03     65.3806E-33    -57.5986E-03     11.8308E-33
              18     44.4877E-03     66.2622E-33    -44.4877E-03     8.40213E-33
              19     30.2814E-03     65.5122E-33    -30.2814E-03     4.76653E-33
              20     15.3294E-03     63.1492E-33    -15.3294E-03     1.01356E-33
              21              0.    -391.551E-36     391.263E-36    -20.2581E-36
              22     14.3718E-03    -14.3718E-03    -57.0005E-33     6.26953E-33
              23     59.4534E-03    -14.1949E-03    -15.1407E-03    -55.7133E-03
              24     114.863E-03    -13.6684E-03    -29.9086E-03    -110.055E-03
              25     168.039E-03    -12.8054E-03    -43.9400E-03    -161.686E-03
              26     217.241E-03    -11.6270E-03    -56.8895E-03    -209.337E-03
              27     261.164E-03    -10.1624E-03    -68.4382E-03    -251.832E-03
              28     298.697E-03    -8.44753E-03    -78.3017E-03    -288.127E-03
              29     328.901E-03    -6.52466E-03    -86.2371E-03    -317.327E-03
              30     351.027E-03    -4.44113E-03    -92.0491E-03    -338.714E-03
              31     364.525E-03    -2.24824E-03    -95.5946E-03    -351.760E-03
              32     369.062E-03    -26.5802E-18    -96.7862E-03    -356.145E-03
              33     364.525E-03     2.24824E-03    -95.5946E-03    -351.760E-03
              34     351.027E-03     4.44113E-03    -92.0491E-03    -338.714E-03
              35     328.901E-03     6.52466E-03    -86.2371E-03    -317.327E-03
              36     298.697E-03     8.44753E-03    -78.3017E-03    -288.127E-03
              37     261.164E-03     10.1624E-03    -68.4382E-03    -251.832E-03
              38     217.241E-03     11.6270E-03    -56.8895E-03    -209.337E-03
              39     168.039E-03     12.8054E-03    -43.9400E-03    -161.686E-03
              40     114.863E-03     13.6684E-03    -29.9086E-03    -110.055E-03
              41     59.4534E-03     14.1949E-03    -15.1407E-03    -55.7133E-03
              42     14.3718E-03     14.3718E-03    -57.0005E-33     6.26953E-33
              43     28.3897E-03    -28.3897E-03    -54.3593E-33     9.62031E-33
              44     114.503E-03    -28.0402E-03    -14.5792E-03    -110.055E-03
              45     220.955E-03    -27.0002E-03    -28.7993E-03    -217.400E-03
              46     323.173E-03    -25.2954E-03    -42.3103E-03    -319.392E-03
              47     417.763E-03    -22.9678E-03    -54.7796E-03    -413.519E-03
              48     502.211E-03    -20.0746E-03    -65.8999E-03    -497.464E-03
              49     574.375E-03    -16.6871E-03    -75.3976E-03    -569.160E-03
              50     632.449E-03    -12.8887E-03    -83.0387E-03    -626.841E-03
              51     674.990E-03    -8.77290E-03    -88.6352E-03    -669.088E-03
              52     700.943E-03    -4.44113E-03    -92.0491E-03    -694.859E-03
              53     709.666E-03    -44.2565E-18    -93.1965E-03    -703.520E-03
              54     700.943E-03     4.44113E-03    -92.0491E-03    -694.859E-03
              55     674.990E-03     8.77290E-03    -88.6352E-03    -669.088E-03
              56     632.449E-03     12.8887E-03    -83.0387E-03    -626.841E-03
              57     574.375E-03     16.6871E-03    -75.3976E-03    -569.160E-03
              58     502.211E-03     20.0746E-03    -65.8999E-03    -497.464E-03
              59     417.763E-03     22.9678E-03    -54.7796E-03    -413.519E-03
              60     323.173E-03     25.2954E-03    -42.3103E-03    -319.392E-03
              61     220.955E-03     27.0002E-03    -28.7993E-03    -217.400E-03
              62     114.503E-03     28.0402E-03    -14.5792E-03    -110.055E-03
              63     28.3897E-03     28.3897E-03    -54.3593E-33     9.62031E-33
              64     41.7086E-03    -41.7086E-03    -50.3796E-33     12.7342E-33
              65     167.410E-03    -41.1951E-03    -13.6586E-03    -161.686E-03
              66     322.974E-03    -39.6672E-03    -26.9809E-03    -319.392E-03
              67     472.368E-03    -37.1626E-03    -39.6389E-03    -469.232E-03
              68     610.616E-03    -33.7429E-03    -51.3208E-03    -607.519E-03
              69     734.042E-03    -29.4924E-03    -61.7390E-03    -730.846E-03
              70     839.514E-03    -24.5157E-03    -70.6370E-03    -836.178E-03
              71     924.394E-03    -18.9353E-03    -77.7956E-03    -920.920E-03
              72     986.571E-03    -12.8887E-03    -83.0387E-03    -982.986E-03
              73         1.02450    -6.52466E-03    -86.2371E-03        -1.02085
              74         1.03725    -106.002E-18    -87.3121E-03        -1.03357
              75         1.02450     6.52466E-03    -86.2371E-03        -1.02085
              76     986.571E-03     12.8887E-03    -83.0387E-03    -982.986E-03
              77     924.394E-03     18.9353E-03    -77.7956E-03    -920.920E-03
              78     839.514E-03     24.5157E-03    -70.6370E-03    -836.178E-03
              79     734.042E-03     29.4924E-03    -61.7390E-03    -730.846E-03
              80     610.616E-03     33.7429E-03    -51.3208E-03    -607.519E-03
              81     472.368E-03     37.1626E-03    -39.6389E-03    -469.232E-03
              82     322.974E-03     39.6672E-03    -26.9809E-03    -319.392E-03
              83     167.410E-03     41.1951E-03    -13.6586E-03    -161.686E-03
              84     41.7086E-03     41.7086E-03    -50.3796E-33     12.7342E-33
              85     54.0004E-03    -54.0004E-03    -45.1593E-33     15.5346E-33
              86     216.380E-03    -53.3356E-03    -12.4018E-03    -209.337E-03
              87     417.415E-03    -51.3575E-03    -24.4982E-03    -413.519E-03
              88     610.483E-03    -48.1147E-03    -35.9913E-03    -607.519E-03
              89     789.149E-03    -43.6873E-03    -46.5983E-03    -786.560E-03
              90     948.661E-03    -38.1841E-03    -56.0578E-03    -946.233E-03
              91         1.08497    -31.7407E-03    -64.1370E-03        -1.08261
              92         1.19466    -24.5157E-03    -70.6370E-03        -1.19232
              93         1.27502    -16.6871E-03    -75.3976E-03        -1.27268
              94         1.32404    -8.44753E-03    -78.3017E-03        -1.32170
              95         1.34052    -65.9908E-18    -79.2777E-03        -1.33818
              96         1.32404     8.44753E-03    -78.3017E-03        -1.32170
              97         1.27502     16.6871E-03    -75.3976E-03        -1.27268
              98         1.19466     24.5157E-03    -70.6370E-03        -1.19232
              99         1.08497     31.7407E-03    -64.1370E-03        -1.08261
             100     948.661E-03     38.1841E-03    -56.0578E-03    -946.233E-03
             101     789.149E-03     43.6873E-03    -46.5983E-03    -786.560E-03
             102     610.483E-03     48.1147E-03    -35.9913E-03    -607.519E-03
             103     417.415E-03     51.3575E-03    -24.4982E-03    -413.519E-03
             104     216.380E-03     53.3356E-03    -12.4018E-03    -209.337E-03
             105     54.0004E-03     54.0004E-03    -45.1593E-33     15.5346E-33
             106     64.9626E-03    -64.9626E-03    -38.8271E-33     17.9524E-33
             107     260.104E-03    -64.1628E-03    -10.8395E-03    -251.832E-03
             108     501.743E-03    -61.7831E-03    -21.4122E-03    -497.464E-03
             109     733.809E-03    -57.8821E-03    -31.4576E-03    -730.846E-03
             110     948.566E-03    -52.5559E-03    -40.7284E-03    -946.233E-03
             111         1.14030    -45.9355E-03    -48.9963E-03        -1.13832
             112         1.30414    -38.1841E-03    -56.0578E-03        -1.30238
             113         1.43600    -29.4924E-03    -61.7390E-03        -1.43437
             114         1.53259    -20.0746E-03    -65.8999E-03        -1.53104
             115         1.59151    -10.1624E-03    -68.4382E-03        -1.59001
             116         1.61132     40.0121E-18    -69.2913E-03        -1.60983
             117         1.59151     10.1624E-03    -68.4382E-03        -1.59001
             118         1.53259     20.0746E-03    -65.8999E-03        -1.53104
             119         1.43600     29.4924E-03    -61.7390E-03        -1.43437
             120         1.30414     38.1841E-03    -56.0578E-03        -1.30238
             121         1.14030     45.9355E-03    -48.9963E-03        -1.13832
             122     948.566E-03     52.5559E-03    -40.7284E-03    -946.233E-03
             123     733.809E-03     57.8821E-03    -31.4576E-03    -730.846E-03
             124     501.743E-03     61.7831E-03    -21.4122E-03    -497.464E-03
             125     260.104E-03     64.1628E-03    -10.8395E-03    -251.832E-03
             126     64.9626E-03     64.9626E-03    -38.8271E-33     17.9524E-33
             127     74.3252E-03    -74.3252E-03    -31.5389E-33     19.9282E-33
             128     297.469E-03    -73.4102E-03    -9.01041E-03    -288.127E-03
             129     573.809E-03    -70.6875E-03    -17.7990E-03    -569.160E-03
             130     839.204E-03    -66.2243E-03    -26.1492E-03    -836.178E-03
             131         1.08480    -60.1304E-03    -33.8556E-03        -1.08261
             132         1.30407    -52.5559E-03    -40.7284E-03        -1.30238
             133         1.49145    -43.6873E-03    -46.5983E-03        -1.49008
             134         1.64224    -33.7429E-03    -51.3208E-03        -1.64109
             135         1.75270    -22.9678E-03    -54.7796E-03        -1.75169
             136         1.82009    -11.6270E-03    -56.8895E-03        -1.81916
             137         1.84274    -142.415E-18    -57.5986E-03        -1.84184
             138         1.82009     11.6270E-03    -56.8895E-03        -1.81916
             139         1.75270     22.9678E-03    -54.7796E-03        -1.75169
             140         1.64224     33.7429E-03    -51.3208E-03        -1.64109
             141         1.49145     43.6873E-03    -46.5983E-03        -1.49008
             142         1.30407     52.5559E-03    -40.7284E-03        -1.30238
             143         1.08480     60.1304E-03    -33.8556E-03        -1.08261
             144     839.204E-03     66.2243E-03    -26.1492E-03    -836.178E-03
             145     573.809E-03     70.6875E-03    -17.7990E-03    -569.160E-03
             146     297.469E-03     73.4102E-03    -9.01041E-03    -288.127E-03
             147     74.3252E-03     74.3252E-03    -31.5389E-33     19.9282E-33
             148     81.8577E-03    -81.8577E-03    -23.4741E-33     21.4133E-33
             149     327.539E-03    -80.8499E-03    -6.95941E-03    -317.327E-03
             150     631.807E-03    -77.8513E-03    -13.7475E-03    -626.841E-03
             151     924.024E-03    -72.9357E-03    -20.1970E-03    -920.920E-03
             152         1.19445    -66.2243E-03    -26.1492E-03        -1.19232
             153         1.43588    -57.8821E-03    -31.4576E-03        -1.43437
             154         1.64219    -48.1147E-03    -35.9913E-03        -1.64109
             155         1.80822    -37.1626E-03    -39.6389E-03        -1.80741
             156         1.92985    -25.2954E-03    -42.3103E-03        -1.92922
             157         2.00405    -12.8054E-03    -43.9400E-03        -2.00353
             158         2.02899    -131.356E-18    -44.4877E-03        -2.02850
             159         2.00405     12.8054E-03    -43.9400E-03        -2.00353
             160         1.92985     25.2954E-03    -42.3103E-03        -1.92922
             161         1.80822     37.1626E-03    -39.6389E-03        -1.80741
             162         1.64219     48.1147E-03    -35.9913E-03        -1.64109
             163         1.43588     57.8821E-03    -31.4576E-03        -1.43437
             164         1.19445     66.2243E-03    -26.1492E-03        -1.19232
             165     924.024E-03     72.9357E-03    -20.1970E-03    -920.920E-03
             166     631.807E-03     77.8513E-03    -13.7475E-03    -626.841E-03
             167     327.539E-03     80.8499E-03    -6.95941E-03    -317.327E-03
             168     81.8577E-03     81.8577E-03    -23.4741E-33     21.4133E-33
             169     87.3745E-03    -87.3745E-03    -14.8312E-33     22.3711E-33
             170     349.567E-03    -86.2988E-03    -4.73705E-03    -338.714E-03
             171     674.293E-03    -83.0981E-03    -9.35747E-03    -669.088E-03
             172     986.160E-03    -77.8513E-03    -13.7475E-03    -982.986E-03
             173         1.27477    -70.6875E-03    -17.7990E-03        -1.27268
             174         1.53243    -61.7831E-03    -21.4122E-03        -1.53104
             175         1.75262    -51.3575E-03    -24.4982E-03        -1.75169
             176         1.92982    -39.6672E-03    -26.9809E-03        -1.92922
             177         2.05962    -27.0002E-03    -28.7993E-03        -2.05924
             178         2.13881    -13.6684E-03    -29.9086E-03        -2.13856
             179         2.16542    -110.781E-18    -30.2814E-03        -2.16521
             180         2.13881     13.6684E-03    -29.9086E-03        -2.13856
             181         2.05962     27.0002E-03    -28.7993E-03        -2.05924
             182         1.92982     39.6672E-03    -26.9809E-03        -1.92922
             183         1.75262     51.3575E-03    -24.4982E-03        -1.75169
             184         1.53243     61.7831E-03    -21.4122E-03        -1.53104
             185         1.27477     70.6875E-03    -17.7990E-03        -1.27268
             186     986.160E-03     77.8513E-03    -13.7475E-03    -982.986E-03
             187     674.293E-03     83.0981E-03    -9.35747E-03    -669.088E-03
             188     349.567E-03     86.2988E-03    -4.73705E-03    -338.714E-03
             189     87.3745E-03     87.3745E-03    -14.8312E-33     22.3711E-33
             190     90.7400E-03    -90.7400E-03    -5.82316E-33     22.7781E-33
             191     363.006E-03    -89.6228E-03    -2.39805E-03    -351.760E-03
             192     700.213E-03    -86.2988E-03    -4.73705E-03    -694.859E-03
             193         1.02407    -80.8499E-03    -6.95941E-03        -1.02085
             194         1.32377    -73.4102E-03    -9.01041E-03        -1.32170
             195         1.59134    -64.1628E-03    -10.8395E-03        -1.59001
             196         1.81999    -53.3356E-03    -12.4018E-03        -1.81916
             197         2.00400    -41.1951E-03    -13.6586E-03        -2.00353
             198         2.13879    -28.0402E-03    -14.5792E-03        -2.13856
             199         2.22102    -14.1949E-03    -15.1407E-03        -2.22093
             200         2.24866     176.863E-18    -15.3294E-03        -2.24861
             201         2.22102     14.1949E-03    -15.1407E-03        -2.22093
             202         2.13879     28.0402E-03    -14.5792E-03        -2.13856
             203         2.00400     41.1951E-03    -13.6586E-03        -2.00353
             204         1.81999     53.3356E-03    -12.4018E-03        -1.81916
             205         1.59134     64.1628E-03    -10.8395E-03        -1.59001
             206         1.32377     73.4102E-03    -9.01041E-03        -1.32170
             207         1.02407     80.8499E-03    -6.95941E-03        -1.02085
             208     700.213E-03     86.2988E-03    -4.73705E-03    -694.859E-03
             209     363.006E-03     89.6228E-03    -2.39805E-03    -351.760E-03
             210     90.7400E-03     90.7400E-03    -5.82316E-33     22.7781E-33
             211     91.8710E-03    -91.8710E-03     3.32827E-33     22.6242E-33
             212     367.523E-03    -90.7400E-03     794.390E-18    -356.145E-03
             213     708.925E-03    -87.3745E-03     241.994E-18    -703.520E-03
             214         1.03681    -81.8577E-03    -356.997E-18        -1.03357
             215         1.34024    -74.3252E-03    -22.7424E-18        -1.33818
             216         1.61114    -64.9626E-03     272.777E-18        -1.60983
             217         1.84263    -54.0004E-03    -76.0656E-18        -1.84184
             218         2.02893    -41.7086E-03    -76.4124E-18        -2.02850
             219         2.16540    -28.3897E-03     477.364E-18        -2.16521
             220         2.24866    -14.3718E-03     690.887E-18        -2.24861
             221         2.27664     200.931E-18     460.899E-18        -2.27664
             222         2.24866     14.3718E-03     437.215E-18        -2.24861
             223         2.16540     28.3897E-03     390.353E-18        -2.16521
             224         2.02893     41.7086E-03    -465.500E-18        -2.02850
             225         1.84263     54.0004E-03    -644.289E-18        -1.84184
             226         1.61114     64.9626E-03    -60.4125E-18        -1.60983
             227         1.34024     74.3252E-03     86.8578E-18        -1.33818
             228         1.03681     81.8577E-03    -608.637E-18        -1.03357
             229     708.925E-03     87.3745E-03    -289.231E-18    -703.520E-03
             230     367.523E-03     90.7400E-03     386.120E-18    -356.145E-03
             231     91.8710E-03     91.8710E-03     3.32827E-33     22.6242E-33
             232     90.7400E-03    -90.7400E-03     12.3978E-33     21.9132E-33
             233     363.006E-03    -89.6228E-03     2.39805E-03    -351.760E-03
             234     700.213E-03    -86.2988E-03     4.73705E-03    -694.859E-03
             235         1.02407    -80.8499E-03     6.95941E-03        -1.02085
             236         1.32377    -73.4102E-03     9.01041E-03        -1.32170
             237         1.59134    -64.1628E-03     10.8395E-03        -1.59001
             238         1.81999    -53.3356E-03     12.4018E-03        -1.81916
             239         2.00400    -41.1951E-03     13.6586E-03        -2.00353
             240         2.13879    -28.0402E-03     14.5792E-03        -2.13856
             241         2.22102    -14.1949E-03     15.1407E-03        -2.22093
             242         2.24866     62.1742E-18     15.3294E-03        -2.24861
             243         2.22102     14.1949E-03     15.1407E-03        -2.22093
             244         2.13879     28.0402E-03     14.5792E-03        -2.13856
             245         2.00400     41.1951E-03     13.6586E-03        -2.00353
             246         1.81999     53.3356E-03     12.4018E-03        -1.81916
             247         1.59134     64.1628E-03     10.8395E-03        -1.59001
             248         1.32377     73.4102E-03     9.01041E-03        -1.32170
             249         1.02407     80.8499E-03     6.95941E-03        -1.02085
             250     700.213E-03     86.2988E-03     4.73705E-03    -694.859E-03
             251     363.006E-03     89.6228E-03     2.39805E-03    -351.760E-03
             252     90.7400E-03     90.7400E-03     12.3978E-33     21.9132E-33
             253     87.3745E-03    -87.3745E-03     21.1620E-33     20.6626E-33
             254     349.567E-03    -86.2988E-03     4.73705E-03    -338.714E-03
             255     674.293E-03    -83.0981E-03     9.35747E-03    -669.088E-03
             256     986.160E-03    -77.8513E-03     13.7475E-03    -982.986E-03
             257         1.27477    -70.6875E-03     17.7990E-03        -1.27268
             258         1.53243    -61.7831E-03     21.4122E-03        -1.53104
             259         1.75262    -51.3575E-03     24.4982E-03        -1.75169
             260         1.92982    -39.6672E-03     26.9809E-03        -1.92922
             261         2.05962    -27.0002E-03     28.7993E-03        -2.05924
             262         2.13881    -13.6684E-03     29.9086E-03        -2.13856
             263         2.16542    -175.239E-18     30.2814E-03        -2.16521
             264         2.13881     13.6684E-03     29.9086E-03        -2.13856
             265         2.05962     27.0002E-03     28.7993E-03        -2.05924
             266         1.92982     39.6672E-03     26.9809E-03        -1.92922
             267         1.75262     51.3575E-03     24.4982E-03        -1.75169
             268         1.53243     61.7831E-03     21.4122E-03        -1.53104
             269         1.27477     70.6875E-03     17.7990E-03        -1.27268
             270     986.160E-03     77.8513E-03     13.7475E-03    -982.986E-03
             271     674.293E-03     83.0981E-03     9.35747E-03    -669.088E-03
             272     349.567E-03     86.2988E-03     4.73705E-03    -338.714E-03
             273     87.3745E-03     87.3745E-03     21.1620E-33     20.6626E-33
             274     81.8577E-03    -81.8577E-03     29.4051E-33     18.9033E-33
             275     327.539E-03    -80.8499E-03     6.95941E-03    -317.327E-03
             276     631.807E-03    -77.8513E-03     13.7475E-03    -626.841E-03
             277     924.024E-03    -72.9357E-03     20.1970E-03    -920.920E-03
             278         1.19445    -66.2243E-03     26.1492E-03        -1.19232
             279         1.43588    -57.8821E-03     31.4576E-03        -1.43437
             280         1.64219    -48.1147E-03     35.9913E-03        -1.64109
             281         1.80822    -37.1626E-03     39.6389E-03        -1.80741
             282         1.92985    -25.2954E-03     42.3103E-03        -1.92922
             283         2.00405    -12.8054E-03     43.9400E-03        -2.00353
             284         2.02899    -224.740E-18     44.4877E-03        -2.02850
             285         2.00405     12.8054E-03     43.9400E-03        -2.00353
             286         1.92985     25.2954E-03     42.3103E-03        -1.92922
             287         1.80822     37.1626E-03     39.6389E-03        -1.80741
             288         1.64219     48.1147E-03     35.9913E-03        -1.64109
             289         1.43588     57.8821E-03     31.4576E-03        -1.43437
             290         1.19445     66.2243E-03     26.1492E-03        -1.19232
             291     924.024E-03     72.9357E-03     20.1970E-03    -920.920E-03
             292     631.807E-03     77.8513E-03     13.7475E-03    -626.841E-03
             293     327.539E-03     80.8499E-03     6.95941E-03    -317.327E-03
             294     81.8577E-03     81.8577E-03     29.4051E-33     18.9033E-33
             295     74.3252E-03    -74.3252E-03     36.9242E-33     16.6785E-33
             296     297.469E-03    -73.4102E-03     9.01041E-03    -288.127E-03
             297     573.809E-03    -70.6875E-03     17.7990E-03    -569.160E-03
             298     839.204E-03    -66.2243E-03     26.1492E-03    -836.178E-03
             299         1.08480    -60.1304E-03     33.8556E-03        -1.08261
             300         1.30407    -52.5559E-03     40.7284E-03        -1.30238
             301         1.49145    -43.6873E-03     46.5983E-03        -1.49008
             302         1.64224    -33.7429E-03     51.3208E-03        -1.64109
             303         1.75270    -22.9678E-03     54.7796E-03        -1.75169
             304         1.82009    -11.6270E-03     56.8895E-03        -1.81916
             305         1.84274    -87.8107E-18     57.5986E-03        -1.84184
             306         1.82009     11.6270E-03     56.8895E-03        -1.81916
             307         1.75270     22.9678E-03     54.7796E-03        -1.75169
             308         1.64224     33.7429E-03     51.3208E-03        -1.64109
             309         1.49145     43.6873E-03     46.5983E-03        -1.49008
             310         1.30407     52.5559E-03     40.7284E-03        -1.30238
             311         1.08480     60.1304E-03     33.8556E-03        -1.08261
             312     839.204E-03     66.2243E-03     26.1492E-03    -836.178E-03
             313     573.809E-03     70.6875E-03     17.7990E-03    -569.160E-03
             314     297.469E-03     73.4102E-03     9.01041E-03    -288.127E-03
             315     74.3252E-03     74.3252E-03     36.9242E-33     16.6785E-33
             316     64.9626E-03    -64.9626E-03     43.5340E-33     14.0430E-33
             317     260.104E-03    -64.1628E-03     10.8395E-03    -251.832E-03
             318     501.743E-03    -61.7831E-03     21.4122E-03    -497.464E-03
             319     733.809E-03    -57.8821E-03     31.4576E-03    -730.846E-03
             320     948.566E-03    -52.5559E-03     40.7284E-03    -946.233E-03
             321         1.14030    -45.9355E-03     48.9963E-03        -1.13832
             322         1.30414    -38.1841E-03     56.0578E-03        -1.30238
             323         1.43600    -29.4924E-03     61.7390E-03        -1.43437
             324         1.53259    -20.0746E-03     65.8999E-03        -1.53104
             325         1.59151    -10.1624E-03     68.4382E-03        -1.59001
             326         1.61132     5.64943E-18     69.2913E-03        -1.60983
             327         1.59151     10.1624E-03     68.4382E-03        -1.59001
             328         1.53259     20.0746E-03     65.8999E-03        -1.53104
             329         1.43600     29.4924E-03     61.7390E-03        -1.43437
             330         1.30414     38.1841E-03     56.0578E-03        -1.30238
             331         1.14030     45.9355E-03     48.9963E-03        -1.13832
             332     948.566E-03     52.5559E-03     40.7284E-03    -946.233E-03
             333     733.809E-03     57.8821E-03     31.4576E-03    -730.846E-03
             334     501.743E-03     61.7831E-03     21.4122E-03    -497.464E-03
             335     260.104E-03     64.1628E-03     10.8395E-03    -251.832E-03
             336     64.9626E-03     64.9626E-03     43.5340E-33     14.0430E-33
             337     54.0004E-03    -54.0004E-03     49.0720E-33     11.0617E-33
             338     216.380E-03    -53.3356E-03     12.4018E-03    -209.337E-03
             339     417.415E-03    -51.3575E-03     24.4982E-03    -413.519E-03
             340     610.483E-03    -48.1147E-03     35.9913E-03    -607.519E-03
             341     789.149E-03    -43.6873E-03     46.5983E-03    -786.560E-03
             342     948.661E-03    -38.1841E-03     56.0578E-03    -946.233E-03
             343         1.08497    -31.7407E-03     64.1370E-03        -1.08261
             344         1.19466    -24.5157E-03     70.6370E-03        -1.19232
             345         1.27502    -16.6871E-03     75.3976E-03        -1.27268
             346         1.32404    -8.44753E-03     78.3017E-03        -1.32170
             347         1.34052    -139.918E-18     79.2777E-03        -1.33818
             348         1.32404     8.44753E-03     78.3017E-03        -1.32170
             349         1.27502     16.6871E-03     75.3976E-03        -1.27268
             350         1.19466     24.5157E-03     70.6370E-03        -1.19232
             351         1.08497     31.7407E-03     64.1370E-03        -1.08261
             352     948.661E-03     38.1841E-03     56.0578E-03    -946.233E-03
             353     789.149E-03     43.6873E-03     46.5983E-03    -786.560E-03
             354     610.483E-03     48.1147E-03     35.9913E-03    -607.519E-03
             355     417.415E-03     51.3575E-03     24.4982E-03    -413.519E-03
             356     216.380E-03     53.3356E-03     12.4018E-03    -209.337E-03
             357     54.0004E-03     54.0004E-03     49.0720E-33     11.0617E-33
             358     41.7086E-03    -41.7086E-03     53.4016E-33     7.80809E-33
             359     167.410E-03    -41.1951E-03     13.6586E-03    -161.686E-03
             360     322.974E-03    -39.6672E-03     26.9809E-03    -319.392E-03
             361     472.368E-03    -37.1626E-03     39.6389E-03    -469.232E-03
             362     610.616E-03    -33.7429E-03     51.3208E-03    -607.519E-03
             363     734.042E-03    -29.4924E-03     61.7390E-03    -730.846E-03
             364     839.514E-03    -24.5157E-03     70.6370E-03    -836.178E-03
             365     924.394E-03    -18.9353E-03     77.7956E-03    -920.920E-03
             366     986.571E-03    -12.8887E-03     83.0387E-03    -982.986E-03
             367         1.02450    -6.52466E-03     86.2371E-03        -1.02085
             368         1.03725    -398.933E-18     87.3121E-03        -1.03357
             369         1.02450     6.52466E-03     86.2371E-03        -1.02085
             370     986.571E-03     12.8887E-03     83.0387E-03    -982.986E-03
             371     924.394E-03     18.9353E-03     77.7956E-03    -920.920E-03
             372     839.514E-03     24.5157E-03     70.6370E-03    -836.178E-03
             373     734.042E-03     29.4924E-03     61.7390E-03    -730.846E-03
             374     610.616E-03     33.7429E-03     51.3208E-03    -607.519E-03
             375     472.368E-03     37.1626E-03     39.6389E-03    -469.232E-03
             376     322.974E-03     39.6672E-03     26.9809E-03    -319.392E-03
             377     167.410E-03     41.1951E-03     13.6586E-03    -161.686E-03
             378     41.7086E-03     41.7086E-03     53.4016E-33     7.80809E-33
             379     28.3897E-03    -28.3897E-03     56.4163E-33     4.36218E-33
             380     114.503E-03    -28.0402E-03     14.5792E-03    -110.055E-03
             381     220.955E-03    -27.0002E-03     28.7993E-03    -217.400E-03
             382     323.173E-03    -25.2954E-03     42.3103E-03    -319.392E-03
             383     417.763E-03    -22.9678E-03     54.7796E-03    -413.519E-03
             384     502.211E-03    -20.0746E-03     65.8999E-03    -497.464E-03
             385     574.375E-03    -16.6871E-03     75.3976E-03    -569.160E-03
             386     632.449E-03    -12.8887E-03     83.0387E-03    -626.841E-03
             387     674.990E-03    -8.77290E-03     88.6352E-03    -669.088E-03
             388     700.943E-03    -4.44113E-03     92.0491E-03    -694.859E-03
             389     709.666E-03    -354.916E-18     93.1965E-03    -703.520E-03
             390     700.943E-03     4.44113E-03     92.0491E-03    -694.859E-03
             391     674.990E-03     8.77290E-03     88.6352E-03    -669.088E-03
             392     632.449E-03     12.8887E-03     83.0387E-03    -626.841E-03
             393     574.375E-03     16.6871E-03     75.3976E-03    -569.160E-03
             394     502.211E-03     20.0746E-03     65.8999E-03    -497.464E-03
             395     417.763E-03     22.9678E-03     54.7796E-03    -413.519E-03
             396     323.173E-03     25.2954E-03     42.3103E-03    -319.392E-03
             397     220.955E-03     27.0002E-03     28.7993E-03    -217.400E-03
             398     114.503E-03     28.0402E-03     14.5792E-03    -110.055E-03
             399     28.3897E-03     28.3897E-03     56.4163E-33     4.36218E-33
             400     14.3718E-03    -14.3718E-03     58.0418E-33     808.870E-36
             401     59.4534E-03    -14.1949E-03     15.1407E-03    -55.7133E-03
             402     114.863E-03    -13.6684E-03     29.9086E-03    -110.055E-03
             403     168.039E-03    -12.8054E-03     43.9400E-03    -161.686E-03
             404     217.241E-03    -11.6270E-03     56.8895E-03    -209.337E-03
             405     261.164E-03    -10.1624E-03     68.4382E-03    -251.832E-03
             406     298.697E-03    -8.44753E-03     78.3017E-03    -288.127E-03
             407     328.901E-03    -6.52466E-03     86.2371E-03    -317.327E-03
             408     351.027E-03    -4.44113E-03     92.0491E-03    -338.714E-03
             409     364.525E-03    -2.24824E-03     95.5946E-03    -351.760E-03
             410     369.062E-03    -78.8668E-18     96.7862E-03    -356.145E-03
             411     364.525E-03     2.24824E-03     95.5946E-03    -351.760E-03
             412     351.027E-03     4.44113E-03     92.0491E-03    -338.714E-03
             413     328.901E-03     6.52466E-03     86.2371E-03    -317.327E-03
             414     298.697E-03     8.44753E-03     78.3017E-03    -288.127E-03
             415     261.164E-03     10.1624E-03     68.4382E-03    -251.832E-03
             416     217.241E-03     11.6270E-03     56.8895E-03    -209.337E-03
             417     168.039E-03     12.8054E-03     43.9400E-03    -161.686E-03
             418     114.863E-03     13.6684E-03     29.9086E-03    -110.055E-03
             419     59.4534E-03     14.1949E-03     15.1407E-03    -55.7133E-03
             420     14.3718E-03     14.3718E-03     58.0418E-33     808.870E-36
             421              0.     391.551E-36    -391.263E-36    -20.2581E-36
             422     15.3294E-03    -53.8546E-33     15.3294E-03     6.47422E-33
             423     30.2814E-03    -47.1520E-33     30.2814E-03     10.0247E-33
             424     44.4877E-03    -39.2884E-33     44.4877E-03     13.3283E-33
             425     57.5986E-03    -30.4574E-33     57.5986E-03     16.3037E-33
             426     69.2913E-03    -20.8764E-33     69.2913E-03     18.8776E-33
             427     79.2777E-03    -10.7813E-33     79.2777E-03     20.9868E-33
             428     87.3121E-03    -420.833E-36     87.3121E-03     22.5791E-33
             429     93.1965E-03     9.95004E-33     93.1965E-03     23.6155E-33
             430     96.7862E-03     20.0759E-33     96.7862E-03     24.0704E-33
             431     97.9927E-03     29.7075E-33     97.9927E-03     23.9326E-33
             432     96.7862E-03     38.6075E-33     96.7862E-03     23.2055E-33
             433     93.1965E-03     46.5569E-33     93.1965E-03     21.9071E-33
             434     87.3121E-03     53.3599E-33     87.3121E-03     20.0691E-33
             435     79.2777E-03     58.8490E-33     79.2777E-03     17.7371E-33
             436     69.2913E-03     62.8891E-33     69.2913E-03     14.9682E-33
             437     57.5986E-03     65.3806E-33     57.5986E-03     11.8308E-33
             438     44.4877E-03     66.2622E-33     44.4877E-03     8.40213E-33
             439     30.2814E-03     65.5122E-33     30.2814E-03     4.76653E-33
             440     15.3294E-03     63.1492E-33     15.3294E-03     1.01356E-33
             441              0.    -391.551E-36    -391.263E-36    -20.2581E-36
             442              0.    -59.6709E-33    -54.6812E-33     2.33266E-33
             443     13.9295E-03    -154.873E-33    -13.9295E-03    -16.5171E-36
             444     27.5159E-03    -138.615E-33    -27.5159E-03     2.93998E-33
             445     40.4249E-03    -118.944E-33    -40.4249E-03     5.82408E-33
             446     52.3384E-03    -96.3434E-33    -52.3384E-03     8.56477E-33
             447     62.9632E-03    -71.3708E-33    -62.9632E-03     11.0946E-33
             448     72.0377E-03    -44.6409E-33    -72.0377E-03     13.3512E-33
             449     79.3383E-03    -16.8118E-33    -79.3383E-03     15.2791E-33
             450     84.6853E-03     11.4313E-33    -84.6853E-03     16.8307E-33
             451     87.9472E-03     39.3929E-33    -87.9472E-03     17.9679E-33
             452     89.0434E-03     66.3845E-33    -89.0434E-03     18.6627E-33
             453     87.9472E-03     91.7415E-33    -87.9472E-03     18.8980E-33
             454     84.6853E-03     114.840E-33    -84.6853E-03     18.6679E-33
             455     79.3383E-03     135.110E-33    -79.3383E-03     17.9781E-33
             456     72.0377E-03     152.053E-33    -72.0377E-03     16.8457E-33
             457     62.9632E-03     165.253E-33    -62.9632E-03     15.2985E-33
             458     52.3384E-03     174.383E-33    -52.3384E-03     13.3745E-33
             459     40.4249E-03     179.219E-33    -40.4249E-03     11.1213E-33
             460     27.5159E-03     179.643E-33    -27.5159E-03     8.59421E-33
             461     13.9295E-03     175.643E-33    -13.9295E-03     5.85550E-33
             462              0.     59.6709E-33    -54.6812E-33     2.33266E-33
             463     12.9736E-03    -12.9736E-03    -159.748E-33    -1.52194E-33
             464     58.8048E-03    -12.8139E-03    -13.7580E-03    -55.7183E-03
             465     114.040E-03    -12.3386E-03    -27.1772E-03    -110.065E-03
             466     166.958E-03    -11.5596E-03    -39.9272E-03    -161.701E-03
             467     215.898E-03    -10.4959E-03    -51.6940E-03    -209.355E-03
             468     259.581E-03    -9.17374E-03    -62.1880E-03    -251.855E-03
             469     296.905E-03    -7.62570E-03    -71.1507E-03    -288.153E-03
             470     326.940E-03    -5.88990E-03    -78.3615E-03    -317.356E-03
             471     348.941E-03    -4.00907E-03    -83.6427E-03    -338.744E-03
             472     362.363E-03    -2.02952E-03    -86.8644E-03    -351.791E-03
             473     366.874E-03    -44.5323E-18    -87.9472E-03    -356.176E-03
             474     362.363E-03     2.02952E-03    -86.8644E-03    -351.791E-03
             475     348.941E-03     4.00907E-03    -83.6427E-03    -338.744E-03
             476     326.940E-03     5.88990E-03    -78.3615E-03    -317.356E-03
             477     296.905E-03     7.62570E-03    -71.1507E-03    -288.153E-03
             478     259.581E-03     9.17374E-03    -62.1880E-03    -251.855E-03
             479     215.898E-03     10.4959E-03    -51.6940E-03    -209.355E-03
             480     166.958E-03     11.5596E-03    -39.9272E-03    -161.701E-03
             481     114.040E-03     12.3386E-03    -27.1772E-03    -110.065E-03
             482     58.8048E-03     12.8139E-03    -13.7580E-03    -55.7183E-03
             483     12.9736E-03     12.9736E-03    -159.748E-33    -1.52194E-33
             484     25.6278E-03    -25.6278E-03    -151.222E-33    -33.7998E-36
             485     113.712E-03    -25.3123E-03    -13.2477E-03    -110.065E-03
             486     220.340E-03    -24.3735E-03    -26.1692E-03    -217.419E-03
             487     322.535E-03    -22.8345E-03    -38.4463E-03    -319.420E-03
             488     417.056E-03    -20.7333E-03    -49.7768E-03    -413.556E-03
             489     501.426E-03    -18.1216E-03    -59.8816E-03    -497.508E-03
             490     573.517E-03    -15.0636E-03    -68.5119E-03    -569.210E-03
             491     631.529E-03    -11.6348E-03    -75.4552E-03    -626.897E-03
             492     674.023E-03    -7.91942E-03    -80.5405E-03    -669.147E-03
             493     699.948E-03    -4.00907E-03    -83.6427E-03    -694.920E-03
             494     708.661E-03    -62.5380E-18    -84.6853E-03    -703.583E-03
             495     699.948E-03     4.00907E-03    -83.6427E-03    -694.920E-03
             496     674.023E-03     7.91942E-03    -80.5405E-03    -669.147E-03
             497     631.529E-03     11.6348E-03    -75.4552E-03    -626.897E-03
             498     573.517E-03     15.0636E-03    -68.5119E-03    -569.210E-03
             499     501.426E-03     18.1216E-03    -59.8816E-03    -497.508E-03
             500     417.056E-03     20.7333E-03    -49.7768E-03    -413.556E-03
             501     322.535E-03     22.8345E-03    -38.4463E-03    -319.420E-03
             502     220.340E-03     24.3735E-03    -26.1692E-03    -217.419E-03
             503     113.712E-03     25.3123E-03    -13.2477E-03    -110.065E-03
             504     25.6278E-03     25.6278E-03    -151.222E-33    -33.7998E-36
             505     37.6509E-03    -37.6509E-03    -138.973E-33     1.45517E-33
             506     166.385E-03    -37.1874E-03    -12.4112E-03    -161.701E-03
             507     322.354E-03    -35.8082E-03    -24.5169E-03    -319.420E-03
             508     471.848E-03    -33.5472E-03    -36.0188E-03    -469.274E-03
             509     610.121E-03    -30.4602E-03    -46.6339E-03    -607.573E-03
             510     733.544E-03    -26.6232E-03    -56.1006E-03    -730.911E-03
             511     839.004E-03    -22.1307E-03    -64.1860E-03    -836.252E-03
             512     923.869E-03    -17.0932E-03    -70.6909E-03    -921.002E-03
             513     986.033E-03    -11.6348E-03    -75.4552E-03    -983.073E-03
             514         1.02396    -5.88990E-03    -78.3615E-03        -1.02094
             515         1.03670    -73.2315E-18    -79.3383E-03        -1.03366
             516         1.02396     5.88990E-03    -78.3615E-03        -1.02094
             517     986.033E-03     11.6348E-03    -75.4552E-03    -983.073E-03
             518     923.869E-03     17.0932E-03    -70.6909E-03    -921.002E-03
             519     839.004E-03     22.1307E-03    -64.1860E-03    -836.252E-03
             520     733.544E-03     26.6232E-03    -56.1006E-03    -730.911E-03
             521     610.121E-03     30.4602E-03    -46.6339E-03    -607.573E-03
             522     471.848E-03     33.5472E-03    -36.0188E-03    -469.274E-03
             523     322.354E-03     35.8082E-03    -24.5169E-03    -319.420E-03
             524     166.385E-03     37.1874E-03    -12.4112E-03    -161.701E-03
             525     37.6509E-03     37.6509E-03    -138.973E-33     1.45517E-33
             526     48.7470E-03    -48.7470E-03    -123.301E-33     2.90831E-33
             527     215.116E-03    -48.1468E-03    -11.2692E-03    -209.355E-03
             528     416.741E-03    -46.3611E-03    -22.2609E-03    -413.556E-03
             529     610.001E-03    -43.4339E-03    -32.7044E-03    -607.573E-03
             530     788.755E-03    -39.4371E-03    -42.3427E-03    -786.629E-03
             531     948.313E-03    -34.4693E-03    -50.9383E-03    -946.317E-03
             532         1.08465    -28.6527E-03    -58.2797E-03        -1.08270
             533         1.19436    -22.1307E-03    -64.1860E-03        -1.19243
             534         1.27472    -15.0636E-03    -68.5119E-03        -1.27279
             535         1.32375    -7.62570E-03    -71.1507E-03        -1.32182
             536         1.34023    -62.7664E-18    -72.0377E-03        -1.33829
             537         1.32375     7.62570E-03    -71.1507E-03        -1.32182
             538         1.27472     15.0636E-03    -68.5119E-03        -1.27279
             539         1.19436     22.1307E-03    -64.1860E-03        -1.19243
             540         1.08465     28.6527E-03    -58.2797E-03        -1.08270
             541     948.313E-03     34.4693E-03    -50.9383E-03    -946.317E-03
             542     788.755E-03     39.4371E-03    -42.3427E-03    -786.629E-03
             543     610.001E-03     43.4339E-03    -32.7044E-03    -607.573E-03
             544     416.741E-03     46.3611E-03    -22.2609E-03    -413.556E-03
             545     215.116E-03     48.1468E-03    -11.2692E-03    -209.355E-03
             546     48.7470E-03     48.7470E-03    -123.301E-33     2.90831E-33
             547     58.6427E-03    -58.6427E-03    -104.594E-33     4.28984E-33
             548     258.617E-03    -57.9207E-03    -9.84962E-03    -251.855E-03
             549     501.002E-03    -55.7725E-03    -19.4567E-03    -497.508E-03
             550     733.334E-03    -52.2510E-03    -28.5847E-03    -730.911E-03
             551     948.228E-03    -47.4429E-03    -37.0088E-03    -946.317E-03
             552         1.14005    -41.4666E-03    -44.5217E-03        -1.13842
             553         1.30394    -34.4693E-03    -50.9383E-03        -1.30249
             554         1.43584    -26.6232E-03    -56.1006E-03        -1.43449
             555         1.53245    -18.1216E-03    -59.8816E-03        -1.53117
             556         1.59139    -9.17374E-03    -62.1880E-03        -1.59015
             557         1.61120     47.2137E-18    -62.9632E-03        -1.60997
             558         1.59139     9.17374E-03    -62.1880E-03        -1.59015
             559         1.53245     18.1216E-03    -59.8816E-03        -1.53117
             560         1.43584     26.6232E-03    -56.1006E-03        -1.43449
             561         1.30394     34.4693E-03    -50.9383E-03        -1.30249
             562         1.14005     41.4666E-03    -44.5217E-03        -1.13842
             563     948.228E-03     47.4429E-03    -37.0088E-03    -946.317E-03
             564     733.334E-03     52.2510E-03    -28.5847E-03    -730.911E-03
             565     501.002E-03     55.7725E-03    -19.4567E-03    -497.508E-03
             566     258.617E-03     57.9207E-03    -9.84962E-03    -251.855E-03
             567     58.6427E-03     58.6427E-03    -104.594E-33     4.28984E-33
             568     67.0944E-03    -67.0944E-03    -83.3108E-33     5.56574E-33
             569     295.788E-03    -66.2684E-03    -8.18753E-03    -288.153E-03
             570     573.004E-03    -63.8106E-03    -16.1735E-03    -569.210E-03
             571     838.723E-03    -59.7816E-03    -23.7611E-03    -836.252E-03
             572         1.08450    -54.2805E-03    -30.7637E-03        -1.08270
             573         1.30388    -47.4429E-03    -37.0088E-03        -1.30249
             574         1.49134    -39.4371E-03    -42.3427E-03        -1.49021
             575         1.64218    -30.4602E-03    -46.6339E-03        -1.64124
             576         1.75268    -20.7333E-03    -49.7768E-03        -1.75185
             577         1.82009    -10.4959E-03    -51.6940E-03        -1.81933
             578         1.84275    -14.6079E-18    -52.3384E-03        -1.84200
             579         1.82009     10.4959E-03    -51.6940E-03        -1.81933
             580         1.75268     20.7333E-03    -49.7768E-03        -1.75185
             581         1.64218     30.4602E-03    -46.6339E-03        -1.64124
             582         1.49134     39.4371E-03    -42.3427E-03        -1.49021
             583         1.30388     47.4429E-03    -37.0088E-03        -1.30249
             584         1.08450     54.2805E-03    -30.7637E-03        -1.08270
             585     838.723E-03     59.7816E-03    -23.7611E-03    -836.252E-03
             586     573.004E-03     63.8106E-03    -16.1735E-03    -569.210E-03
             587     295.788E-03     66.2684E-03    -8.18753E-03    -288.153E-03
             588     67.0944E-03     67.0944E-03    -83.3108E-33     5.56574E-33
             589     73.8941E-03    -73.8941E-03    -59.9764E-33     6.70459E-33
             590     325.701E-03    -72.9843E-03    -6.32384E-03    -317.356E-03
             591     630.947E-03    -70.2775E-03    -12.4920E-03    -626.897E-03
             592     923.535E-03    -65.8401E-03    -18.3525E-03    -921.002E-03
             593         1.19416    -59.7816E-03    -23.7611E-03        -1.19243
             594         1.43573    -52.2510E-03    -28.5847E-03        -1.43449
             595         1.64214    -43.4339E-03    -32.7044E-03        -1.64124
             596         1.80824    -33.5472E-03    -36.0188E-03        -1.80757
             597         1.92991    -22.8345E-03    -38.4463E-03        -1.92939
             598         2.00414    -11.5596E-03    -39.9272E-03        -2.00370
             599         2.02908     67.4112E-18    -40.4249E-03        -2.02868
             600         2.00414     11.5596E-03    -39.9272E-03        -2.00370
             601         1.92991     22.8345E-03    -38.4463E-03        -1.92939
             602         1.80824     33.5472E-03    -36.0188E-03        -1.80757
             603         1.64214     43.4339E-03    -32.7044E-03        -1.64124
             604         1.43573     52.2510E-03    -28.5847E-03        -1.43449
             605         1.19416     59.7816E-03    -23.7611E-03        -1.19243
             606     923.535E-03     65.8401E-03    -18.3525E-03    -921.002E-03
             607     630.947E-03     70.2775E-03    -12.4920E-03    -626.897E-03
             608     325.701E-03     72.9843E-03    -6.32384E-03    -317.356E-03
             609     73.8941E-03     73.8941E-03    -59.9764E-33     6.70459E-33
             610     78.8742E-03    -78.8742E-03    -35.1652E-33     7.67835E-33
             611     347.613E-03    -77.9032E-03    -4.30444E-03    -338.744E-03
             612     673.392E-03    -75.0139E-03    -8.50289E-03    -669.147E-03
             613     985.661E-03    -70.2775E-03    -12.4920E-03    -983.073E-03
             614         1.27449    -63.8106E-03    -16.1735E-03        -1.27279
             615         1.53231    -55.7725E-03    -19.4567E-03        -1.53117
             616         1.75260    -46.3611E-03    -22.2609E-03        -1.75185
             617         1.92988    -35.8082E-03    -24.5169E-03        -1.92939
             618         2.05973    -24.3735E-03    -26.1692E-03        -2.05942
             619         2.13895    -12.3386E-03    -27.1772E-03        -2.13875
             620         2.16558     11.6592E-18    -27.5159E-03        -2.16540
             621         2.13895     12.3386E-03    -27.1772E-03        -2.13875
             622         2.05973     24.3735E-03    -26.1692E-03        -2.05942
             623         1.92988     35.8082E-03    -24.5169E-03        -1.92939
             624         1.75260     46.3611E-03    -22.2609E-03        -1.75185
             625         1.53231     55.7725E-03    -19.4567E-03        -1.53117
             626         1.27449     63.8106E-03    -16.1735E-03        -1.27279
             627     985.661E-03     70.2775E-03    -12.4920E-03    -983.073E-03
             628     673.392E-03     75.0139E-03    -8.50289E-03    -669.147E-03
             629     347.613E-03     77.9032E-03    -4.30444E-03    -338.744E-03
             630     78.8742E-03     78.8742E-03    -35.1652E-33     7.67835E-33
             631     81.9122E-03    -81.9122E-03    -9.48812E-33     8.46305E-33
             632     360.981E-03    -80.9038E-03    -2.17905E-03    -351.791E-03
             633     699.287E-03    -77.9032E-03    -4.30444E-03    -694.920E-03
             634         1.02356    -72.9843E-03    -6.32384E-03        -1.02094
             635         1.32350    -66.2684E-03    -8.18753E-03        -1.32182
             636         1.59123    -57.9207E-03    -9.84962E-03        -1.59015
             637         1.82000    -48.1468E-03    -11.2692E-03        -1.81933
             638         2.00409    -37.1874E-03    -12.4112E-03        -2.00370
             639         2.13894    -25.3123E-03    -13.2477E-03        -2.13875
             640         2.22120    -12.8139E-03    -13.7580E-03        -2.22112
             641         2.24885     159.420E-18    -13.9295E-03        -2.24881
             642         2.22120     12.8139E-03    -13.7580E-03        -2.22112
             643         2.13894     25.3123E-03    -13.2477E-03        -2.13875
             644         2.00409     37.1874E-03    -12.4112E-03        -2.00370
             645         1.82000     48.1468E-03    -11.2692E-03        -1.81933
             646         1.59123     57.9207E-03    -9.84962E-03        -1.59015
             647         1.32350     66.2684E-03    -8.18753E-03        -1.32182
             648         1.02356     72.9843E-03    -6.32384E-03        -1.02094
             649     699.287E-03     77.9032E-03    -4.30444E-03    -694.920E-03
             650     360.981E-03     80.9038E-03    -2.17905E-03    -351.791E-03
             651     81.9122E-03     81.9122E-03    -9.48812E-33     8.46305E-33
             652     82.9333E-03    -82.9333E-03     16.4226E-33     9.03936E-33
             653     365.474E-03    -81.9122E-03     513.164E-18    -356.176E-03
             654     707.990E-03    -78.8742E-03     205.234E-18    -703.583E-03
             655         1.03630    -73.8941E-03    -134.008E-18        -1.03366
             656         1.33997    -67.0944E-03     93.9655E-18        -1.33829
             657         1.61104    -58.6427E-03     295.419E-18        -1.60997
             658         1.84265    -48.7470E-03     89.7746E-18        -1.84200
             659         2.02903    -37.6509E-03     115.495E-18        -2.02868
             660         2.16556    -25.6278E-03     380.791E-18        -2.16540
             661         2.24885    -12.9736E-03     511.158E-18        -2.24881
             662         2.27684     145.018E-18     364.879E-18        -2.27684
             663         2.24885     12.9736E-03     311.843E-18        -2.24881
             664         2.16556     25.6278E-03     272.523E-18        -2.16540
             665         2.02903     37.6509E-03    -257.114E-18        -2.02868
             666         1.84265     48.7470E-03    -343.127E-18        -1.84200
             667         1.61104     58.6427E-03    -44.2238E-18        -1.60997
             668         1.33997     67.0944E-03     40.4322E-18        -1.33829
             669         1.03630     73.8941E-03    -408.400E-18        -1.03366
             670     707.990E-03     78.8742E-03    -213.375E-18    -703.583E-03
             671     365.474E-03     81.9122E-03     194.380E-18    -356.176E-03
             672     82.9333E-03     82.9333E-03     16.4226E-33     9.03936E-33
             673     81.9122E-03    -81.9122E-03     41.9289E-33     9.39309E-33
             674     360.981E-03    -80.9038E-03     2.17905E-03    -351.791E-03
             675     699.287E-03    -77.9032E-03     4.30444E-03    -694.920E-03
             676         1.02356    -72.9843E-03     6.32384E-03        -1.02094
             677         1.32350    -66.2684E-03     8.18753E-03        -1.32182
             678         1.59123    -57.9207E-03     9.84962E-03        -1.59015
             679         1.82000    -48.1468E-03     11.2692E-03        -1.81933
             680         2.00409    -37.1874E-03     12.4112E-03        -2.00370
             681         2.13894    -25.3123E-03     13.2477E-03        -2.13875
             682         2.22120    -12.8139E-03     13.7580E-03        -2.22112
             683         2.24885     90.9742E-18     13.9295E-03        -2.24881
             684         2.22120     12.8139E-03     13.7580E-03        -2.22112
             685         2.13894     25.3123E-03     13.2477E-03        -2.13875
             686         2.00409     37.1874E-03     12.4112E-03        -2.00370
             687         1.82000     48.1468E-03     11.2692E-03        -1.81933
             688         1.59123     57.9207E-03     9.84962E-03        -1.59015
             689         1.32350     66.2684E-03     8.18753E-03        -1.32182
             690         1.02356     72.9843E-03     6.32384E-03        -1.02094
             691     699.287E-03     77.9032E-03     4.30444E-03    -694.920E-03
             692     360.981E-03     80.9038E-03     2.17905E-03    -351.791E-03
             693     81.9122E-03     81.9122E-03     41.9289E-33     9.39309E-33
             694     78.8742E-03    -78.8742E-03     66.4028E-33     9.51553E-33
             695     347.613E-03    -77.9032E-03     4.30444E-03    -338.744E-03
             696     673.392E-03    -75.0139E-03     8.50289E-03    -669.147E-03
             697     985.661E-03    -70.2775E-03     12.4920E-03    -983.073E-03
             698         1.27449    -63.8106E-03     16.1735E-03        -1.27279
             699         1.53231    -55.7725E-03     19.4567E-03        -1.53117
             700         1.75260    -46.3611E-03     22.2609E-03        -1.75185
             701         1.92988    -35.8082E-03     24.5169E-03        -1.92939
             702         2.05973    -24.3735E-03     26.1692E-03        -2.05942
             703         2.13895    -12.3386E-03     27.1772E-03        -2.13875
             704         2.16558    -27.5319E-18     27.5159E-03        -2.16540
             705         2.13895     12.3386E-03     27.1772E-03        -2.13875
             706         2.05973     24.3735E-03     26.1692E-03        -2.05942
             707         1.92988     35.8082E-03     24.5169E-03        -1.92939
             708         1.75260     46.3611E-03     22.2609E-03        -1.75185
             709         1.53231     55.7725E-03     19.4567E-03        -1.53117
             710         1.27449     63.8106E-03     16.1735E-03        -1.27279
             711     985.661E-03     70.2775E-03     12.4920E-03    -983.073E-03
             712     673.392E-03     75.0139E-03     8.50289E-03    -669.147E-03
             713     347.613E-03     77.9032E-03     4.30444E-03    -338.744E-03
             714     78.8742E-03     78.8742E-03     66.4028E-33     9.51553E-33
             715     73.8941E-03    -73.8941E-03     89.2417E-33     9.40366E-33
             716     325.701E-03    -72.9843E-03     6.32384E-03    -317.356E-03
             717     630.947E-03    -70.2775E-03     12.4920E-03    -626.897E-03
             718     923.535E-03    -65.8401E-03     18.3525E-03    -921.002E-03
             719         1.19416    -59.7816E-03     23.7611E-03        -1.19243
             720         1.43573    -52.2510E-03     28.5847E-03        -1.43449
             721         1.64214    -43.4339E-03     32.7044E-03        -1.64124
             722         1.80824    -33.5472E-03     36.0188E-03        -1.80757
             723         1.92991    -22.8345E-03     38.4463E-03        -1.92939
             724         2.00414    -11.5596E-03     39.9272E-03        -2.00370
             725         2.02908    -95.4636E-18     40.4249E-03        -2.02868
             726         2.00414     11.5596E-03     39.9272E-03        -2.00370
             727         1.92991     22.8345E-03     38.4463E-03        -1.92939
             728         1.80824     33.5472E-03     36.0188E-03        -1.80757
             729         1.64214     43.4339E-03     32.7044E-03        -1.64124
             730         1.43573     52.2510E-03     28.5847E-03        -1.43449
             731         1.19416     59.7816E-03     23.7611E-03        -1.19243
             732     923.535E-03     65.8401E-03     18.3525E-03    -921.002E-03
             733     630.947E-03     70.2775E-03     12.4920E-03    -626.897E-03
             734     325.701E-03     72.9843E-03     6.32384E-03    -317.356E-03
             735     73.8941E-03     73.8941E-03     89.2417E-33     9.40366E-33
             736     67.0944E-03    -67.0944E-03     109.883E-33     9.06025E-33
             737     295.788E-03    -66.2684E-03     8.18753E-03    -288.153E-03
             738     573.004E-03    -63.8106E-03     16.1735E-03    -569.210E-03
             739     838.723E-03    -59.7816E-03     23.7611E-03    -836.252E-03
             740         1.08450    -54.2805E-03     30.7637E-03        -1.08270
             741         1.30388    -47.4429E-03     37.0088E-03        -1.30249
             742         1.49134    -39.4371E-03     42.3427E-03        -1.49021
             743         1.64218    -30.4602E-03     46.6339E-03        -1.64124
             744         1.75268    -20.7333E-03     49.7768E-03        -1.75185
             745         1.82009    -10.4959E-03     51.6940E-03        -1.81933
             746         1.84275    -81.7617E-18     52.3384E-03        -1.84200
             747         1.82009     10.4959E-03     51.6940E-03        -1.81933
             748         1.75268     20.7333E-03     49.7768E-03        -1.75185
             749         1.64218     30.4602E-03     46.6339E-03        -1.64124
             750         1.49134     39.4371E-03     42.3427E-03        -1.49021
             751         1.30388     47.4429E-03     37.0088E-03        -1.30249
             752         1.08450     54.2805E-03     30.7637E-03        -1.08270
             753     838.723E-03     59.7816E-03     23.7611E-03    -836.252E-03
             754     573.004E-03     63.8106E-03     16.1735E-03    -569.210E-03
             755     295.788E-03     66.2684E-03     8.18753E-03    -288.153E-03
             756     67.0944E-03     67.0944E-03     109.883E-33     9.06025E-33
             757     58.6427E-03    -58.6427E-03     127.819E-33     8.49374E-33
             758     258.617E-03    -57.9207E-03     9.84962E-03    -251.855E-03
             759     501.002E-03    -55.7725E-03     19.4567E-03    -497.508E-03
             760     733.334E-03    -52.2510E-03     28.5847E-03    -730.911E-03
             761     948.228E-03    -47.4429E-03     37.0088E-03    -946.317E-03
             762         1.14005    -41.4666E-03     44.5217E-03        -1.13842
             763         1.30394    -34.4693E-03     50.9383E-03        -1.30249
             764         1.43584    -26.6232E-03     56.1006E-03        -1.43449
             765         1.53245    -18.1216E-03     59.8816E-03        -1.53117
             766         1.59139    -9.17374E-03     62.1880E-03        -1.59015
             767         1.61120    -102.187E-18     62.9632E-03        -1.60997
             768         1.59139     9.17374E-03     62.1880E-03        -1.59015
             769         1.53245     18.1216E-03     59.8816E-03        -1.53117
             770         1.43584     26.6232E-03     56.1006E-03        -1.43449
             771         1.30394     34.4693E-03     50.9383E-03        -1.30249
             772         1.14005     41.4666E-03     44.5217E-03        -1.13842
             773     948.228E-03     47.4429E-03     37.0088E-03    -946.317E-03
             774     733.334E-03     52.2510E-03     28.5847E-03    -730.911E-03
             775     501.002E-03     55.7725E-03     19.4567E-03    -497.508E-03
             776     258.617E-03     57.9207E-03     9.84962E-03    -251.855E-03
             777     58.6427E-03     58.6427E-03     127.819E-33     8.49374E-33
             778     48.7470E-03    -48.7470E-03     142.607E-33     7.71809E-33
             779     215.116E-03    -48.1468E-03     11.2692E-03    -209.355E-03
             780     416.741E-03    -46.3611E-03     22.2609E-03    -413.556E-03
             781     610.001E-03    -43.4339E-03     32.7044E-03    -607.573E-03
             782     788.755E-03    -39.4371E-03     42.3427E-03    -786.629E-03
             783     948.313E-03    -34.4693E-03     50.9383E-03    -946.317E-03
             784         1.08465    -28.6527E-03     58.2797E-03        -1.08270
             785         1.19436    -22.1307E-03     64.1860E-03        -1.19243
             786         1.27472    -15.0636E-03     68.5119E-03        -1.27279
             787         1.32375    -7.62570E-03     71.1507E-03        -1.32182
             788         1.34023    -195.678E-18     72.0377E-03        -1.33829
             789         1.32375     7.62570E-03     71.1507E-03        -1.32182
             790         1.27472     15.0636E-03     68.5119E-03        -1.27279
             791         1.19436     22.1307E-03     64.1860E-03        -1.19243
             792         1.08465     28.6527E-03     58.2797E-03        -1.08270
             793     948.313E-03     34.4693E-03     50.9383E-03    -946.317E-03
             794     788.755E-03     39.4371E-03     42.3427E-03    -786.629E-03
             795     610.001E-03     43.4339E-03     32.7044E-03    -607.573E-03
             796     416.741E-03     46.3611E-03     22.2609E-03    -413.556E-03
             797     215.116E-03     48.1468E-03     11.2692E-03    -209.355E-03
             798     48.7470E-03     48.7470E-03     142.607E-33     7.71809E-33
             799     37.6509E-03    -37.6509E-03     153.884E-33     6.75239E-33
             800     166.385E-03    -37.1874E-03     12.4112E-03    -161.701E-03
             801     322.354E-03    -35.8082E-03     24.5169E-03    -319.420E-03
             802     471.848E-03    -33.5472E-03     36.0188E-03    -469.274E-03
             803     610.121E-03    -30.4602E-03     46.6339E-03    -607.573E-03
             804     733.544E-03    -26.6232E-03     56.1006E-03    -730.911E-03
             805     839.004E-03    -22.1307E-03     64.1860E-03    -836.252E-03
             806     923.869E-03    -17.0932E-03     70.6909E-03    -921.002E-03
             807     986.033E-03    -11.6348E-03     75.4552E-03    -983.073E-03
             808         1.02396    -5.88990E-03     78.3615E-03        -1.02094
             809         1.03670    -301.132E-18     79.3383E-03        -1.03366
             810         1.02396     5.88990E-03     78.3615E-03        -1.02094
             811     986.033E-03     11.6348E-03     75.4552E-03    -983.073E-03
             812     923.869E-03     17.0932E-03     70.6909E-03    -921.002E-03
             813     839.004E-03     22.1307E-03     64.1860E-03    -836.252E-03
             814     733.544E-03     26.6232E-03     56.1006E-03    -730.911E-03
             815     610.121E-03     30.4602E-03     46.6339E-03    -607.573E-03
             816     471.848E-03     33.5472E-03     36.0188E-03    -469.274E-03
             817     322.354E-03     35.8082E-03     24.5169E-03    -319.420E-03
             818     166.385E-03     37.1874E-03     12.4112E-03    -161.701E-03
             819     37.6509E-03     37.6509E-03     153.884E-33     6.75239E-33
             820     25.6278E-03    -25.6278E-03     161.372E-33     5.62043E-33
             821     113.712E-03    -25.3123E-03     13.2477E-03    -110.065E-03
             822     220.340E-03    -24.3735E-03     26.1692E-03    -217.419E-03
             823     322.535E-03    -22.8345E-03     38.4463E-03    -319.420E-03
             824     417.056E-03    -20.7333E-03     49.7768E-03    -413.556E-03
             825     501.426E-03    -18.1216E-03     59.8816E-03    -497.508E-03
             826     573.517E-03    -15.0636E-03     68.5119E-03    -569.210E-03
             827     631.529E-03    -11.6348E-03     75.4552E-03    -626.897E-03
             828     674.023E-03    -7.91942E-03     80.5405E-03    -669.147E-03
             829     699.948E-03    -4.00907E-03     83.6427E-03    -694.920E-03
             830     708.661E-03    -297.277E-18     84.6853E-03    -703.583E-03
             831     699.948E-03     4.00907E-03     83.6427E-03    -694.920E-03
             832     674.023E-03     7.91942E-03     80.5405E-03    -669.147E-03
             833     631.529E-03     11.6348E-03     75.4552E-03    -626.897E-03
             834     573.517E-03     15.0636E-03     68.5119E-03    -569.210E-03
             835     501.426E-03     18.1216E-03     59.8816E-03    -497.508E-03
             836     417.056E-03     20.7333E-03     49.7768E-03    -413.556E-03
             837     322.535E-03     22.8345E-03     38.4463E-03    -319.420E-03
             838     220.340E-03     24.3735E-03     26.1692E-03    -217.419E-03
             839     113.712E-03     25.3123E-03     13.2477E-03    -110.065E-03
             840     25.6278E-03     25.6278E-03     161.372E-33     5.62043E-33
             841     12.9736E-03    -12.9736E-03     164.886E-33     4.35007E-33
             842     58.8048E-03    -12.8139E-03     13.7580E-03    -55.7183E-03
             843     114.040E-03    -12.3386E-03     27.1772E-03    -110.065E-03
             844     166.958E-03    -11.5596E-03     39.9272E-03    -161.701E-03
             845     215.898E-03    -10.4959E-03     51.6940E-03    -209.355E-03
             846     259.581E-03    -9.17374E-03     62.1880E-03    -251.855E-03
             847     296.905E-03    -7.62570E-03     71.1507E-03    -288.153E-03
             848     326.940E-03    -5.88990E-03     78.3615E-03    -317.356E-03
             849     348.941E-03    -4.00907E-03     83.6427E-03    -338.744E-03
             850     362.363E-03    -2.02952E-03     86.8644E-03    -351.791E-03
             851     366.874E-03    -136.249E-18     87.9472E-03    -356.176E-03
             852     362.363E-03     2.02952E-03     86.8644E-03    -351.791E-03
             853     348.941E-03     4.00907E-03     83.6427E-03    -338.744E-03
             854     326.940E-03     5.88990E-03     78.3615E-03    -317.356E-03
             855     296.905E-03     7.62570E-03     71.1507E-03    -288.153E-03
             856     259.581E-03     9.17374E-03     62.1880E-03    -251.855E-03
             857     215.898E-03     10.4959E-03     51.6940E-03    -209.355E-03
             858     166.958E-03     11.5596E-03     39.9272E-03    -161.701E-03
             859     114.040E-03     12.3386E-03     27.1772E-03    -110.065E-03
             860     58.8048E-03     12.8139E-03     13.7580E-03    -55.7183E-03
             861     12.9736E-03     12.9736E-03     164.886E-33     4.35007E-33
             862              0.    -59.6709E-33     54.6812E-33     2.33266E-33
             863     13.9295E-03    -154.873E-33     13.9295E-03    -16.5171E-36
             864     27.5159E-03    -138.615E-33     27.5159E-03     2.93998E-33
             865     40.4249E-03    -118.944E-33     40.4249E-03     5.82408E-33
             866     52.3384E-03    -96.3434E-33     52.3384E-03     8.56477E-33
             867     62.9632E-03    -71.3708E-33     62.9632E-03     11.0946E-33
             868     72.0377E-03    -44.6409E-33     72.0377E-03     13.3512E-33
             869     79.3383E-03    -16.8118E-33     79.3383E-03     15.2791E-33
             870     84.6853E-03     11.4313E-33     84.6853E-03     16.8307E-33
             871     87.9472E-03     39.3929E-33     87.9472E-03     17.9679E-33
             872     89.0434E-03     66.3845E-33     89.0434E-03     18.6627E-33
             873     87.9472E-03     91.7415E-33     87.9472E-03     18.8980E-33
             874     84.6853E-03     114.840E-33     84.6853E-03     18.6679E-33
             875     79.3383E-03     135.110E-33     79.3383E-03     17.9781E-33
             876     72.0377E-03     152.053E-33     72.0377E-03     16.8457E-33
             877     62.9632E-03     165.253E-33     62.9632E-03     15.2985E-33
             878     52.3384E-03     174.383E-33     52.3384E-03     13.3745E-33
             879     40.4249E-03     179.219E-33     40.4249E-03     11.1213E-33
             880     27.5159E-03     179.643E-33     27.5159E-03     8.59421E-33
             881     13.9295E-03     175.643E-33     13.9295E-03     5.85550E-33
             882              0.     59.6709E-33     54.6812E-33     2.33266E-33
             883              0.    -56.0060E-33    -54.8684E-33     1.82977E-33
             884     12.5321E-03    -150.230E-33    -12.5321E-03    -1.96862E-33
             885     24.7556E-03    -142.334E-33    -24.7556E-03    -950.238E-36
             886     36.3695E-03    -130.933E-33    -36.3695E-03     91.5441E-36
             887     47.0879E-03    -116.308E-33    -47.0879E-03     1.13107E-33
             888     56.6468E-03    -98.8190E-33    -56.6468E-03     2.14275E-33
             889     64.8109E-03    -78.8968E-33    -64.8109E-03     3.10166E-33
             890     71.3792E-03    -57.0319E-33    -71.3792E-03     3.98421E-33
             891     76.1898E-03    -33.7627E-33    -76.1898E-03     4.76864E-33
             892     79.1244E-03    -9.66215E-33    -79.1244E-03     5.43566E-33
             893     80.1107E-03     14.6763E-33    -80.1107E-03     5.96884E-33
             894     79.1244E-03     38.6534E-33    -79.1244E-03     6.35504E-33
             895     76.1898E-03     61.6787E-33    -76.1898E-03     6.58476E-33
             896     71.3792E-03     83.1853E-33    -71.3792E-03     6.65234E-33
             897     64.8109E-03     102.644E-33    -64.8109E-03     6.55611E-33
             898     56.6468E-03     119.574E-33    -56.6468E-03     6.29846E-33
             899     47.0879E-03     133.561E-33    -47.0879E-03     5.88572E-33
             900     36.3695E-03     144.259E-33    -36.3695E-03     5.32804E-33
             901     24.7556E-03     151.405E-33    -24.7556E-03     4.63918E-33
             902     12.5321E-03     154.822E-33    -12.5321E-03     3.83608E-33
             903              0.     56.0060E-33    -54.8684E-33     1.82977E-33
             904     11.5926E-03    -11.5926E-03    -139.365E-33    -2.21314E-33
             905     58.2180E-03    -11.4499E-03    -12.3778E-03    -55.7228E-03
             906     113.294E-03    -11.0252E-03    -24.4508E-03    -110.073E-03
             907     165.977E-03    -10.3291E-03    -35.9217E-03    -161.714E-03
             908     214.680E-03    -9.37861E-03    -46.5082E-03    -209.372E-03
             909     258.144E-03    -8.19721E-03    -55.9494E-03    -251.875E-03
             910     295.279E-03    -6.81396E-03    -64.0130E-03    -288.176E-03
             911     325.160E-03    -5.26293E-03    -70.5004E-03    -317.381E-03
             912     347.047E-03    -3.58231E-03    -75.2518E-03    -338.771E-03
             913     360.400E-03    -1.81348E-03    -78.1503E-03    -351.820E-03
             914     364.887E-03    -55.3321E-18    -79.1244E-03    -356.205E-03
             915     360.400E-03     1.81348E-03    -78.1503E-03    -351.820E-03
             916     347.047E-03     3.58231E-03    -75.2518E-03    -338.771E-03
             917     325.160E-03     5.26293E-03    -70.5004E-03    -317.381E-03
             918     295.279E-03     6.81396E-03    -64.0130E-03    -288.176E-03
             919     258.144E-03     8.19721E-03    -55.9494E-03    -251.875E-03
             920     214.680E-03     9.37861E-03    -46.5082E-03    -209.372E-03
             921     165.977E-03     10.3291E-03    -35.9217E-03    -161.714E-03
             922     113.294E-03     11.0252E-03    -24.4508E-03    -110.073E-03
             923     58.2180E-03     11.4499E-03    -12.3778E-03    -55.7228E-03
             924     11.5926E-03     11.5926E-03    -139.365E-33    -2.21314E-33
             925     22.8998E-03    -22.8998E-03    -124.018E-33    -1.43326E-33
             926     113.003E-03    -22.6178E-03    -11.9187E-03    -110.073E-03
             927     219.789E-03    -21.7790E-03    -23.5440E-03    -217.437E-03
             928     321.960E-03    -20.4038E-03    -34.5895E-03    -319.446E-03
             929     416.419E-03    -18.5263E-03    -44.7833E-03    -413.589E-03
             930     500.718E-03    -16.1926E-03    -53.8743E-03    -497.548E-03
             931     572.742E-03    -13.4601E-03    -61.6389E-03    -569.256E-03
             932     630.698E-03    -10.3963E-03    -67.8856E-03    -626.947E-03
             933     673.150E-03    -7.07641E-03    -72.4608E-03    -669.201E-03
             934     699.048E-03    -3.58231E-03    -75.2518E-03    -694.976E-03
             935     707.752E-03    -69.7987E-18    -76.1898E-03    -703.639E-03
             936     699.048E-03     3.58231E-03    -75.2518E-03    -694.976E-03
             937     673.150E-03     7.07641E-03    -72.4608E-03    -669.201E-03
             938     630.698E-03     10.3963E-03    -67.8856E-03    -626.947E-03
             939     572.742E-03     13.4601E-03    -61.6389E-03    -569.256E-03
             940     500.718E-03     16.1926E-03    -53.8743E-03    -497.548E-03
             941     416.419E-03     18.5263E-03    -44.7833E-03    -413.589E-03
             942     321.960E-03     20.4038E-03    -34.5895E-03    -319.446E-03
             943     219.789E-03     21.7790E-03    -23.5440E-03    -217.437E-03
             944     113.003E-03     22.6178E-03    -11.9187E-03    -110.073E-03
             945     22.8998E-03     22.8998E-03    -124.018E-33    -1.43326E-33
             946     33.6430E-03    -33.6430E-03    -105.617E-33    -618.082E-36
             947     165.470E-03    -33.2288E-03    -11.1662E-03    -161.714E-03
             948     321.801E-03    -31.9964E-03    -22.0574E-03    -319.446E-03
             949     471.383E-03    -29.9762E-03    -32.4055E-03    -469.312E-03
             950     609.676E-03    -27.2178E-03    -41.9556E-03    -607.622E-03
             951     733.096E-03    -23.7892E-03    -50.4727E-03    -730.970E-03
             952     838.544E-03    -19.7749E-03    -57.7470E-03    -836.319E-03
             953     923.395E-03    -15.2736E-03    -63.5993E-03    -921.076E-03
             954     985.548E-03    -10.3963E-03    -67.8856E-03    -983.152E-03
             955         1.02347    -5.26293E-03    -70.5004E-03        -1.02102
             956         1.03621    -38.6683E-18    -71.3792E-03        -1.03375
             957         1.02347     5.26293E-03    -70.5004E-03        -1.02102
             958     985.548E-03     10.3963E-03    -67.8856E-03    -983.152E-03
             959     923.395E-03     15.2736E-03    -63.5993E-03    -921.076E-03
             960     838.544E-03     19.7749E-03    -57.7470E-03    -836.319E-03
             961     733.096E-03     23.7892E-03    -50.4727E-03    -730.970E-03
             962     609.676E-03     27.2178E-03    -41.9556E-03    -607.622E-03
             963     471.383E-03     29.9762E-03    -32.4055E-03    -469.312E-03
             964     321.801E-03     31.9964E-03    -22.0574E-03    -319.446E-03
             965     165.470E-03     33.2288E-03    -11.1662E-03    -161.714E-03
             966     33.6430E-03     33.6430E-03    -105.617E-33    -618.082E-36
             967     43.5579E-03    -43.5579E-03    -84.6154E-33     212.314E-36
             968     213.987E-03    -43.0216E-03    -10.1387E-03    -209.372E-03
             969     416.141E-03    -41.4260E-03    -20.0277E-03    -413.589E-03
             970     609.570E-03    -38.8104E-03    -29.4236E-03    -607.622E-03
             971     788.402E-03    -35.2391E-03    -38.0949E-03    -786.693E-03
             972     948.002E-03    -30.8001E-03    -45.8283E-03    -946.393E-03
             973         1.08436    -25.6027E-03    -52.4332E-03        -1.08279
             974         1.19409    -19.7749E-03    -57.7470E-03        -1.19252
             975         1.27446    -13.4601E-03    -61.6389E-03        -1.27290
             976         1.32349    -6.81396E-03    -64.0130E-03        -1.32192
             977         1.33997    -65.3732E-18    -64.8109E-03        -1.33840
             978         1.32349     6.81396E-03    -64.0130E-03        -1.32192
             979         1.27446     13.4601E-03    -61.6389E-03        -1.27290
             980         1.19409     19.7749E-03    -57.7470E-03        -1.19252
             981         1.08436     25.6027E-03    -52.4332E-03        -1.08279
             982     948.002E-03     30.8001E-03    -45.8283E-03    -946.393E-03
             983     788.402E-03     35.2391E-03    -38.0949E-03    -786.693E-03
             984     609.570E-03     38.8104E-03    -29.4236E-03    -607.622E-03
             985     416.141E-03     41.4260E-03    -20.0277E-03    -413.589E-03
             986     213.987E-03     43.0216E-03    -10.1387E-03    -209.372E-03
             987     43.5579E-03     43.5579E-03    -84.6154E-33     212.314E-36
             988     52.4003E-03    -52.4003E-03    -61.5304E-33     1.03748E-33
             989     257.290E-03    -51.7551E-03    -8.86152E-03    -251.875E-03
             990     500.344E-03    -49.8356E-03    -17.5048E-03    -497.548E-03
             991     732.911E-03    -46.6890E-03    -25.7171E-03    -730.970E-03
             992     947.927E-03    -42.3927E-03    -33.2962E-03    -946.393E-03
             993         1.13982    -37.0526E-03    -40.0554E-03        -1.13851
             994         1.30377    -30.8001E-03    -45.8283E-03        -1.30260
             995         1.43569    -23.7892E-03    -50.4727E-03        -1.43461
             996         1.53233    -16.1926E-03    -53.8743E-03        -1.53130
             997         1.59128    -8.19721E-03    -55.9494E-03        -1.59028
             998         1.61110     41.6891E-18    -56.6468E-03        -1.61010
             999         1.59128     8.19721E-03    -55.9494E-03        -1.59028
            1000         1.53233     16.1926E-03    -53.8743E-03        -1.53130
            1001         1.43569     23.7892E-03    -50.4727E-03        -1.43461
            1002         1.30377     30.8001E-03    -45.8283E-03        -1.30260
            1003         1.13982     37.0526E-03    -40.0554E-03        -1.13851
            1004     947.927E-03     42.3927E-03    -33.2962E-03    -946.393E-03
            1005     732.911E-03     46.6890E-03    -25.7171E-03    -730.970E-03
            1006     500.344E-03     49.8356E-03    -17.5048E-03    -497.548E-03
            1007     257.290E-03     51.7551E-03    -8.86152E-03    -251.875E-03
            1008     52.4003E-03     52.4003E-03    -61.5304E-33     1.03748E-33
            1009     59.9523E-03    -59.9523E-03    -36.9303E-33     1.83710E-33
            1010     294.289E-03    -59.2142E-03    -7.36617E-03    -288.176E-03
            1011     572.290E-03    -57.0181E-03    -14.5510E-03    -569.256E-03
            1012     838.296E-03    -53.4179E-03    -21.3775E-03    -836.319E-03
            1013         1.08423    -48.5025E-03    -27.6776E-03        -1.08279
            1014         1.30371    -42.3927E-03    -33.2962E-03        -1.30260
            1015         1.49124    -35.2391E-03    -38.0949E-03        -1.49033
            1016         1.64213    -27.2178E-03    -41.9556E-03        -1.64137
            1017         1.75266    -18.5263E-03    -44.7833E-03        -1.75199
            1018         1.82009    -9.37861E-03    -46.5082E-03        -1.81947
            1019         1.84275     69.3866E-18    -47.0879E-03        -1.84215
            1020         1.82009     9.37861E-03    -46.5082E-03        -1.81947
            1021         1.75266     18.5263E-03    -44.7833E-03        -1.75199
            1022         1.64213     27.2178E-03    -41.9556E-03        -1.64137
            1023         1.49124     35.2391E-03    -38.0949E-03        -1.49033
            1024         1.30371     42.3927E-03    -33.2962E-03        -1.30260
            1025         1.08423     48.5025E-03    -27.6776E-03        -1.08279
            1026     838.296E-03     53.4179E-03    -21.3775E-03    -836.319E-03
            1027     572.290E-03     57.0181E-03    -14.5510E-03    -569.256E-03
            1028     294.289E-03     59.2142E-03    -7.36617E-03    -288.176E-03
            1029     59.9523E-03     59.9523E-03    -36.9303E-33     1.83710E-33
            1030     66.0282E-03    -66.0282E-03    -11.4210E-33     2.59149E-33
            1031     324.062E-03    -65.2153E-03    -5.68944E-03    -317.381E-03
            1032     630.185E-03    -62.7965E-03    -11.2388E-03    -626.947E-03
            1033     923.100E-03    -58.8315E-03    -16.5114E-03    -921.076E-03
            1034         1.19391    -53.4179E-03    -21.3775E-03        -1.19252
            1035         1.43560    -46.6890E-03    -25.7171E-03        -1.43461
            1036         1.64209    -38.8104E-03    -29.4236E-03        -1.64137
            1037         1.80825    -29.9762E-03    -32.4055E-03        -1.80771
            1038         1.92996    -20.4038E-03    -34.5895E-03        -1.92955
            1039         2.00421    -10.3291E-03    -35.9217E-03        -2.00387
            1040         2.02917     221.385E-18    -36.3695E-03        -2.02884
            1041         2.00421     10.3291E-03    -35.9217E-03        -2.00387
            1042         1.92996     20.4038E-03    -34.5895E-03        -1.92955
            1043         1.80825     29.9762E-03    -32.4055E-03        -1.80771
            1044         1.64209     38.8104E-03    -29.4236E-03        -1.64137
            1045         1.43560     46.6890E-03    -25.7171E-03        -1.43461
            1046         1.19391     53.4179E-03    -21.3775E-03        -1.19252
            1047     923.100E-03     58.8315E-03    -16.5114E-03    -921.076E-03
            1048     630.185E-03     62.7965E-03    -11.2388E-03    -626.947E-03
            1049     324.062E-03     65.2153E-03    -5.68944E-03    -317.381E-03
            1050     66.0282E-03     66.0282E-03    -11.4210E-33     2.59149E-33
            1051     70.4782E-03    -70.4782E-03     14.3697E-33     3.28206E-33
            1052     345.871E-03    -69.6105E-03    -3.87263E-03    -338.771E-03
            1053     672.593E-03    -67.0287E-03    -7.64989E-03    -669.201E-03
            1054     985.220E-03    -62.7965E-03    -11.2388E-03    -983.152E-03
            1055         1.27425    -57.0181E-03    -14.5510E-03        -1.27290
            1056         1.53221    -49.8356E-03    -17.5048E-03        -1.53130
            1057         1.75259    -41.4260E-03    -20.0277E-03        -1.75199
            1058         1.92994    -31.9964E-03    -22.0574E-03        -1.92955
            1059         2.05984    -21.7790E-03    -23.5440E-03        -2.05959
            1060         2.13909    -11.0252E-03    -24.4508E-03        -2.13892
            1061         2.16572     101.832E-18    -24.7556E-03        -2.16558
            1062         2.13909     11.0252E-03    -24.4508E-03        -2.13892
            1063         2.05984     21.7790E-03    -23.5440E-03        -2.05959
            1064         1.92994     31.9964E-03    -22.0574E-03        -1.92955
            1065         1.75259     41.4260E-03    -20.0277E-03        -1.75199
            1066         1.53221     49.8356E-03    -17.5048E-03        -1.53130
            1067         1.27425     57.0181E-03    -14.5510E-03        -1.27290
            1068     985.220E-03     62.7965E-03    -11.2388E-03    -983.152E-03
            1069     672.593E-03     67.0287E-03    -7.64989E-03    -669.201E-03
            1070     345.871E-03     69.6105E-03    -3.87263E-03    -338.771E-03
            1071     70.4782E-03     70.4782E-03     14.3697E-33     3.28206E-33
            1072     73.1928E-03    -73.1928E-03     39.8065E-33     3.89182E-33
            1073     359.175E-03    -72.2917E-03    -1.96045E-03    -351.820E-03
            1074     698.465E-03    -69.6105E-03    -3.87263E-03    -694.976E-03
            1075         1.02312    -65.2153E-03    -5.68944E-03        -1.02102
            1076         1.32327    -59.2142E-03    -7.36617E-03        -1.32192
            1077         1.59114    -51.7551E-03    -8.86152E-03        -1.59028
            1078         1.82001    -43.0216E-03    -10.1387E-03        -1.81947
            1079         2.00417    -33.2288E-03    -11.1662E-03        -2.00387
            1080         2.13907    -22.6178E-03    -11.9187E-03        -2.13892
            1081         2.22137    -11.4499E-03    -12.3778E-03        -2.22130
            1082         2.24903     133.459E-18    -12.5321E-03        -2.24899
            1083         2.22137     11.4499E-03    -12.3778E-03        -2.22130
            1084         2.13907     22.6178E-03    -11.9187E-03        -2.13892
            1085         2.00417     33.2288E-03    -11.1662E-03        -2.00387
            1086         1.82001     43.0216E-03    -10.1387E-03        -1.81947
            1087         1.59114     51.7551E-03    -8.86152E-03        -1.59028
            1088         1.32327     59.2142E-03    -7.36617E-03        -1.32192
            1089         1.02312     65.2153E-03    -5.68944E-03        -1.02102
            1090     698.465E-03     69.6105E-03    -3.87263E-03    -694.976E-03
            1091     359.175E-03     72.2917E-03    -1.96045E-03    -351.820E-03
            1092     73.1928E-03     73.1928E-03     39.8065E-33     3.89182E-33
            1093     74.1052E-03    -74.1052E-03     64.2631E-33     4.40575E-33
            1094     363.647E-03    -73.1928E-03     250.189E-18    -356.205E-03
            1095     707.160E-03    -70.4782E-03     195.457E-18    -703.639E-03
            1096         1.03585    -66.0282E-03     113.912E-18        -1.03375
            1097         1.33974    -59.9523E-03     238.763E-18        -1.33840
            1098         1.61095    -52.4003E-03     346.758E-18        -1.61010
            1099         1.84267    -43.5579E-03     276.377E-18        -1.84215
            1100         2.02912    -33.6430E-03     327.181E-18        -2.02884
            1101         2.16570    -22.8998E-03     328.287E-18        -2.16558
            1102         2.24902    -11.5926E-03     399.357E-18        -2.24899
            1103         2.27702     87.8129E-18     326.877E-18        -2.27702
            1104         2.24902     11.5926E-03     217.951E-18        -2.24899
            1105         2.16570     22.8998E-03     190.937E-18        -2.16558
            1106         2.02912     33.6430E-03    -21.0152E-18        -2.02884
            1107         1.84267     43.5579E-03    -3.40120E-18        -1.84215
            1108         1.61095     52.4003E-03     5.07085E-18        -1.61010
            1109         1.33974     59.9523E-03     12.4511E-18        -1.33840
            1110         1.03585     66.0282E-03    -203.341E-18        -1.03375
            1111     707.160E-03     70.4782E-03    -135.473E-18    -703.639E-03
            1112     363.647E-03     73.1928E-03     6.75530E-18    -356.205E-03
            1113     74.1052E-03     74.1052E-03     64.2631E-33     4.40575E-33
            1114     73.1928E-03    -73.1928E-03     87.1373E-33     4.81120E-33
            1115     359.175E-03    -72.2917E-03     1.96045E-03    -351.820E-03
            1116     698.465E-03    -69.6105E-03     3.87263E-03    -694.976E-03
            1117         1.02312    -65.2153E-03     5.68944E-03        -1.02102
            1118         1.32327    -59.2142E-03     7.36617E-03        -1.32192
            1119         1.59114    -51.7551E-03     8.86152E-03        -1.59028
            1120         1.82001    -43.0216E-03     10.1387E-03        -1.81947
            1121         2.00417    -33.2288E-03     11.1662E-03        -2.00387
            1122         2.13907    -22.6178E-03     11.9187E-03        -2.13892
            1123         2.22137    -11.4499E-03     12.3778E-03        -2.22130
            1124         2.24903     95.1157E-18     12.5321E-03        -2.24899
            1125         2.22137     11.4499E-03     12.3778E-03        -2.22130
            1126         2.13907     22.6178E-03     11.9187E-03        -2.13892
            1127         2.00417     33.2288E-03     11.1662E-03        -2.00387
            1128         1.82001     43.0216E-03     10.1387E-03        -1.81947
            1129         1.59114     51.7551E-03     8.86152E-03        -1.59028
            1130         1.32327     59.2142E-03     7.36617E-03        -1.32192
            1131         1.02312     65.2153E-03     5.68944E-03        -1.02102
            1132     698.465E-03     69.6105E-03     3.87263E-03    -694.976E-03
            1133     359.175E-03     72.2917E-03     1.96045E-03    -351.820E-03
            1134     73.1928E-03     73.1928E-03     87.1373E-33     4.81120E-33
            1135     70.4782E-03    -70.4782E-03     107.866E-33     5.09817E-33
            1136     345.871E-03    -69.6105E-03     3.87263E-03    -338.771E-03
            1137     672.593E-03    -67.0287E-03     7.64989E-03    -669.201E-03
            1138     985.220E-03    -62.7965E-03     11.2388E-03    -983.152E-03
            1139         1.27425    -57.0181E-03     14.5510E-03        -1.27290
            1140         1.53221    -49.8356E-03     17.5048E-03        -1.53130
            1141         1.75259    -41.4260E-03     20.0277E-03        -1.75199
            1142         1.92994    -31.9964E-03     22.0574E-03        -1.92955
            1143         2.05984    -21.7790E-03     23.5440E-03        -2.05959
            1144         2.13909    -11.0252E-03     24.4508E-03        -2.13892
            1145         2.16572     65.4013E-18     24.7556E-03        -2.16558
            1146         2.13909     11.0252E-03     24.4508E-03        -2.13892
            1147         2.05984     21.7790E-03     23.5440E-03        -2.05959
            1148         1.92994     31.9964E-03     22.0574E-03        -1.92955
            1149         1.75259     41.4260E-03     20.0277E-03        -1.75199
            1150         1.53221     49.8356E-03     17.5048E-03        -1.53130
            1151         1.27425     57.0181E-03     14.5510E-03        -1.27290
            1152     985.220E-03     62.7965E-03     11.2388E-03    -983.152E-03
            1153     672.593E-03     67.0287E-03     7.64989E-03    -669.201E-03
            1154     345.871E-03     69.6105E-03     3.87263E-03    -338.771E-03
            1155     70.4782E-03     70.4782E-03     107.866E-33     5.09817E-33
            1156     66.0282E-03    -66.0282E-03     125.939E-33     5.25962E-33
            1157     324.062E-03    -65.2153E-03     5.68944E-03    -317.381E-03
            1158     630.185E-03    -62.7965E-03     11.2388E-03    -626.947E-03
            1159     923.100E-03    -58.8315E-03     16.5114E-03    -921.076E-03
            1160         1.19391    -53.4179E-03     21.3775E-03        -1.19252
            1161         1.43560    -46.6890E-03     25.7171E-03        -1.43461
            1162         1.64209    -38.8104E-03     29.4236E-03        -1.64137
            1163         1.80825    -29.9762E-03     32.4055E-03        -1.80771
            1164         1.92996    -20.4038E-03     34.5895E-03        -1.92955
            1165         2.00421    -10.3291E-03     35.9217E-03        -2.00387
            1166         2.02917     10.2018E-18     36.3695E-03        -2.02884
            1167         2.00421     10.3291E-03     35.9217E-03        -2.00387
            1168         1.92996     20.4038E-03     34.5895E-03        -1.92955
            1169         1.80825     29.9762E-03     32.4055E-03        -1.80771
            1170         1.64209     38.8104E-03     29.4236E-03        -1.64137
            1171         1.43560     46.6890E-03     25.7171E-03        -1.43461
            1172         1.19391     53.4179E-03     21.3775E-03        -1.19252
            1173     923.100E-03     58.8315E-03     16.5114E-03    -921.076E-03
            1174     630.185E-03     62.7965E-03     11.2388E-03    -626.947E-03
            1175     324.062E-03     65.2153E-03     5.68944E-03    -317.381E-03
            1176     66.0282E-03     66.0282E-03     125.939E-33     5.25962E-33
            1177     59.9523E-03    -59.9523E-03     140.910E-33     5.29155E-33
            1178     294.289E-03    -59.2142E-03     7.36617E-03    -288.176E-03
            1179     572.290E-03    -57.0181E-03     14.5510E-03    -569.256E-03
            1180     838.296E-03    -53.4179E-03     21.3775E-03    -836.319E-03
            1181         1.08423    -48.5025E-03     27.6776E-03        -1.08279
            1182         1.30371    -42.3927E-03     33.2962E-03        -1.30260
            1183         1.49124    -35.2391E-03     38.0949E-03        -1.49033
            1184         1.64213    -27.2178E-03     41.9556E-03        -1.64137
            1185         1.75266    -18.5263E-03     44.7833E-03        -1.75199
            1186         1.82009    -9.37861E-03     46.5082E-03        -1.81947
            1187         1.84275    -59.9121E-18     47.0879E-03        -1.84215
            1188         1.82009     9.37861E-03     46.5082E-03        -1.81947
            1189         1.75266     18.5263E-03     44.7833E-03        -1.75199
            1190         1.64213     27.2178E-03     41.9556E-03        -1.64137
            1191         1.49124     35.2391E-03     38.0949E-03        -1.49033
            1192         1.30371     42.3927E-03     33.2962E-03        -1.30260
            1193         1.08423     48.5025E-03     27.6776E-03        -1.08279
            1194     838.296E-03     53.4179E-03     21.3775E-03    -836.319E-03
            1195     572.290E-03     57.0181E-03     14.5510E-03    -569.256E-03
            1196     294.289E-03     59.2142E-03     7.36617E-03    -288.176E-03
            1197     59.9523E-03     59.9523E-03     140.910E-33     5.29155E-33
            1198     52.4003E-03    -52.4003E-03     152.412E-33     5.19319E-33
            1199     257.290E-03    -51.7551E-03     8.86152E-03    -251.875E-03
            1200     500.344E-03    -49.8356E-03     17.5048E-03    -497.548E-03
            1201     732.911E-03    -46.6890E-03     25.7171E-03    -730.970E-03
            1202     947.927E-03    -42.3927E-03     33.2962E-03    -946.393E-03
            1203         1.13982    -37.0526E-03     40.0554E-03        -1.13851
            1204         1.30377    -30.8001E-03     45.8283E-03        -1.30260
            1205         1.43569    -23.7892E-03     50.4727E-03        -1.43461
            1206         1.53233    -16.1926E-03     53.8743E-03        -1.53130
            1207         1.59128    -8.19721E-03     55.9494E-03        -1.59028
            1208         1.61110    -175.655E-18     56.6468E-03        -1.61010
            1209         1.59128     8.19721E-03     55.9494E-03        -1.59028
            1210         1.53233     16.1926E-03     53.8743E-03        -1.53130
            1211         1.43569     23.7892E-03     50.4727E-03        -1.43461
            1212         1.30377     30.8001E-03     45.8283E-03        -1.30260
            1213         1.13982     37.0526E-03     40.0554E-03        -1.13851
            1214     947.927E-03     42.3927E-03     33.2962E-03    -946.393E-03
            1215     732.911E-03     46.6890E-03     25.7171E-03    -730.970E-03
            1216     500.344E-03     49.8356E-03     17.5048E-03    -497.548E-03
            1217     257.290E-03     51.7551E-03     8.86152E-03    -251.875E-03
            1218     52.4003E-03     52.4003E-03     152.412E-33     5.19319E-33
            1219     43.5579E-03    -43.5579E-03     160.161E-33     4.96696E-33
            1220     213.987E-03    -43.0216E-03     10.1387E-03    -209.372E-03
            1221     416.141E-03    -41.4260E-03     20.0277E-03    -413.589E-03
            1222     609.570E-03    -38.8104E-03     29.4236E-03    -607.622E-03
            1223     788.402E-03    -35.2391E-03     38.0949E-03    -786.693E-03
            1224     948.002E-03    -30.8001E-03     45.8283E-03    -946.393E-03
            1225         1.08436    -25.6027E-03     52.4332E-03        -1.08279
            1226         1.19409    -19.7749E-03     57.7470E-03        -1.19252
            1227         1.27446    -13.4601E-03     61.6389E-03        -1.27290
            1228         1.32349    -6.81396E-03     64.0130E-03        -1.32192
            1229         1.33997    -240.162E-18     64.8109E-03        -1.33840
            1230         1.32349     6.81396E-03     64.0130E-03        -1.32192
            1231         1.27446     13.4601E-03     61.6389E-03        -1.27290
            1232         1.19409     19.7749E-03     57.7470E-03        -1.19252
            1233         1.08436     25.6027E-03     52.4332E-03        -1.08279
            1234     948.002E-03     30.8001E-03     45.8283E-03    -946.393E-03
            1235     788.402E-03     35.2391E-03     38.0949E-03    -786.693E-03
            1236     609.570E-03     38.8104E-03     29.4236E-03    -607.622E-03
            1237     416.141E-03     41.4260E-03     20.0277E-03    -413.589E-03
            1238     213.987E-03     43.0216E-03     10.1387E-03    -209.372E-03
            1239     43.5579E-03     43.5579E-03     160.161E-33     4.96696E-33
            1240     33.6430E-03    -33.6430E-03     163.966E-33     4.61842E-33
            1241     165.470E-03    -33.2288E-03     11.1662E-03    -161.714E-03
            1242     321.801E-03    -31.9964E-03     22.0574E-03    -319.446E-03
            1243     471.383E-03    -29.9762E-03     32.4055E-03    -469.312E-03
            1244     609.676E-03    -27.2178E-03     41.9556E-03    -607.622E-03
            1245     733.096E-03    -23.7892E-03     50.4727E-03    -730.970E-03
            1246     838.544E-03    -19.7749E-03     57.7470E-03    -836.319E-03
            1247     923.395E-03    -15.2736E-03     63.5993E-03    -921.076E-03
            1248     985.548E-03    -10.3963E-03     67.8856E-03    -983.152E-03
            1249         1.02347    -5.26293E-03     70.5004E-03        -1.02102
            1250         1.03621    -214.297E-18     71.3792E-03        -1.03375
            1251         1.02347     5.26293E-03     70.5004E-03        -1.02102
            1252     985.548E-03     10.3963E-03     67.8856E-03    -983.152E-03
            1253     923.395E-03     15.2736E-03     63.5993E-03    -921.076E-03
            1254     838.544E-03     19.7749E-03     57.7470E-03    -836.319E-03
            1255     733.096E-03     23.7892E-03     50.4727E-03    -730.970E-03
            1256     609.676E-03     27.2178E-03     41.9556E-03    -607.622E-03
            1257     471.383E-03     29.9762E-03     32.4055E-03    -469.312E-03
            1258     321.801E-03     31.9964E-03     22.0574E-03    -319.446E-03
            1259     165.470E-03     33.2288E-03     11.1662E-03    -161.714E-03
            1260     33.6430E-03     33.6430E-03     163.966E-33     4.61842E-33
            1261     22.8998E-03    -22.8998E-03     163.734E-33     4.15616E-33
            1262     113.003E-03    -22.6178E-03     11.9187E-03    -110.073E-03
            1263     219.789E-03    -21.7790E-03     23.5440E-03    -217.437E-03
            1264     321.960E-03    -20.4038E-03     34.5895E-03    -319.446E-03
            1265     416.419E-03    -18.5263E-03     44.7833E-03    -413.589E-03
            1266     500.718E-03    -16.1926E-03     53.8743E-03    -497.548E-03
            1267     572.742E-03    -13.4601E-03     61.6389E-03    -569.256E-03
            1268     630.698E-03    -10.3963E-03     67.8856E-03    -626.947E-03
            1269     673.150E-03    -7.07641E-03     72.4608E-03    -669.201E-03
            1270     699.048E-03    -3.58231E-03     75.2518E-03    -694.976E-03
            1271     707.752E-03    -237.214E-18     76.1898E-03    -703.639E-03
            1272     699.048E-03     3.58231E-03     75.2518E-03    -694.976E-03
            1273     673.150E-03     7.07641E-03     72.4608E-03    -669.201E-03
            1274     630.698E-03     10.3963E-03     67.8856E-03    -626.947E-03
            1275     572.742E-03     13.4601E-03     61.6389E-03    -569.256E-03
            1276     500.718E-03     16.1926E-03     53.8743E-03    -497.548E-03
            1277     416.419E-03     18.5263E-03     44.7833E-03    -413.589E-03
            1278     321.960E-03     20.4038E-03     34.5895E-03    -319.446E-03
            1279     219.789E-03     21.7790E-03     23.5440E-03    -217.437E-03
            1280     113.003E-03     22.6178E-03     11.9187E-03    -110.073E-03
            1281     22.8998E-03     22.8998E-03     163.734E-33     4.15616E-33
            1282     11.5926E-03    -11.5926E-03     159.471E-33     3.59156E-33
            1283     58.2180E-03    -11.4499E-03     12.3778E-03    -55.7228E-03
            1284     113.294E-03    -11.0252E-03     24.4508E-03    -110.073E-03
            1285     165.977E-03    -10.3291E-03     35.9217E-03    -161.714E-03
            1286     214.680E-03    -9.37861E-03     46.5082E-03    -209.372E-03
            1287     258.144E-03    -8.19721E-03     55.9494E-03    -251.875E-03
            1288     295.279E-03    -6.81396E-03     64.0130E-03    -288.176E-03
            1289     325.160E-03    -5.26293E-03     70.5004E-03    -317.381E-03
            1290     347.047E-03    -3.58231E-03     75.2518E-03    -338.771E-03
            1291     360.400E-03    -1.81348E-03     78.1503E-03    -351.820E-03
            1292     364.887E-03    -172.870E-18     79.1244E-03    -356.205E-03
            1293     360.400E-03     1.81348E-03     78.1503E-03    -351.820E-03
            1294     347.047E-03     3.58231E-03     75.2518E-03    -338.771E-03
            1295     325.160E-03     5.26293E-03     70.5004E-03    -317.381E-03
            1296     295.279E-03     6.81396E-03     64.0130E-03    -288.176E-03
            1297     258.144E-03     8.19721E-03     55.9494E-03    -251.875E-03
            1298     214.680E-03     9.37861E-03     46.5082E-03    -209.372E-03
            1299     165.977E-03     10.3291E-03     35.9217E-03    -161.714E-03
            1300     113.294E-03     11.0252E-03     24.4508E-03    -110.073E-03
            1301     58.2180E-03     11.4499E-03     12.3778E-03    -55.7228E-03
            1302     11.5926E-03     11.5926E-03     159.471E-33     3.59156E-33
            1303              0.    -56.0060E-33     54.8684E-33     1.82977E-33
            1304     12.5321E-03    -150.230E-33     12.5321E-03    -1.96862E-33
            1305     24.7556E-03    -142.334E-33     24.7556E-03    -950.238E-36
            1306     36.3695E-03    -130.933E-33     36.3695E-03     91.5441E-36
            1307     47.0879E-03    -116.308E-33     47.0879E-03     1.13107E-33
            1308     56.6468E-03    -98.8190E-33     56.6468E-03     2.14275E-33
            1309     64.8109E-03    -78.8968E-33     64.8109E-03     3.10166E-33
            1310     71.3792E-03    -57.0319E-33     71.3792E-03     3.98421E-33
            1311     76.1898E-03    -33.7627E-33     76.1898E-03     4.76864E-33
            1312     79.1244E-03    -9.66215E-33     79.1244E-03     5.43566E-33
            1313     80.1107E-03     14.6763E-33     80.1107E-03     5.96884E-33
            1314     79.1244E-03     38.6534E-33     79.1244E-03     6.35504E-33
            1315     76.1898E-03     61.6787E-33     76.1898E-03     6.58476E-33
            1316     71.3792E-03     83.1853E-33     71.3792E-03     6.65234E-33
            1317     64.8109E-03     102.644E-33     64.8109E-03     6.55611E-33
            1318     56.6468E-03     119.574E-33     56.6468E-03     6.29846E-33
            1319     47.0879E-03     133.561E-33     47.0879E-03     5.88572E-33
            1320     36.3695E-03     144.259E-33     36.3695E-03     5.32804E-33
            1321     24.7556E-03     151.405E-33     24.7556E-03     4.63918E-33
            1322     12.5321E-03     154.822E-33     12.5321E-03     3.83608E-33
            1323              0.     56.0060E-33     54.8684E-33     1.82977E-33
            1324              0.    -55.0517E-33    -51.1333E-33     1.43831E-33
            1325     11.1531E-03    -129.770E-33    -11.1531E-03    -2.26718E-33
            1326     22.0316E-03    -116.073E-33    -22.0316E-03    -1.68646E-33
            1327     32.3675E-03    -99.5191E-33    -32.3675E-03    -1.06422E-33
            1328     41.9065E-03    -80.5143E-33    -41.9065E-03    -415.766E-36
            1329     50.4136E-03    -59.5270E-33    -50.4136E-03     242.922E-36
            1330     57.6794E-03    -37.0739E-33    -57.6794E-03     895.629E-36
            1331     63.5249E-03    -13.7079E-33    -63.5249E-03     1.52628E-33
            1332     67.8062E-03     9.99555E-33    -67.8062E-03     2.11935E-33
            1333     70.4179E-03     33.4529E-33    -70.4179E-03     2.66024E-33
            1334     71.2956E-03     56.0866E-33    -71.2956E-03     3.13562E-33
            1335     70.4179E-03     77.3392E-33    -70.4179E-03     3.53379E-33
            1336     67.8062E-03     96.6874E-33    -67.8062E-03     3.84495E-33
            1337     63.5249E-03     113.655E-33    -63.5249E-03     4.06143E-33
            1338     57.6794E-03     127.824E-33    -57.6794E-03     4.17791E-33
            1339     50.4136E-03     138.845E-33    -50.4136E-03     4.19152E-33
            1340     41.9065E-03     146.448E-33    -41.9065E-03     4.10191E-33
            1341     32.3675E-03     150.445E-33    -32.3675E-03     3.91130E-33
            1342     22.0316E-03     150.737E-33    -22.0316E-03     3.62438E-33
            1343     11.1531E-03     147.317E-33    -11.1531E-03     3.24822E-33
            1344              0.     55.0517E-33    -51.1333E-33     1.43831E-33
            1345     10.2010E-03    -10.2010E-03    -134.503E-33    -3.53177E-33
            1346     57.6917E-03    -10.0754E-03    -11.0158E-03    -55.7267E-03
            1347     112.630E-03    -9.70174E-03    -21.7603E-03    -110.081E-03
            1348     165.105E-03    -9.08917E-03    -31.9690E-03    -161.725E-03
            1349     213.598E-03    -8.25279E-03    -41.3906E-03    -209.387E-03
            1350     256.869E-03    -7.21321E-03    -49.7930E-03    -251.893E-03
            1351     293.834E-03    -5.99601E-03    -56.9693E-03    -288.196E-03
            1352     323.579E-03    -4.63116E-03    -62.7428E-03    -317.404E-03
            1353     345.366E-03    -3.15229E-03    -66.9714E-03    -338.795E-03
            1354     358.657E-03    -1.59579E-03    -69.5509E-03    -351.845E-03
            1355     363.124E-03    -75.1096E-18    -70.4179E-03    -356.230E-03
            1356     358.657E-03     1.59579E-03    -69.5509E-03    -351.845E-03
            1357     345.366E-03     3.15229E-03    -66.9714E-03    -338.795E-03
            1358     323.579E-03     4.63116E-03    -62.7428E-03    -317.404E-03
            1359     293.834E-03     5.99601E-03    -56.9693E-03    -288.196E-03
            1360     256.869E-03     7.21321E-03    -49.7930E-03    -251.893E-03
            1361     213.598E-03     8.25279E-03    -41.3906E-03    -209.387E-03
            1362     165.105E-03     9.08917E-03    -31.9690E-03    -161.725E-03
            1363     112.630E-03     9.70174E-03    -21.7603E-03    -110.081E-03
            1364     57.6917E-03     10.0754E-03    -11.0158E-03    -55.7267E-03
            1365     10.2010E-03     10.2010E-03    -134.503E-33    -3.53177E-33
            1366     20.1508E-03    -20.1508E-03    -127.329E-33    -4.18450E-33
            1367     112.368E-03    -19.9028E-03    -10.6072E-03    -110.081E-03
            1368     219.298E-03    -19.1646E-03    -20.9533E-03    -217.452E-03
            1369     321.450E-03    -17.9545E-03    -30.7834E-03    -319.468E-03
            1370     415.854E-03    -16.3024E-03    -39.8555E-03    -413.618E-03
            1371     500.091E-03    -14.2488E-03    -47.9462E-03    -497.583E-03
            1372     572.056E-03    -11.8444E-03    -54.8564E-03    -569.297E-03
            1373     629.962E-03    -9.14829E-03    -60.4158E-03    -626.992E-03
            1374     672.377E-03    -6.22695E-03    -64.4875E-03    -669.248E-03
            1375     698.252E-03    -3.15229E-03    -66.9714E-03    -695.026E-03
            1376     706.949E-03    -90.1361E-18    -67.8062E-03    -703.689E-03
            1377     698.252E-03     3.15229E-03    -66.9714E-03    -695.026E-03
            1378     672.377E-03     6.22695E-03    -64.4875E-03    -669.248E-03
            1379     629.962E-03     9.14829E-03    -60.4158E-03    -626.992E-03
            1380     572.056E-03     11.8444E-03    -54.8564E-03    -569.297E-03
            1381     500.091E-03     14.2488E-03    -47.9462E-03    -497.583E-03
            1382     415.854E-03     16.3024E-03    -39.8555E-03    -413.618E-03
            1383     321.450E-03     17.9545E-03    -30.7834E-03    -319.468E-03
            1384     219.298E-03     19.1646E-03    -20.9533E-03    -217.452E-03
            1385     112.368E-03     19.9028E-03    -10.6072E-03    -110.081E-03
            1386     20.1508E-03     20.1508E-03    -127.329E-33    -4.18450E-33
            1387     29.6045E-03    -29.6045E-03    -117.019E-33    -4.73419E-33
            1388     164.647E-03    -29.2400E-03    -9.93748E-03    -161.725E-03
            1389     321.307E-03    -28.1556E-03    -19.6303E-03    -319.468E-03
            1390     470.969E-03    -26.3778E-03    -28.8397E-03    -469.345E-03
            1391     609.282E-03    -23.9505E-03    -37.3390E-03    -607.665E-03
            1392     732.700E-03    -20.9335E-03    -44.9189E-03    -731.022E-03
            1393     838.137E-03    -17.4011E-03    -51.3927E-03    -836.379E-03
            1394     922.976E-03    -13.4402E-03    -56.6011E-03    -921.141E-03
            1395     985.119E-03    -9.14829E-03    -60.4158E-03    -983.222E-03
            1396         1.02303    -4.63116E-03    -62.7428E-03        -1.02109
            1397         1.03577    -15.7610E-18    -63.5249E-03        -1.03382
            1398         1.02303     4.63116E-03    -62.7428E-03        -1.02109
            1399     985.119E-03     9.14829E-03    -60.4158E-03    -983.222E-03
            1400     922.976E-03     13.4402E-03    -56.6011E-03    -921.141E-03
            1401     838.137E-03     17.4011E-03    -51.3927E-03    -836.379E-03
            1402     732.700E-03     20.9335E-03    -44.9189E-03    -731.022E-03
            1403     609.282E-03     23.9505E-03    -37.3390E-03    -607.665E-03
            1404     470.969E-03     26.3778E-03    -28.8397E-03    -469.345E-03
            1405     321.307E-03     28.1556E-03    -19.6303E-03    -319.468E-03
            1406     164.647E-03     29.2400E-03    -9.93748E-03    -161.725E-03
            1407     29.6045E-03     29.6045E-03    -117.019E-33    -4.73419E-33
            1408     38.3292E-03    -38.3292E-03    -103.829E-33    -5.16731E-33
            1409     212.973E-03    -37.8573E-03    -9.02305E-03    -209.387E-03
            1410     415.604E-03    -36.4532E-03    -17.8239E-03    -413.618E-03
            1411     609.187E-03    -34.1516E-03    -26.1859E-03    -607.665E-03
            1412     788.089E-03    -31.0090E-03    -33.9031E-03    -786.749E-03
            1413     947.726E-03    -27.1028E-03    -40.7855E-03    -946.460E-03
            1414         1.08411    -22.5293E-03    -46.6636E-03        -1.08287
            1415         1.19384    -17.4011E-03    -51.3927E-03        -1.19261
            1416         1.27422    -11.8444E-03    -54.8564E-03        -1.27299
            1417         1.32326    -5.99601E-03    -56.9693E-03        -1.32202
            1418         1.33974    -77.3708E-18    -57.6794E-03        -1.33850
            1419         1.32326     5.99601E-03    -56.9693E-03        -1.32202
            1420         1.27422     11.8444E-03    -54.8564E-03        -1.27299
            1421         1.19384     17.4011E-03    -51.3927E-03        -1.19261
            1422         1.08411     22.5293E-03    -46.6636E-03        -1.08287
            1423     947.726E-03     27.1028E-03    -40.7855E-03    -946.460E-03
            1424     788.089E-03     31.0090E-03    -33.9031E-03    -786.749E-03
            1425     609.187E-03     34.1516E-03    -26.1859E-03    -607.665E-03
            1426     415.604E-03     36.4532E-03    -17.8239E-03    -413.618E-03
            1427     212.973E-03     37.8573E-03    -9.02305E-03    -209.387E-03
            1428     38.3292E-03     38.3292E-03    -103.829E-33    -5.16731E-33
            1429     46.1101E-03    -46.1101E-03    -88.0816E-33    -5.47320E-33
            1430     256.098E-03    -45.5424E-03    -7.88643E-03    -251.893E-03
            1431     499.755E-03    -43.8533E-03    -15.5787E-03    -497.583E-03
            1432     732.533E-03    -41.0844E-03    -22.8873E-03    -731.022E-03
            1433     947.658E-03    -37.3038E-03    -29.6324E-03    -946.460E-03
            1434         1.13962    -32.6048E-03    -35.6478E-03        -1.13859
            1435         1.30361    -27.1028E-03    -40.7855E-03        -1.30269
            1436         1.43557    -20.9335E-03    -44.9189E-03        -1.43471
            1437         1.53222    -14.2488E-03    -47.9462E-03        -1.53140
            1438         1.59119    -7.21321E-03    -49.7930E-03        -1.59039
            1439         1.61100     32.3040E-18    -50.4136E-03        -1.61021
            1440         1.59119     7.21321E-03    -49.7930E-03        -1.59039
            1441         1.53222     14.2488E-03    -47.9462E-03        -1.53140
            1442         1.43557     20.9335E-03    -44.9189E-03        -1.43471
            1443         1.30361     27.1028E-03    -40.7855E-03        -1.30269
            1444         1.13962     32.6048E-03    -35.6478E-03        -1.13859
            1445     947.658E-03     37.3038E-03    -29.6324E-03    -946.460E-03
            1446     732.533E-03     41.0844E-03    -22.8873E-03    -731.022E-03
            1447     499.755E-03     43.8533E-03    -15.5787E-03    -497.583E-03
            1448     256.098E-03     45.5424E-03    -7.88643E-03    -251.893E-03
            1449     46.1101E-03     46.1101E-03    -88.0816E-33    -5.47320E-33
            1450     52.7556E-03    -52.7556E-03    -70.1655E-33    -5.64432E-33
            1451     292.942E-03    -52.1061E-03    -6.55563E-03    -288.196E-03
            1452     571.650E-03    -50.1736E-03    -12.9498E-03    -569.297E-03
            1453     837.915E-03    -47.0056E-03    -19.0252E-03    -836.379E-03
            1454         1.08399    -42.6802E-03    -24.6320E-03        -1.08287
            1455         1.30356    -37.3038E-03    -29.6324E-03        -1.30269
            1456         1.49115    -31.0090E-03    -33.9031E-03        -1.49044
            1457         1.64208    -23.9505E-03    -37.3390E-03        -1.64149
            1458         1.75264    -16.3024E-03    -39.8555E-03        -1.75211
            1459         1.82009    -8.25279E-03    -41.3906E-03        -1.81960
            1460         1.84276     183.390E-18    -41.9065E-03        -1.84228
            1461         1.82009     8.25279E-03    -41.3906E-03        -1.81960
            1462         1.75264     16.3024E-03    -39.8555E-03        -1.75211
            1463         1.64208     23.9505E-03    -37.3390E-03        -1.64149
            1464         1.49115     31.0090E-03    -33.9031E-03        -1.49044
            1465         1.30356     37.3038E-03    -29.6324E-03        -1.30269
            1466         1.08399     42.6802E-03    -24.6320E-03        -1.08287
            1467     837.915E-03     47.0056E-03    -19.0252E-03    -836.379E-03
            1468     571.650E-03     50.1736E-03    -12.9498E-03    -569.297E-03
            1469     292.942E-03     52.1061E-03    -6.55563E-03    -288.196E-03
            1470     52.7556E-03     52.7556E-03    -70.1655E-33    -5.64432E-33
            1471     58.1021E-03    -58.1021E-03    -50.5217E-33    -5.67645E-33
            1472     322.589E-03    -57.3868E-03    -5.06340E-03    -317.404E-03
            1473     629.502E-03    -55.2584E-03    -10.0021E-03    -626.992E-03
            1474     922.712E-03    -51.7693E-03    -14.6946E-03    -921.141E-03
            1475         1.19369    -47.0056E-03    -19.0252E-03        -1.19261
            1476         1.43548    -41.0844E-03    -22.8873E-03        -1.43471
            1477         1.64205    -34.1516E-03    -26.1859E-03        -1.64149
            1478         1.80826    -26.3778E-03    -28.8397E-03        -1.80784
            1479         1.93001    -17.9545E-03    -30.7834E-03        -1.92968
            1480         2.00428    -9.08917E-03    -31.9690E-03        -2.00401
            1481         2.02925     412.747E-18    -32.3675E-03        -2.02899
            1482         2.00428     9.08917E-03    -31.9690E-03        -2.00401
            1483         1.93001     17.9545E-03    -30.7834E-03        -1.92968
            1484         1.80826     26.3778E-03    -28.8397E-03        -1.80784
            1485         1.64205     34.1516E-03    -26.1859E-03        -1.64149
            1486         1.43548     41.0844E-03    -22.8873E-03        -1.43471
            1487         1.19369     47.0056E-03    -19.0252E-03        -1.19261
            1488     922.712E-03     51.7693E-03    -14.6946E-03    -921.141E-03
            1489     629.502E-03     55.2584E-03    -10.0021E-03    -626.992E-03
            1490     322.589E-03     57.3868E-03    -5.06340E-03    -317.404E-03
            1491     58.1021E-03     58.1021E-03    -50.5217E-33    -5.67645E-33
            1492     62.0179E-03    -62.0179E-03    -29.6339E-33    -5.56881E-33
            1493     344.305E-03    -61.2544E-03    -3.44650E-03    -338.795E-03
            1494     671.877E-03    -58.9826E-03    -6.80813E-03    -669.248E-03
            1495     984.825E-03    -55.2584E-03    -10.0021E-03    -983.222E-03
            1496         1.27404    -50.1736E-03    -12.9498E-03        -1.27299
            1497         1.53211    -43.8533E-03    -15.5787E-03        -1.53140
            1498         1.75258    -36.4532E-03    -17.8239E-03        -1.75211
            1499         1.92999    -28.1556E-03    -19.6303E-03        -1.92968
            1500         2.05993    -19.1646E-03    -20.9533E-03        -2.05973
            1501         2.13920    -9.70174E-03    -21.7603E-03        -2.13907
            1502         2.16584     212.826E-18    -22.0316E-03        -2.16573
            1503         2.13920     9.70174E-03    -21.7603E-03        -2.13907
            1504         2.05993     19.1646E-03    -20.9533E-03        -2.05973
            1505         1.92999     28.1556E-03    -19.6303E-03        -1.92968
            1506         1.75258     36.4532E-03    -17.8239E-03        -1.75211
            1507         1.53211     43.8533E-03    -15.5787E-03        -1.53140
            1508         1.27404     50.1736E-03    -12.9498E-03        -1.27299
            1509     984.825E-03     55.2584E-03    -10.0021E-03    -983.222E-03
            1510     671.877E-03     58.9826E-03    -6.80813E-03    -669.248E-03
            1511     344.305E-03     61.2544E-03    -3.44650E-03    -338.795E-03
            1512     62.0179E-03     62.0179E-03    -29.6339E-33    -5.56881E-33
            1513     64.4067E-03    -64.4067E-03    -8.01641E-33    -5.32405E-33
            1514     357.553E-03    -63.6137E-03    -1.74473E-03    -351.845E-03
            1515     697.728E-03    -61.2544E-03    -3.44650E-03    -695.026E-03
            1516         1.02272    -57.3868E-03    -5.06340E-03        -1.02109
            1517         1.32306    -52.1061E-03    -6.55563E-03        -1.32202
            1518         1.59106    -45.5424E-03    -7.88643E-03        -1.59039
            1519         1.82002    -37.8573E-03    -9.02305E-03        -1.81960
            1520         2.00425    -29.2400E-03    -9.93748E-03        -2.00401
            1521         2.13919    -19.9028E-03    -10.6072E-03        -2.13907
            1522         2.22151    -10.0754E-03    -11.0158E-03        -2.22146
            1523         2.24918     102.480E-18    -11.1531E-03        -2.24915
            1524         2.22151     10.0754E-03    -11.0158E-03        -2.22146
            1525         2.13919     19.9028E-03    -10.6072E-03        -2.13907
            1526         2.00425     29.2400E-03    -9.93748E-03        -2.00401
            1527         1.82002     37.8573E-03    -9.02305E-03        -1.81960
            1528         1.59106     45.5424E-03    -7.88643E-03        -1.59039
            1529         1.32306     52.1061E-03    -6.55563E-03        -1.32202
            1530         1.02272     57.3868E-03    -5.06340E-03        -1.02109
            1531     697.728E-03     61.2544E-03    -3.44650E-03    -695.026E-03
            1532     357.553E-03     63.6137E-03    -1.74473E-03    -351.845E-03
            1533     64.4067E-03     64.4067E-03    -8.01641E-33    -5.32405E-33
            1534     65.2095E-03    -65.2095E-03     13.7985E-33    -4.94820E-33
            1535     362.006E-03    -64.4067E-03     35.2725E-18    -356.230E-03
            1536     706.417E-03    -62.0179E-03     195.103E-18    -703.689E-03
            1537         1.03545    -58.1021E-03     319.052E-18        -1.03382
            1538         1.33954    -52.7556E-03     343.953E-18        -1.33850
            1539         1.61087    -46.1101E-03     375.331E-18        -1.61021
            1540         1.84268    -38.3292E-03     401.952E-18        -1.84228
            1541         2.02920    -29.6045E-03     450.632E-18        -2.02899
            1542         2.16583    -20.1508E-03     259.205E-18        -2.16573
            1543         2.24917    -10.2010E-03     325.495E-18        -2.24915
            1544         2.27719     10.1169E-18     334.785E-18        -2.27719
            1545         2.24917     10.2010E-03     164.485E-18        -2.24915
            1546         2.16583     20.1508E-03     85.2156E-18        -2.16573
            1547         2.02920     29.6045E-03     137.592E-18        -2.02899
            1548         1.84268     38.3292E-03     252.378E-18        -1.84228
            1549         1.61087     46.1101E-03     21.6841E-18        -1.61021
            1550         1.33954     52.7556E-03    -30.9653E-18        -1.33850
            1551         1.03545     58.1021E-03    -33.3520E-18        -1.03382
            1552     706.417E-03     62.0179E-03    -77.0425E-18    -703.689E-03
            1553     362.006E-03     64.4067E-03    -164.959E-18    -356.230E-03
            1554     65.2095E-03     65.2095E-03     13.7985E-33    -4.94820E-33
            1555     64.4067E-03    -64.4067E-03     35.2736E-33    -4.45050E-33
            1556     357.553E-03    -63.6137E-03     1.74473E-03    -351.845E-03
            1557     697.728E-03    -61.2544E-03     3.44650E-03    -695.026E-03
            1558         1.02272    -57.3868E-03     5.06340E-03        -1.02109
            1559         1.32306    -52.1061E-03     6.55563E-03        -1.32202
            1560         1.59106    -45.5424E-03     7.88643E-03        -1.59039
            1561         1.82002    -37.8573E-03     9.02305E-03        -1.81960
            1562         2.00425    -29.2400E-03     9.93748E-03        -2.00401
            1563         2.13919    -19.9028E-03     10.6072E-03        -2.13907
            1564         2.22151    -10.0754E-03     11.0158E-03        -2.22146
            1565         2.24918     112.687E-18     11.1531E-03        -2.24915
            1566         2.22151     10.0754E-03     11.0158E-03        -2.22146
            1567         2.13919     19.9028E-03     10.6072E-03        -2.13907
            1568         2.00425     29.2400E-03     9.93748E-03        -2.00401
            1569         1.82002     37.8573E-03     9.02305E-03        -1.81960
            1570         1.59106     45.5424E-03     7.88643E-03        -1.59039
            1571         1.32306     52.1061E-03     6.55563E-03        -1.32202
            1572         1.02272     57.3868E-03     5.06340E-03        -1.02109
            1573     697.728E-03     61.2544E-03     3.44650E-03    -695.026E-03
            1574     357.553E-03     63.6137E-03     1.74473E-03    -351.845E-03
            1575     64.4067E-03     64.4067E-03     35.2736E-33    -4.45050E-33
            1576     62.0179E-03    -62.0179E-03     55.8802E-33    -3.84322E-33
            1577     344.305E-03    -61.2544E-03     3.44650E-03    -338.795E-03
            1578     671.877E-03    -58.9826E-03     6.80813E-03    -669.248E-03
            1579     984.825E-03    -55.2584E-03     10.0021E-03    -983.222E-03
            1580         1.27404    -50.1736E-03     12.9498E-03        -1.27299
            1581         1.53211    -43.8533E-03     15.5787E-03        -1.53140
            1582         1.75258    -36.4532E-03     17.8239E-03        -1.75211
            1583         1.92999    -28.1556E-03     19.6303E-03        -1.92968
            1584         2.05993    -19.1646E-03     20.9533E-03        -2.05973
            1585         2.13920    -9.70174E-03     21.7603E-03        -2.13907
            1586         2.16584     202.356E-18     22.0316E-03        -2.16573
            1587         2.13920     9.70174E-03     21.7603E-03        -2.13907
            1588         2.05993     19.1646E-03     20.9533E-03        -2.05973
            1589         1.92999     28.1556E-03     19.6303E-03        -1.92968
            1590         1.75258     36.4532E-03     17.8239E-03        -1.75211
            1591         1.53211     43.8533E-03     15.5787E-03        -1.53140
            1592         1.27404     50.1736E-03     12.9498E-03        -1.27299
            1593     984.825E-03     55.2584E-03     10.0021E-03    -983.222E-03
            1594     671.877E-03     58.9826E-03     6.80813E-03    -669.248E-03
            1595     344.305E-03     61.2544E-03     3.44650E-03    -338.795E-03
            1596     62.0179E-03     62.0179E-03     55.8802E-33    -3.84322E-33
            1597     58.1021E-03    -58.1021E-03     75.1108E-33    -3.14130E-33
            1598     322.589E-03    -57.3868E-03     5.06340E-03    -317.404E-03
            1599     629.502E-03    -55.2584E-03     10.0021E-03    -626.992E-03
            1600     922.712E-03    -51.7693E-03     14.6946E-03    -921.141E-03
            1601         1.19369    -47.0056E-03     19.0252E-03        -1.19261
            1602         1.43548    -41.0844E-03     22.8873E-03        -1.43471
            1603         1.64205    -34.1516E-03     26.1859E-03        -1.64149
            1604         1.80826    -26.3778E-03     28.8397E-03        -1.80784
            1605         1.93001    -17.9545E-03     30.7834E-03        -1.92968
            1606         2.00428    -9.08917E-03     31.9690E-03        -2.00401
            1607         2.02925     138.005E-18     32.3675E-03        -2.02899
            1608         2.00428     9.08917E-03     31.9690E-03        -2.00401
            1609         1.93001     17.9545E-03     30.7834E-03        -1.92968
            1610         1.80826     26.3778E-03     28.8397E-03        -1.80784
            1611         1.64205     34.1516E-03     26.1859E-03        -1.64149
            1612         1.43548     41.0844E-03     22.8873E-03        -1.43471
            1613         1.19369     47.0056E-03     19.0252E-03        -1.19261
            1614     922.712E-03     51.7693E-03     14.6946E-03    -921.141E-03
            1615     629.502E-03     55.2584E-03     10.0021E-03    -626.992E-03
            1616     322.589E-03     57.3868E-03     5.06340E-03    -317.404E-03
            1617     58.1021E-03     58.1021E-03     75.1108E-33    -3.14130E-33
            1618     52.7556E-03    -52.7556E-03     92.4919E-33    -2.36203E-33
            1619     292.942E-03    -52.1061E-03     6.55563E-03    -288.196E-03
            1620     571.650E-03    -50.1736E-03     12.9498E-03    -569.297E-03
            1621     837.915E-03    -47.0056E-03     19.0252E-03    -836.379E-03
            1622         1.08399    -42.6802E-03     24.6320E-03        -1.08287
            1623         1.30356    -37.3038E-03     29.6324E-03        -1.30269
            1624         1.49115    -31.0090E-03     33.9031E-03        -1.49044
            1625         1.64208    -23.9505E-03     37.3390E-03        -1.64149
            1626         1.75264    -16.3024E-03     39.8555E-03        -1.75211
            1627         1.82009    -8.25279E-03     41.3906E-03        -1.81960
            1628         1.84276    -61.1817E-18     41.9065E-03        -1.84228
            1629         1.82009     8.25279E-03     41.3906E-03        -1.81960
            1630         1.75264     16.3024E-03     39.8555E-03        -1.75211
            1631         1.64208     23.9505E-03     37.3390E-03        -1.64149
            1632         1.49115     31.0090E-03     33.9031E-03        -1.49044
            1633         1.30356     37.3038E-03     29.6324E-03        -1.30269
            1634         1.08399     42.6802E-03     24.6320E-03        -1.08287
            1635     837.915E-03     47.0056E-03     19.0252E-03    -836.379E-03
            1636     571.650E-03     50.1736E-03     12.9498E-03    -569.297E-03
            1637     292.942E-03     52.1061E-03     6.55563E-03    -288.196E-03
            1638     52.7556E-03     52.7556E-03     92.4919E-33    -2.36203E-33
            1639     46.1101E-03    -46.1101E-03     107.596E-33    -1.52461E-33
            1640     256.098E-03    -45.5424E-03     7.88643E-03    -251.893E-03
            1641     499.755E-03    -43.8533E-03     15.5787E-03    -497.583E-03
            1642     732.533E-03    -41.0844E-03     22.8873E-03    -731.022E-03
            1643     947.658E-03    -37.3038E-03     29.6324E-03    -946.460E-03
            1644         1.13962    -32.6048E-03     35.6478E-03        -1.13859
            1645         1.30361    -27.1028E-03     40.7855E-03        -1.30269
            1646         1.43557    -20.9335E-03     44.9189E-03        -1.43471
            1647         1.53222    -14.2488E-03     47.9462E-03        -1.53140
            1648         1.59119    -7.21321E-03     49.7930E-03        -1.59039
            1649         1.61100    -281.089E-18     50.4136E-03        -1.61021
            1650         1.59119     7.21321E-03     49.7930E-03        -1.59039
            1651         1.53222     14.2488E-03     47.9462E-03        -1.53140
            1652         1.43557     20.9335E-03     44.9189E-03        -1.43471
            1653         1.30361     27.1028E-03     40.7855E-03        -1.30269
            1654         1.13962     32.6048E-03     35.6478E-03        -1.13859
            1655     947.658E-03     37.3038E-03     29.6324E-03    -946.460E-03
            1656     732.533E-03     41.0844E-03     22.8873E-03    -731.022E-03
            1657     499.755E-03     43.8533E-03     15.5787E-03    -497.583E-03
            1658     256.098E-03     45.5424E-03     7.88643E-03    -251.893E-03
            1659     46.1101E-03     46.1101E-03     107.596E-33    -1.52461E-33
            1660     38.3292E-03    -38.3292E-03     120.050E-33    -649.639E-36
            1661     212.973E-03    -37.8573E-03     9.02305E-03    -209.387E-03
            1662     415.604E-03    -36.4532E-03     17.8239E-03    -413.618E-03
            1663     609.187E-03    -34.1516E-03     26.1859E-03    -607.665E-03
            1664     788.089E-03    -31.0090E-03     33.9031E-03    -786.749E-03
            1665     947.726E-03    -27.1028E-03     40.7855E-03    -946.460E-03
            1666         1.08411    -22.5293E-03     46.6636E-03        -1.08287
            1667         1.19384    -17.4011E-03     51.3927E-03        -1.19261
            1668         1.27422    -11.8444E-03     54.8564E-03        -1.27299
            1669         1.32326    -5.99601E-03     56.9693E-03        -1.32202
            1670         1.33974    -301.217E-18     57.6794E-03        -1.33850
            1671         1.32326     5.99601E-03     56.9693E-03        -1.32202
            1672         1.27422     11.8444E-03     54.8564E-03        -1.27299
            1673         1.19384     17.4011E-03     51.3927E-03        -1.19261
            1674         1.08411     22.5293E-03     46.6636E-03        -1.08287
            1675     947.726E-03     27.1028E-03     40.7855E-03    -946.460E-03
            1676     788.089E-03     31.0090E-03     33.9031E-03    -786.749E-03
            1677     609.187E-03     34.1516E-03     26.1859E-03    -607.665E-03
            1678     415.604E-03     36.4532E-03     17.8239E-03    -413.618E-03
            1679     212.973E-03     37.8573E-03     9.02305E-03    -209.387E-03
            1680     38.3292E-03     38.3292E-03     120.050E-33    -649.639E-36
            1681     29.6045E-03    -29.6045E-03     129.548E-33     241.325E-36
            1682     164.647E-03    -29.2400E-03     9.93748E-03    -161.725E-03
            1683     321.307E-03    -28.1556E-03     19.6303E-03    -319.468E-03
            1684     470.969E-03    -26.3778E-03     28.8397E-03    -469.345E-03
            1685     609.282E-03    -23.9505E-03     37.3390E-03    -607.665E-03
            1686     732.700E-03    -20.9335E-03     44.9189E-03    -731.022E-03
            1687     838.137E-03    -17.4011E-03     51.3927E-03    -836.379E-03
            1688     922.976E-03    -13.4402E-03     56.6011E-03    -921.141E-03
            1689     985.119E-03    -9.14829E-03     60.4158E-03    -983.222E-03
            1690         1.02303    -4.63116E-03     62.7428E-03        -1.02109
            1691         1.03577    -122.008E-18     63.5249E-03        -1.03382
            1692         1.02303     4.63116E-03     62.7428E-03        -1.02109
            1693     985.119E-03     9.14829E-03     60.4158E-03    -983.222E-03
            1694     922.976E-03     13.4402E-03     56.6011E-03    -921.141E-03
            1695     838.137E-03     17.4011E-03     51.3927E-03    -836.379E-03
            1696     732.700E-03     20.9335E-03     44.9189E-03    -731.022E-03
            1697     609.282E-03     23.9505E-03     37.3390E-03    -607.665E-03
            1698     470.969E-03     26.3778E-03     28.8397E-03    -469.345E-03
            1699     321.307E-03     28.1556E-03     19.6303E-03    -319.468E-03
            1700     164.647E-03     29.2400E-03     9.93748E-03    -161.725E-03
            1701     29.6045E-03     29.6045E-03     129.548E-33     241.325E-36
            1702     20.1508E-03    -20.1508E-03     135.857E-33     1.12635E-33
            1703     112.368E-03    -19.9028E-03     10.6072E-03    -110.081E-03
            1704     219.298E-03    -19.1646E-03     20.9533E-03    -217.452E-03
            1705     321.450E-03    -17.9545E-03     30.7834E-03    -319.468E-03
            1706     415.854E-03    -16.3024E-03     39.8555E-03    -413.618E-03
            1707     500.091E-03    -14.2488E-03     47.9462E-03    -497.583E-03
            1708     572.056E-03    -11.8444E-03     54.8564E-03    -569.297E-03
            1709     629.962E-03    -9.14829E-03     60.4158E-03    -626.992E-03
            1710     672.377E-03    -6.22695E-03     64.4875E-03    -669.248E-03
            1711     698.252E-03    -3.15229E-03     66.9714E-03    -695.026E-03
            1712     706.949E-03    -178.697E-18     67.8062E-03    -703.689E-03
            1713     698.252E-03     3.15229E-03     66.9714E-03    -695.026E-03
            1714     672.377E-03     6.22695E-03     64.4875E-03    -669.248E-03
            1715     629.962E-03     9.14829E-03     60.4158E-03    -626.992E-03
            1716     572.056E-03     11.8444E-03     54.8564E-03    -569.297E-03
            1717     500.091E-03     14.2488E-03     47.9462E-03    -497.583E-03
            1718     415.854E-03     16.3024E-03     39.8555E-03    -413.618E-03
            1719     321.450E-03     17.9545E-03     30.7834E-03    -319.468E-03
            1720     219.298E-03     19.1646E-03     20.9533E-03    -217.452E-03
            1721     112.368E-03     19.9028E-03     10.6072E-03    -110.081E-03
            1722     20.1508E-03     20.1508E-03     135.857E-33     1.12635E-33
            1723     10.2010E-03    -10.2010E-03     138.820E-33     1.98363E-33
            1724     57.6917E-03    -10.0754E-03     11.0158E-03    -55.7267E-03
            1725     112.630E-03    -9.70174E-03     21.7603E-03    -110.081E-03
            1726     165.105E-03    -9.08917E-03     31.9690E-03    -161.725E-03
            1727     213.598E-03    -8.25279E-03     41.3906E-03    -209.387E-03
            1728     256.869E-03    -7.21321E-03     49.7930E-03    -251.893E-03
            1729     293.834E-03    -5.99601E-03     56.9693E-03    -288.196E-03
            1730     323.579E-03    -4.63116E-03     62.7428E-03    -317.404E-03
            1731     345.366E-03    -3.15229E-03     66.9714E-03    -338.795E-03
            1732     358.657E-03    -1.59579E-03     69.5509E-03    -351.845E-03
            1733     363.124E-03    -230.221E-18     70.4179E-03    -356.230E-03
            1734     358.657E-03     1.59579E-03     69.5509E-03    -351.845E-03
            1735     345.366E-03     3.15229E-03     66.9714E-03    -338.795E-03
            1736     323.579E-03     4.63116E-03     62.7428E-03    -317.404E-03
            1737     293.834E-03     5.99601E-03     56.9693E-03    -288.196E-03
            1738     256.869E-03     7.21321E-03     49.7930E-03    -251.893E-03
            1739     213.598E-03     8.25279E-03     41.3906E-03    -209.387E-03
            1740     165.105E-03     9.08917E-03     31.9690E-03    -161.725E-03
            1741     112.630E-03     9.70174E-03     21.7603E-03    -110.081E-03
            1742     57.6917E-03     10.0754E-03     11.0158E-03    -55.7267E-03
            1743     10.2010E-03     10.2010E-03     138.820E-33     1.98363E-33
            1744              0.    -55.0517E-33     51.1333E-33     1.43831E-33
            1745     11.1531E-03    -129.770E-33     11.1531E-03    -2.26718E-33
            1746     22.0316E-03    -116.073E-33     22.0316E-03    -1.68646E-33
            1747     32.3675E-03    -99.5191E-33     32.3675E-03    -1.06422E-33
            1748     41.9065E-03    -80.5143E-33     41.9065E-03    -415.766E-36
            1749     50.4136E-03    -59.5270E-33     50.4136E-03     242.922E-36
            1750     57.6794E-03    -37.0739E-33     57.6794E-03     895.629E-36
            1751     63.5249E-03    -13.7079E-33     63.5249E-03     1.52628E-33
            1752     67.8062E-03     9.99555E-33     67.8062E-03     2.11935E-33
            1753     70.4179E-03     33.4529E-33     70.4179E-03     2.66024E-33
            1754     71.2956E-03     56.0866E-33     71.2956E-03     3.13562E-33
            1755     70.4179E-03     77.3392E-33     70.4179E-03     3.53379E-33
            1756     67.8062E-03     96.6874E-33     67.8062E-03     3.84495E-33
            1757     63.5249E-03     113.655E-33     63.5249E-03     4.06143E-33
            1758     57.6794E-03     127.824E-33     57.6794E-03     4.17791E-33
            1759     50.4136E-03     138.845E-33     50.4136E-03     4.19152E-33
            1760     41.9065E-03     146.448E-33     41.9065E-03     4.10191E-33
            1761     32.3675E-03     150.445E-33     32.3675E-03     3.91130E-33
            1762     22.0316E-03     150.737E-33     22.0316E-03     3.62438E-33
            1763     11.1531E-03     147.317E-33     11.1531E-03     3.24822E-33
            1764              0.     55.0517E-33     51.1333E-33     1.43831E-33
            1765              0.    -17.4754E-33    -17.1904E-33    -6.37510E-33
            1766     9.76198E-03    -57.1961E-33    -9.76198E-03    -25.3594E-33
            1767     19.2836E-03    -53.1454E-33    -19.2836E-03    -47.3791E-33
            1768     28.3304E-03    -47.7861E-33    -28.3304E-03    -68.2323E-33
            1769     36.6795E-03    -41.2501E-33    -36.6795E-03    -87.4053E-33
            1770     44.1256E-03    -33.6985E-33    -44.1256E-03    -104.426E-33
            1771     50.4851E-03    -25.3170E-33    -50.4851E-03    -118.876E-33
            1772     55.6015E-03    -16.3122E-33    -55.6015E-03    -130.398E-33
            1773     59.3488E-03    -6.90573E-33    -59.3488E-03    -138.710E-33
            1774     61.6347E-03     2.67079E-33    -61.6347E-03    -143.606E-33
            1775     62.4030E-03     12.1816E-33    -62.4030E-03    -144.966E-33
            1776     61.6347E-03     21.3924E-33    -61.6347E-03    -142.756E-33
            1777     59.3488E-03     30.0764E-33    -59.3488E-03    -137.031E-33
            1778     55.6015E-03     38.0199E-33    -55.6015E-03    -127.933E-33
            1779     50.4851E-03     45.0272E-33    -50.4851E-03    -115.684E-33
            1780     44.1256E-03     50.9258E-33    -44.1256E-03    -100.586E-33
            1781     36.6795E-03     55.5704E-33    -36.6795E-03    -83.0120E-33
            1782     28.3304E-03     58.8467E-33    -28.3304E-03    -63.3938E-33
            1783     19.2836E-03     60.6740E-33    -19.2836E-03    -42.2146E-33
            1784     9.76198E-03     61.0073E-33    -9.76198E-03    -19.9959E-33
            1785              0.     17.4754E-33    -17.1904E-33    -6.37510E-33
            1786     8.83745E-03    -8.83745E-03    -49.3698E-33    -25.5782E-33
            1787     57.2277E-03    -8.72864E-03    -9.64179E-03    -55.7302E-03
            1788     112.039E-03    -8.40491E-03    -19.0462E-03    -110.088E-03
            1789     164.327E-03    -7.87422E-03    -27.9816E-03    -161.735E-03
            1790     212.631E-03    -7.14964E-03    -36.2280E-03    -209.400E-03
            1791     255.727E-03    -6.24902E-03    -43.5823E-03    -251.909E-03
            1792     292.542E-03    -5.19452E-03    -49.8635E-03    -288.215E-03
            1793     322.164E-03    -4.01212E-03    -54.9169E-03    -317.424E-03
            1794     343.861E-03    -2.73092E-03    -58.6181E-03    -338.817E-03
            1795     357.097E-03    -1.38248E-03    -60.8759E-03    -351.867E-03
            1796     361.545E-03    -88.0345E-18    -61.6347E-03    -356.253E-03
            1797     357.097E-03     1.38248E-03    -60.8759E-03    -351.867E-03
            1798     343.861E-03     2.73092E-03    -58.6181E-03    -338.817E-03
            1799     322.164E-03     4.01212E-03    -54.9169E-03    -317.424E-03
            1800     292.542E-03     5.19452E-03    -49.8635E-03    -288.215E-03
            1801     255.727E-03     6.24902E-03    -43.5823E-03    -251.909E-03
            1802     212.631E-03     7.14964E-03    -36.2280E-03    -209.400E-03
            1803     164.327E-03     7.87422E-03    -27.9816E-03    -161.735E-03
            1804     112.039E-03     8.40491E-03    -19.0462E-03    -110.088E-03
            1805     57.2277E-03     8.72864E-03    -9.64179E-03    -55.7302E-03
            1806     8.83745E-03     8.83745E-03    -49.3698E-33    -25.5782E-33
            1807     17.4573E-03    -17.4573E-03    -38.9840E-33    -47.8114E-33
            1808     111.816E-03    -17.2424E-03    -9.28419E-03    -110.088E-03
            1809     218.868E-03    -16.6029E-03    -18.3398E-03    -217.466E-03
            1810     321.000E-03    -15.5546E-03    -26.9438E-03    -319.488E-03
            1811     415.353E-03    -14.1232E-03    -34.8843E-03    -413.644E-03
            1812     499.534E-03    -12.3442E-03    -41.9659E-03    -497.615E-03
            1813     571.446E-03    -10.2611E-03    -48.0142E-03    -569.332E-03
            1814     629.307E-03    -7.92544E-03    -52.8801E-03    -627.031E-03
            1815     671.688E-03    -5.39460E-03    -56.4440E-03    -669.290E-03
            1816     697.542E-03    -2.73092E-03    -58.6181E-03    -695.069E-03
            1817     706.232E-03    -95.4071E-18    -59.3488E-03    -703.734E-03
            1818     697.542E-03     2.73092E-03    -58.6181E-03    -695.069E-03
            1819     671.688E-03     5.39460E-03    -56.4440E-03    -669.290E-03
            1820     629.307E-03     7.92544E-03    -52.8801E-03    -627.031E-03
            1821     571.446E-03     10.2611E-03    -48.0142E-03    -569.332E-03
            1822     499.534E-03     12.3442E-03    -41.9659E-03    -497.615E-03
            1823     415.353E-03     14.1232E-03    -34.8843E-03    -413.644E-03
            1824     321.000E-03     15.5546E-03    -26.9438E-03    -319.488E-03
            1825     218.868E-03     16.6029E-03    -18.3398E-03    -217.466E-03
            1826     111.816E-03     17.2424E-03    -9.28419E-03    -110.088E-03
            1827     17.4573E-03     17.4573E-03    -38.9840E-33    -47.8114E-33
            1828     25.6473E-03    -25.6473E-03    -27.6383E-33    -68.8673E-33
            1829     163.938E-03    -25.3315E-03    -8.69798E-03    -161.735E-03
            1830     320.878E-03    -24.3920E-03    -17.1818E-03    -319.488E-03
            1831     470.608E-03    -22.8519E-03    -25.2425E-03    -469.374E-03
            1832     608.935E-03    -20.7491E-03    -32.6817E-03    -607.703E-03
            1833     732.349E-03    -18.1354E-03    -39.3162E-03    -731.068E-03
            1834     837.776E-03    -15.0751E-03    -44.9825E-03    -836.431E-03
            1835     922.604E-03    -11.6436E-03    -49.5413E-03    -921.199E-03
            1836     984.737E-03    -7.92544E-03    -52.8801E-03    -983.284E-03
            1837         1.02264    -4.01212E-03    -54.9169E-03        -1.02116
            1838         1.03538     28.3320E-18    -55.6015E-03        -1.03389
            1839         1.02264     4.01212E-03    -54.9169E-03        -1.02116
            1840     984.737E-03     7.92544E-03    -52.8801E-03    -983.284E-03
            1841     922.604E-03     11.6436E-03    -49.5413E-03    -921.199E-03
            1842     837.776E-03     15.0751E-03    -44.9825E-03    -836.431E-03
            1843     732.349E-03     18.1354E-03    -39.3162E-03    -731.068E-03
            1844     608.935E-03     20.7491E-03    -32.6817E-03    -607.703E-03
            1845     470.608E-03     22.8519E-03    -25.2425E-03    -469.374E-03
            1846     320.878E-03     24.3920E-03    -17.1818E-03    -319.488E-03
            1847     163.938E-03     25.3315E-03    -8.69798E-03    -161.735E-03
            1848     25.6473E-03     25.6473E-03    -27.6383E-33    -68.8673E-33
            1849     33.2057E-03    -33.2057E-03    -15.6120E-33    -88.2275E-33
            1850     212.100E-03    -32.7969E-03    -7.89760E-03    -209.400E-03
            1851     415.141E-03    -31.5805E-03    -15.6007E-03    -413.644E-03
            1852     608.854E-03    -29.5865E-03    -22.9197E-03    -607.703E-03
            1853     787.816E-03    -26.8640E-03    -29.6744E-03    -786.798E-03
            1854     947.483E-03    -23.4800E-03    -35.6983E-03    -946.520E-03
            1855         1.08388    -19.5178E-03    -40.8433E-03        -1.08293
            1856         1.19363    -15.0751E-03    -44.9825E-03        -1.19268
            1857         1.27401    -10.2611E-03    -48.0142E-03        -1.27307
            1858         1.32305    -5.19452E-03    -49.8635E-03        -1.32210
            1859         1.33953    -64.6232E-18    -50.4851E-03        -1.33858
            1860         1.32305     5.19452E-03    -49.8635E-03        -1.32210
            1861         1.27401     10.2611E-03    -48.0142E-03        -1.27307
            1862         1.19363     15.0751E-03    -44.9825E-03        -1.19268
            1863         1.08388     19.5178E-03    -40.8433E-03        -1.08293
            1864     947.483E-03     23.4800E-03    -35.6983E-03    -946.520E-03
            1865     787.816E-03     26.8640E-03    -29.6744E-03    -786.798E-03
            1866     608.854E-03     29.5865E-03    -22.9197E-03    -607.703E-03
            1867     415.141E-03     31.5805E-03    -15.6007E-03    -413.644E-03
            1868     212.100E-03     32.7969E-03    -7.89760E-03    -209.400E-03
            1869     33.2057E-03     33.2057E-03    -15.6120E-33    -88.2275E-33
            1870     39.9466E-03    -39.9466E-03    -3.20125E-33    -105.415E-33
            1871     255.073E-03    -39.4547E-03    -6.90276E-03    -251.909E-03
            1872     499.249E-03    -37.9914E-03    -13.6355E-03    -497.615E-03
            1873     732.208E-03    -35.5926E-03    -20.0326E-03    -731.068E-03
            1874     947.426E-03    -32.3174E-03    -25.9364E-03    -946.520E-03
            1875         1.13944    -28.2465E-03    -31.2015E-03        -1.13866
            1876         1.30347    -23.4800E-03    -35.6983E-03        -1.30277
            1877         1.43545    -18.1354E-03    -39.3162E-03        -1.43480
            1878         1.53213    -12.3442E-03    -41.9659E-03        -1.53150
            1879         1.59110    -6.24902E-03    -43.5823E-03        -1.59049
            1880         1.61092     65.6474E-18    -44.1256E-03        -1.61032
            1881         1.59110     6.24902E-03    -43.5823E-03        -1.59049
            1882         1.53213     12.3442E-03    -41.9659E-03        -1.53150
            1883         1.43545     18.1354E-03    -39.3162E-03        -1.43480
            1884         1.30347     23.4800E-03    -35.6983E-03        -1.30277
            1885         1.13944     28.2465E-03    -31.2015E-03        -1.13866
            1886     947.426E-03     32.3174E-03    -25.9364E-03    -946.520E-03
            1887     732.208E-03     35.5926E-03    -20.0326E-03    -731.068E-03
            1888     499.249E-03     37.9914E-03    -13.6355E-03    -497.615E-03
            1889     255.073E-03     39.4547E-03    -6.90276E-03    -251.909E-03
            1890     39.9466E-03     39.9466E-03    -3.20125E-33    -105.415E-33
            1891     45.7038E-03    -45.7038E-03     9.28828E-33    -120.007E-33
            1892     291.785E-03    -45.1411E-03    -5.73795E-03    -288.215E-03
            1893     571.102E-03    -43.4669E-03    -11.3346E-03    -569.332E-03
            1894     837.588E-03    -40.7224E-03    -16.6522E-03    -836.431E-03
            1895         1.08378    -36.9751E-03    -21.5597E-03        -1.08293
            1896         1.30343    -32.3174E-03    -25.9364E-03        -1.30277
            1897         1.49107    -26.8640E-03    -29.6744E-03        -1.49053
            1898         1.64205    -20.7491E-03    -32.6817E-03        -1.64159
            1899         1.75263    -14.1232E-03    -34.8843E-03        -1.75223
            1900         1.82009    -7.14964E-03    -36.2280E-03        -1.81972
            1901         1.84276     347.209E-18    -36.6795E-03        -1.84240
            1902         1.82009     7.14964E-03    -36.2280E-03        -1.81972
            1903         1.75263     14.1232E-03    -34.8843E-03        -1.75223
            1904         1.64205     20.7491E-03    -32.6817E-03        -1.64159
            1905         1.49107     26.8640E-03    -29.6744E-03        -1.49053
            1906         1.30343     32.3174E-03    -25.9364E-03        -1.30277
            1907         1.08378     36.9751E-03    -21.5597E-03        -1.08293
            1908     837.588E-03     40.7224E-03    -16.6522E-03    -836.431E-03
            1909     571.102E-03     43.4669E-03    -11.3346E-03    -569.332E-03
            1910     291.785E-03     45.1411E-03    -5.73795E-03    -288.215E-03
            1911     45.7038E-03     45.7038E-03     9.28828E-33    -120.007E-33
            1912     50.3356E-03    -50.3356E-03     21.5491E-33    -131.644E-33
            1913     321.324E-03    -49.7159E-03    -4.43184E-03    -317.424E-03
            1914     628.917E-03    -47.8720E-03    -8.75456E-03    -627.031E-03
            1915     922.380E-03    -44.8493E-03    -12.8617E-03    -921.199E-03
            1916         1.19350    -40.7224E-03    -16.6522E-03        -1.19268
            1917         1.43538    -35.5926E-03    -20.0326E-03        -1.43480
            1918         1.64202    -29.5865E-03    -22.9197E-03        -1.64159
            1919         1.80828    -22.8519E-03    -25.2425E-03        -1.80796
            1920         1.93005    -15.5546E-03    -26.9438E-03        -1.92980
            1921         2.00434    -7.87422E-03    -27.9816E-03        -2.00413
            1922         2.02931     655.372E-18    -28.3304E-03        -2.02912
            1923         2.00434     7.87422E-03    -27.9816E-03        -2.00413
            1924         1.93005     15.5546E-03    -26.9438E-03        -1.92980
            1925         1.80828     22.8519E-03    -25.2425E-03        -1.80796
            1926         1.64202     29.5865E-03    -22.9197E-03        -1.64159
            1927         1.43538     35.5926E-03    -20.0326E-03        -1.43480
            1928         1.19350     40.7224E-03    -16.6522E-03        -1.19268
            1929     922.380E-03     44.8493E-03    -12.8617E-03    -921.199E-03
            1930     628.917E-03     47.8720E-03    -8.75456E-03    -627.031E-03
            1931     321.324E-03     49.7159E-03    -4.43184E-03    -317.424E-03
            1932     50.3356E-03     50.3356E-03     21.5491E-33    -131.644E-33
            1933     53.7280E-03    -53.7280E-03     33.2793E-33    -140.040E-33
            1934     342.960E-03    -53.0665E-03    -3.01662E-03    -338.817E-03
            1935     671.265E-03    -51.0984E-03    -5.95895E-03    -669.290E-03
            1936     984.488E-03    -47.8720E-03    -8.75456E-03    -983.284E-03
            1937         1.27386    -43.4669E-03    -11.3346E-03        -1.27307
            1938         1.53203    -37.9914E-03    -13.6355E-03        -1.53150
            1939         1.75258    -31.5805E-03    -15.6007E-03        -1.75223
            1940         1.93003    -24.3920E-03    -17.1818E-03        -1.92980
            1941         2.06001    -16.6029E-03    -18.3398E-03        -2.05986
            1942         2.13931    -8.40491E-03    -19.0462E-03        -2.13920
            1943         2.16596     346.651E-18    -19.2836E-03        -2.16587
            1944         2.13931     8.40491E-03    -19.0462E-03        -2.13920
            1945         2.06001     16.6029E-03    -18.3398E-03        -2.05986
            1946         1.93003     24.3920E-03    -17.1818E-03        -1.92980
            1947         1.75258     31.5805E-03    -15.6007E-03        -1.75223
            1948         1.53203     37.9914E-03    -13.6355E-03        -1.53150
            1949         1.27386     43.4669E-03    -11.3346E-03        -1.27307
            1950     984.488E-03     47.8720E-03    -8.75456E-03    -983.284E-03
            1951     671.265E-03     51.0984E-03    -5.95895E-03    -669.290E-03
            1952     342.960E-03     53.0665E-03    -3.01662E-03    -338.817E-03
            1953     53.7280E-03     53.7280E-03     33.2793E-33    -140.040E-33
            1954     55.7974E-03    -55.7974E-03     44.1901E-33    -144.987E-33
            1955     356.160E-03    -55.1105E-03    -1.52711E-03    -351.867E-03
            1956     697.099E-03    -53.0665E-03    -3.01662E-03    -695.069E-03
            1957         1.02238    -49.7159E-03    -4.43184E-03        -1.02116
            1958         1.32288    -45.1411E-03    -5.73795E-03        -1.32210
            1959         1.59099    -39.4547E-03    -6.90276E-03        -1.59049
            1960         1.82003    -32.7969E-03    -7.89760E-03        -1.81972
            1961         2.00431    -25.3315E-03    -8.69798E-03        -2.00413
            1962         2.13929    -17.2424E-03    -9.28419E-03        -2.13920
            1963         2.22164    -8.72864E-03    -9.64179E-03        -2.22160
            1964         2.24931     80.9413E-18    -9.76198E-03        -2.24929
            1965         2.22164     8.72864E-03    -9.64179E-03        -2.22160
            1966         2.13929     17.2424E-03    -9.28419E-03        -2.13920
            1967         2.00431     25.3315E-03    -8.69798E-03        -2.00413
            1968         1.82003     32.7969E-03    -7.89760E-03        -1.81972
            1969         1.59099     39.4547E-03    -6.90276E-03        -1.59049
            1970         1.32288     45.1411E-03    -5.73795E-03        -1.32210
            1971         1.02238     49.7159E-03    -4.43184E-03        -1.02116
            1972     697.099E-03     53.0665E-03    -3.01662E-03    -695.069E-03
            1973     356.160E-03     55.1105E-03    -1.52711E-03    -351.867E-03
            1974     55.7974E-03     55.7974E-03     44.1901E-33    -144.987E-33
            1975     56.4930E-03    -56.4930E-03     54.0128E-33    -146.364E-33
            1976     360.596E-03    -55.7974E-03    -232.018E-18    -356.253E-03
            1977     705.782E-03    -53.7280E-03     183.892E-18    -703.734E-03
            1978         1.03511    -50.3356E-03     571.054E-18        -1.03389
            1979         1.33936    -45.7038E-03     483.856E-18        -1.33858
            1980         1.61081    -39.9466E-03     411.108E-18        -1.61032
            1981         1.84270    -33.2057E-03     572.434E-18        -1.84240
            1982         2.02928    -25.6473E-03     639.777E-18        -2.02912
            1983         2.16594    -17.4573E-03     180.964E-18        -2.16587
            1984         2.24931    -8.83745E-03     192.310E-18        -2.24929
            1985         2.27733    -70.7164E-18     276.698E-18        -2.27733
            1986         2.24931     8.83745E-03     68.0349E-18        -2.24929
            1987         2.16594     17.4573E-03    -14.3264E-18        -2.16587
            1988         2.02928     25.6473E-03     366.814E-18        -2.02912
            1989         1.84270     33.2057E-03     585.748E-18        -1.84240
            1990         1.61081     39.9466E-03     70.7519E-18        -1.61032
            1991         1.33936     45.7038E-03    -75.4897E-18        -1.33858
            1992         1.03511     50.3356E-03     157.180E-18        -1.03389
            1993     705.782E-03     53.7280E-03    -6.09647E-18    -703.734E-03
            1994     360.596E-03     55.7974E-03    -357.183E-18    -356.253E-03
            1995     56.4930E-03     56.4930E-03     54.0128E-33    -146.364E-33
            1996     55.7974E-03    -55.7974E-03     62.5055E-33    -144.138E-33
            1997     356.160E-03    -55.1105E-03     1.52711E-03    -351.867E-03
            1998     697.099E-03    -53.0665E-03     3.01662E-03    -695.069E-03
            1999         1.02238    -49.7159E-03     4.43184E-03        -1.02116
            2000         1.32288    -45.1411E-03     5.73795E-03        -1.32210
            2001         1.59099    -39.4547E-03     6.90276E-03        -1.59049
            2002         1.82003    -32.7969E-03     7.89760E-03        -1.81972
            2003         2.00431    -25.3315E-03     8.69798E-03        -2.00413
            2004         2.13929    -17.2424E-03     9.28419E-03        -2.13920
            2005         2.22164    -8.72864E-03     9.64179E-03        -2.22160
            2006         2.24931     135.688E-18     9.76198E-03        -2.24929
            2007         2.22164     8.72864E-03     9.64179E-03        -2.22160
            2008         2.13929     17.2424E-03     9.28419E-03        -2.13920
            2009         2.00431     25.3315E-03     8.69798E-03        -2.00413
            2010         1.82003     32.7969E-03     7.89760E-03        -1.81972
            2011         1.59099     39.4547E-03     6.90276E-03        -1.59049
            2012         1.32288     45.1411E-03     5.73795E-03        -1.32210
            2013         1.02238     49.7159E-03     4.43184E-03        -1.02116
            2014     697.099E-03     53.0665E-03     3.01662E-03    -695.069E-03
            2015     356.160E-03     55.1105E-03     1.52711E-03    -351.867E-03
            2016     55.7974E-03     55.7974E-03     62.5055E-33    -144.138E-33
            2017     53.7280E-03    -53.7280E-03     69.4591E-33    -138.362E-33
            2018     342.960E-03    -53.0665E-03     3.01662E-03    -338.817E-03
            2019     671.265E-03    -51.0984E-03     5.95895E-03    -669.290E-03
            2020     984.488E-03    -47.8720E-03     8.75456E-03    -983.284E-03
            2021         1.27386    -43.4669E-03     11.3346E-03        -1.27307
            2022         1.53203    -37.9914E-03     13.6355E-03        -1.53150
            2023         1.75258    -31.5805E-03     15.6007E-03        -1.75223
            2024         1.93003    -24.3920E-03     17.1818E-03        -1.92980
            2025         2.06001    -16.6029E-03     18.3398E-03        -2.05986
            2026         2.13931    -8.40491E-03     19.0462E-03        -2.13920
            2027         2.16596     341.642E-18     19.2836E-03        -2.16587
            2028         2.13931     8.40491E-03     19.0462E-03        -2.13920
            2029         2.06001     16.6029E-03     18.3398E-03        -2.05986
            2030         1.93003     24.3920E-03     17.1818E-03        -1.92980
            2031         1.75258     31.5805E-03     15.6007E-03        -1.75223
            2032         1.53203     37.9914E-03     13.6355E-03        -1.53150
            2033         1.27386     43.4669E-03     11.3346E-03        -1.27307
            2034     984.488E-03     47.8720E-03     8.75456E-03    -983.284E-03
            2035     671.265E-03     51.0984E-03     5.95895E-03    -669.290E-03
            2036     342.960E-03     53.0665E-03     3.01662E-03    -338.817E-03
            2037     53.7280E-03     53.7280E-03     69.4591E-33    -138.362E-33
            2038     50.3356E-03    -50.3356E-03     74.7023E-33    -129.179E-33
            2039     321.324E-03    -49.7159E-03     4.43184E-03    -317.424E-03
            2040     628.917E-03    -47.8720E-03     8.75456E-03    -627.031E-03
            2041     922.380E-03    -44.8493E-03     12.8617E-03    -921.199E-03
            2042         1.19350    -40.7224E-03     16.6522E-03        -1.19268
            2043         1.43538    -35.5926E-03     20.0326E-03        -1.43480
            2044         1.64202    -29.5865E-03     22.9197E-03        -1.64159
            2045         1.80828    -22.8519E-03     25.2425E-03        -1.80796
            2046         1.93005    -15.5546E-03     26.9438E-03        -1.92980
            2047         2.00434    -7.87422E-03     27.9816E-03        -2.00413
            2048         2.02931     275.969E-18     28.3304E-03        -2.02912
            2049         2.00434     7.87422E-03     27.9816E-03        -2.00413
            2050         1.93005     15.5546E-03     26.9438E-03        -1.92980
            2051         1.80828     22.8519E-03     25.2425E-03        -1.80796
            2052         1.64202     29.5865E-03     22.9197E-03        -1.64159
            2053         1.43538     35.5926E-03     20.0326E-03        -1.43480
            2054         1.19350     40.7224E-03     16.6522E-03        -1.19268
            2055     922.380E-03     44.8493E-03     12.8617E-03    -921.199E-03
            2056     628.917E-03     47.8720E-03     8.75456E-03    -627.031E-03
            2057     321.324E-03     49.7159E-03     4.43184E-03    -317.424E-03
            2058     50.3356E-03     50.3356E-03     74.7023E-33    -129.179E-33
            2059     45.7038E-03    -45.7038E-03     78.1062E-33    -116.815E-33
            2060     291.785E-03    -45.1411E-03     5.73795E-03    -288.215E-03
            2061     571.102E-03    -43.4669E-03     11.3346E-03    -569.332E-03
            2062     837.588E-03    -40.7224E-03     16.6522E-03    -836.431E-03
            2063         1.08378    -36.9751E-03     21.5597E-03        -1.08293
            2064         1.30343    -32.3174E-03     25.9364E-03        -1.30277
            2065         1.49107    -26.8640E-03     29.6744E-03        -1.49053
            2066         1.64205    -20.7491E-03     32.6817E-03        -1.64159
            2067         1.75263    -14.1232E-03     34.8843E-03        -1.75223
            2068         1.82009    -7.14964E-03     36.2280E-03        -1.81972
            2069         1.84276    -56.4857E-18     36.6795E-03        -1.84240
            2070         1.82009     7.14964E-03     36.2280E-03        -1.81972
            2071         1.75263     14.1232E-03     34.8843E-03        -1.75223
            2072         1.64205     20.7491E-03     32.6817E-03        -1.64159
            2073         1.49107     26.8640E-03     29.6744E-03        -1.49053
            2074         1.30343     32.3174E-03     25.9364E-03        -1.30277
            2075         1.08378     36.9751E-03     21.5597E-03        -1.08293
            2076     837.588E-03     40.7224E-03     16.6522E-03    -836.431E-03
            2077     571.102E-03     43.4669E-03     11.3346E-03    -569.332E-03
            2078     291.785E-03     45.1411E-03     5.73795E-03    -288.215E-03
            2079     45.7038E-03     45.7038E-03     78.1062E-33    -116.815E-33
            2080     39.9466E-03    -39.9466E-03     79.5868E-33    -101.575E-33
            2081     255.073E-03    -39.4547E-03     6.90276E-03    -251.909E-03
            2082     499.249E-03    -37.9914E-03     13.6355E-03    -497.615E-03
            2083     732.208E-03    -35.5926E-03     20.0326E-03    -731.068E-03
            2084     947.426E-03    -32.3174E-03     25.9364E-03    -946.520E-03
            2085         1.13944    -28.2465E-03     31.2015E-03        -1.13866
            2086         1.30347    -23.4800E-03     35.6983E-03        -1.30277
            2087         1.43545    -18.1354E-03     39.3162E-03        -1.43480
            2088         1.53213    -12.3442E-03     41.9659E-03        -1.53150
            2089         1.59110    -6.24902E-03     43.5823E-03        -1.59049
            2090         1.61092    -368.593E-18     44.1256E-03        -1.61032
            2091         1.59110     6.24902E-03     43.5823E-03        -1.59049
            2092         1.53213     12.3442E-03     41.9659E-03        -1.53150
            2093         1.43545     18.1354E-03     39.3162E-03        -1.43480
            2094         1.30347     23.4800E-03     35.6983E-03        -1.30277
            2095         1.13944     28.2465E-03     31.2015E-03        -1.13866
            2096     947.426E-03     32.3174E-03     25.9364E-03    -946.520E-03
            2097     732.208E-03     35.5926E-03     20.0326E-03    -731.068E-03
            2098     499.249E-03     37.9914E-03     13.6355E-03    -497.615E-03
            2099     255.073E-03     39.4547E-03     6.90276E-03    -251.909E-03
            2100     39.9466E-03     39.9466E-03     79.5868E-33    -101.575E-33
            2101     33.2057E-03    -33.2057E-03     79.1078E-33    -83.8342E-33
            2102     212.100E-03    -32.7969E-03     7.89760E-03    -209.400E-03
            2103     415.141E-03    -31.5805E-03     15.6007E-03    -413.644E-03
            2104     608.854E-03    -29.5865E-03     22.9197E-03    -607.703E-03
            2105     787.816E-03    -26.8640E-03     29.6744E-03    -786.798E-03
            2106     947.483E-03    -23.4800E-03     35.6983E-03    -946.520E-03
            2107         1.08388    -19.5178E-03     40.8433E-03        -1.08293
            2108         1.19363    -15.0751E-03     44.9825E-03        -1.19268
            2109         1.27401    -10.2611E-03     48.0142E-03        -1.27307
            2110         1.32305    -5.19452E-03     49.8635E-03        -1.32210
            2111         1.33953    -353.031E-18     50.4851E-03        -1.33858
            2112         1.32305     5.19452E-03     49.8635E-03        -1.32210
            2113         1.27401     10.2611E-03     48.0142E-03        -1.27307
            2114         1.19363     15.0751E-03     44.9825E-03        -1.19268
            2115         1.08388     19.5178E-03     40.8433E-03        -1.08293
            2116     947.483E-03     23.4800E-03     35.6983E-03    -946.520E-03
            2117     787.816E-03     26.8640E-03     29.6744E-03    -786.798E-03
            2118     608.854E-03     29.5865E-03     22.9197E-03    -607.703E-03
            2119     415.141E-03     31.5805E-03     15.6007E-03    -413.644E-03
            2120     212.100E-03     32.7969E-03     7.89760E-03    -209.400E-03
            2121     33.2057E-03     33.2057E-03     79.1078E-33    -83.8342E-33
            2122     25.6473E-03    -25.6473E-03     76.6808E-33    -64.0288E-33
            2123     163.938E-03    -25.3315E-03     8.69798E-03    -161.735E-03
            2124     320.878E-03    -24.3920E-03     17.1818E-03    -319.488E-03
            2125     470.608E-03    -22.8519E-03     25.2425E-03    -469.374E-03
            2126     608.935E-03    -20.7491E-03     32.6817E-03    -607.703E-03
            2127     732.349E-03    -18.1354E-03     39.3162E-03    -731.068E-03
            2128     837.776E-03    -15.0751E-03     44.9825E-03    -836.431E-03
            2129     922.604E-03    -11.6436E-03     49.5413E-03    -921.199E-03
            2130     984.737E-03    -7.92544E-03     52.8801E-03    -983.284E-03
            2131         1.02264    -4.01212E-03     54.9169E-03        -1.02116
            2132         1.03538    -20.6370E-18     55.6015E-03        -1.03389
            2133         1.02264     4.01212E-03     54.9169E-03        -1.02116
            2134     984.737E-03     7.92544E-03     52.8801E-03    -983.284E-03
            2135     922.604E-03     11.6436E-03     49.5413E-03    -921.199E-03
            2136     837.776E-03     15.0751E-03     44.9825E-03    -836.431E-03
            2137     732.349E-03     18.1354E-03     39.3162E-03    -731.068E-03
            2138     608.935E-03     20.7491E-03     32.6817E-03    -607.703E-03
            2139     470.608E-03     22.8519E-03     25.2425E-03    -469.374E-03
            2140     320.878E-03     24.3920E-03     17.1818E-03    -319.488E-03
            2141     163.938E-03     25.3315E-03     8.69798E-03    -161.735E-03
            2142     25.6473E-03     25.6473E-03     76.6808E-33    -64.0288E-33
            2143     17.4573E-03    -17.4573E-03     72.3657E-33    -42.6468E-33
            2144     111.816E-03    -17.2424E-03     9.28419E-03    -110.088E-03
            2145     218.868E-03    -16.6029E-03     18.3398E-03    -217.466E-03
            2146     321.000E-03    -15.5546E-03     26.9438E-03    -319.488E-03
            2147     415.353E-03    -14.1232E-03     34.8843E-03    -413.644E-03
            2148     499.534E-03    -12.3442E-03     41.9659E-03    -497.615E-03
            2149     571.446E-03    -10.2611E-03     48.0142E-03    -569.332E-03
            2150     629.307E-03    -7.92544E-03     52.8801E-03    -627.031E-03
            2151     671.688E-03    -5.39460E-03     56.4440E-03    -669.290E-03
            2152     697.542E-03    -2.73092E-03     58.6181E-03    -695.069E-03
            2153     706.232E-03    -107.212E-18     59.3488E-03    -703.734E-03
            2154     697.542E-03     2.73092E-03     58.6181E-03    -695.069E-03
            2155     671.688E-03     5.39460E-03     56.4440E-03    -669.290E-03
            2156     629.307E-03     7.92544E-03     52.8801E-03    -627.031E-03
            2157     571.446E-03     10.2611E-03     48.0142E-03    -569.332E-03
            2158     499.534E-03     12.3442E-03     41.9659E-03    -497.615E-03
            2159     415.353E-03     14.1232E-03     34.8843E-03    -413.644E-03
            2160     321.000E-03     15.5546E-03     26.9438E-03    -319.488E-03
            2161     218.868E-03     16.6029E-03     18.3398E-03    -217.466E-03
            2162     111.816E-03     17.2424E-03     9.28419E-03    -110.088E-03
            2163     17.4573E-03     17.4573E-03     72.3657E-33    -42.6468E-33
            2164     8.83745E-03    -8.83745E-03     66.2688E-33    -20.2147E-33
            2165     57.2277E-03    -8.72864E-03     9.64179E-03    -55.7302E-03
            2166     112.039E-03    -8.40491E-03     19.0462E-03    -110.088E-03
            2167     164.327E-03    -7.87422E-03     27.9816E-03    -161.735E-03
            2168     212.631E-03    -7.14964E-03     36.2280E-03    -209.400E-03
            2169     255.727E-03    -6.24902E-03     43.5823E-03    -251.909E-03
            2170     292.542E-03    -5.19452E-03     49.8635E-03    -288.215E-03
            2171     322.164E-03    -4.01212E-03     54.9169E-03    -317.424E-03
            2172     343.861E-03    -2.73092E-03     58.6181E-03    -338.817E-03
            2173     357.097E-03    -1.38248E-03     60.8759E-03    -351.867E-03
            2174     361.545E-03    -282.141E-18     61.6347E-03    -356.253E-03
            2175     357.097E-03     1.38248E-03     60.8759E-03    -351.867E-03
            2176     343.861E-03     2.73092E-03     58.6181E-03    -338.817E-03
            2177     322.164E-03     4.01212E-03     54.9169E-03    -317.424E-03
            2178     292.542E-03     5.19452E-03     49.8635E-03    -288.215E-03
            2179     255.727E-03     6.24902E-03     43.5823E-03    -251.909E-03
            2180     212.631E-03     7.14964E-03     36.2280E-03    -209.400E-03
            2181     164.327E-03     7.87422E-03     27.9816E-03    -161.735E-03
            2182     112.039E-03     8.40491E-03     19.0462E-03    -110.088E-03
            2183     57.2277E-03     8.72864E-03     9.64179E-03    -55.7302E-03
            2184     8.83745E-03     8.83745E-03     66.2688E-33    -20.2147E-33
            2185              0.    -17.4754E-33     17.1904E-33    -6.37510E-33
            2186     9.76198E-03    -57.1961E-33     9.76198E-03    -25.3594E-33
            2187     19.2836E-03    -53.1454E-33     19.2836E-03    -47.3791E-33
            2188     28.3304E-03    -47.7861E-33     28.3304E-03    -68.2323E-33
            2189     36.6795E-03    -41.2501E-33     36.6795E-03    -87.4053E-33
            2190     44.1256E-03    -33.6985E-33     44.1256E-03    -104.426E-33
            2191     50.4851E-03    -25.3170E-33     50.4851E-03    -118.876E-33
            2192     55.6015E-03    -16.3122E-33     55.6015E-03    -130.398E-33
            2193     59.3488E-03    -6.90573E-33     59.3488E-03    -138.710E-33
            2194     61.6347E-03     2.67079E-33     61.6347E-03    -143.606E-33
            2195     62.4030E-03     12.1816E-33     62.4030E-03    -144.966E-33
            2196     61.6347E-03     21.3924E-33     61.6347E-03    -142.756E-33
            2197     59.3488E-03     30.0764E-33     59.3488E-03    -137.031E-33
            2198     55.6015E-03     38.0199E-33     55.6015E-03    -127.933E-33
            2199     50.4851E-03     45.0272E-33     50.4851E-03    -115.684E-33
            2200     44.1256E-03     50.9258E-33     44.1256E-03    -100.586E-33
            2201     36.6795E-03     55.5704E-33     36.6795E-03    -83.0120E-33
            2202     28.3304E-03     58.8467E-33     28.3304E-03    -63.3938E-33
            2203     19.2836E-03     60.6740E-33     19.2836E-03    -42.2146E-33
            2204     9.76198E-03     61.0073E-33     9.76198E-03    -19.9959E-33
            2205              0.     17.4754E-33     17.1904E-33    -6.37510E-33
            2206              0.    -17.0294E-33    -16.7419E-33    -6.46496E-33
            2207     7.73648E-03    -22.7512E-33    -7.73648E-03    -35.0143E-33
            2208     15.2825E-03    -21.9956E-33    -15.2825E-03    -62.7441E-33
            2209     22.4521E-03    -20.6983E-33    -22.4521E-03    -88.9290E-33
            2210     29.0690E-03    -18.8914E-33    -29.0690E-03    -112.924E-33
            2211     34.9700E-03    -16.6194E-33    -34.9700E-03    -134.139E-33
            2212     40.0100E-03    -13.9381E-33    -40.0100E-03    -152.050E-33
            2213     44.0648E-03    -10.9136E-33    -44.0648E-03    -166.218E-33
            2214     47.0346E-03    -7.62036E-33    -47.0346E-03    -176.293E-33
            2215     48.8462E-03    -4.13949E-33    -48.8462E-03    -182.027E-33
            2216     49.4551E-03    -556.700E-36    -49.4551E-03    -183.279E-33
            2217     48.8462E-03     3.03980E-33    -48.8462E-03    -180.018E-33
            2218     47.0346E-03     6.56145E-33    -47.0346E-03    -172.324E-33
            2219     44.0648E-03     9.92154E-33    -44.0648E-03    -160.387E-33
            2220     40.0100E-03     13.0373E-33    -40.0100E-03    -144.501E-33
            2221     34.9700E-03     15.8321E-33    -34.9700E-03    -125.056E-33
            2222     29.0690E-03     18.2370E-33    -29.0690E-03    -102.533E-33
            2223     22.4521E-03     20.1929E-33    -22.4521E-03    -77.4845E-33
            2224     15.2825E-03     21.6515E-33    -15.2825E-03    -50.5283E-33
            2225     7.73648E-03     22.5770E-33    -7.73648E-03    -22.3279E-33
            2226              0.     17.0294E-33    -16.7419E-33    -6.46496E-33
            2227     7.02512E-03    -7.02512E-03    -22.4582E-33    -35.5926E-33
            2228     56.7289E-03    -6.93863E-03    -7.64123E-03    -55.7820E-03
            2229     111.420E-03    -6.68128E-03    -15.0943E-03    -110.191E-03
            2230     163.517E-03    -6.25943E-03    -22.1757E-03    -161.886E-03
            2231     211.629E-03    -5.68344E-03    -28.7111E-03    -209.595E-03
            2232     254.546E-03    -4.96751E-03    -34.5395E-03    -252.143E-03
            2233     291.206E-03    -4.12926E-03    -39.5174E-03    -288.483E-03
            2234     320.702E-03    -3.18934E-03    -43.5223E-03    -317.719E-03
            2235     342.306E-03    -2.17088E-03    -46.4555E-03    -339.132E-03
            2236     355.485E-03    -1.09897E-03    -48.2448E-03    -352.194E-03
            2237     359.914E-03    -42.6556E-18    -48.8462E-03    -356.584E-03
            2238     355.485E-03     1.09897E-03    -48.2448E-03    -352.194E-03
            2239     342.306E-03     2.17088E-03    -46.4555E-03    -339.132E-03
            2240     320.702E-03     3.18934E-03    -43.5223E-03    -317.719E-03
            2241     291.206E-03     4.12926E-03    -39.5174E-03    -288.483E-03
            2242     254.546E-03     4.96751E-03    -34.5395E-03    -252.143E-03
            2243     211.629E-03     5.68344E-03    -28.7111E-03    -209.595E-03
            2244     163.517E-03     6.25943E-03    -22.1757E-03    -161.886E-03
            2245     111.420E-03     6.68128E-03    -15.0943E-03    -110.191E-03
            2246     56.7289E-03     6.93863E-03    -7.64123E-03    -55.7820E-03
            2247     7.02512E-03     7.02512E-03    -22.4582E-33    -35.5926E-33
            2248     13.8773E-03    -13.8773E-03    -21.7077E-33    -63.8865E-33
            2249     111.283E-03    -13.7064E-03    -7.35783E-03    -110.191E-03
            2250     218.551E-03    -13.1981E-03    -14.5345E-03    -217.668E-03
            2251     320.736E-03    -12.3647E-03    -21.3533E-03    -319.785E-03
            2252     415.103E-03    -11.2269E-03    -27.6462E-03    -414.029E-03
            2253     499.283E-03    -9.81270E-03    -33.2585E-03    -498.078E-03
            2254     571.189E-03    -8.15685E-03    -38.0518E-03    -569.862E-03
            2255     629.044E-03    -6.30014E-03    -41.9081E-03    -627.614E-03
            2256     671.418E-03    -4.28831E-03    -44.7326E-03    -669.913E-03
            2257     697.268E-03    -2.17088E-03    -46.4555E-03    -695.716E-03
            2258     705.957E-03     36.8944E-18    -47.0346E-03    -704.388E-03
            2259     697.268E-03     2.17088E-03    -46.4555E-03    -695.716E-03
            2260     671.418E-03     4.28831E-03    -44.7326E-03    -669.913E-03
            2261     629.044E-03     6.30014E-03    -41.9081E-03    -627.614E-03
            2262     571.189E-03     8.15685E-03    -38.0518E-03    -569.862E-03
            2263     499.283E-03     9.81270E-03    -33.2585E-03    -498.078E-03
            2264     415.103E-03     11.2269E-03    -27.6462E-03    -414.029E-03
            2265     320.736E-03     12.3647E-03    -21.3533E-03    -319.785E-03
            2266     218.551E-03     13.1981E-03    -14.5345E-03    -217.668E-03
            2267     111.283E-03     13.7064E-03    -7.35783E-03    -110.191E-03
            2268     13.8773E-03     13.8773E-03    -21.7077E-33    -63.8865E-33
            2269     20.3877E-03    -20.3877E-03    -20.4227E-33    -90.6074E-33
            2270     163.279E-03    -20.1367E-03    -6.89326E-03    -161.886E-03
            2271     320.662E-03    -19.3898E-03    -13.6168E-03    -319.785E-03
            2272     470.587E-03    -18.1656E-03    -20.0050E-03    -469.811E-03
            2273     609.043E-03    -16.4940E-03    -25.9007E-03    -608.268E-03
            2274     732.553E-03    -14.4163E-03    -31.1585E-03    -731.748E-03
            2275     838.054E-03    -11.9836E-03    -35.6492E-03    -837.209E-03
            2276     922.938E-03    -9.25582E-03    -39.2620E-03    -922.056E-03
            2277     985.110E-03    -6.30014E-03    -41.9081E-03    -984.198E-03
            2278         1.02304    -3.18934E-03    -43.5223E-03        -1.02211
            2279         1.03579    -310.553E-18    -44.0648E-03        -1.03485
            2280         1.02304     3.18934E-03    -43.5223E-03        -1.02211
            2281     985.110E-03     6.30014E-03    -41.9081E-03    -984.198E-03
            2282     922.938E-03     9.25582E-03    -39.2620E-03    -922.056E-03
            2283     838.054E-03     11.9836E-03    -35.6492E-03    -837.209E-03
            2284     732.553E-03     14.4163E-03    -31.1585E-03    -731.748E-03
            2285     609.043E-03     16.4940E-03    -25.9007E-03    -608.268E-03
            2286     470.587E-03     18.1656E-03    -20.0050E-03    -469.811E-03
            2287     320.662E-03     19.3898E-03    -13.6168E-03    -319.785E-03
            2288     163.279E-03     20.1367E-03    -6.89326E-03    -161.886E-03
            2289     20.3877E-03     20.3877E-03    -20.4227E-33    -90.6074E-33
            2290     26.3961E-03    -26.3961E-03    -18.6349E-33    -115.097E-33
            2291     211.303E-03    -26.0711E-03    -6.25895E-03    -209.595E-03
            2292     414.973E-03    -25.1042E-03    -12.3638E-03    -414.029E-03
            2293     608.994E-03    -23.5191E-03    -18.1642E-03    -608.268E-03
            2294     788.170E-03    -21.3549E-03    -23.5173E-03    -787.530E-03
            2295     948.006E-03    -18.6649E-03    -28.2914E-03    -947.400E-03
            2296         1.08454    -15.5152E-03    -32.3688E-03        -1.08394
            2297         1.19439    -11.9836E-03    -35.6492E-03        -1.19379
            2298         1.27484    -8.15685E-03    -38.0518E-03        -1.27425
            2299         1.32393    -4.12926E-03    -39.5174E-03        -1.32333
            2300         1.34042    -538.445E-18    -40.0100E-03        -1.33983
            2301         1.32393     4.12926E-03    -39.5174E-03        -1.32333
            2302         1.27484     8.15685E-03    -38.0518E-03        -1.27425
            2303         1.19439     11.9836E-03    -35.6492E-03        -1.19379
            2304         1.08454     15.5152E-03    -32.3688E-03        -1.08394
            2305     948.006E-03     18.6649E-03    -28.2914E-03    -947.400E-03
            2306     788.170E-03     21.3549E-03    -23.5173E-03    -787.530E-03
            2307     608.994E-03     23.5191E-03    -18.1642E-03    -608.268E-03
            2308     414.973E-03     25.1042E-03    -12.3638E-03    -414.029E-03
            2309     211.303E-03     26.0711E-03    -6.25895E-03    -209.595E-03
            2310     26.3961E-03     26.3961E-03    -18.6349E-33    -115.097E-33
            2311     31.7546E-03    -31.7546E-03    -16.3881E-33    -136.753E-33
            2312     254.145E-03    -31.3636E-03    -5.47052E-03    -252.143E-03
            2313     499.109E-03    -30.2004E-03    -10.8063E-03    -498.078E-03
            2314     732.467E-03    -28.2935E-03    -15.8761E-03    -731.748E-03
            2315     947.971E-03    -25.6900E-03    -20.5549E-03    -947.400E-03
            2316         1.14021    -22.4539E-03    -24.7276E-03        -1.13972
            2317         1.30442    -18.6649E-03    -28.2914E-03        -1.30398
            2318         1.43655    -14.4163E-03    -31.1585E-03        -1.43614
            2319         1.53332    -9.81270E-03    -33.2585E-03        -1.53293
            2320         1.59235    -4.96751E-03    -34.5395E-03        -1.59197
            2321         1.61219    -385.791E-18    -34.9700E-03        -1.61181
            2322         1.59235     4.96751E-03    -34.5395E-03        -1.59197
            2323         1.53332     9.81270E-03    -33.2585E-03        -1.53293
            2324         1.43655     14.4163E-03    -31.1585E-03        -1.43614
            2325         1.30442     18.6649E-03    -28.2914E-03        -1.30398
            2326         1.14021     22.4539E-03    -24.7276E-03        -1.13972
            2327     947.971E-03     25.6900E-03    -20.5549E-03    -947.400E-03
            2328     732.467E-03     28.2935E-03    -15.8761E-03    -731.748E-03
            2329     499.109E-03     30.2004E-03    -10.8063E-03    -498.078E-03
            2330     254.145E-03     31.3636E-03    -5.47052E-03    -252.143E-03
            2331     31.7546E-03     31.7546E-03    -16.3881E-33    -136.753E-33
            2332     36.3311E-03    -36.3311E-03    -13.7379E-33    -155.041E-33
            2333     290.741E-03    -35.8838E-03    -4.54739E-03    -288.483E-03
            2334     570.979E-03    -34.5530E-03    -8.98281E-03    -569.862E-03
            2335     837.939E-03    -32.3713E-03    -13.1970E-03    -837.209E-03
            2336         1.08447    -29.3925E-03    -17.0863E-03        -1.08394
            2337         1.30440    -25.6900E-03    -20.5549E-03        -1.30398
            2338         1.49226    -21.3549E-03    -23.5173E-03        -1.49192
            2339         1.64340    -16.4940E-03    -25.9007E-03        -1.64312
            2340         1.75411    -11.2269E-03    -27.6462E-03        -1.75385
            2341         1.82164    -5.68344E-03    -28.7111E-03        -1.82141
            2342         1.84434    -137.737E-18    -29.0690E-03        -1.84411
            2343         1.82164     5.68344E-03    -28.7111E-03        -1.82141
            2344         1.75411     11.2269E-03    -27.6462E-03        -1.75385
            2345         1.64340     16.4940E-03    -25.9007E-03        -1.64312
            2346         1.49226     21.3549E-03    -23.5173E-03        -1.49192
            2347         1.30440     25.6900E-03    -20.5549E-03        -1.30398
            2348         1.08447     29.3925E-03    -17.0863E-03        -1.08394
            2349     837.939E-03     32.3713E-03    -13.1970E-03    -837.209E-03
            2350     570.979E-03     34.5530E-03    -8.98281E-03    -569.862E-03
            2351     290.741E-03     35.8838E-03    -4.54739E-03    -288.483E-03
            2352     36.3311E-03     36.3311E-03    -13.7379E-33    -155.041E-33
            2353     40.0131E-03    -40.0131E-03    -10.7493E-33    -169.512E-33
            2354     320.187E-03    -39.5205E-03    -3.51229E-03    -317.719E-03
            2355     628.805E-03    -38.0547E-03    -6.93809E-03    -627.614E-03
            2356     922.801E-03    -35.6519E-03    -10.1931E-03    -922.056E-03
            2357         1.19431    -32.3713E-03    -13.1970E-03        -1.19379
            2358         1.43650    -28.2935E-03    -15.8761E-03        -1.43614
            2359         1.64338    -23.5191E-03    -18.1642E-03        -1.64312
            2360         1.80984    -18.1656E-03    -20.0050E-03        -1.80964
            2361         1.93176    -12.3647E-03    -21.3533E-03        -1.93160
            2362         2.00613    -6.25943E-03    -22.1757E-03        -2.00600
            2363         2.03113     533.562E-18    -22.4521E-03        -2.03100
            2364         2.00613     6.25943E-03    -22.1757E-03        -2.00600
            2365         1.93176     12.3647E-03    -21.3533E-03        -1.93160
            2366         1.80984     18.1656E-03    -20.0050E-03        -1.80964
            2367         1.64338     23.5191E-03    -18.1642E-03        -1.64312
            2368         1.43650     28.2935E-03    -15.8761E-03        -1.43614
            2369         1.19431     32.3713E-03    -13.1970E-03        -1.19379
            2370     922.801E-03     35.6519E-03    -10.1931E-03    -922.056E-03
            2371     628.805E-03     38.0547E-03    -6.93809E-03    -627.614E-03
            2372     320.187E-03     39.5205E-03    -3.51229E-03    -317.719E-03
            2373     40.0131E-03     40.0131E-03    -10.7493E-33    -169.512E-33
            2374     42.7098E-03    -42.7098E-03    -7.49613E-33    -179.809E-33
            2375     341.754E-03    -42.1840E-03    -2.39070E-03    -339.132E-03
            2376     671.160E-03    -40.6194E-03    -4.72254E-03    -669.913E-03
            2377     984.958E-03    -38.0547E-03    -6.93809E-03    -984.198E-03
            2378         1.27475    -34.5530E-03    -8.98281E-03        -1.27425
            2379         1.53326    -30.2004E-03    -10.8063E-03        -1.53293
            2380         1.75408    -25.1042E-03    -12.3638E-03        -1.75385
            2381         1.93174    -19.3898E-03    -13.6168E-03        -1.93160
            2382         2.06187    -13.1981E-03    -14.5345E-03        -2.06178
            2383         2.14126    -6.68128E-03    -15.0943E-03        -2.14119
            2384         2.16794     224.723E-18    -15.2825E-03        -2.16788
            2385         2.14126     6.68128E-03    -15.0943E-03        -2.14119
            2386         2.06187     13.1981E-03    -14.5345E-03        -2.06178
            2387         1.93174     19.3898E-03    -13.6168E-03        -1.93160
            2388         1.75408     25.1042E-03    -12.3638E-03        -1.75385
            2389         1.53326     30.2004E-03    -10.8063E-03        -1.53293
            2390         1.27475     34.5530E-03    -8.98281E-03        -1.27425
            2391     984.958E-03     38.0547E-03    -6.93809E-03    -984.198E-03
            2392     671.160E-03     40.6194E-03    -4.72254E-03    -669.913E-03
            2393     341.754E-03     42.1840E-03    -2.39070E-03    -339.132E-03
            2394     42.7098E-03     42.7098E-03    -7.49613E-33    -179.809E-33
            2395     44.3549E-03    -44.3549E-03    -4.05834E-33    -185.678E-33
            2396     354.910E-03    -43.8088E-03    -1.21025E-03    -352.194E-03
            2397     696.998E-03    -42.1840E-03    -2.39070E-03    -695.716E-03
            2398         1.02288    -39.5205E-03    -3.51229E-03        -1.02211
            2399         1.32382    -35.8838E-03    -4.54739E-03        -1.32333
            2400         1.59229    -31.3636E-03    -5.47052E-03        -1.59197
            2401         1.82160    -26.0711E-03    -6.25895E-03        -1.82141
            2402         2.00611    -20.1367E-03    -6.89326E-03        -2.00600
            2403         2.14125    -13.7064E-03    -7.35783E-03        -2.14119
            2404         2.22369    -6.93863E-03    -7.64123E-03        -2.22367
            2405         2.25140    -266.444E-18    -7.73648E-03        -2.25138
            2406         2.22369     6.93863E-03    -7.64123E-03        -2.22367
            2407         2.14125     13.7064E-03    -7.35783E-03        -2.14119
            2408         2.00611     20.1367E-03    -6.89326E-03        -2.00600
            2409         1.82160     26.0711E-03    -6.25895E-03        -1.82141
            2410         1.59229     31.3636E-03    -5.47052E-03        -1.59197
            2411         1.32382     35.8838E-03    -4.54739E-03        -1.32333
            2412         1.02288     39.5205E-03    -3.51229E-03        -1.02211
            2413     696.998E-03     42.1840E-03    -2.39070E-03    -695.716E-03
            2414     354.910E-03     43.8088E-03    -1.21025E-03    -352.194E-03
            2415     44.3549E-03     44.3549E-03    -4.05834E-33    -185.678E-33
            2416     44.9077E-03    -44.9077E-03    -520.612E-36    -186.976E-33
            2417     359.332E-03    -44.3549E-03    -271.902E-18    -356.584E-03
            2418     705.682E-03    -42.7098E-03     340.639E-18    -704.388E-03
            2419         1.03562    -40.0131E-03     1.37611E-15        -1.03485
            2420         1.34032    -36.3311E-03     1.42863E-15        -1.33983
            2421         1.61213    -31.7546E-03     718.696E-18        -1.61181
            2422         1.84430    -26.3961E-03     1.30634E-15        -1.84411
            2423         2.03110    -20.3877E-03     1.60426E-15        -2.03100
            2424         2.16793    -13.8773E-03     1.26532E-15        -2.16788
            2425         2.25139    -7.02512E-03     1.79440E-15        -2.25138
            2426         2.27945    -506.767E-18     1.77812E-15        -2.27945
            2427         2.25139     7.02512E-03     270.491E-18        -2.25138
            2428         2.16793     13.8773E-03    -214.302E-18        -2.16788
            2429         2.03110     20.3877E-03     1.59846E-15        -2.03100
            2430         1.84430     26.3961E-03     2.19358E-15        -1.84411
            2431         1.61213     31.7546E-03     932.252E-18        -1.61181
            2432         1.34032     36.3311E-03     199.884E-18        -1.33983
            2433         1.03562     40.0131E-03     1.41056E-15        -1.03485
            2434     705.682E-03     42.7098E-03     375.131E-18    -704.388E-03
            2435     359.332E-03     44.3549E-03    -660.391E-18    -356.584E-03
            2436     44.9077E-03     44.9077E-03    -520.612E-36    -186.976E-33
            2437     44.3549E-03    -44.3549E-03     3.02993E-33    -183.669E-33
            2438     354.910E-03    -43.8088E-03     1.21025E-03    -352.194E-03
            2439     696.998E-03    -42.1840E-03     2.39070E-03    -695.716E-03
            2440         1.02288    -39.5205E-03     3.51229E-03        -1.02211
            2441         1.32382    -35.8838E-03     4.54739E-03        -1.32333
            2442         1.59229    -31.3636E-03     5.47052E-03        -1.59197
            2443         1.82160    -26.0711E-03     6.25895E-03        -1.82141
            2444         2.00611    -20.1367E-03     6.89326E-03        -2.00600
            2445         2.14125    -13.7064E-03     7.35783E-03        -2.14119
            2446         2.22369    -6.93863E-03     7.64123E-03        -2.22367
            2447         2.25140    -1.11872E-15     7.73648E-03        -2.25138
            2448         2.22369     6.93863E-03     7.64123E-03        -2.22367
            2449         2.14125     13.7064E-03     7.35783E-03        -2.14119
            2450         2.00611     20.1367E-03     6.89326E-03        -2.00600
            2451         1.82160     26.0711E-03     6.25895E-03        -1.82141
            2452         1.59229     31.3636E-03     5.47052E-03        -1.59197
            2453         1.32382     35.8838E-03     4.54739E-03        -1.32333
            2454         1.02288     39.5205E-03     3.51229E-03        -1.02211
            2455     696.998E-03     42.1840E-03     2.39070E-03    -695.716E-03
            2456     354.910E-03     43.8088E-03     1.21025E-03    -352.194E-03
            2457     44.3549E-03     44.3549E-03     3.02993E-33    -183.669E-33
            2458     42.7098E-03    -42.7098E-03     6.50587E-33    -175.840E-33
            2459     341.754E-03    -42.1840E-03     2.39070E-03    -339.132E-03
            2460     671.160E-03    -40.6194E-03     4.72254E-03    -669.913E-03
            2461     984.958E-03    -38.0547E-03     6.93809E-03    -984.198E-03
            2462         1.27475    -34.5530E-03     8.98281E-03        -1.27425
            2463         1.53326    -30.2004E-03     10.8063E-03        -1.53293
            2464         1.75408    -25.1042E-03     12.3638E-03        -1.75385
            2465         1.93174    -19.3898E-03     13.6168E-03        -1.93160
            2466         2.06187    -13.1981E-03     14.5345E-03        -2.06178
            2467         2.14126    -6.68128E-03     15.0943E-03        -2.14119
            2468         2.16794     221.872E-18     15.2825E-03        -2.16788
            2469         2.14126     6.68128E-03     15.0943E-03        -2.14119
            2470         2.06187     13.1981E-03     14.5345E-03        -2.06178
            2471         1.93174     19.3898E-03     13.6168E-03        -1.93160
            2472         1.75408     25.1042E-03     12.3638E-03        -1.75385
            2473         1.53326     30.2004E-03     10.8063E-03        -1.53293
            2474         1.27475     34.5530E-03     8.98281E-03        -1.27425
            2475     984.958E-03     38.0547E-03     6.93809E-03    -984.198E-03
            2476     671.160E-03     40.6194E-03     4.72254E-03    -669.913E-03
            2477     341.754E-03     42.1840E-03     2.39070E-03    -339.132E-03
            2478     42.7098E-03     42.7098E-03     6.50587E-33    -175.840E-33
            2479     40.0131E-03    -40.0131E-03     9.82161E-33    -163.681E-33
            2480     320.187E-03    -39.5205E-03     3.51229E-03    -317.719E-03
            2481     628.805E-03    -38.0547E-03     6.93809E-03    -627.614E-03
            2482     922.801E-03    -35.6519E-03     10.1931E-03    -922.056E-03
            2483         1.19431    -32.3713E-03     13.1970E-03        -1.19379
            2484         1.43650    -28.2935E-03     15.8761E-03        -1.43614
            2485         1.64338    -23.5191E-03     18.1642E-03        -1.64312
            2486         1.80984    -18.1656E-03     20.0050E-03        -1.80964
            2487         1.93176    -12.3647E-03     21.3533E-03        -1.93160
            2488         2.00613    -6.25943E-03     22.1757E-03        -2.00600
            2489         2.03113     488.972E-18     22.4521E-03        -2.03100
            2490         2.00613     6.25943E-03     22.1757E-03        -2.00600
            2491         1.93176     12.3647E-03     21.3533E-03        -1.93160
            2492         1.80984     18.1656E-03     20.0050E-03        -1.80964
            2493         1.64338     23.5191E-03     18.1642E-03        -1.64312
            2494         1.43650     28.2935E-03     15.8761E-03        -1.43614
            2495         1.19431     32.3713E-03     13.1970E-03        -1.19379
            2496     922.801E-03     35.6519E-03     10.1931E-03    -922.056E-03
            2497     628.805E-03     38.0547E-03     6.93809E-03    -627.614E-03
            2498     320.187E-03     39.5205E-03     3.51229E-03    -317.719E-03
            2499     40.0131E-03     40.0131E-03     9.82161E-33    -163.681E-33
            2500     36.3311E-03    -36.3311E-03     12.8955E-33    -147.491E-33
            2501     290.741E-03    -35.8838E-03     4.54739E-03    -288.483E-03
            2502     570.979E-03    -34.5530E-03     8.98281E-03    -569.862E-03
            2503     837.939E-03    -32.3713E-03     13.1970E-03    -837.209E-03
            2504         1.08447    -29.3925E-03     17.0863E-03        -1.08394
            2505         1.30440    -25.6900E-03     20.5549E-03        -1.30398
            2506         1.49226    -21.3549E-03     23.5173E-03        -1.49192
            2507         1.64340    -16.4940E-03     25.9007E-03        -1.64312
            2508         1.75411    -11.2269E-03     27.6462E-03        -1.75385
            2509         1.82164    -5.68344E-03     28.7111E-03        -1.82141
            2510         1.84434    -846.169E-18     29.0690E-03        -1.84411
            2511         1.82164     5.68344E-03     28.7111E-03        -1.82141
            2512         1.75411     11.2269E-03     27.6462E-03        -1.75385
            2513         1.64340     16.4940E-03     25.9007E-03        -1.64312
            2514         1.49226     21.3549E-03     23.5173E-03        -1.49192
            2515         1.30440     25.6900E-03     20.5549E-03        -1.30398
            2516         1.08447     29.3925E-03     17.0863E-03        -1.08394
            2517     837.939E-03     32.3713E-03     13.1970E-03    -837.209E-03
            2518     570.979E-03     34.5530E-03     8.98281E-03    -569.862E-03
            2519     290.741E-03     35.8838E-03     4.54739E-03    -288.483E-03
            2520     36.3311E-03     36.3311E-03     12.8955E-33    -147.491E-33
            2521     31.7546E-03    -31.7546E-03     15.6519E-33    -127.670E-33
            2522     254.145E-03    -31.3636E-03     5.47052E-03    -252.143E-03
            2523     499.109E-03    -30.2004E-03     10.8063E-03    -498.078E-03
            2524     732.467E-03    -28.2935E-03     15.8761E-03    -731.748E-03
            2525     947.971E-03    -25.6900E-03     20.5549E-03    -947.400E-03
            2526         1.14021    -22.4539E-03     24.7276E-03        -1.13972
            2527         1.30442    -18.6649E-03     28.2914E-03        -1.30398
            2528         1.43655    -14.4163E-03     31.1585E-03        -1.43614
            2529         1.53332    -9.81270E-03     33.2585E-03        -1.53293
            2530         1.59235    -4.96751E-03     34.5395E-03        -1.59197
            2531         1.61219    -1.15286E-15     34.9700E-03        -1.61181
            2532         1.59235     4.96751E-03     34.5395E-03        -1.59197
            2533         1.53332     9.81270E-03     33.2585E-03        -1.53293
            2534         1.43655     14.4163E-03     31.1585E-03        -1.43614
            2535         1.30442     18.6649E-03     28.2914E-03        -1.30398
            2536         1.14021     22.4539E-03     24.7276E-03        -1.13972
            2537     947.971E-03     25.6900E-03     20.5549E-03    -947.400E-03
            2538     732.467E-03     28.2935E-03     15.8761E-03    -731.748E-03
            2539     499.109E-03     30.2004E-03     10.8063E-03    -498.078E-03
            2540     254.145E-03     31.3636E-03     5.47052E-03    -252.143E-03
            2541     31.7546E-03     31.7546E-03     15.6519E-33    -127.670E-33
            2542     26.3961E-03    -26.3961E-03     18.0228E-33    -104.706E-33
            2543     211.303E-03    -26.0711E-03     6.25895E-03    -209.595E-03
            2544     414.973E-03    -25.1042E-03     12.3638E-03    -414.029E-03
            2545     608.994E-03    -23.5191E-03     18.1642E-03    -608.268E-03
            2546     788.170E-03    -21.3549E-03     23.5173E-03    -787.530E-03
            2547     948.006E-03    -18.6649E-03     28.2914E-03    -947.400E-03
            2548         1.08454    -15.5152E-03     32.3688E-03        -1.08394
            2549         1.19439    -11.9836E-03     35.6492E-03        -1.19379
            2550         1.27484    -8.15685E-03     38.0518E-03        -1.27425
            2551         1.32393    -4.12926E-03     39.5174E-03        -1.32333
            2552         1.34042    -725.777E-18     40.0100E-03        -1.33983
            2553         1.32393     4.12926E-03     39.5174E-03        -1.32333
            2554         1.27484     8.15685E-03     38.0518E-03        -1.27425
            2555         1.19439     11.9836E-03     35.6492E-03        -1.19379
            2556         1.08454     15.5152E-03     32.3688E-03        -1.08394
            2557     948.006E-03     18.6649E-03     28.2914E-03    -947.400E-03
            2558     788.170E-03     21.3549E-03     23.5173E-03    -787.530E-03
            2559     608.994E-03     23.5191E-03     18.1642E-03    -608.268E-03
            2560     414.973E-03     25.1042E-03     12.3638E-03    -414.029E-03
            2561     211.303E-03     26.0711E-03     6.25895E-03    -209.595E-03
            2562     26.3961E-03     26.3961E-03     18.0228E-33    -104.706E-33
            2563     20.3877E-03    -20.3877E-03     19.9500E-33    -79.1628E-33
            2564     163.279E-03    -20.1367E-03     6.89326E-03    -161.886E-03
            2565     320.662E-03    -19.3898E-03     13.6168E-03    -319.785E-03
            2566     470.587E-03    -18.1656E-03     20.0050E-03    -469.811E-03
            2567     609.043E-03    -16.4940E-03     25.9007E-03    -608.268E-03
            2568     732.553E-03    -14.4163E-03     31.1585E-03    -731.748E-03
            2569     838.054E-03    -11.9836E-03     35.6492E-03    -837.209E-03
            2570     922.938E-03    -9.25582E-03     39.2620E-03    -922.056E-03
            2571     985.110E-03    -6.30014E-03     41.9081E-03    -984.198E-03
            2572         1.02304    -3.18934E-03     43.5223E-03        -1.02211
            2573         1.03579    -326.163E-18     44.0648E-03        -1.03485
            2574         1.02304     3.18934E-03     43.5223E-03        -1.02211
            2575     985.110E-03     6.30014E-03     41.9081E-03    -984.198E-03
            2576     922.938E-03     9.25582E-03     39.2620E-03    -922.056E-03
            2577     838.054E-03     11.9836E-03     35.6492E-03    -837.209E-03
            2578     732.553E-03     14.4163E-03     31.1585E-03    -731.748E-03
            2579     609.043E-03     16.4940E-03     25.9007E-03    -608.268E-03
            2580     470.587E-03     18.1656E-03     20.0050E-03    -469.811E-03
            2581     320.662E-03     19.3898E-03     13.6168E-03    -319.785E-03
            2582     163.279E-03     20.1367E-03     6.89326E-03    -161.886E-03
            2583     20.3877E-03     20.3877E-03     19.9500E-33    -79.1628E-33
            2584     13.8773E-03    -13.8773E-03     21.3860E-33    -51.6707E-33
            2585     111.283E-03    -13.7064E-03     7.35783E-03    -110.191E-03
            2586     218.551E-03    -13.1981E-03     14.5345E-03    -217.668E-03
            2587     320.736E-03    -12.3647E-03     21.3533E-03    -319.785E-03
            2588     415.103E-03    -11.2269E-03     27.6462E-03    -414.029E-03
            2589     499.283E-03    -9.81270E-03     33.2585E-03    -498.078E-03
            2590     571.189E-03    -8.15685E-03     38.0518E-03    -569.862E-03
            2591     629.044E-03    -6.30014E-03     41.9081E-03    -627.614E-03
            2592     671.418E-03    -4.28831E-03     44.7326E-03    -669.913E-03
            2593     697.268E-03    -2.17088E-03     46.4555E-03    -695.716E-03
            2594     705.957E-03     247.483E-18     47.0346E-03    -704.388E-03
            2595     697.268E-03     2.17088E-03     46.4555E-03    -695.716E-03
            2596     671.418E-03     4.28831E-03     44.7326E-03    -669.913E-03
            2597     629.044E-03     6.30014E-03     41.9081E-03    -627.614E-03
            2598     571.189E-03     8.15685E-03     38.0518E-03    -569.862E-03
            2599     499.283E-03     9.81270E-03     33.2585E-03    -498.078E-03
            2600     415.103E-03     11.2269E-03     27.6462E-03    -414.029E-03
            2601     320.736E-03     12.3647E-03     21.3533E-03    -319.785E-03
            2602     218.551E-03     13.1981E-03     14.5345E-03    -217.668E-03
            2603     111.283E-03     13.7064E-03     7.35783E-03    -110.191E-03
            2604     13.8773E-03     13.8773E-03     21.3860E-33    -51.6707E-33
            2605     7.02512E-03    -7.02512E-03     22.2953E-33    -22.9062E-33
            2606     56.7289E-03    -6.93863E-03     7.64123E-03    -55.7820E-03
            2607     111.420E-03    -6.68128E-03     15.0943E-03    -110.191E-03
            2608     163.517E-03    -6.25943E-03     22.1757E-03    -161.886E-03
            2609     211.629E-03    -5.68344E-03     28.7111E-03    -209.595E-03
            2610     254.546E-03    -4.96751E-03     34.5395E-03    -252.143E-03
            2611     291.206E-03    -4.12926E-03     39.5174E-03    -288.483E-03
            2612     320.702E-03    -3.18934E-03     43.5223E-03    -317.719E-03
            2613     342.306E-03    -2.17088E-03     46.4555E-03    -339.132E-03
            2614     355.485E-03    -1.09897E-03     48.2448E-03    -352.194E-03
            2615     359.914E-03    -17.0003E-18     48.8462E-03    -356.584E-03
            2616     355.485E-03     1.09897E-03     48.2448E-03    -352.194E-03
            2617     342.306E-03     2.17088E-03     46.4555E-03    -339.132E-03
            2618     320.702E-03     3.18934E-03     43.5223E-03    -317.719E-03
            2619     291.206E-03     4.12926E-03     39.5174E-03    -288.483E-03
            2620     254.546E-03     4.96751E-03     34.5395E-03    -252.143E-03
            2621     211.629E-03     5.68344E-03     28.7111E-03    -209.595E-03
            2622     163.517E-03     6.25943E-03     22.1757E-03    -161.886E-03
            2623     111.420E-03     6.68128E-03     15.0943E-03    -110.191E-03
            2624     56.7289E-03     6.93863E-03     7.64123E-03    -55.7820E-03
            2625     7.02512E-03     7.02512E-03     22.2953E-33    -22.9062E-33
            2626              0.    -17.0294E-33     16.7419E-33    -6.46496E-33
            2627     7.73648E-03    -22.7512E-33     7.73648E-03    -35.0143E-33
            2628     15.2825E-03    -21.9956E-33     15.2825E-03    -62.7441E-33
            2629     22.4521E-03    -20.6983E-33     22.4521E-03    -88.9290E-33
            2630     29.0690E-03    -18.8914E-33     29.0690E-03    -112.924E-33
            2631     34.9700E-03    -16.6194E-33     34.9700E-03    -134.139E-33
            2632     40.0100E-03    -13.9381E-33     40.0100E-03    -152.050E-33
            2633     44.0648E-03    -10.9136E-33     44.0648E-03    -166.218E-33
            2634     47.0346E-03    -7.62036E-33     47.0346E-03    -176.293E-33
            2635     48.8462E-03    -4.13949E-33     48.8462E-03    -182.027E-33
            2636     49.4551E-03    -556.700E-36     49.4551E-03    -183.279E-33
            2637     48.8462E-03     3.03980E-33     48.8462E-03    -180.018E-33
            2638     47.0346E-03     6.56145E-33     47.0346E-03    -172.324E-33
            2639     44.0648E-03     9.92154E-33     44.0648E-03    -160.387E-33
            2640     40.0100E-03     13.0373E-33     40.0100E-03    -144.501E-33
            2641     34.9700E-03     15.8321E-33     34.9700E-03    -125.056E-33
            2642     29.0690E-03     18.2370E-33     29.0690E-03    -102.533E-33
            2643     22.4521E-03     20.1929E-33     22.4521E-03    -77.4845E-33
            2644     15.2825E-03     21.6515E-33     15.2825E-03    -50.5283E-33
            2645     7.73648E-03     22.5770E-33     7.73648E-03    -22.3279E-33
            2646              0.     17.0294E-33     16.7419E-33    -6.46496E-33
            2647              0.    -16.2275E-33    -15.9371E-33    -6.49453E-33
            2648     5.68003E-03    -20.4414E-33    -5.68003E-03    -34.9977E-33
            2649     11.2202E-03    -19.8101E-33    -11.2202E-03    -62.7741E-33
            2650     16.4841E-03    -18.6911E-33    -16.4841E-03    -89.0048E-33
            2651     21.3421E-03    -17.1118E-33    -21.3421E-03    -113.044E-33
            2652     25.6746E-03    -15.1111E-33    -25.6746E-03    -134.300E-33
            2653     29.3749E-03    -12.7384E-33    -29.3749E-03    -152.248E-33
            2654     32.3519E-03    -10.0520E-33    -32.3519E-03    -166.448E-33
            2655     34.5322E-03    -7.11810E-33    -34.5322E-03    -176.549E-33
            2656     35.8623E-03    -4.00892E-33    -35.8623E-03    -182.304E-33
            2657     36.3093E-03    -801.023E-36    -36.3093E-03    -183.569E-33
            2658     35.8623E-03     2.42660E-33    -35.8623E-03    -180.314E-33
            2659     34.5322E-03     5.59446E-33    -34.5322E-03    -172.619E-33
            2660     32.3519E-03     8.62458E-33    -32.3519E-03    -160.674E-33
            2661     29.3749E-03     11.4423E-33    -29.3749E-03    -144.772E-33
            2662     25.6746E-03     13.9783E-33    -25.6746E-03    -125.306E-33
            2663     21.3421E-03     16.1701E-33    -21.3421E-03    -102.754E-33
            2664     16.4841E-03     17.9638E-33    -16.4841E-03    -77.6721E-33
            2665     11.2202E-03     19.3151E-33    -11.2202E-03    -50.6776E-33
            2666     5.68003E-03     20.1908E-33    -5.68003E-03    -22.4353E-33
            2667              0.     16.2275E-33    -15.9371E-33    -6.49453E-33
            2668     5.18340E-03    -5.18340E-03    -20.1448E-33    -35.5819E-33
            2669     56.3716E-03    -5.11958E-03    -5.61010E-03    -55.8576E-03
            2670     111.004E-03    -4.92971E-03    -11.0821E-03    -110.340E-03
            2671     162.986E-03    -4.61844E-03    -16.2811E-03    -162.105E-03
            2672     210.976E-03    -4.19346E-03    -21.0793E-03    -209.879E-03
            2673     253.781E-03    -3.66522E-03    -25.3585E-03    -252.485E-03
            2674     290.343E-03    -3.04673E-03    -29.0132E-03    -288.873E-03
            2675     319.758E-03    -2.35321E-03    -31.9536E-03    -318.149E-03
            2676     341.303E-03    -1.60176E-03    -34.1071E-03    -339.591E-03
            2677     354.446E-03    -810.862E-06    -35.4208E-03    -352.671E-03
            2678     358.864E-03    -1.60168E-18    -35.8623E-03    -357.067E-03
            2679     354.446E-03     810.862E-06    -35.4208E-03    -352.671E-03
            2680     341.303E-03     1.60176E-03    -34.1071E-03    -339.591E-03
            2681     319.758E-03     2.35321E-03    -31.9536E-03    -318.149E-03
            2682     290.343E-03     3.04673E-03    -29.0132E-03    -288.873E-03
            2683     253.781E-03     3.66522E-03    -25.3585E-03    -252.485E-03
            2684     210.976E-03     4.19346E-03    -21.0793E-03    -209.879E-03
            2685     162.986E-03     4.61844E-03    -16.2811E-03    -162.105E-03
            2686     111.004E-03     4.92971E-03    -11.0821E-03    -110.340E-03
            2687     56.3716E-03     5.11958E-03    -5.61010E-03    -55.8576E-03
            2688     5.18340E-03     5.18340E-03    -20.1448E-33    -35.5819E-33
            2689     10.2392E-03    -10.2392E-03    -19.5192E-33    -63.9282E-33
            2690     110.934E-03    -10.1131E-03    -5.40203E-03    -110.340E-03
            2691     218.441E-03    -9.73803E-03    -10.6710E-03    -217.963E-03
            2692     320.732E-03    -9.12317E-03    -15.6773E-03    -320.219E-03
            2693     415.169E-03    -8.28366E-03    -20.2975E-03    -414.590E-03
            2694     499.402E-03    -7.24019E-03    -24.4180E-03    -498.752E-03
            2695     571.349E-03    -6.01843E-03    -27.9372E-03    -570.634E-03
            2696     629.234E-03    -4.64849E-03    -30.7684E-03    -628.465E-03
            2697     671.631E-03    -3.16408E-03    -32.8421E-03    -670.820E-03
            2698     697.495E-03    -1.60176E-03    -34.1071E-03    -696.658E-03
            2699     706.187E-03    -53.6198E-18    -34.5322E-03    -705.342E-03
            2700     697.495E-03     1.60176E-03    -34.1071E-03    -696.658E-03
            2701     671.631E-03     3.16408E-03    -32.8421E-03    -670.820E-03
            2702     629.234E-03     4.64849E-03    -30.7684E-03    -628.465E-03
            2703     571.349E-03     6.01843E-03    -27.9372E-03    -570.634E-03
            2704     499.402E-03     7.24019E-03    -24.4180E-03    -498.752E-03
            2705     415.169E-03     8.28366E-03    -20.2975E-03    -414.590E-03
            2706     320.732E-03     9.12317E-03    -15.6773E-03    -320.219E-03
            2707     218.441E-03     9.73803E-03    -10.6710E-03    -217.963E-03
            2708     110.934E-03     10.1131E-03    -5.40203E-03    -110.340E-03
            2709     10.2392E-03     10.2392E-03    -19.5192E-33    -63.9282E-33
            2710     15.0428E-03    -15.0428E-03    -18.4130E-33    -90.7003E-33
            2711     162.863E-03    -14.8576E-03    -5.06095E-03    -162.105E-03
            2712     320.694E-03    -14.3066E-03    -9.99727E-03    -320.219E-03
            2713     470.867E-03    -13.4032E-03    -14.6874E-03    -470.447E-03
            2714     609.510E-03    -12.1699E-03    -19.0159E-03    -609.092E-03
            2715     733.173E-03    -10.6369E-03    -22.8762E-03    -732.739E-03
            2716     838.798E-03    -8.84194E-03    -26.1732E-03    -838.343E-03
            2717     923.780E-03    -6.82929E-03    -28.8257E-03    -923.305E-03
            2718     986.023E-03    -4.64849E-03    -30.7684E-03    -985.532E-03
            2719         1.02399    -2.35321E-03    -31.9536E-03        -1.02349
            2720         1.03675    -301.977E-18    -32.3519E-03        -1.03625
            2721         1.02399     2.35321E-03    -31.9536E-03        -1.02349
            2722     986.023E-03     4.64849E-03    -30.7684E-03    -985.532E-03
            2723     923.780E-03     6.82929E-03    -28.8257E-03    -923.305E-03
            2724     838.798E-03     8.84194E-03    -26.1732E-03    -838.343E-03
            2725     733.173E-03     10.6369E-03    -22.8762E-03    -732.739E-03
            2726     609.510E-03     12.1699E-03    -19.0159E-03    -609.092E-03
            2727     470.867E-03     13.4032E-03    -14.6874E-03    -470.447E-03
            2728     320.694E-03     14.3066E-03    -9.99727E-03    -320.219E-03
            2729     162.863E-03     14.8576E-03    -5.06095E-03    -162.105E-03
            2730     15.0428E-03     15.0428E-03    -18.4130E-33    -90.7003E-33
            2731     19.4761E-03    -19.4761E-03    -16.8534E-33    -115.239E-33
            2732     210.809E-03    -19.2363E-03    -4.59524E-03    -209.879E-03
            2733     415.103E-03    -18.5228E-03    -9.07733E-03    -414.590E-03
            2734     609.485E-03    -17.3533E-03    -13.3359E-03    -609.092E-03
            2735     788.943E-03    -15.7565E-03    -17.2661E-03    -788.597E-03
            2736     949.010E-03    -13.7717E-03    -20.7712E-03    -948.683E-03
            2737         1.08573    -11.4477E-03    -23.7648E-03        -1.08541
            2738         1.19573    -8.84194E-03    -26.1732E-03        -1.19541
            2739         1.27630    -6.01843E-03    -27.9372E-03        -1.27598
            2740         1.32544    -3.04673E-03    -29.0132E-03        -1.32512
            2741         1.34196    -721.719E-18    -29.3749E-03        -1.34164
            2742         1.32544     3.04673E-03    -29.0132E-03        -1.32512
            2743         1.27630     6.01843E-03    -27.9372E-03        -1.27598
            2744         1.19573     8.84194E-03    -26.1732E-03        -1.19541
            2745         1.08573     11.4477E-03    -23.7648E-03        -1.08541
            2746     949.010E-03     13.7717E-03    -20.7712E-03    -948.683E-03
            2747     788.943E-03     15.7565E-03    -17.2661E-03    -788.597E-03
            2748     609.485E-03     17.3533E-03    -13.3359E-03    -609.092E-03
            2749     415.103E-03     18.5228E-03    -9.07733E-03    -414.590E-03
            2750     210.809E-03     19.2363E-03    -4.59524E-03    -209.879E-03
            2751     19.4761E-03     19.4761E-03    -16.8534E-33    -115.239E-33
            2752     23.4297E-03    -23.4297E-03    -14.8788E-33    -136.940E-33
            2753     253.575E-03    -23.1413E-03    -4.01639E-03    -252.485E-03
            2754     499.313E-03    -22.2830E-03    -7.93388E-03    -498.752E-03
            2755     733.129E-03    -20.8760E-03    -11.6560E-03    -732.739E-03
            2756     948.993E-03    -18.9551E-03    -15.0911E-03    -948.683E-03
            2757         1.14153    -16.5673E-03    -18.1547E-03        -1.14127
            2758         1.30599    -13.7717E-03    -20.7712E-03        -1.30575
            2759         1.43830    -10.6369E-03    -22.8762E-03        -1.43808
            2760         1.53521    -7.24019E-03    -24.4180E-03        -1.53500
            2761         1.59433    -3.66522E-03    -25.3585E-03        -1.59413
            2762         1.61420    -758.114E-18    -25.6746E-03        -1.61400
            2763         1.59433     3.66522E-03    -25.3585E-03        -1.59413
            2764         1.53521     7.24019E-03    -24.4180E-03        -1.53500
            2765         1.43830     10.6369E-03    -22.8762E-03        -1.43808
            2766         1.30599     13.7717E-03    -20.7712E-03        -1.30575
            2767         1.14153     16.5673E-03    -18.1547E-03        -1.14127
            2768     948.993E-03     18.9551E-03    -15.0911E-03    -948.683E-03
            2769     733.129E-03     20.8760E-03    -11.6560E-03    -732.739E-03
            2770     499.313E-03     22.2830E-03    -7.93388E-03    -498.752E-03
            2771     253.575E-03     23.1413E-03    -4.01639E-03    -252.485E-03
            2772     23.4297E-03     23.4297E-03    -14.8788E-33    -136.940E-33
            2773     26.8065E-03    -26.8065E-03    -12.5379E-33    -155.270E-33
            2774     290.103E-03    -26.4765E-03    -3.33864E-03    -288.873E-03
            2775     571.241E-03    -25.4945E-03    -6.59507E-03    -570.634E-03
            2776     838.740E-03    -23.8848E-03    -9.68911E-03    -838.343E-03
            2777         1.08570    -21.6869E-03    -12.5446E-03        -1.08541
            2778         1.30598    -18.9551E-03    -15.0911E-03        -1.30575
            2779         1.49412    -15.7565E-03    -17.2661E-03        -1.49394
            2780         1.64550    -12.1699E-03    -19.0159E-03        -1.64534
            2781         1.75637    -8.28366E-03    -20.2975E-03        -1.75623
            2782         1.82400    -4.19346E-03    -21.0793E-03        -1.82388
            2783         1.84673    -504.352E-18    -21.3421E-03        -1.84661
            2784         1.82400     4.19346E-03    -21.0793E-03        -1.82388
            2785         1.75637     8.28366E-03    -20.2975E-03        -1.75623
            2786         1.64550     12.1699E-03    -19.0159E-03        -1.64534
            2787         1.49412     15.7565E-03    -17.2661E-03        -1.49394
            2788         1.30598     18.9551E-03    -15.0911E-03        -1.30575
            2789         1.08570     21.6869E-03    -12.5446E-03        -1.08541
            2790     838.740E-03     23.8848E-03    -9.68911E-03    -838.343E-03
            2791     571.241E-03     25.4945E-03    -6.59507E-03    -570.634E-03
            2792     290.103E-03     26.4765E-03    -3.33864E-03    -288.873E-03
            2793     26.8065E-03     26.8065E-03    -12.5379E-33    -155.270E-33
            2794     29.5232E-03    -29.5232E-03    -9.88823E-33    -169.776E-33
            2795     319.493E-03    -29.1597E-03    -2.57868E-03    -318.149E-03
            2796     629.112E-03    -28.0782E-03    -5.09387E-03    -628.465E-03
            2797     923.710E-03    -26.3053E-03    -7.48362E-03    -923.305E-03
            2798         1.19569    -23.8848E-03    -9.68911E-03        -1.19541
            2799         1.43828    -20.8760E-03    -11.6560E-03        -1.43808
            2800         1.64549    -17.3533E-03    -13.3359E-03        -1.64534
            2801         1.81220    -13.4032E-03    -14.6874E-03        -1.81209
            2802         1.93430    -9.12317E-03    -15.6773E-03        -1.93421
            2803         2.00879    -4.61844E-03    -16.2811E-03        -2.00872
            2804         2.03382     732.671E-18    -16.4841E-03        -2.03375
            2805         2.00879     4.61844E-03    -16.2811E-03        -2.00872
            2806         1.93430     9.12317E-03    -15.6773E-03        -1.93421
            2807         1.81220     13.4032E-03    -14.6874E-03        -1.81209
            2808         1.64549     17.3533E-03    -13.3359E-03        -1.64534
            2809         1.43828     20.8760E-03    -11.6560E-03        -1.43808
            2810         1.19569     23.8848E-03    -9.68911E-03        -1.19541
            2811     923.710E-03     26.3053E-03    -7.48362E-03    -923.305E-03
            2812     629.112E-03     28.0782E-03    -5.09387E-03    -628.465E-03
            2813     319.493E-03     29.1597E-03    -2.57868E-03    -318.149E-03
            2814     29.5232E-03     29.5232E-03    -9.88823E-33    -169.776E-33
            2815     31.5129E-03    -31.5129E-03    -6.99507E-33    -180.101E-33
            2816     341.019E-03    -31.1249E-03    -1.75523E-03    -339.591E-03
            2817     671.498E-03    -29.9706E-03    -3.46723E-03    -670.820E-03
            2818     985.945E-03    -28.0782E-03    -5.09387E-03    -985.532E-03
            2819         1.27625    -25.4945E-03    -6.59507E-03        -1.27598
            2820         1.53518    -22.2830E-03    -7.93388E-03        -1.53500
            2821         1.75635    -18.5228E-03    -9.07733E-03        -1.75623
            2822         1.93429    -14.3066E-03    -9.99727E-03        -1.93421
            2823         2.06462    -9.73803E-03    -10.6710E-03        -2.06457
            2824         2.14413    -4.92971E-03    -11.0821E-03        -2.14409
            2825         2.17085     259.453E-18    -11.2202E-03        -2.17082
            2826         2.14413     4.92971E-03    -11.0821E-03        -2.14409
            2827         2.06462     9.73803E-03    -10.6710E-03        -2.06457
            2828         1.93429     14.3066E-03    -9.99727E-03        -1.93421
            2829         1.75635     18.5228E-03    -9.07733E-03        -1.75623
            2830         1.53518     22.2830E-03    -7.93388E-03        -1.53500
            2831         1.27625     25.4945E-03    -6.59507E-03        -1.27598
            2832     985.945E-03     28.0782E-03    -5.09387E-03    -985.532E-03
            2833     671.498E-03     29.9706E-03    -3.46723E-03    -670.820E-03
            2834     341.019E-03     31.1249E-03    -1.75523E-03    -339.591E-03
            2835     31.5129E-03     31.5129E-03    -6.99507E-33    -180.101E-33
            2836     32.7267E-03    -32.7267E-03    -3.92968E-33    -185.992E-33
            2837     354.150E-03    -32.3238E-03    -888.553E-06    -352.671E-03
            2838     697.356E-03    -31.1249E-03    -1.75523E-03    -696.658E-03
            2839         1.02391    -29.1597E-03    -2.57868E-03        -1.02349
            2840         1.32539    -26.4765E-03    -3.33864E-03        -1.32512
            2841         1.59430    -23.1413E-03    -4.01639E-03        -1.59413
            2842         1.82398    -19.2363E-03    -4.59524E-03        -1.82388
            2843         2.00878    -14.8576E-03    -5.06095E-03        -2.00872
            2844         2.14412    -10.1131E-03    -5.40203E-03        -2.14409
            2845         2.22669    -5.11958E-03    -5.61010E-03        -2.22668
            2846         2.25444    -423.441E-18    -5.68003E-03        -2.25443
            2847         2.22669     5.11958E-03    -5.61010E-03        -2.22668
            2848         2.14412     10.1131E-03    -5.40203E-03        -2.14409
            2849         2.00878     14.8576E-03    -5.06095E-03        -2.00872
            2850         1.82398     19.2363E-03    -4.59524E-03        -1.82388
            2851         1.59430     23.1413E-03    -4.01639E-03        -1.59413
            2852         1.32539     26.4765E-03    -3.33864E-03        -1.32512
            2853         1.02391     29.1597E-03    -2.57868E-03        -1.02349
            2854     697.356E-03     31.1249E-03    -1.75523E-03    -696.658E-03
            2855     354.150E-03     32.3238E-03    -888.553E-06    -352.671E-03
            2856     32.7267E-03     32.7267E-03    -3.92968E-33    -185.992E-33
            2857     33.1346E-03    -33.1346E-03    -767.517E-36    -187.303E-33
            2858     358.564E-03    -32.7267E-03    -204.759E-18    -357.067E-03
            2859     706.046E-03    -31.5129E-03     227.307E-18    -705.342E-03
            2860         1.03667    -29.5232E-03     1.72191E-15        -1.03625
            2861         1.34191    -26.8065E-03     1.86105E-15        -1.34164
            2862         1.61417    -23.4297E-03     1.13236E-15        -1.61400
            2863         1.84671    -19.4761E-03     1.70105E-15        -1.84661
            2864         2.03381    -15.0428E-03     1.96621E-15        -2.03375
            2865         2.17084    -10.2392E-03     2.36126E-15        -2.17082
            2866         2.25444    -5.18340E-03     3.05197E-15        -2.25443
            2867         2.28254    -904.737E-18     2.76131E-15        -2.28254
            2868         2.25444     5.18340E-03     741.571E-18        -2.25443
            2869         2.17084     10.2392E-03    -97.2070E-18        -2.17082
            2870         2.03381     15.0428E-03     1.82600E-15        -2.03375
            2871         1.84671     19.4761E-03     2.87673E-15        -1.84661
            2872         1.61417     23.4297E-03     1.13826E-15        -1.61400
            2873         1.34191     26.8065E-03     673.139E-18        -1.34164
            2874         1.03667     29.5232E-03     1.81690E-15        -1.03625
            2875     706.046E-03     31.5129E-03     808.099E-18    -705.342E-03
            2876     358.564E-03     32.7267E-03    -816.372E-18    -357.067E-03
            2877     33.1346E-03     33.1346E-03    -767.517E-36    -187.303E-33
            2878     32.7267E-03    -32.7267E-03     2.41354E-33    -184.003E-33
            2879     354.150E-03    -32.3238E-03     888.553E-06    -352.671E-03
            2880     697.356E-03    -31.1249E-03     1.75523E-03    -696.658E-03
            2881         1.02391    -29.1597E-03     2.57868E-03        -1.02349
            2882         1.32539    -26.4765E-03     3.33864E-03        -1.32512
            2883         1.59430    -23.1413E-03     4.01639E-03        -1.59413
            2884         1.82398    -19.2363E-03     4.59524E-03        -1.82388
            2885         2.00878    -14.8576E-03     5.06095E-03        -2.00872
            2886         2.14412    -10.1131E-03     5.40203E-03        -2.14409
            2887         2.22669    -5.11958E-03     5.61010E-03        -2.22668
            2888         2.25444    -2.15769E-15     5.68003E-03        -2.25443
            2889         2.22669     5.11958E-03     5.61010E-03        -2.22668
            2890         2.14412     10.1131E-03     5.40203E-03        -2.14409
            2891         2.00878     14.8576E-03     5.06095E-03        -2.00872
            2892         1.82398     19.2363E-03     4.59524E-03        -1.82388
            2893         1.59430     23.1413E-03     4.01639E-03        -1.59413
            2894         1.32539     26.4765E-03     3.33864E-03        -1.32512
            2895         1.02391     29.1597E-03     2.57868E-03        -1.02349
            2896     697.356E-03     31.1249E-03     1.75523E-03    -696.658E-03
            2897     354.150E-03     32.3238E-03     888.553E-06    -352.671E-03
            2898     32.7267E-03     32.7267E-03     2.41354E-33    -184.003E-33
            2899     31.5129E-03    -31.5129E-03     5.53517E-33    -176.171E-33
            2900     341.019E-03    -31.1249E-03     1.75523E-03    -339.591E-03
            2901     671.498E-03    -29.9706E-03     3.46723E-03    -670.820E-03
            2902     985.945E-03    -28.0782E-03     5.09387E-03    -985.532E-03
            2903         1.27625    -25.4945E-03     6.59507E-03        -1.27598
            2904         1.53518    -22.2830E-03     7.93388E-03        -1.53500
            2905         1.75635    -18.5228E-03     9.07733E-03        -1.75623
            2906         1.93429    -14.3066E-03     9.99727E-03        -1.93421
            2907         2.06462    -9.73803E-03     10.6710E-03        -2.06457
            2908         2.14413    -4.92971E-03     11.0821E-03        -2.14409
            2909         2.17085    -496.247E-18     11.2202E-03        -2.17082
            2910         2.14413     4.92971E-03     11.0821E-03        -2.14409
            2911         2.06462     9.73803E-03     10.6710E-03        -2.06457
            2912         1.93429     14.3066E-03     9.99727E-03        -1.93421
            2913         1.75635     18.5228E-03     9.07733E-03        -1.75623
            2914         1.53518     22.2830E-03     7.93388E-03        -1.53500
            2915         1.27625     25.4945E-03     6.59507E-03        -1.27598
            2916     985.945E-03     28.0782E-03     5.09387E-03    -985.532E-03
            2917     671.498E-03     29.9706E-03     3.46723E-03    -670.820E-03
            2918     341.019E-03     31.1249E-03     1.75523E-03    -339.591E-03
            2919     31.5129E-03     31.5129E-03     5.53517E-33    -176.171E-33
            2920     29.5232E-03    -29.5232E-03     8.52050E-33    -164.001E-33
            2921     319.493E-03    -29.1597E-03     2.57868E-03    -318.149E-03
            2922     629.112E-03    -28.0782E-03     5.09387E-03    -628.465E-03
            2923     923.710E-03    -26.3053E-03     7.48362E-03    -923.305E-03
            2924         1.19569    -23.8848E-03     9.68911E-03        -1.19541
            2925         1.43828    -20.8760E-03     11.6560E-03        -1.43808
            2926         1.64549    -17.3533E-03     13.3359E-03        -1.64534
            2927         1.81220    -13.4032E-03     14.6874E-03        -1.81209
            2928         1.93430    -9.12317E-03     15.6773E-03        -1.93421
            2929         2.00879    -4.61844E-03     16.2811E-03        -2.00872
            2930         2.03382     574.055E-18     16.4841E-03        -2.03375
            2931         2.00879     4.61844E-03     16.2811E-03        -2.00872
            2932         1.93430     9.12317E-03     15.6773E-03        -1.93421
            2933         1.81220     13.4032E-03     14.6874E-03        -1.81209
            2934         1.64549     17.3533E-03     13.3359E-03        -1.64534
            2935         1.43828     20.8760E-03     11.6560E-03        -1.43808
            2936         1.19569     23.8848E-03     9.68911E-03        -1.19541
            2937     923.710E-03     26.3053E-03     7.48362E-03    -923.305E-03
            2938     629.112E-03     28.0782E-03     5.09387E-03    -628.465E-03
            2939     319.493E-03     29.1597E-03     2.57868E-03    -318.149E-03
            2940     29.5232E-03     29.5232E-03     8.52050E-33    -164.001E-33
            2941     26.8065E-03    -26.8065E-03     11.2960E-33    -147.794E-33
            2942     290.103E-03    -26.4765E-03     3.33864E-03    -288.873E-03
            2943     571.241E-03    -25.4945E-03     6.59507E-03    -570.634E-03
            2944     838.740E-03    -23.8848E-03     9.68911E-03    -838.343E-03
            2945         1.08570    -21.6869E-03     12.5446E-03        -1.08541
            2946         1.30598    -18.9551E-03     15.0911E-03        -1.30575
            2947         1.49412    -15.7565E-03     17.2661E-03        -1.49394
            2948         1.64550    -12.1699E-03     19.0159E-03        -1.64534
            2949         1.75637    -8.28366E-03     20.2975E-03        -1.75623
            2950         1.82400    -4.19346E-03     21.0793E-03        -1.82388
            2951         1.84673    -1.26536E-15     21.3421E-03        -1.84661
            2952         1.82400     4.19346E-03     21.0793E-03        -1.82388
            2953         1.75637     8.28366E-03     20.2975E-03        -1.75623
            2954         1.64550     12.1699E-03     19.0159E-03        -1.64534
            2955         1.49412     15.7565E-03     17.2661E-03        -1.49394
            2956         1.30598     18.9551E-03     15.0911E-03        -1.30575
            2957         1.08570     21.6869E-03     12.5446E-03        -1.08541
            2958     838.740E-03     23.8848E-03     9.68911E-03    -838.343E-03
            2959     571.241E-03     25.4945E-03     6.59507E-03    -570.634E-03
            2960     290.103E-03     26.4765E-03     3.33864E-03    -288.873E-03
            2961     26.8065E-03     26.8065E-03     11.2960E-33    -147.794E-33
            2962     23.4297E-03    -23.4297E-03     13.7934E-33    -127.947E-33
            2963     253.575E-03    -23.1413E-03     4.01639E-03    -252.485E-03
            2964     499.313E-03    -22.2830E-03     7.93388E-03    -498.752E-03
            2965     733.129E-03    -20.8760E-03     11.6560E-03    -732.739E-03
            2966     948.993E-03    -18.9551E-03     15.0911E-03    -948.683E-03
            2967         1.14153    -16.5673E-03     18.1547E-03        -1.14127
            2968         1.30599    -13.7717E-03     20.7712E-03        -1.30575
            2969         1.43830    -10.6369E-03     22.8762E-03        -1.43808
            2970         1.53521    -7.24019E-03     24.4180E-03        -1.53500
            2971         1.59433    -3.66522E-03     25.3585E-03        -1.59413
            2972         1.61420    -1.91952E-15     25.6746E-03        -1.61400
            2973         1.59433     3.66522E-03     25.3585E-03        -1.59413
            2974         1.53521     7.24019E-03     24.4180E-03        -1.53500
            2975         1.43830     10.6369E-03     22.8762E-03        -1.43808
            2976         1.30599     13.7717E-03     20.7712E-03        -1.30575
            2977         1.14153     16.5673E-03     18.1547E-03        -1.14127
            2978     948.993E-03     18.9551E-03     15.0911E-03    -948.683E-03
            2979     733.129E-03     20.8760E-03     11.6560E-03    -732.739E-03
            2980     499.313E-03     22.2830E-03     7.93388E-03    -498.752E-03
            2981     253.575E-03     23.1413E-03     4.01639E-03    -252.485E-03
            2982     23.4297E-03     23.4297E-03     13.7934E-33    -127.947E-33
            2983     19.4761E-03    -19.4761E-03     15.9512E-33    -104.949E-33
            2984     210.809E-03    -19.2363E-03     4.59524E-03    -209.879E-03
            2985     415.103E-03    -18.5228E-03     9.07733E-03    -414.590E-03
            2986     609.485E-03    -17.3533E-03     13.3359E-03    -609.092E-03
            2987     788.943E-03    -15.7565E-03     17.2661E-03    -788.597E-03
            2988     949.010E-03    -13.7717E-03     20.7712E-03    -948.683E-03
            2989         1.08573    -11.4477E-03     23.7648E-03        -1.08541
            2990         1.19573    -8.84194E-03     26.1732E-03        -1.19541
            2991         1.27630    -6.01843E-03     27.9372E-03        -1.27598
            2992         1.32544    -3.04673E-03     29.0132E-03        -1.32512
            2993         1.34196    -1.06559E-15     29.3749E-03        -1.34164
            2994         1.32544     3.04673E-03     29.0132E-03        -1.32512
            2995         1.27630     6.01843E-03     27.9372E-03        -1.27598
            2996         1.19573     8.84194E-03     26.1732E-03        -1.19541
            2997         1.08573     11.4477E-03     23.7648E-03        -1.08541
            2998     949.010E-03     13.7717E-03     20.7712E-03    -948.683E-03
            2999     788.943E-03     15.7565E-03     17.2661E-03    -788.597E-03
            3000     609.485E-03     17.3533E-03     13.3359E-03    -609.092E-03
            3001     415.103E-03     18.5228E-03     9.07733E-03    -414.590E-03
            3002     210.809E-03     19.2363E-03     4.59524E-03    -209.879E-03
            3003     19.4761E-03     19.4761E-03     15.9512E-33    -104.949E-33
            3004     15.0428E-03    -15.0428E-03     17.7161E-33    -79.3676E-33
            3005     162.863E-03    -14.8576E-03     5.06095E-03    -162.105E-03
            3006     320.694E-03    -14.3066E-03     9.99727E-03    -320.219E-03
            3007     470.867E-03    -13.4032E-03     14.6874E-03    -470.447E-03
            3008     609.510E-03    -12.1699E-03     19.0159E-03    -609.092E-03
            3009     733.173E-03    -10.6369E-03     22.8762E-03    -732.739E-03
            3010     838.798E-03    -8.84194E-03     26.1732E-03    -838.343E-03
            3011     923.780E-03    -6.82929E-03     28.8257E-03    -923.305E-03
            3012     986.023E-03    -4.64849E-03     30.7684E-03    -985.532E-03
            3013         1.02399    -2.35321E-03     31.9536E-03        -1.02349
            3014         1.03675    -37.6093E-18     32.3519E-03        -1.03625
            3015         1.02399     2.35321E-03     31.9536E-03        -1.02349
            3016     986.023E-03     4.64849E-03     30.7684E-03    -985.532E-03
            3017     923.780E-03     6.82929E-03     28.8257E-03    -923.305E-03
            3018     838.798E-03     8.84194E-03     26.1732E-03    -838.343E-03
            3019     733.173E-03     10.6369E-03     22.8762E-03    -732.739E-03
            3020     609.510E-03     12.1699E-03     19.0159E-03    -609.092E-03
            3021     470.867E-03     13.4032E-03     14.6874E-03    -470.447E-03
            3022     320.694E-03     14.3066E-03     9.99727E-03    -320.219E-03
            3023     162.863E-03     14.8576E-03     5.06095E-03    -162.105E-03
            3024     15.0428E-03     15.0428E-03     17.7161E-33    -79.3676E-33
            3025     10.2392E-03    -10.2392E-03     19.0449E-33    -51.8317E-33
            3026     110.934E-03    -10.1131E-03     5.40203E-03    -110.340E-03
            3027     218.441E-03    -9.73803E-03     10.6710E-03    -217.963E-03
            3028     320.732E-03    -9.12317E-03     15.6773E-03    -320.219E-03
            3029     415.169E-03    -8.28366E-03     20.2975E-03    -414.590E-03
            3030     499.402E-03    -7.24019E-03     24.4180E-03    -498.752E-03
            3031     571.349E-03    -6.01843E-03     27.9372E-03    -570.634E-03
            3032     629.234E-03    -4.64849E-03     30.7684E-03    -628.465E-03
            3033     671.631E-03    -3.16408E-03     32.8421E-03    -670.820E-03
            3034     697.495E-03    -1.60176E-03     34.1071E-03    -696.658E-03
            3035     706.187E-03     302.720E-18     34.5322E-03    -705.342E-03
            3036     697.495E-03     1.60176E-03     34.1071E-03    -696.658E-03
            3037     671.631E-03     3.16408E-03     32.8421E-03    -670.820E-03
            3038     629.234E-03     4.64849E-03     30.7684E-03    -628.465E-03
            3039     571.349E-03     6.01843E-03     27.9372E-03    -570.634E-03
            3040     499.402E-03     7.24019E-03     24.4180E-03    -498.752E-03
            3041     415.169E-03     8.28366E-03     20.2975E-03    -414.590E-03
            3042     320.732E-03     9.12317E-03     15.6773E-03    -320.219E-03
            3043     218.441E-03     9.73803E-03     10.6710E-03    -217.963E-03
            3044     110.934E-03     10.1131E-03     5.40203E-03    -110.340E-03
            3045     10.2392E-03     10.2392E-03     19.0449E-33    -51.8317E-33
            3046     5.18340E-03    -5.18340E-03     19.9047E-33    -23.0195E-33
            3047     56.3716E-03    -5.11958E-03     5.61010E-03    -55.8576E-03
            3048     111.004E-03    -4.92971E-03     11.0821E-03    -110.340E-03
            3049     162.986E-03    -4.61844E-03     16.2811E-03    -162.105E-03
            3050     210.976E-03    -4.19346E-03     21.0793E-03    -209.879E-03
            3051     253.781E-03    -3.66522E-03     25.3585E-03    -252.485E-03
            3052     290.343E-03    -3.04673E-03     29.0132E-03    -288.873E-03
            3053     319.758E-03    -2.35321E-03     31.9536E-03    -318.149E-03
            3054     341.303E-03    -1.60176E-03     34.1071E-03    -339.591E-03
            3055     354.446E-03    -810.862E-06     35.4208E-03    -352.671E-03
            3056     358.864E-03     64.4842E-18     35.8623E-03    -357.067E-03
            3057     354.446E-03     810.862E-06     35.4208E-03    -352.671E-03
            3058     341.303E-03     1.60176E-03     34.1071E-03    -339.591E-03
            3059     319.758E-03     2.35321E-03     31.9536E-03    -318.149E-03
            3060     290.343E-03     3.04673E-03     29.0132E-03    -288.873E-03
            3061     253.781E-03     3.66522E-03     25.3585E-03    -252.485E-03
            3062     210.976E-03     4.19346E-03     21.0793E-03    -209.879E-03
            3063     162.986E-03     4.61844E-03     16.2811E-03    -162.105E-03
            3064     111.004E-03     4.92971E-03     11.0821E-03    -110.340E-03
            3065     56.3716E-03     5.11958E-03     5.61010E-03    -55.8576E-03
            3066     5.18340E-03     5.18340E-03     19.9047E-33    -23.0195E-33
            3067              0.    -16.2275E-33     15.9371E-33    -6.49453E-33
            3068     5.68003E-03    -20.4414E-33     5.68003E-03    -34.9977E-33
            3069     11.2202E-03    -19.8101E-33     11.2202E-03    -62.7741E-33
            3070     16.4841E-03    -18.6911E-33     16.4841E-03    -89.0048E-33
            3071     21.3421E-03    -17.1118E-33     21.3421E-03    -113.044E-33
            3072     25.6746E-03    -15.1111E-33     25.6746E-03    -134.300E-33
            3073     29.3749E-03    -12.7384E-33     29.3749E-03    -152.248E-33
            3074     32.3519E-03    -10.0520E-33     32.3519E-03    -166.448E-33
            3075     34.5322E-03    -7.11810E-33     34.5322E-03    -176.549E-33
            3076     35.8623E-03    -4.00892E-33     35.8623E-03    -182.304E-33
            3077     36.3093E-03    -801.023E-36     36.3093E-03    -183.569E-33
            3078     35.8623E-03     2.42660E-33     35.8623E-03    -180.314E-33
            3079     34.5322E-03     5.59446E-33     34.5322E-03    -172.619E-33
            3080     32.3519E-03     8.62458E-33     32.3519E-03    -160.674E-33
            3081     29.3749E-03     11.4423E-33     29.3749E-03    -144.772E-33
            3082     25.6746E-03     13.9783E-33     25.6746E-03    -125.306E-33
            3083     21.3421E-03     16.1701E-33     21.3421E-03    -102.754E-33
            3084     16.4841E-03     17.9638E-33     16.4841E-03    -77.6721E-33
            3085     11.2202E-03     19.3151E-33     11.2202E-03    -50.6776E-33
            3086     5.68003E-03     20.1908E-33     5.68003E-03    -22.4353E-33
            3087              0.     16.2275E-33     15.9371E-33    -6.49453E-33
            3088              0.    -15.3981E-33    -15.1036E-33    -6.49735E-33
            3089     3.56848E-03    -18.0618E-33    -3.56848E-03    -34.9107E-33
            3090     7.04909E-03    -17.5563E-33    -7.04909E-03    -62.6588E-33
            3091     10.3561E-03    -16.6186E-33    -10.3561E-03    -88.8641E-33
            3092     13.4082E-03    -15.2716E-33    -13.4082E-03    -112.881E-33
            3093     16.1300E-03    -13.5486E-33    -16.1300E-03    -134.119E-33
            3094     18.4548E-03    -11.4920E-33    -18.4548E-03    -152.054E-33
            3095     20.3250E-03    -9.15241E-33    -20.3250E-03    -166.245E-33
            3096     21.6949E-03    -6.58746E-33    -21.6949E-03    -176.343E-33
            3097     22.5305E-03    -3.86030E-33    -22.5305E-03    -182.098E-33
            3098     22.8113E-03    -1.03810E-33    -22.8113E-03    -183.370E-33
            3099     22.5305E-03     1.80967E-33    -22.5305E-03    -180.126E-33
            3100     21.6949E-03     4.61288E-33    -21.6949E-03    -172.448E-33
            3101     20.3250E-03     7.30251E-33    -20.3250E-03    -160.522E-33
            3102     18.4548E-03     9.81232E-33    -18.4548E-03    -144.645E-33
            3103     16.1300E-03     12.0805E-33    -16.1300E-03    -125.205E-33
            3104     13.4082E-03     14.0513E-33    -13.4082E-03    -102.683E-33
            3105     10.3561E-03     15.6760E-33    -10.3561E-03    -77.6323E-33
            3106     7.04909E-03     16.9148E-33    -7.04909E-03    -50.6700E-33
            3107     3.56848E-03     17.7370E-33    -3.56848E-03    -22.4601E-33
            3108              0.     15.3981E-33    -15.1036E-33    -6.49735E-33
            3109     3.28928E-03    -3.28928E-03    -17.7605E-33    -35.5041E-33
            3110     56.1595E-03    -3.24878E-03    -3.52454E-03    -55.9545E-03
            3111     110.794E-03    -3.12829E-03    -6.96230E-03    -110.531E-03
            3112     162.735E-03    -2.93077E-03    -10.2286E-03    -162.386E-03
            3113     210.676E-03    -2.66108E-03    -13.2431E-03    -210.243E-03
            3114     253.435E-03    -2.32587E-03    -15.9315E-03    -252.923E-03
            3115     289.955E-03    -1.93339E-03    -18.2275E-03    -289.375E-03
            3116     319.336E-03    -1.49330E-03    -20.0748E-03    -318.701E-03
            3117     340.856E-03    -1.01644E-03    -21.4278E-03    -340.180E-03
            3118     353.983E-03    -514.556E-06    -22.2531E-03    -353.283E-03
            3119     358.396E-03    -172.018E-18    -22.5305E-03    -357.687E-03
            3120     353.983E-03     514.556E-06    -22.2531E-03    -353.283E-03
            3121     340.856E-03     1.01644E-03    -21.4278E-03    -340.180E-03
            3122     319.336E-03     1.49330E-03    -20.0748E-03    -318.701E-03
            3123     289.955E-03     1.93339E-03    -18.2275E-03    -289.375E-03
            3124     253.435E-03     2.32587E-03    -15.9315E-03    -252.923E-03
            3125     210.676E-03     2.66108E-03    -13.2431E-03    -210.243E-03
            3126     162.735E-03     2.93077E-03    -10.2286E-03    -162.386E-03
            3127     110.794E-03     3.12829E-03    -6.96230E-03    -110.531E-03
            3128     56.1595E-03     3.24878E-03    -3.52454E-03    -55.9545E-03
            3129     3.28928E-03     3.28928E-03    -17.7605E-33    -35.5041E-33
            3130     6.49756E-03    -6.49756E-03    -17.2613E-33    -63.8311E-33
            3131     110.769E-03    -6.41756E-03    -3.39382E-03    -110.531E-03
            3132     218.531E-03    -6.17954E-03    -6.70408E-03    -218.341E-03
            3133     320.978E-03    -5.78937E-03    -9.84926E-03    -320.774E-03
            3134     415.538E-03    -5.25663E-03    -12.7519E-03    -415.309E-03
            3135     499.874E-03    -4.59447E-03    -15.3406E-03    -499.618E-03
            3136     571.906E-03    -3.81917E-03    -17.5515E-03    -571.624E-03
            3137     629.858E-03    -2.94983E-03    -19.3303E-03    -629.555E-03
            3138     672.304E-03    -2.00786E-03    -20.6330E-03    -671.984E-03
            3139     698.197E-03    -1.01644E-03    -21.4278E-03    -697.867E-03
            3140     706.899E-03    -15.8533E-18    -21.6949E-03    -706.566E-03
            3141     698.197E-03     1.01644E-03    -21.4278E-03    -697.867E-03
            3142     672.304E-03     2.00786E-03    -20.6330E-03    -671.984E-03
            3143     629.858E-03     2.94983E-03    -19.3303E-03    -629.555E-03
            3144     571.906E-03     3.81917E-03    -17.5515E-03    -571.624E-03
            3145     499.874E-03     4.59447E-03    -15.3406E-03    -499.618E-03
            3146     415.538E-03     5.25663E-03    -12.7519E-03    -415.309E-03
            3147     320.978E-03     5.78937E-03    -9.84926E-03    -320.774E-03
            3148     218.531E-03     6.17954E-03    -6.70408E-03    -218.341E-03
            3149     110.769E-03     6.41756E-03    -3.39382E-03    -110.531E-03
            3150     6.49756E-03     6.49756E-03    -17.2613E-33    -63.8311E-33
            3151     9.54585E-03    -9.54585E-03    -16.3371E-33    -90.5863E-33
            3152     162.691E-03    -9.42832E-03    -3.17954E-03    -162.386E-03
            3153     320.964E-03    -9.07864E-03    -6.28078E-03    -320.774E-03
            3154     471.431E-03    -8.50541E-03    -9.22738E-03    -471.264E-03
            3155     610.315E-03    -7.72275E-03    -11.9468E-03    -610.149E-03
            3156     734.182E-03    -6.74993E-03    -14.3720E-03    -734.010E-03
            3157     839.978E-03    -5.61091E-03    -16.4433E-03    -839.798E-03
            3158     925.094E-03    -4.33373E-03    -18.1097E-03    -924.907E-03
            3159     987.435E-03    -2.94983E-03    -19.3303E-03    -987.242E-03
            3160         1.02546    -1.49330E-03    -20.0748E-03        -1.02527
            3161         1.03825    -210.403E-18    -20.3250E-03        -1.03805
            3162         1.02546     1.49330E-03    -20.0748E-03        -1.02527
            3163     987.435E-03     2.94983E-03    -19.3303E-03    -987.242E-03
            3164     925.094E-03     4.33373E-03    -18.1097E-03    -924.907E-03
            3165     839.978E-03     5.61091E-03    -16.4433E-03    -839.798E-03
            3166     734.182E-03     6.74993E-03    -14.3720E-03    -734.010E-03
            3167     610.315E-03     7.72275E-03    -11.9468E-03    -610.149E-03
            3168     471.431E-03     8.50541E-03    -9.22738E-03    -471.264E-03
            3169     320.964E-03     9.07864E-03    -6.28078E-03    -320.774E-03
            3170     162.691E-03     9.42832E-03    -3.17954E-03    -162.386E-03
            3171     9.54585E-03     9.54585E-03    -16.3371E-33    -90.5863E-33
            3172     12.3591E-03    -12.3591E-03    -15.0106E-33    -115.111E-33
            3173     210.617E-03    -12.2069E-03    -2.88696E-03    -210.243E-03
            3174     415.514E-03    -11.7542E-03    -5.70283E-03    -415.309E-03
            3175     610.306E-03    -11.0120E-03    -8.37828E-03    -610.149E-03
            3176     790.102E-03    -9.99871E-03    -10.8474E-03    -789.965E-03
            3177     950.459E-03    -8.73920E-03    -13.0495E-03    -950.329E-03
            3178         1.08742    -7.26449E-03    -14.9302E-03        -1.08729
            3179         1.19761    -5.61091E-03    -16.4433E-03        -1.19748
            3180         1.27832    -3.81917E-03    -17.5515E-03        -1.27819
            3181         1.32755    -1.93339E-03    -18.2275E-03        -1.32742
            3182         1.34409    -894.960E-18    -18.4548E-03        -1.34397
            3183         1.32755     1.93339E-03    -18.2275E-03        -1.32742
            3184         1.27832     3.81917E-03    -17.5515E-03        -1.27819
            3185         1.19761     5.61091E-03    -16.4433E-03        -1.19748
            3186         1.08742     7.26449E-03    -14.9302E-03        -1.08729
            3187     950.459E-03     8.73920E-03    -13.0495E-03    -950.329E-03
            3188     790.102E-03     9.99871E-03    -10.8474E-03    -789.965E-03
            3189     610.306E-03     11.0120E-03    -8.37828E-03    -610.149E-03
            3190     415.514E-03     11.7542E-03    -5.70283E-03    -415.309E-03
            3191     210.617E-03     12.2069E-03    -2.88696E-03    -210.243E-03
            3192     12.3591E-03     12.3591E-03    -15.0106E-33    -115.111E-33
            3193     14.8680E-03    -14.8680E-03    -13.3144E-33    -136.801E-33
            3194     253.361E-03    -14.6850E-03    -2.52330E-03    -252.923E-03
            3195     499.842E-03    -14.1403E-03    -4.98446E-03    -499.618E-03
            3196     734.166E-03    -13.2475E-03    -7.32289E-03    -734.010E-03
            3197     950.452E-03    -12.0285E-03    -9.48100E-03    -950.329E-03
            3198         1.14335    -10.5133E-03    -11.4057E-03        -1.14325
            3199         1.30811    -8.73920E-03    -13.0495E-03        -1.30802
            3200         1.44066    -6.74993E-03    -14.3720E-03        -1.44058
            3201         1.53775    -4.59447E-03    -15.3406E-03        -1.53766
            3202         1.59697    -2.32587E-03    -15.9315E-03        -1.59689
            3203         1.61688    -1.01280E-15    -16.1300E-03        -1.61680
            3204         1.59697     2.32587E-03    -15.9315E-03        -1.59689
            3205         1.53775     4.59447E-03    -15.3406E-03        -1.53766
            3206         1.44066     6.74993E-03    -14.3720E-03        -1.44058
            3207         1.30811     8.73920E-03    -13.0495E-03        -1.30802
            3208         1.14335     10.5133E-03    -11.4057E-03        -1.14325
            3209     950.452E-03     12.0285E-03    -9.48100E-03    -950.329E-03
            3210     734.166E-03     13.2475E-03    -7.32289E-03    -734.010E-03
            3211     499.842E-03     14.1403E-03    -4.98446E-03    -499.618E-03
            3212     253.361E-03     14.6850E-03    -2.52330E-03    -252.923E-03
            3213     14.8680E-03     14.8680E-03    -13.3144E-33    -136.801E-33
            3214     17.0108E-03    -17.0108E-03    -11.2905E-33    -155.123E-33
            3215     289.870E-03    -16.8014E-03    -2.09750E-03    -289.375E-03
            3216     571.868E-03    -16.1783E-03    -4.14335E-03    -571.624E-03
            3217     839.957E-03    -15.1568E-03    -6.08718E-03    -839.798E-03
            3218         1.08741    -13.7620E-03    -7.88112E-03        -1.08729
            3219         1.30811    -12.0285E-03    -9.48100E-03        -1.30802
            3220         1.49660    -9.99871E-03    -10.8474E-03        -1.49653
            3221         1.64826    -7.72275E-03    -11.9468E-03        -1.64820
            3222         1.75933    -5.25663E-03    -12.7519E-03        -1.75928
            3223         1.82709    -2.66108E-03    -13.2431E-03        -1.82704
            3224         1.84986    -685.470E-18    -13.4082E-03        -1.84981
            3225         1.82709     2.66108E-03    -13.2431E-03        -1.82704
            3226         1.75933     5.25663E-03    -12.7519E-03        -1.75928
            3227         1.64826     7.72275E-03    -11.9468E-03        -1.64820
            3228         1.49660     9.99871E-03    -10.8474E-03        -1.49653
            3229         1.30811     12.0285E-03    -9.48100E-03        -1.30802
            3230         1.08741     13.7620E-03    -7.88112E-03        -1.08729
            3231     839.957E-03     15.1568E-03    -6.08718E-03    -839.798E-03
            3232     571.868E-03     16.1783E-03    -4.14335E-03    -571.624E-03
            3233     289.870E-03     16.8014E-03    -2.09750E-03    -289.375E-03
            3234     17.0108E-03     17.0108E-03    -11.2905E-33    -155.123E-33
            3235     18.7348E-03    -18.7348E-03    -8.98851E-33    -169.625E-33
            3236     319.242E-03    -18.5041E-03    -1.62006E-03    -318.701E-03
            3237     629.815E-03    -17.8178E-03    -3.20022E-03    -629.555E-03
            3238     925.069E-03    -16.6928E-03    -4.70158E-03    -924.907E-03
            3239         1.19760    -15.1568E-03    -6.08718E-03        -1.19748
            3240         1.44066    -13.2475E-03    -7.32289E-03        -1.44058
            3241         1.64825    -11.0120E-03    -8.37828E-03        -1.64820
            3242         1.81528    -8.50541E-03    -9.22738E-03        -1.81523
            3243         1.93760    -5.78937E-03    -9.84926E-03        -1.93757
            3244         2.01223    -2.93077E-03    -10.2286E-03        -2.01220
            3245         2.03731     770.722E-18    -10.3561E-03        -2.03728
            3246         2.01223     2.93077E-03    -10.2286E-03        -2.01220
            3247         1.93760     5.78937E-03    -9.84926E-03        -1.93757
            3248         1.81528     8.50541E-03    -9.22738E-03        -1.81523
            3249         1.64825     11.0120E-03    -8.37828E-03        -1.64820
            3250         1.44066     13.2475E-03    -7.32289E-03        -1.44058
            3251         1.19760     15.1568E-03    -6.08718E-03        -1.19748
            3252     925.069E-03     16.6928E-03    -4.70158E-03    -924.907E-03
            3253     629.815E-03     17.8178E-03    -3.20022E-03    -629.555E-03
            3254     319.242E-03     18.5041E-03    -1.62006E-03    -318.701E-03
            3255     18.7348E-03     18.7348E-03    -8.98851E-33    -169.625E-33
            3256     19.9974E-03    -19.9974E-03    -6.46522E-33    -179.951E-33
            3257     340.755E-03    -19.7512E-03    -1.10272E-03    -340.180E-03
            3258     672.257E-03    -19.0187E-03    -2.17829E-03    -671.984E-03
            3259     987.408E-03    -17.8178E-03    -3.20022E-03    -987.242E-03
            3260         1.27830    -16.1783E-03    -4.14335E-03        -1.27819
            3261         1.53774    -14.1403E-03    -4.98446E-03        -1.53766
            3262         1.75933    -11.7542E-03    -5.70283E-03        -1.75928
            3263         1.93760    -9.07864E-03    -6.28078E-03        -1.93757
            3264         2.06817    -6.17954E-03    -6.70408E-03        -2.06815
            3265         2.14783    -3.12829E-03    -6.96230E-03        -2.14781
            3266         2.17460     340.243E-18    -7.04909E-03        -2.17459
            3267         2.14783     3.12829E-03    -6.96230E-03        -2.14781
            3268         2.06817     6.17954E-03    -6.70408E-03        -2.06815
            3269         1.93760     9.07864E-03    -6.28078E-03        -1.93757
            3270         1.75933     11.7542E-03    -5.70283E-03        -1.75928
            3271         1.53774     14.1403E-03    -4.98446E-03        -1.53766
            3272         1.27830     16.1783E-03    -4.14335E-03        -1.27819
            3273     987.408E-03     17.8178E-03    -3.20022E-03    -987.242E-03
            3274     672.257E-03     19.0187E-03    -2.17829E-03    -671.984E-03
            3275     340.755E-03     19.7512E-03    -1.10272E-03    -340.180E-03
            3276     19.9974E-03     19.9974E-03    -6.46522E-33    -179.951E-33
            3277     20.7677E-03    -20.7677E-03    -3.78273E-33    -185.845E-33
            3278     353.878E-03    -20.5120E-03    -558.233E-06    -353.283E-03
            3279     698.147E-03    -19.7512E-03    -1.10272E-03    -697.867E-03
            3280         1.02544    -18.5041E-03    -1.62006E-03        -1.02527
            3281         1.32753    -16.8014E-03    -2.09750E-03        -1.32742
            3282         1.59696    -14.6850E-03    -2.52330E-03        -1.59689
            3283         1.82708    -12.2069E-03    -2.88696E-03        -1.82704
            3284         2.01222    -9.42832E-03    -3.17954E-03        -2.01220
            3285         2.14783    -6.41756E-03    -3.39382E-03        -2.14781
            3286         2.23055    -3.24878E-03    -3.52454E-03        -2.23054
            3287         2.25835    -215.089E-18    -3.56848E-03        -2.25834
            3288         2.23055     3.24878E-03    -3.52454E-03        -2.23054
            3289         2.14783     6.41756E-03    -3.39382E-03        -2.14781
            3290         2.01222     9.42832E-03    -3.17954E-03        -2.01220
            3291         1.82708     12.2069E-03    -2.88696E-03        -1.82704
            3292         1.59696     14.6850E-03    -2.52330E-03        -1.59689
            3293         1.32753     16.8014E-03    -2.09750E-03        -1.32742
            3294         1.02544     18.5041E-03    -1.62006E-03        -1.02527
            3295     698.147E-03     19.7512E-03    -1.10272E-03    -697.867E-03
            3296     353.878E-03     20.5120E-03    -558.233E-06    -353.283E-03
            3297     20.7677E-03     20.7677E-03    -3.78273E-33    -185.845E-33
            3298     21.0265E-03    -21.0265E-03    -1.00709E-33    -187.163E-33
            3299     358.289E-03    -20.7677E-03    -317.669E-18    -357.687E-03
            3300     706.849E-03    -19.9974E-03     163.128E-18    -706.566E-03
            3301         1.03822    -18.7348E-03     1.72898E-15        -1.03805
            3302         1.34408    -17.0108E-03     2.26076E-15        -1.34397
            3303         1.61686    -14.8680E-03     1.31291E-15        -1.61680
            3304         1.84985    -12.3591E-03     1.96157E-15        -1.84981
            3305         2.03730    -9.54585E-03     2.31480E-15        -2.03728
            3306         2.17460    -6.49756E-03     3.22332E-15        -2.17459
            3307         2.25835    -3.28928E-03     3.78954E-15        -2.25834
            3308         2.28650    -1.15428E-15     3.07175E-15        -2.28650
            3309         2.25835     3.28928E-03     1.24887E-15        -2.25834
            3310         2.17460     6.49756E-03     359.732E-18        -2.17459
            3311         2.03730     9.54585E-03     2.05329E-15        -2.03728
            3312         1.84985     12.3591E-03     3.09888E-15        -1.84981
            3313         1.61686     14.8680E-03     1.28284E-15        -1.61680
            3314         1.34408     17.0108E-03     1.22803E-15        -1.34397
            3315         1.03822     18.7348E-03     2.28858E-15        -1.03805
            3316     706.849E-03     19.9974E-03     921.777E-18    -706.566E-03
            3317     358.289E-03     20.7677E-03    -896.822E-18    -357.687E-03
            3318     21.0265E-03     21.0265E-03    -1.00709E-33    -187.163E-33
            3319     20.7677E-03    -20.7677E-03     1.79334E-33    -183.873E-33
            3320     353.878E-03    -20.5120E-03     558.233E-06    -353.283E-03
            3321     698.147E-03    -19.7512E-03     1.10272E-03    -697.867E-03
            3322         1.02544    -18.5041E-03     1.62006E-03        -1.02527
            3323         1.32753    -16.8014E-03     2.09750E-03        -1.32742
            3324         1.59696    -14.6850E-03     2.52330E-03        -1.59689
            3325         1.82708    -12.2069E-03     2.88696E-03        -1.82704
            3326         2.01222    -9.42832E-03     3.17954E-03        -2.01220
            3327         2.14783    -6.41756E-03     3.39382E-03        -2.14781
            3328         2.23055    -3.24878E-03     3.52454E-03        -2.23054
            3329         2.25835    -2.62106E-15     3.56848E-03        -2.25834
            3330         2.23055     3.24878E-03     3.52454E-03        -2.23054
            3331         2.14783     6.41756E-03     3.39382E-03        -2.14781
            3332         2.01222     9.42832E-03     3.17954E-03        -2.01220
            3333         1.82708     12.2069E-03     2.88696E-03        -1.82704
            3334         1.59696     14.6850E-03     2.52330E-03        -1.59689
            3335         1.32753     16.8014E-03     2.09750E-03        -1.32742
            3336         1.02544     18.5041E-03     1.62006E-03        -1.02527
            3337     698.147E-03     19.7512E-03     1.10272E-03    -697.867E-03
            3338     353.878E-03     20.5120E-03     558.233E-06    -353.283E-03
            3339     20.7677E-03     20.7677E-03     1.79334E-33    -183.873E-33
            3340     19.9974E-03    -19.9974E-03     4.54962E-33    -176.055E-33
            3341     340.755E-03    -19.7512E-03     1.10272E-03    -340.180E-03
            3342     672.257E-03    -19.0187E-03     2.17829E-03    -671.984E-03
            3343     987.408E-03    -17.8178E-03     3.20022E-03    -987.242E-03
            3344         1.27830    -16.1783E-03     4.14335E-03        -1.27819
            3345         1.53774    -14.1403E-03     4.98446E-03        -1.53766
            3346         1.75933    -11.7542E-03     5.70283E-03        -1.75928
            3347         1.93760    -9.07864E-03     6.28078E-03        -1.93757
            3348         2.06817    -6.17954E-03     6.70408E-03        -2.06815
            3349         2.14783    -3.12829E-03     6.96230E-03        -2.14781
            3350         2.17460    -1.03812E-15     7.04909E-03        -2.17459
            3351         2.14783     3.12829E-03     6.96230E-03        -2.14781
            3352         2.06817     6.17954E-03     6.70408E-03        -2.06815
            3353         1.93760     9.07864E-03     6.28078E-03        -1.93757
            3354         1.75933     11.7542E-03     5.70283E-03        -1.75928
            3355         1.53774     14.1403E-03     4.98446E-03        -1.53766
            3356         1.27830     16.1783E-03     4.14335E-03        -1.27819
            3357     987.408E-03     17.8178E-03     3.20022E-03    -987.242E-03
            3358     672.257E-03     19.0187E-03     2.17829E-03    -671.984E-03
            3359     340.755E-03     19.7512E-03     1.10272E-03    -340.180E-03
            3360     19.9974E-03     19.9974E-03     4.54962E-33    -176.055E-33
            3361     18.7348E-03    -18.7348E-03     7.19387E-33    -163.902E-33
            3362     319.242E-03    -18.5041E-03     1.62006E-03    -318.701E-03
            3363     629.815E-03    -17.8178E-03     3.20022E-03    -629.555E-03
            3364     925.069E-03    -16.6928E-03     4.70158E-03    -924.907E-03
            3365         1.19760    -15.1568E-03     6.08718E-03        -1.19748
            3366         1.44066    -13.2475E-03     7.32289E-03        -1.44058
            3367         1.64825    -11.0120E-03     8.37828E-03        -1.64820
            3368         1.81528    -8.50541E-03     9.22738E-03        -1.81523
            3369         1.93760    -5.78937E-03     9.84926E-03        -1.93757
            3370         2.01223    -2.93077E-03     10.2286E-03        -2.01220
            3371         2.03731     715.566E-18     10.3561E-03        -2.03728
            3372         2.01223     2.93077E-03     10.2286E-03        -2.01220
            3373         1.93760     5.78937E-03     9.84926E-03        -1.93757
            3374         1.81528     8.50541E-03     9.22738E-03        -1.81523
            3375         1.64825     11.0120E-03     8.37828E-03        -1.64820
            3376         1.44066     13.2475E-03     7.32289E-03        -1.44058
            3377         1.19760     15.1568E-03     6.08718E-03        -1.19748
            3378     925.069E-03     16.6928E-03     4.70158E-03    -924.907E-03
            3379     629.815E-03     17.8178E-03     3.20022E-03    -629.555E-03
            3380     319.242E-03     18.5041E-03     1.62006E-03    -318.701E-03
            3381     18.7348E-03     18.7348E-03     7.19387E-33    -163.902E-33
            3382     17.0108E-03    -17.0108E-03     9.66098E-33    -147.714E-33
            3383     289.870E-03    -16.8014E-03     2.09750E-03    -289.375E-03
            3384     571.868E-03    -16.1783E-03     4.14335E-03    -571.624E-03
            3385     839.957E-03    -15.1568E-03     6.08718E-03    -839.798E-03
            3386         1.08741    -13.7620E-03     7.88112E-03        -1.08729
            3387         1.30811    -12.0285E-03     9.48100E-03        -1.30802
            3388         1.49660    -9.99871E-03     10.8474E-03        -1.49653
            3389         1.64826    -7.72275E-03     11.9468E-03        -1.64820
            3390         1.75933    -5.25663E-03     12.7519E-03        -1.75928
            3391         1.82709    -2.66108E-03     13.2431E-03        -1.82704
            3392         1.84986    -1.52493E-15     13.4082E-03        -1.84981
            3393         1.82709     2.66108E-03     13.2431E-03        -1.82704
            3394         1.75933     5.25663E-03     12.7519E-03        -1.75928
            3395         1.64826     7.72275E-03     11.9468E-03        -1.64820
            3396         1.49660     9.99871E-03     10.8474E-03        -1.49653
            3397         1.30811     12.0285E-03     9.48100E-03        -1.30802
            3398         1.08741     13.7620E-03     7.88112E-03        -1.08729
            3399     839.957E-03     15.1568E-03     6.08718E-03    -839.798E-03
            3400     571.868E-03     16.1783E-03     4.14335E-03    -571.624E-03
            3401     289.870E-03     16.8014E-03     2.09750E-03    -289.375E-03
            3402     17.0108E-03     17.0108E-03     9.66098E-33    -147.714E-33
            3403     14.8680E-03    -14.8680E-03     11.8902E-33    -127.888E-33
            3404     253.361E-03    -14.6850E-03     2.52330E-03    -252.923E-03
            3405     499.842E-03    -14.1403E-03     4.98446E-03    -499.618E-03
            3406     734.166E-03    -13.2475E-03     7.32289E-03    -734.010E-03
            3407     950.452E-03    -12.0285E-03     9.48100E-03    -950.329E-03
            3408         1.14335    -10.5133E-03     11.4057E-03        -1.14325
            3409         1.30811    -8.73920E-03     13.0495E-03        -1.30802
            3410         1.44066    -6.74993E-03     14.3720E-03        -1.44058
            3411         1.53775    -4.59447E-03     15.3406E-03        -1.53766
            3412         1.59697    -2.32587E-03     15.9315E-03        -1.59689
            3413         1.61688    -2.20319E-15     16.1300E-03        -1.61680
            3414         1.59697     2.32587E-03     15.9315E-03        -1.59689
            3415         1.53775     4.59447E-03     15.3406E-03        -1.53766
            3416         1.44066     6.74993E-03     14.3720E-03        -1.44058
            3417         1.30811     8.73920E-03     13.0495E-03        -1.30802
            3418         1.14335     10.5133E-03     11.4057E-03        -1.14325
            3419     950.452E-03     12.0285E-03     9.48100E-03    -950.329E-03
            3420     734.166E-03     13.2475E-03     7.32289E-03    -734.010E-03
            3421     499.842E-03     14.1403E-03     4.98446E-03    -499.618E-03
            3422     253.361E-03     14.6850E-03     2.52330E-03    -252.923E-03
            3423     14.8680E-03     14.8680E-03     11.8902E-33    -127.888E-33
            3424     12.3591E-03    -12.3591E-03     13.8267E-33    -104.913E-33
            3425     210.617E-03    -12.2069E-03     2.88696E-03    -210.243E-03
            3426     415.514E-03    -11.7542E-03     5.70283E-03    -415.309E-03
            3427     610.306E-03    -11.0120E-03     8.37828E-03    -610.149E-03
            3428     790.102E-03    -9.99871E-03     10.8474E-03    -789.965E-03
            3429     950.459E-03    -8.73920E-03     13.0495E-03    -950.329E-03
            3430         1.08742    -7.26449E-03     14.9302E-03        -1.08729
            3431         1.19761    -5.61091E-03     16.4433E-03        -1.19748
            3432         1.27832    -3.81917E-03     17.5515E-03        -1.27819
            3433         1.32755    -1.93339E-03     18.2275E-03        -1.32742
            3434         1.34409    -1.35373E-15     18.4548E-03        -1.34397
            3435         1.32755     1.93339E-03     18.2275E-03        -1.32742
            3436         1.27832     3.81917E-03     17.5515E-03        -1.27819
            3437         1.19761     5.61091E-03     16.4433E-03        -1.19748
            3438         1.08742     7.26449E-03     14.9302E-03        -1.08729
            3439     950.459E-03     8.73920E-03     13.0495E-03    -950.329E-03
            3440     790.102E-03     9.99871E-03     10.8474E-03    -789.965E-03
            3441     610.306E-03     11.0120E-03     8.37828E-03    -610.149E-03
            3442     415.514E-03     11.7542E-03     5.70283E-03    -415.309E-03
            3443     210.617E-03     12.2069E-03     2.88696E-03    -210.243E-03
            3444     12.3591E-03     12.3591E-03     13.8267E-33    -104.913E-33
            3445     9.54585E-03    -9.54585E-03     15.4226E-33    -79.3545E-33
            3446     162.691E-03    -9.42832E-03     3.17954E-03    -162.386E-03
            3447     320.964E-03    -9.07864E-03     6.28078E-03    -320.774E-03
            3448     471.431E-03    -8.50541E-03     9.22738E-03    -471.264E-03
            3449     610.315E-03    -7.72275E-03     11.9468E-03    -610.149E-03
            3450     734.182E-03    -6.74993E-03     14.3720E-03    -734.010E-03
            3451     839.978E-03    -5.61091E-03     16.4433E-03    -839.798E-03
            3452     925.094E-03    -4.33373E-03     18.1097E-03    -924.907E-03
            3453     987.435E-03    -2.94983E-03     19.3303E-03    -987.242E-03
            3454         1.02546    -1.49330E-03     20.0748E-03        -1.02527
            3455         1.03825     273.349E-18     20.3250E-03        -1.03805
            3456         1.02546     1.49330E-03     20.0748E-03        -1.02527
            3457     987.435E-03     2.94983E-03     19.3303E-03    -987.242E-03
            3458     925.094E-03     4.33373E-03     18.1097E-03    -924.907E-03
            3459     839.978E-03     5.61091E-03     16.4433E-03    -839.798E-03
            3460     734.182E-03     6.74993E-03     14.3720E-03    -734.010E-03
            3461     610.315E-03     7.72275E-03     11.9468E-03    -610.149E-03
            3462     471.431E-03     8.50541E-03     9.22738E-03    -471.264E-03
            3463     320.964E-03     9.07864E-03     6.28078E-03    -320.774E-03
            3464     162.691E-03     9.42832E-03     3.17954E-03    -162.386E-03
            3465     9.54585E-03     9.54585E-03     15.4226E-33    -79.3545E-33
            3466     6.49756E-03    -6.49756E-03     16.6389E-33    -51.8423E-33
            3467     110.769E-03    -6.41756E-03     3.39382E-03    -110.531E-03
            3468     218.531E-03    -6.17954E-03     6.70408E-03    -218.341E-03
            3469     320.978E-03    -5.78937E-03     9.84926E-03    -320.774E-03
            3470     415.538E-03    -5.25663E-03     12.7519E-03    -415.309E-03
            3471     499.874E-03    -4.59447E-03     15.3406E-03    -499.618E-03
            3472     571.906E-03    -3.81917E-03     17.5515E-03    -571.624E-03
            3473     629.858E-03    -2.94983E-03     19.3303E-03    -629.555E-03
            3474     672.304E-03    -2.00786E-03     20.6330E-03    -671.984E-03
            3475     698.197E-03    -1.01644E-03     21.4278E-03    -697.867E-03
            3476     706.899E-03     416.352E-18     21.6949E-03    -706.566E-03
            3477     698.197E-03     1.01644E-03     21.4278E-03    -697.867E-03
            3478     672.304E-03     2.00786E-03     20.6330E-03    -671.984E-03
            3479     629.858E-03     2.94983E-03     19.3303E-03    -629.555E-03
            3480     571.906E-03     3.81917E-03     17.5515E-03    -571.624E-03
            3481     499.874E-03     4.59447E-03     15.3406E-03    -499.618E-03
            3482     415.538E-03     5.25663E-03     12.7519E-03    -415.309E-03
            3483     320.978E-03     5.78937E-03     9.84926E-03    -320.774E-03
            3484     218.531E-03     6.17954E-03     6.70408E-03    -218.341E-03
            3485     110.769E-03     6.41756E-03     3.39382E-03    -110.531E-03
            3486     6.49756E-03     6.49756E-03     16.6389E-33    -51.8423E-33
            3487     3.28928E-03    -3.28928E-03     17.4454E-33    -23.0535E-33
            3488     56.1595E-03    -3.24878E-03     3.52454E-03    -55.9545E-03
            3489     110.794E-03    -3.12829E-03     6.96230E-03    -110.531E-03
            3490     162.735E-03    -2.93077E-03     10.2286E-03    -162.386E-03
            3491     210.676E-03    -2.66108E-03     13.2431E-03    -210.243E-03
            3492     253.435E-03    -2.32587E-03     15.9315E-03    -252.923E-03
            3493     289.955E-03    -1.93339E-03     18.2275E-03    -289.375E-03
            3494     319.336E-03    -1.49330E-03     20.0748E-03    -318.701E-03
            3495     340.856E-03    -1.01644E-03     21.4278E-03    -340.180E-03
            3496     353.983E-03    -514.556E-06     22.2531E-03    -353.283E-03
            3497     358.396E-03    -86.0165E-18     22.5305E-03    -357.687E-03
            3498     353.983E-03     514.556E-06     22.2531E-03    -353.283E-03
            3499     340.856E-03     1.01644E-03     21.4278E-03    -340.180E-03
            3500     319.336E-03     1.49330E-03     20.0748E-03    -318.701E-03
            3501     289.955E-03     1.93339E-03     18.2275E-03    -289.375E-03
            3502     253.435E-03     2.32587E-03     15.9315E-03    -252.923E-03
            3503     210.676E-03     2.66108E-03     13.2431E-03    -210.243E-03
            3504     162.735E-03     2.93077E-03     10.2286E-03    -162.386E-03
            3505     110.794E-03     3.12829E-03     6.96230E-03    -110.531E-03
            3506     56.1595E-03     3.24878E-03     3.52454E-03    -55.9545E-03
            3507     3.28928E-03     3.28928E-03     17.4454E-33    -23.0535E-33
            3508              0.    -15.3981E-33     15.1036E-33    -6.49735E-33
            3509     3.56848E-03    -18.0618E-33     3.56848E-03    -34.9107E-33
            3510     7.04909E-03    -17.5563E-33     7.04909E-03    -62.6588E-33
            3511     10.3561E-03    -16.6186E-33     10.3561E-03    -88.8641E-33
            3512     13.4082E-03    -15.2716E-33     13.4082E-03    -112.881E-33
            3513     16.1300E-03    -13.5486E-33     16.1300E-03    -134.119E-33
            3514     18.4548E-03    -11.4920E-33     18.4548E-03    -152.054E-33
            3515     20.3250E-03    -9.15241E-33     20.3250E-03    -166.245E-33
            3516     21.6949E-03    -6.58746E-33     21.6949E-03    -176.343E-33
            3517     22.5305E-03    -3.86030E-33     22.5305E-03    -182.098E-33
            3518     22.8113E-03    -1.03810E-33     22.8113E-03    -183.370E-33
            3519     22.5305E-03     1.80967E-33     22.5305E-03    -180.126E-33
            3520     21.6949E-03     4.61288E-33     21.6949E-03    -172.448E-33
            3521     20.3250E-03     7.30251E-33     20.3250E-03    -160.522E-33
            3522     18.4548E-03     9.81232E-33     18.4548E-03    -144.645E-33
            3523     16.1300E-03     12.0805E-33     16.1300E-03    -125.205E-33
            3524     13.4082E-03     14.0513E-33     13.4082E-03    -102.683E-33
            3525     10.3561E-03     15.6760E-33     10.3561E-03    -77.6323E-33
            3526     7.04909E-03     16.9148E-33     7.04909E-03    -50.6700E-33
            3527     3.56848E-03     17.7370E-33     3.56848E-03    -22.4601E-33
            3528              0.     15.3981E-33     15.1036E-33    -6.49735E-33
            3529              0.    -14.4925E-33    -14.1925E-33    -6.49038E-33
            3530     1.37970E-03    -15.5432E-33    -1.37970E-03    -34.7642E-33
            3531     2.72543E-03    -15.1677E-33    -2.72543E-03    -62.4368E-33
            3532     4.00405E-03    -14.4188E-33    -4.00405E-03    -88.5721E-33
            3533     5.18408E-03    -13.3149E-33    -5.18408E-03    -112.526E-33
            3534     6.23646E-03    -11.8831E-33    -6.23646E-03    -133.710E-33
            3535     7.13528E-03    -10.1587E-33    -7.13528E-03    -151.601E-33
            3536     7.85840E-03    -8.18411E-33    -7.85840E-03    -165.759E-33
            3537     8.38802E-03    -6.00804E-33    -8.38802E-03    -175.836E-33
            3538     8.71110E-03    -3.68403E-33    -8.71110E-03    -181.583E-33
            3539     8.81969E-03    -1.26931E-33    -8.81969E-03    -182.859E-33
            3540     8.71110E-03     1.17666E-33    -8.71110E-03    -179.632E-33
            3541     8.38802E-03     3.59367E-33    -8.38802E-03    -171.982E-33
            3542     7.85840E-03     5.92218E-33    -7.85840E-03    -160.098E-33
            3543     7.13528E-03     8.10487E-33    -7.13528E-03    -144.271E-33
            3544     6.23646E-03     10.0880E-33    -6.23646E-03    -124.892E-33
            3545     5.18408E-03     11.8227E-33    -5.18408E-03    -102.437E-33
            3546     4.00405E-03     13.2663E-33    -4.00405E-03    -77.4604E-33
            3547     2.72543E-03     14.3833E-33    -2.72543E-03    -50.5762E-33
            3548     1.37970E-03     15.1460E-33    -1.37970E-03    -22.4467E-33
            3549              0.     14.4925E-33    -14.1925E-33    -6.49038E-33
            3550     1.32174E-03    -1.32174E-03    -15.2360E-33    -35.3695E-33
            3551     56.1024E-03    -1.30547E-03    -1.36272E-03    -56.0706E-03
            3552     110.800E-03    -1.25705E-03    -2.69188E-03    -110.761E-03
            3553     162.776E-03    -1.17768E-03    -3.95476E-03    -162.723E-03
            3554     210.744E-03    -1.06931E-03    -5.12026E-03    -210.679E-03
            3555     253.524E-03    -934.614E-06    -6.15968E-03    -253.447E-03
            3556     290.062E-03    -776.901E-06    -7.04743E-03    -289.975E-03
            3557     319.457E-03    -600.059E-06    -7.76165E-03    -319.362E-03
            3558     340.987E-03    -408.441E-06    -8.28475E-03    -340.886E-03
            3559     354.120E-03    -206.766E-06    -8.60385E-03    -354.016E-03
            3560     358.535E-03    -391.423E-18    -8.71110E-03    -358.429E-03
            3561     354.120E-03     206.766E-06    -8.60385E-03    -354.016E-03
            3562     340.987E-03     408.441E-06    -8.28475E-03    -340.886E-03
            3563     319.457E-03     600.059E-06    -7.76165E-03    -319.362E-03
            3564     290.062E-03     776.901E-06    -7.04743E-03    -289.975E-03
            3565     253.524E-03     934.614E-06    -6.15968E-03    -253.447E-03
            3566     210.744E-03     1.06931E-03    -5.12026E-03    -210.679E-03
            3567     162.776E-03     1.17768E-03    -3.95476E-03    -162.723E-03
            3568     110.800E-03     1.25705E-03    -2.69188E-03    -110.761E-03
            3569     56.1024E-03     1.30547E-03    -1.36272E-03    -56.0706E-03
            3570     1.32174E-03     1.32174E-03    -15.2360E-33    -35.3695E-33
            3571     2.61094E-03    -2.61094E-03    -14.8674E-33    -63.6325E-33
            3572     110.798E-03    -2.57880E-03    -1.31218E-03    -110.761E-03
            3573     218.823E-03    -2.48315E-03    -2.59204E-03    -218.794E-03
            3574     321.471E-03    -2.32637E-03    -3.80808E-03    -321.440E-03
            3575     416.205E-03    -2.11230E-03    -4.93035E-03    -416.171E-03
            3576     500.693E-03    -1.84621E-03    -5.93123E-03    -500.654E-03
            3577     572.852E-03    -1.53467E-03    -6.78605E-03    -572.810E-03
            3578     630.906E-03    -1.18534E-03    -7.47378E-03    -630.861E-03
            3579     673.426E-03    -806.825E-06    -7.97748E-03    -673.378E-03
            3580     699.364E-03    -408.441E-06    -8.28475E-03    -699.315E-03
            3581     708.081E-03     128.486E-18    -8.38802E-03    -708.032E-03
            3582     699.364E-03     408.441E-06    -8.28475E-03    -699.315E-03
            3583     673.426E-03     806.825E-06    -7.97748E-03    -673.378E-03
            3584     630.906E-03     1.18534E-03    -7.47378E-03    -630.861E-03
            3585     572.852E-03     1.53467E-03    -6.78605E-03    -572.810E-03
            3586     500.693E-03     1.84621E-03    -5.93123E-03    -500.654E-03
            3587     416.205E-03     2.11230E-03    -4.93035E-03    -416.171E-03
            3588     321.471E-03     2.32637E-03    -3.80808E-03    -321.440E-03
            3589     218.823E-03     2.48315E-03    -2.59204E-03    -218.794E-03
            3590     110.798E-03     2.57880E-03    -1.31218E-03    -110.761E-03
            3591     2.61094E-03     2.61094E-03    -14.8674E-33    -63.6325E-33
            3592     3.83585E-03    -3.83585E-03    -14.1327E-33    -90.3288E-33
            3593     162.772E-03    -3.78862E-03    -1.22932E-03    -162.723E-03
            3594     321.470E-03    -3.64811E-03    -2.42838E-03    -321.440E-03
            3595     472.267E-03    -3.41777E-03    -3.56764E-03    -472.241E-03
            3596     611.440E-03    -3.10327E-03    -4.61905E-03    -611.415E-03
            3597     735.559E-03    -2.71235E-03    -5.55673E-03    -735.533E-03
            3598     841.567E-03    -2.25466E-03    -6.35758E-03    -841.540E-03
            3599     926.854E-03    -1.74144E-03    -7.00188E-03    -926.826E-03
            3600     989.319E-03    -1.18534E-03    -7.47378E-03    -989.290E-03
            3601         1.02742    -600.059E-06    -7.76165E-03        -1.02739
            3602         1.04023    -324.702E-18    -7.85840E-03        -1.04020
            3603         1.02742     600.059E-06    -7.76165E-03        -1.02739
            3604     989.319E-03     1.18534E-03    -7.47378E-03    -989.290E-03
            3605     926.854E-03     1.74144E-03    -7.00188E-03    -926.826E-03
            3606     841.567E-03     2.25466E-03    -6.35758E-03    -841.540E-03
            3607     735.559E-03     2.71235E-03    -5.55673E-03    -735.533E-03
            3608     611.440E-03     3.10327E-03    -4.61905E-03    -611.415E-03
            3609     472.267E-03     3.41777E-03    -3.56764E-03    -472.241E-03
            3610     321.470E-03     3.64811E-03    -2.42838E-03    -321.440E-03
            3611     162.772E-03     3.78862E-03    -1.22932E-03    -162.723E-03
            3612     3.83585E-03     3.83585E-03    -14.1327E-33    -90.3288E-33
            3613     4.96630E-03    -4.96630E-03    -13.0501E-33    -114.801E-33
            3614     210.739E-03    -4.90516E-03    -1.11620E-03    -210.679E-03
            3615     416.203E-03    -4.72324E-03    -2.20492E-03    -416.171E-03
            3616     611.439E-03    -4.42501E-03    -3.23935E-03    -611.415E-03
            3617     791.625E-03    -4.01782E-03    -4.19401E-03    -791.604E-03
            3618     952.320E-03    -3.51171E-03    -5.04540E-03    -952.301E-03
            3619         1.08957    -2.91912E-03    -5.77256E-03        -1.08955
            3620         1.19999    -2.25466E-03    -6.35758E-03        -1.19997
            3621         1.28086    -1.53467E-03    -6.78605E-03        -1.28084
            3622         1.33019    -776.902E-06    -7.04743E-03        -1.33018
            3623         1.34678    -917.094E-18    -7.13528E-03        -1.34676
            3624         1.33019     776.902E-06    -7.04743E-03        -1.33018
            3625         1.28086     1.53467E-03    -6.78605E-03        -1.28084
            3626         1.19999     2.25466E-03    -6.35758E-03        -1.19997
            3627         1.08957     2.91912E-03    -5.77256E-03        -1.08955
            3628     952.320E-03     3.51171E-03    -5.04540E-03    -952.301E-03
            3629     791.625E-03     4.01782E-03    -4.19401E-03    -791.604E-03
            3630     611.439E-03     4.42501E-03    -3.23935E-03    -611.415E-03
            3631     416.203E-03     4.72324E-03    -2.20492E-03    -416.171E-03
            3632     210.739E-03     4.90516E-03    -1.11620E-03    -210.679E-03
            3633     4.96630E-03     4.96630E-03    -13.0501E-33    -114.801E-33
            3634     5.97447E-03    -5.97447E-03    -11.6461E-33    -136.446E-33
            3635     253.518E-03    -5.90092E-03    -975.597E-06    -253.447E-03
            3636     500.690E-03    -5.68206E-03    -1.92717E-03    -500.654E-03
            3637     735.558E-03    -5.32330E-03    -2.83129E-03    -735.533E-03
            3638     952.320E-03    -4.83345E-03    -3.66570E-03    -952.301E-03
            3639         1.14564    -4.22459E-03    -4.40984E-03        -1.14562
            3640         1.31074    -3.51171E-03    -5.04540E-03        -1.31073
            3641         1.44358    -2.71235E-03    -5.55673E-03        -1.44356
            3642         1.54087    -1.84621E-03    -5.93123E-03        -1.54085
            3643         1.60022    -934.614E-06    -6.15968E-03        -1.60020
            3644         1.62016    -1.01958E-15    -6.23646E-03        -1.62015
            3645         1.60022     934.614E-06    -6.15968E-03        -1.60020
            3646         1.54087     1.84621E-03    -5.93123E-03        -1.54085
            3647         1.44358     2.71235E-03    -5.55673E-03        -1.44356
            3648         1.31074     3.51171E-03    -5.04540E-03        -1.31073
            3649         1.14564     4.22459E-03    -4.40984E-03        -1.14562
            3650     952.320E-03     4.83345E-03    -3.66570E-03    -952.301E-03
            3651     735.558E-03     5.32330E-03    -2.83129E-03    -735.533E-03
            3652     500.690E-03     5.68206E-03    -1.92717E-03    -500.654E-03
            3653     253.518E-03     5.90092E-03    -975.597E-06    -253.447E-03
            3654     5.97447E-03     5.97447E-03    -11.6461E-33    -136.446E-33
            3655     6.83553E-03    -6.83553E-03    -9.95534E-33    -154.732E-33
            3656     290.055E-03    -6.75137E-03    -810.969E-06    -289.975E-03
            3657     572.849E-03    -6.50098E-03    -1.60197E-03    -572.810E-03
            3658     841.565E-03    -6.09050E-03    -2.35352E-03    -841.540E-03
            3659         1.08957    -5.53006E-03    -3.04713E-03        -1.08955
            3660         1.31074    -4.83345E-03    -3.66570E-03        -1.31073
            3661         1.49965    -4.01782E-03    -4.19401E-03        -1.49964
            3662         1.65162    -3.10327E-03    -4.61905E-03        -1.65162
            3663         1.76294    -2.11230E-03    -4.93035E-03        -1.76293
            3664         1.83084    -1.06931E-03    -5.12026E-03        -1.83083
            3665         1.85366    -604.121E-18    -5.18408E-03        -1.85365
            3666         1.83084     1.06931E-03    -5.12026E-03        -1.83083
            3667         1.76294     2.11230E-03    -4.93035E-03        -1.76293
            3668         1.65162     3.10327E-03    -4.61905E-03        -1.65162
            3669         1.49965     4.01782E-03    -4.19401E-03        -1.49964
            3670         1.31074     4.83345E-03    -3.66570E-03        -1.31073
            3671         1.08957     5.53006E-03    -3.04713E-03        -1.08955
            3672     841.565E-03     6.09050E-03    -2.35352E-03    -841.540E-03
            3673     572.849E-03     6.50098E-03    -1.60197E-03    -572.810E-03
            3674     290.055E-03     6.75137E-03    -810.969E-06    -289.975E-03
            3675     6.83553E-03     6.83553E-03    -9.95534E-33    -154.732E-33
            3676     7.52828E-03    -7.52828E-03    -8.01946E-33    -169.207E-33
            3677     319.449E-03    -7.43559E-03    -626.372E-06    -319.362E-03
            3678     630.903E-03    -7.15982E-03    -1.23732E-03    -630.861E-03
            3679     926.852E-03    -6.70774E-03    -1.81780E-03    -926.826E-03
            3680         1.19999    -6.09050E-03    -2.35352E-03        -1.19997
            3681         1.44358    -5.32330E-03    -2.83129E-03        -1.44356
            3682         1.65162    -4.42501E-03    -3.23935E-03        -1.65162
            3683         1.81900    -3.41777E-03    -3.56764E-03        -1.81900
            3684         1.94160    -2.32637E-03    -3.80808E-03        -1.94159
            3685         2.01638    -1.17768E-03    -3.95476E-03        -2.01637
            3686         2.04151     576.853E-18    -4.00405E-03        -2.04151
            3687         2.01638     1.17768E-03    -3.95476E-03        -2.01637
            3688         1.94160     2.32637E-03    -3.80808E-03        -1.94159
            3689         1.81900     3.41777E-03    -3.56764E-03        -1.81900
            3690         1.65162     4.42501E-03    -3.23935E-03        -1.65162
            3691         1.44358     5.32330E-03    -2.83129E-03        -1.44356
            3692         1.19999     6.09050E-03    -2.35352E-03        -1.19997
            3693     926.852E-03     6.70774E-03    -1.81780E-03    -926.826E-03
            3694     630.903E-03     7.15982E-03    -1.23732E-03    -630.861E-03
            3695     319.449E-03     7.43559E-03    -626.372E-06    -319.362E-03
            3696     7.52828E-03     7.52828E-03    -8.01946E-33    -169.207E-33
            3697     8.03565E-03    -8.03565E-03    -5.88611E-33    -179.516E-33
            3698     340.979E-03    -7.93672E-03    -426.352E-06    -340.886E-03
            3699     673.422E-03    -7.64236E-03    -842.205E-06    -673.378E-03
            3700     989.316E-03    -7.15982E-03    -1.23732E-03    -989.290E-03
            3701         1.28086    -6.50098E-03    -1.60197E-03        -1.28084
            3702         1.54087    -5.68206E-03    -1.92717E-03        -1.54085
            3703         1.76293    -4.72324E-03    -2.20492E-03        -1.76293
            3704         1.94160    -3.64811E-03    -2.42838E-03        -1.94159
            3705         2.07245    -2.48315E-03    -2.59204E-03        -2.07244
            3706         2.15227    -1.25705E-03    -2.69188E-03        -2.15227
            3707         2.17910     438.269E-18    -2.72543E-03        -2.17910
            3708         2.15227     1.25705E-03    -2.69188E-03        -2.15227
            3709         2.07245     2.48315E-03    -2.59204E-03        -2.07244
            3710         1.94160     3.64811E-03    -2.42838E-03        -1.94159
            3711         1.76293     4.72324E-03    -2.20492E-03        -1.76293
            3712         1.54087     5.68206E-03    -1.92717E-03        -1.54085
            3713         1.28086     6.50098E-03    -1.60197E-03        -1.28084
            3714     989.316E-03     7.15982E-03    -1.23732E-03    -989.290E-03
            3715     673.422E-03     7.64236E-03    -842.205E-06    -673.378E-03
            3716     340.979E-03     7.93672E-03    -426.352E-06    -340.886E-03
            3717     8.03565E-03     8.03565E-03    -5.88611E-33    -179.516E-33
            3718     8.34516E-03    -8.34516E-03    -3.60782E-33    -185.405E-33
            3719     354.112E-03    -8.24242E-03    -215.833E-06    -354.016E-03
            3720     699.360E-03    -7.93672E-03    -426.352E-06    -699.315E-03
            3721         1.02742    -7.43559E-03    -626.372E-06        -1.02739
            3722         1.33019    -6.75137E-03    -810.969E-06        -1.33018
            3723         1.60021    -5.90092E-03    -975.597E-06        -1.60020
            3724         1.83084    -4.90516E-03    -1.11620E-03        -1.83083
            3725         2.01638    -3.78862E-03    -1.22932E-03        -2.01637
            3726         2.15227    -2.57880E-03    -1.31218E-03        -2.15227
            3727         2.23517    -1.30547E-03    -1.36272E-03        -2.23517
            3728         2.26303    -199.691E-18    -1.37970E-03        -2.26303
            3729         2.23517     1.30547E-03    -1.36272E-03        -2.23517
            3730         2.15227     2.57880E-03    -1.31218E-03        -2.15227
            3731         2.01638     3.78862E-03    -1.22932E-03        -2.01637
            3732         1.83084     4.90516E-03    -1.11620E-03        -1.83083
            3733         1.60021     5.90092E-03    -975.597E-06        -1.60020
            3734         1.33019     6.75137E-03    -810.969E-06        -1.33018
            3735         1.02742     7.43559E-03    -626.372E-06        -1.02739
            3736     699.360E-03     7.93672E-03    -426.352E-06    -699.315E-03
            3737     354.112E-03     8.24242E-03    -215.833E-06    -354.016E-03
            3738     8.34516E-03     8.34516E-03    -3.60782E-33    -185.405E-33
            3739     8.44918E-03    -8.44918E-03    -1.24070E-33    -186.728E-33
            3740     358.526E-03    -8.34516E-03    -527.598E-18    -358.429E-03
            3741     708.077E-03    -8.03565E-03     142.047E-18    -708.032E-03
            3742         1.04023    -7.52828E-03     1.55129E-15        -1.04020
            3743         1.34677    -6.83553E-03     2.28803E-15        -1.34676
            3744         1.62016    -5.97447E-03     1.61868E-15        -1.62015
            3745         1.85366    -4.96630E-03     1.83604E-15        -1.85365
            3746         2.04151    -3.83585E-03     2.43117E-15        -2.04151
            3747         2.17910    -2.61094E-03     3.79993E-15        -2.17910
            3748         2.26303    -1.32174E-03     4.13722E-15        -2.26303
            3749         2.29124    -1.23364E-15     2.98591E-15        -2.29124
            3750         2.26303     1.32174E-03     1.42456E-15        -2.26303
            3751         2.17910     2.61094E-03     534.337E-18        -2.17910
            3752         2.04151     3.83585E-03     2.21543E-15        -2.04151
            3753         1.85366     4.96630E-03     2.62616E-15        -1.85365
            3754         1.62016     5.97447E-03     1.46976E-15        -1.62015
            3755         1.34677     6.83553E-03     1.30796E-15        -1.34676
            3756         1.04023     7.52828E-03     2.44340E-15        -1.04020
            3757     708.077E-03     8.03565E-03     871.699E-18    -708.032E-03
            3758     358.526E-03     8.34516E-03    -922.251E-18    -358.429E-03
            3759     8.44918E-03     8.44918E-03    -1.24070E-33    -186.728E-33
            3760     8.34516E-03    -8.34516E-03     1.15697E-33    -183.454E-33
            3761     354.112E-03    -8.24242E-03     215.833E-06    -354.016E-03
            3762     699.360E-03    -7.93672E-03     426.352E-06    -699.315E-03
            3763         1.02742    -7.43559E-03     626.372E-06        -1.02739
            3764         1.33019    -6.75137E-03     810.969E-06        -1.33018
            3765         1.60021    -5.90092E-03     975.597E-06        -1.60020
            3766         1.83084    -4.90516E-03     1.11620E-03        -1.83083
            3767         2.01638    -3.78862E-03     1.22932E-03        -2.01637
            3768         2.15227    -2.57880E-03     1.31218E-03        -2.15227
            3769         2.23517    -1.30547E-03     1.36272E-03        -2.23517
            3770         2.26303    -2.88446E-15     1.37970E-03        -2.26303
            3771         2.23517     1.30547E-03     1.36272E-03        -2.23517
            3772         2.15227     2.57880E-03     1.31218E-03        -2.15227
            3773         2.01638     3.78862E-03     1.22932E-03        -2.01637
            3774         1.83084     4.90516E-03     1.11620E-03        -1.83083
            3775         1.60021     5.90092E-03     975.597E-06        -1.60020
            3776         1.33019     6.75137E-03     810.969E-06        -1.33018
            3777         1.02742     7.43559E-03     626.372E-06        -1.02739
            3778     699.360E-03     7.93672E-03     426.352E-06    -699.315E-03
            3779     354.112E-03     8.24242E-03     215.833E-06    -354.016E-03
            3780     8.34516E-03     8.34516E-03     1.15697E-33    -183.454E-33
            3781     8.03565E-03    -8.03565E-03     3.52616E-33    -175.662E-33
            3782     340.979E-03    -7.93672E-03     426.352E-06    -340.886E-03
            3783     673.422E-03    -7.64236E-03     842.205E-06    -673.378E-03
            3784     989.316E-03    -7.15982E-03     1.23732E-03    -989.290E-03
            3785         1.28086    -6.50098E-03     1.60197E-03        -1.28084
            3786         1.54087    -5.68206E-03     1.92717E-03        -1.54085
            3787         1.76293    -4.72324E-03     2.20492E-03        -1.76293
            3788         1.94160    -3.64811E-03     2.42838E-03        -1.94159
            3789         2.07245    -2.48315E-03     2.59204E-03        -2.07244
            3790         2.15227    -1.25705E-03     2.69188E-03        -2.15227
            3791         2.17910    -1.15602E-15     2.72543E-03        -2.17910
            3792         2.15227     1.25705E-03     2.69188E-03        -2.15227
            3793         2.07245     2.48315E-03     2.59204E-03        -2.07244
            3794         1.94160     3.64811E-03     2.42838E-03        -1.94159
            3795         1.76293     4.72324E-03     2.20492E-03        -1.76293
            3796         1.54087     5.68206E-03     1.92717E-03        -1.54085
            3797         1.28086     6.50098E-03     1.60197E-03        -1.28084
            3798     989.316E-03     7.15982E-03     1.23732E-03    -989.290E-03
            3799     673.422E-03     7.64236E-03     842.205E-06    -673.378E-03
            3800     340.979E-03     7.93672E-03     426.352E-06    -340.886E-03
            3801     8.03565E-03     8.03565E-03     3.52616E-33    -175.662E-33
            3802     7.52828E-03    -7.52828E-03     5.80851E-33    -163.545E-33
            3803     319.449E-03    -7.43559E-03     626.372E-06    -319.362E-03
            3804     630.903E-03    -7.15982E-03     1.23732E-03    -630.861E-03
            3805     926.852E-03    -6.70774E-03     1.81780E-03    -926.826E-03
            3806         1.19999    -6.09050E-03     2.35352E-03        -1.19997
            3807         1.44358    -5.32330E-03     2.83129E-03        -1.44356
            3808         1.65162    -4.42501E-03     3.23935E-03        -1.65162
            3809         1.81900    -3.41777E-03     3.56764E-03        -1.81900
            3810         1.94160    -2.32637E-03     3.80808E-03        -1.94159
            3811         2.01638    -1.17768E-03     3.95476E-03        -2.01637
            3812         2.04151     598.354E-18     4.00405E-03        -2.04151
            3813         2.01638     1.17768E-03     3.95476E-03        -2.01637
            3814         1.94160     2.32637E-03     3.80808E-03        -1.94159
            3815         1.81900     3.41777E-03     3.56764E-03        -1.81900
            3816         1.65162     4.42501E-03     3.23935E-03        -1.65162
            3817         1.44358     5.32330E-03     2.83129E-03        -1.44356
            3818         1.19999     6.09050E-03     2.35352E-03        -1.19997
            3819     926.852E-03     6.70774E-03     1.81780E-03    -926.826E-03
            3820     630.903E-03     7.15982E-03     1.23732E-03    -630.861E-03
            3821     319.449E-03     7.43559E-03     626.372E-06    -319.362E-03
            3822     7.52828E-03     7.52828E-03     5.80851E-33    -163.545E-33
            3823     6.83553E-03    -6.83553E-03     7.94785E-33    -147.401E-33
            3824     290.055E-03    -6.75137E-03     810.969E-06    -289.975E-03
            3825     572.849E-03    -6.50098E-03     1.60197E-03    -572.810E-03
            3826     841.565E-03    -6.09050E-03     2.35352E-03    -841.540E-03
            3827         1.08957    -5.53006E-03     3.04713E-03        -1.08955
            3828         1.31074    -4.83345E-03     3.66570E-03        -1.31073
            3829         1.49965    -4.01782E-03     4.19401E-03        -1.49964
            3830         1.65162    -3.10327E-03     4.61905E-03        -1.65162
            3831         1.76294    -2.11230E-03     4.93035E-03        -1.76293
            3832         1.83084    -1.06931E-03     5.12026E-03        -1.83083
            3833         1.85366    -1.42515E-15     5.18408E-03        -1.85365
            3834         1.83084     1.06931E-03     5.12026E-03        -1.83083
            3835         1.76294     2.11230E-03     4.93035E-03        -1.76293
            3836         1.65162     3.10327E-03     4.61905E-03        -1.65162
            3837         1.49965     4.01782E-03     4.19401E-03        -1.49964
            3838         1.31074     4.83345E-03     3.66570E-03        -1.31073
            3839         1.08957     5.53006E-03     3.04713E-03        -1.08955
            3840     841.565E-03     6.09050E-03     2.35352E-03    -841.540E-03
            3841     572.849E-03     6.50098E-03     1.60197E-03    -572.810E-03
            3842     290.055E-03     6.75137E-03     810.969E-06    -289.975E-03
            3843     6.83553E-03     6.83553E-03     7.94785E-33    -147.401E-33
            3844     5.97447E-03    -5.97447E-03     9.89148E-33    -127.628E-33
            3845     253.518E-03    -5.90092E-03     975.597E-06    -253.447E-03
            3846     500.690E-03    -5.68206E-03     1.92717E-03    -500.654E-03
            3847     735.558E-03    -5.32330E-03     2.83129E-03    -735.533E-03
            3848     952.320E-03    -4.83345E-03     3.66570E-03    -952.301E-03
            3849         1.14564    -4.22459E-03     4.40984E-03        -1.14562
            3850         1.31074    -3.51171E-03     5.04540E-03        -1.31073
            3851         1.44358    -2.71235E-03     5.55673E-03        -1.44356
            3852         1.54087    -1.84621E-03     5.93123E-03        -1.54085
            3853         1.60022    -934.614E-06     6.15968E-03        -1.60020
            3854         1.62016    -2.34706E-15     6.23646E-03        -1.62015
            3855         1.60022     934.614E-06     6.15968E-03        -1.60020
            3856         1.54087     1.84621E-03     5.93123E-03        -1.54085
            3857         1.44358     2.71235E-03     5.55673E-03        -1.44356
            3858         1.31074     3.51171E-03     5.04540E-03        -1.31073
            3859         1.14564     4.22459E-03     4.40984E-03        -1.14562
            3860     952.320E-03     4.83345E-03     3.66570E-03    -952.301E-03
            3861     735.558E-03     5.32330E-03     2.83129E-03    -735.533E-03
            3862     500.690E-03     5.68206E-03     1.92717E-03    -500.654E-03
            3863     253.518E-03     5.90092E-03     975.597E-06    -253.447E-03
            3864     5.97447E-03     5.97447E-03     9.89148E-33    -127.628E-33
            3865     4.96630E-03    -4.96630E-03     11.5915E-33    -104.712E-33
            3866     210.739E-03    -4.90516E-03     1.11620E-03    -210.679E-03
            3867     416.203E-03    -4.72324E-03     2.20492E-03    -416.171E-03
            3868     611.439E-03    -4.42501E-03     3.23935E-03    -611.415E-03
            3869     791.625E-03    -4.01782E-03     4.19401E-03    -791.604E-03
            3870     952.320E-03    -3.51171E-03     5.04540E-03    -952.301E-03
            3871         1.08957    -2.91912E-03     5.77256E-03        -1.08955
            3872         1.19999    -2.25466E-03     6.35758E-03        -1.19997
            3873         1.28086    -1.53467E-03     6.78605E-03        -1.28084
            3874         1.33019    -776.902E-06     7.04743E-03        -1.33018
            3875         1.34678    -1.41830E-15     7.13528E-03        -1.34676
            3876         1.33019     776.902E-06     7.04743E-03        -1.33018
            3877         1.28086     1.53467E-03     6.78605E-03        -1.28084
            3878         1.19999     2.25466E-03     6.35758E-03        -1.19997
            3879         1.08957     2.91912E-03     5.77256E-03        -1.08955
            3880     952.320E-03     3.51171E-03     5.04540E-03    -952.301E-03
            3881     791.625E-03     4.01782E-03     4.19401E-03    -791.604E-03
            3882     611.439E-03     4.42501E-03     3.23935E-03    -611.415E-03
            3883     416.203E-03     4.72324E-03     2.20492E-03    -416.171E-03
            3884     210.739E-03     4.90516E-03     1.11620E-03    -210.679E-03
            3885     4.96630E-03     4.96630E-03     11.5915E-33    -104.712E-33
            3886     3.83585E-03    -3.83585E-03     13.0062E-33    -79.2170E-33
            3887     162.772E-03    -3.78862E-03     1.22932E-03    -162.723E-03
            3888     321.470E-03    -3.64811E-03     2.42838E-03    -321.440E-03
            3889     472.267E-03    -3.41777E-03     3.56764E-03    -472.241E-03
            3890     611.440E-03    -3.10327E-03     4.61905E-03    -611.415E-03
            3891     735.559E-03    -2.71235E-03     5.55673E-03    -735.533E-03
            3892     841.567E-03    -2.25466E-03     6.35758E-03    -841.540E-03
            3893     926.854E-03    -1.74144E-03     7.00188E-03    -926.826E-03
            3894     989.319E-03    -1.18534E-03     7.47378E-03    -989.290E-03
            3895         1.02742    -600.059E-06     7.76165E-03        -1.02739
            3896         1.04023     524.298E-18     7.85840E-03        -1.04020
            3897         1.02742     600.059E-06     7.76165E-03        -1.02739
            3898     989.319E-03     1.18534E-03     7.47378E-03    -989.290E-03
            3899     926.854E-03     1.74144E-03     7.00188E-03    -926.826E-03
            3900     841.567E-03     2.25466E-03     6.35758E-03    -841.540E-03
            3901     735.559E-03     2.71235E-03     5.55673E-03    -735.533E-03
            3902     611.440E-03     3.10327E-03     4.61905E-03    -611.415E-03
            3903     472.267E-03     3.41777E-03     3.56764E-03    -472.241E-03
            3904     321.470E-03     3.64811E-03     2.42838E-03    -321.440E-03
            3905     162.772E-03     3.78862E-03     1.22932E-03    -162.723E-03
            3906     3.83585E-03     3.83585E-03     13.0062E-33    -79.2170E-33
            3907     2.61094E-03    -2.61094E-03     14.1006E-33    -51.7719E-33
            3908     110.798E-03    -2.57880E-03     1.31218E-03    -110.761E-03
            3909     218.823E-03    -2.48315E-03     2.59204E-03    -218.794E-03
            3910     321.471E-03    -2.32637E-03     3.80808E-03    -321.440E-03
            3911     416.205E-03    -2.11230E-03     4.93035E-03    -416.171E-03
            3912     500.693E-03    -1.84621E-03     5.93123E-03    -500.654E-03
            3913     572.852E-03    -1.53467E-03     6.78605E-03    -572.810E-03
            3914     630.906E-03    -1.18534E-03     7.47378E-03    -630.861E-03
            3915     673.426E-03    -806.825E-06     7.97748E-03    -673.378E-03
            3916     699.364E-03    -408.441E-06     8.28475E-03    -699.315E-03
            3917     708.081E-03     563.632E-18     8.38802E-03    -708.032E-03
            3918     699.364E-03     408.441E-06     8.28475E-03    -699.315E-03
            3919     673.426E-03     806.825E-06     7.97748E-03    -673.378E-03
            3920     630.906E-03     1.18534E-03     7.47378E-03    -630.861E-03
            3921     572.852E-03     1.53467E-03     6.78605E-03    -572.810E-03
            3922     500.693E-03     1.84621E-03     5.93123E-03    -500.654E-03
            3923     416.205E-03     2.11230E-03     4.93035E-03    -416.171E-03
            3924     321.471E-03     2.32637E-03     3.80808E-03    -321.440E-03
            3925     218.823E-03     2.48315E-03     2.59204E-03    -218.794E-03
            3926     110.798E-03     2.57880E-03     1.31218E-03    -110.761E-03
            3927     2.61094E-03     2.61094E-03     14.1006E-33    -51.7719E-33
            3928     1.32174E-03    -1.32174E-03     14.8478E-33    -23.0520E-33
            3929     56.1024E-03    -1.30547E-03     1.36272E-03    -56.0706E-03
            3930     110.800E-03    -1.25705E-03     2.69188E-03    -110.761E-03
            3931     162.776E-03    -1.17768E-03     3.95476E-03    -162.723E-03
            3932     210.744E-03    -1.06931E-03     5.12026E-03    -210.679E-03
            3933     253.524E-03    -934.614E-06     6.15968E-03    -253.447E-03
            3934     290.062E-03    -776.901E-06     7.04743E-03    -289.975E-03
            3935     319.457E-03    -600.059E-06     7.76165E-03    -319.362E-03
            3936     340.987E-03    -408.441E-06     8.28475E-03    -340.886E-03
            3937     354.120E-03    -206.766E-06     8.60385E-03    -354.016E-03
            3938     358.535E-03    -225.505E-18     8.71110E-03    -358.429E-03
            3939     354.120E-03     206.766E-06     8.60385E-03    -354.016E-03
            3940     340.987E-03     408.441E-06     8.28475E-03    -340.886E-03
            3941     319.457E-03     600.059E-06     7.76165E-03    -319.362E-03
            3942     290.062E-03     776.901E-06     7.04743E-03    -289.975E-03
            3943     253.524E-03     934.614E-06     6.15968E-03    -253.447E-03
            3944     210.744E-03     1.06931E-03     5.12026E-03    -210.679E-03
            3945     162.776E-03     1.17768E-03     3.95476E-03    -162.723E-03
            3946     110.800E-03     1.25705E-03     2.69188E-03    -110.761E-03
            3947     56.1024E-03     1.30547E-03     1.36272E-03    -56.0706E-03
            3948     1.32174E-03     1.32174E-03     14.8478E-33    -23.0520E-33
            3949              0.    -14.4925E-33     14.1925E-33    -6.49038E-33
            3950     1.37970E-03    -15.5432E-33     1.37970E-03    -34.7642E-33
            3951     2.72543E-03    -15.1677E-33     2.72543E-03    -62.4368E-33
            3952     4.00405E-03    -14.4188E-33     4.00405E-03    -88.5721E-33
            3953     5.18408E-03    -13.3149E-33     5.18408E-03    -112.526E-33
            3954     6.23646E-03    -11.8831E-33     6.23646E-03    -133.710E-33
            3955     7.13528E-03    -10.1587E-33     7.13528E-03    -151.601E-33
            3956     7.85840E-03    -8.18411E-33     7.85840E-03    -165.759E-33
            3957     8.38802E-03    -6.00804E-33     8.38802E-03    -175.836E-33
            3958     8.71110E-03    -3.68403E-33     8.71110E-03    -181.583E-33
            3959     8.81969E-03    -1.26931E-33     8.81969E-03    -182.859E-33
            3960     8.71110E-03     1.17666E-33     8.71110E-03    -179.632E-33
            3961     8.38802E-03     3.59367E-33     8.38802E-03    -171.982E-33
            3962     7.85840E-03     5.92218E-33     7.85840E-03    -160.098E-33
            3963     7.13528E-03     8.10487E-33     7.13528E-03    -144.271E-33
            3964     6.23646E-03     10.0880E-33     6.23646E-03    -124.892E-33
            3965     5.18408E-03     11.8227E-33     5.18408E-03    -102.437E-33
            3966     4.00405E-03     13.2663E-33     4.00405E-03    -77.4604E-33
            3967     2.72543E-03     14.3833E-33     2.72543E-03    -50.5762E-33
            3968     1.37970E-03     15.1460E-33     1.37970E-03    -22.4467E-33
            3969              0.     14.4925E-33     14.1925E-33    -6.49038E-33
            3970              0.    -13.4803E-33    -13.1735E-33    -6.48485E-33
            3971     909.462E-06    -12.8375E-33     909.462E-06    -34.5609E-33
            3972     1.79653E-03    -12.5979E-33     1.79653E-03    -62.1262E-33
            3973     2.63936E-03    -12.0482E-33     2.63936E-03    -88.1617E-33
            3974     3.41720E-03    -11.2018E-33     3.41720E-03    -112.026E-33
            3975     4.11090E-03    -10.0796E-33     4.11090E-03    -133.133E-33
            3976     4.70338E-03    -8.70920E-33     4.70338E-03    -150.961E-33
            3977     5.18004E-03    -7.12434E-33     5.18004E-03    -165.072E-33
            3978     5.52915E-03    -5.36405E-33     5.52915E-03    -175.118E-33
            3979     5.74212E-03    -3.47168E-33     5.74212E-03    -180.852E-33
            3980     5.81369E-03    -1.49383E-33     5.81369E-03    -182.133E-33
            3981     5.74212E-03     520.805E-36     5.74212E-03    -178.930E-33
            3982     5.52915E-03     2.52262E-33     5.52915E-03    -171.320E-33
            3983     5.18004E-03     4.46231E-33     5.18004E-03    -159.492E-33
            3984     4.70338E-03     6.29213E-33     4.70338E-03    -143.737E-33
            3985     4.11090E-03     7.96702E-33     4.11090E-03    -124.443E-33
            3986     3.41720E-03     9.44573E-33     3.41720E-03    -102.084E-33
            3987     2.63936E-03     10.6919E-33     2.63936E-03    -77.2120E-33
            3988     1.79653E-03     11.6747E-33     1.79653E-03    -50.4385E-33
            3989     909.462E-06     12.3701E-33     909.462E-06    -22.4230E-33
            3990              0.     13.4803E-33    -13.1735E-33    -6.48485E-33
            3991     741.379E-06     741.379E-06    -12.5235E-33    -35.1797E-33
            3992     56.2159E-03     732.251E-06     898.265E-06    -56.2040E-03
            3993     111.040E-03     705.093E-06     1.77441E-03    -111.024E-03
            3994     163.132E-03     660.573E-06     2.60687E-03    -163.110E-03
            3995     211.208E-03     599.788E-06     3.37513E-03    -211.180E-03
            3996     254.083E-03     524.234E-06     4.06029E-03    -254.050E-03
            3997     290.702E-03     435.771E-06     4.64547E-03    -290.665E-03
            3998     320.163E-03     336.579E-06     5.11626E-03    -320.122E-03
            3999     341.740E-03     229.099E-06     5.46108E-03    -341.697E-03
            4000     354.903E-03     115.977E-06     5.67142E-03    -354.858E-03
            4001     359.327E-03    -390.586E-18     5.74212E-03    -359.281E-03
            4002     354.903E-03    -115.977E-06     5.67142E-03    -354.858E-03
            4003     341.740E-03    -229.099E-06     5.46108E-03    -341.697E-03
            4004     320.163E-03    -336.579E-06     5.11626E-03    -320.122E-03
            4005     290.702E-03    -435.771E-06     4.64547E-03    -290.665E-03
            4006     254.083E-03    -524.234E-06     4.06029E-03    -254.050E-03
            4007     211.208E-03    -599.788E-06     3.37513E-03    -211.180E-03
            4008     163.132E-03    -660.573E-06     2.60687E-03    -163.110E-03
            4009     111.040E-03    -705.093E-06     1.77441E-03    -111.024E-03
            4010     56.2159E-03    -732.251E-06     898.265E-06    -56.2040E-03
            4011     741.379E-06    -741.379E-06    -12.5235E-33    -35.1797E-33
            4012     1.46450E-03     1.46450E-03    -12.2915E-33    -63.3485E-33
            4013     111.037E-03     1.44647E-03     864.950E-06    -111.024E-03
            4014     219.325E-03     1.39282E-03     1.70860E-03    -219.314E-03
            4015     322.217E-03     1.30488E-03     2.51018E-03    -322.204E-03
            4016     417.175E-03     1.18481E-03     3.24995E-03    -417.160E-03
            4017     501.861E-03     1.03556E-03     3.90970E-03    -501.845E-03
            4018     574.190E-03     860.812E-06     4.47318E-03    -574.172E-03
            4019     632.381E-03     664.870E-06     4.92651E-03    -632.361E-03
            4020     675.000E-03     452.556E-06     5.25854E-03    -674.980E-03
            4021     700.999E-03     229.099E-06     5.46108E-03    -700.978E-03
            4022     709.737E-03     188.223E-18     5.52915E-03    -709.716E-03
            4023     700.999E-03    -229.099E-06     5.46108E-03    -700.978E-03
            4024     675.000E-03    -452.556E-06     5.25854E-03    -674.980E-03
            4025     632.381E-03    -664.870E-06     4.92651E-03    -632.361E-03
            4026     574.190E-03    -860.812E-06     4.47318E-03    -574.172E-03
            4027     501.861E-03    -1.03556E-03     3.90970E-03    -501.845E-03
            4028     417.175E-03    -1.18481E-03     3.24995E-03    -417.160E-03
            4029     322.217E-03    -1.30488E-03     2.51018E-03    -322.204E-03
            4030     219.325E-03    -1.39282E-03     1.70860E-03    -219.314E-03
            4031     111.037E-03    -1.44647E-03     864.950E-06    -111.024E-03
            4032     1.46450E-03    -1.46450E-03    -12.2915E-33    -63.3485E-33
            4033     2.15157E-03     2.15157E-03    -11.7568E-33    -89.9576E-33
            4034     163.126E-03     2.12508E-03     810.337E-06    -163.110E-03
            4035     322.215E-03     2.04626E-03     1.60072E-03    -322.204E-03
            4036     473.374E-03     1.91706E-03     2.35169E-03    -473.364E-03
            4037     612.879E-03     1.74065E-03     3.04475E-03    -612.869E-03
            4038     737.293E-03     1.52139E-03     3.66284E-03    -737.282E-03
            4039     843.553E-03     1.26466E-03     4.19074E-03    -843.541E-03
            4040     929.042E-03     976.790E-06     4.61545E-03    -929.030E-03
            4041     991.655E-03     664.870E-06     4.92651E-03    -991.642E-03
            4042         1.02985     336.579E-06     5.11626E-03        -1.02984
            4043         1.04269    -341.058E-18     5.18004E-03        -1.04267
            4044         1.02985    -336.579E-06     5.11626E-03        -1.02984
            4045     991.655E-03    -664.870E-06     4.92651E-03    -991.642E-03
            4046     929.042E-03    -976.790E-06     4.61545E-03    -929.030E-03
            4047     843.553E-03    -1.26466E-03     4.19074E-03    -843.541E-03
            4048     737.293E-03    -1.52139E-03     3.66284E-03    -737.282E-03
            4049     612.879E-03    -1.74065E-03     3.04475E-03    -612.869E-03
            4050     473.374E-03    -1.91706E-03     2.35169E-03    -473.364E-03
            4051     322.215E-03    -2.04626E-03     1.60072E-03    -322.204E-03
            4052     163.126E-03    -2.12508E-03     810.337E-06    -163.110E-03
            4053     2.15157E-03    -2.15157E-03    -11.7568E-33    -89.9576E-33
            4054     2.78565E-03     2.78565E-03    -10.9326E-33    -114.352E-33
            4055     211.199E-03     2.75135E-03     735.770E-06    -211.180E-03
            4056     417.171E-03     2.64931E-03     1.45342E-03    -417.160E-03
            4057     612.877E-03     2.48203E-03     2.13529E-03    -612.869E-03
            4058     793.494E-03     2.25364E-03     2.76458E-03    -793.486E-03
            4059     954.573E-03     1.96975E-03     3.32579E-03    -954.565E-03
            4060         1.09215     1.63736E-03     3.80511E-03        -1.09214
            4061         1.20283     1.26466E-03     4.19074E-03        -1.20282
            4062         1.28390     860.812E-06     4.47318E-03        -1.28389
            4063         1.33335     435.771E-06     4.64547E-03        -1.33334
            4064         1.34997    -840.241E-18     4.70338E-03        -1.34996
            4065         1.33335    -435.771E-06     4.64547E-03        -1.33334
            4066         1.28390    -860.812E-06     4.47318E-03        -1.28389
            4067         1.20283    -1.26466E-03     4.19074E-03        -1.20282
            4068         1.09215    -1.63736E-03     3.80511E-03        -1.09214
            4069     954.573E-03    -1.96975E-03     3.32579E-03    -954.565E-03
            4070     793.494E-03    -2.25364E-03     2.76458E-03    -793.486E-03
            4071     612.877E-03    -2.48203E-03     2.13529E-03    -612.869E-03
            4072     417.171E-03    -2.64931E-03     1.45342E-03    -417.160E-03
            4073     211.199E-03    -2.75135E-03     735.770E-06    -211.180E-03
            4074     2.78565E-03    -2.78565E-03    -10.9326E-33    -114.352E-33
            4075     3.35114E-03     3.35114E-03    -9.83918E-33    -135.930E-33
            4076     254.073E-03     3.30988E-03     643.087E-06    -254.050E-03
            4077     501.857E-03     3.18712E-03     1.27034E-03    -501.845E-03
            4078     737.291E-03     2.98589E-03     1.86631E-03    -737.282E-03
            4079     954.572E-03     2.71113E-03     2.41633E-03    -954.565E-03
            4080         1.14835     2.36961E-03     2.90685E-03        -1.14834
            4081         1.31385     1.96975E-03     3.32579E-03        -1.31385
            4082         1.44700     1.52139E-03     3.66284E-03        -1.44700
            4083         1.54452     1.03556E-03     3.90970E-03        -1.54452
            4084         1.60401     524.234E-06     4.06029E-03        -1.60401
            4085         1.62401    -572.973E-18     4.11090E-03        -1.62400
            4086         1.60401    -524.234E-06     4.06029E-03        -1.60401
            4087         1.54452    -1.03556E-03     3.90970E-03        -1.54452
            4088         1.44700    -1.52139E-03     3.66284E-03        -1.44700
            4089         1.31385    -1.96975E-03     3.32579E-03        -1.31385
            4090         1.14835    -2.36961E-03     2.90685E-03        -1.14834
            4091     954.572E-03    -2.71113E-03     2.41633E-03    -954.565E-03
            4092     737.291E-03    -2.98589E-03     1.86631E-03    -737.282E-03
            4093     501.857E-03    -3.18712E-03     1.27034E-03    -501.845E-03
            4094     254.073E-03    -3.30988E-03     643.087E-06    -254.050E-03
            4095     3.35114E-03    -3.35114E-03    -9.83918E-33    -135.930E-33
            4096     3.83412E-03     3.83412E-03    -8.50352E-33    -154.161E-33
            4097     290.690E-03     3.78691E-03     534.568E-06    -290.665E-03
            4098     574.185E-03     3.64646E-03     1.05597E-03    -574.172E-03
            4099     843.550E-03     3.41622E-03     1.55138E-03    -843.541E-03
            4100         1.09215     3.10187E-03     2.00858E-03        -1.09214
            4101         1.31385     2.71113E-03     2.41633E-03        -1.31385
            4102         1.50321     2.25364E-03     2.76458E-03        -1.50320
            4103         1.65555     1.74065E-03     3.04475E-03        -1.65554
            4104         1.76712     1.18481E-03     3.24995E-03        -1.76712
            4105         1.83519     599.788E-06     3.37513E-03        -1.83518
            4106         1.85806    -456.003E-18     3.41720E-03        -1.85806
            4107         1.83519    -599.788E-06     3.37513E-03        -1.83518
            4108         1.76712    -1.18481E-03     3.24995E-03        -1.76712
            4109         1.65555    -1.74065E-03     3.04475E-03        -1.65554
            4110         1.50321    -2.25364E-03     2.76458E-03        -1.50320
            4111         1.31385    -2.71113E-03     2.41633E-03        -1.31385
            4112         1.09215    -3.10187E-03     2.00858E-03        -1.09214
            4113     843.550E-03    -3.41622E-03     1.55138E-03    -843.541E-03
            4114     574.185E-03    -3.64646E-03     1.05597E-03    -574.172E-03
            4115     290.690E-03    -3.78691E-03     534.568E-06    -290.665E-03
            4116     3.83412E-03    -3.83412E-03    -8.50352E-33    -154.161E-33
            4117     4.22268E-03     4.22268E-03    -6.95847E-33    -168.596E-33
            4118     320.149E-03     4.17070E-03     412.887E-06    -320.122E-03
            4119     632.375E-03     4.01601E-03     815.607E-06    -632.361E-03
            4120     929.038E-03     3.76244E-03     1.19824E-03    -929.030E-03
            4121         1.20283     3.41622E-03     1.55138E-03        -1.20282
            4122         1.44700     2.98589E-03     1.86631E-03        -1.44700
            4123         1.65555     2.48203E-03     2.13529E-03        -1.65554
            4124         1.82333     1.91706E-03     2.35169E-03        -1.82332
            4125         1.94621     1.30488E-03     2.51018E-03        -1.94621
            4126         2.02117     660.573E-06     2.60687E-03        -2.02117
            4127         2.04637     109.460E-18     2.63936E-03        -2.04636
            4128         2.02117    -660.573E-06     2.60687E-03        -2.02117
            4129         1.94621    -1.30488E-03     2.51018E-03        -1.94621
            4130         1.82333    -1.91706E-03     2.35169E-03        -1.82332
            4131         1.65555    -2.48203E-03     2.13529E-03        -1.65554
            4132         1.44700    -2.98589E-03     1.86631E-03        -1.44700
            4133         1.20283    -3.41622E-03     1.55138E-03        -1.20282
            4134     929.038E-03    -3.76244E-03     1.19824E-03    -929.030E-03
            4135     632.375E-03    -4.01601E-03     815.607E-06    -632.361E-03
            4136     320.149E-03    -4.17070E-03     412.887E-06    -320.122E-03
            4137     4.22268E-03    -4.22268E-03    -6.95847E-33    -168.596E-33
            4138     4.50727E-03     4.50727E-03    -5.24207E-33    -178.880E-33
            4139     341.726E-03     4.45178E-03     281.039E-06    -341.697E-03
            4140     674.994E-03     4.28667E-03     555.158E-06    -674.980E-03
            4141     991.651E-03     4.01601E-03     815.607E-06    -991.642E-03
            4142         1.28389     3.64646E-03     1.05597E-03        -1.28389
            4143         1.54452     3.18712E-03     1.27034E-03        -1.54452
            4144         1.76712     2.64931E-03     1.45342E-03        -1.76712
            4145         1.94621     2.04626E-03     1.60072E-03        -1.94621
            4146         2.07738     1.39282E-03     1.70860E-03        -2.07737
            4147         2.15739     705.093E-06     1.77441E-03        -2.15739
            4148         2.18428     502.862E-18     1.79653E-03        -2.18428
            4149         2.15739    -705.093E-06     1.77441E-03        -2.15739
            4150         2.07738    -1.39282E-03     1.70860E-03        -2.07737
            4151         1.94621    -2.04626E-03     1.60072E-03        -1.94621
            4152         1.76712    -2.64931E-03     1.45342E-03        -1.76712
            4153         1.54452    -3.18712E-03     1.27034E-03        -1.54452
            4154         1.28389    -3.64646E-03     1.05597E-03        -1.28389
            4155     991.651E-03    -4.01601E-03     815.607E-06    -991.642E-03
            4156     674.994E-03    -4.28667E-03     555.158E-06    -674.980E-03
            4157     341.726E-03    -4.45178E-03     281.039E-06    -341.697E-03
            4158     4.50727E-03    -4.50727E-03    -5.24207E-33    -178.880E-33
            4159     4.68088E-03     4.68088E-03    -3.39660E-33    -184.759E-33
            4160     354.888E-03     4.62325E-03     142.271E-06    -354.858E-03
            4161     700.992E-03     4.45178E-03     281.039E-06    -700.978E-03
            4162         1.02985     4.17070E-03     412.887E-06        -1.02984
            4163         1.33334     3.78691E-03     534.568E-06        -1.33334
            4164         1.60401     3.30988E-03     643.087E-06        -1.60401
            4165         1.83519     2.75135E-03     735.770E-06        -1.83518
            4166         2.02117     2.12508E-03     810.337E-06        -2.02117
            4167         2.15739     1.44647E-03     864.950E-06        -2.15739
            4168         2.24048     732.251E-06     898.265E-06        -2.24048
            4169         2.26841    -134.232E-18     909.462E-06        -2.26841
            4170         2.24048    -732.251E-06     898.265E-06        -2.24048
            4171         2.15739    -1.44647E-03     864.950E-06        -2.15739
            4172         2.02117    -2.12508E-03     810.337E-06        -2.02117
            4173         1.83519    -2.75135E-03     735.770E-06        -1.83518
            4174         1.60401    -3.30988E-03     643.087E-06        -1.60401
            4175         1.33334    -3.78691E-03     534.568E-06        -1.33334
            4176         1.02985    -4.17070E-03     412.887E-06        -1.02984
            4177     700.992E-03    -4.45178E-03     281.039E-06    -700.978E-03
            4178     354.888E-03    -4.62325E-03     142.271E-06    -354.858E-03
            4179     4.68088E-03    -4.68088E-03    -3.39660E-33    -184.759E-33
            4180     4.73923E-03     4.73923E-03    -1.46750E-33    -186.089E-33
            4181     359.312E-03     4.68088E-03    -707.521E-18    -359.281E-03
            4182     709.730E-03     4.50727E-03     102.851E-18    -709.716E-03
            4183         1.04268     4.22268E-03     1.47799E-15        -1.04267
            4184         1.34996     3.83412E-03     1.87886E-15        -1.34996
            4185         1.62401     3.35114E-03     1.67740E-15        -1.62400
            4186         1.85806     2.78565E-03     1.64469E-15        -1.85806
            4187         2.04637     2.15157E-03     2.48917E-15        -2.04636
            4188         2.18428     1.46450E-03     3.90087E-15        -2.18428
            4189         2.26841     741.379E-06     4.17948E-15        -2.26841
            4190         2.29669    -1.10339E-15     2.89385E-15        -2.29669
            4191         2.26841    -741.379E-06     1.35070E-15        -2.26841
            4192         2.18428    -1.46450E-03     818.124E-18        -2.18428
            4193         2.04637    -2.15157E-03     2.12009E-15        -2.04636
            4194         1.85806    -2.78565E-03     2.29536E-15        -1.85806
            4195         1.62401    -3.35114E-03     1.36279E-15        -1.62400
            4196         1.34996    -3.83412E-03     1.12253E-15        -1.34996
            4197         1.04268    -4.22268E-03     2.19665E-15        -1.04267
            4198     709.730E-03    -4.50727E-03     909.927E-18    -709.716E-03
            4199     359.312E-03    -4.68088E-03    -896.798E-18    -359.281E-03
            4200     4.73923E-03    -4.73923E-03    -1.46750E-33    -186.089E-33
            4201     4.68088E-03     4.68088E-03     497.741E-36    -182.837E-33
            4202     354.888E-03     4.62325E-03    -142.271E-06    -354.858E-03
            4203     700.992E-03     4.45178E-03    -281.039E-06    -700.978E-03
            4204         1.02985     4.17070E-03    -412.887E-06        -1.02984
            4205         1.33334     3.78691E-03    -534.568E-06        -1.33334
            4206         1.60401     3.30988E-03    -643.087E-06        -1.60401
            4207         1.83519     2.75135E-03    -735.770E-06        -1.83518
            4208         2.02117     2.12508E-03    -810.337E-06        -2.02117
            4209         2.15739     1.44647E-03    -864.950E-06        -2.15739
            4210         2.24048     732.251E-06    -898.265E-06        -2.24048
            4211         2.26841    -2.90929E-15    -909.462E-06        -2.26841
            4212         2.24048    -732.251E-06    -898.265E-06        -2.24048
            4213         2.15739    -1.44647E-03    -864.950E-06        -2.15739
            4214         2.02117    -2.12508E-03    -810.337E-06        -2.02117
            4215         1.83519    -2.75135E-03    -735.770E-06        -1.83518
            4216         1.60401    -3.30988E-03    -643.087E-06        -1.60401
            4217         1.33334    -3.78691E-03    -534.568E-06        -1.33334
            4218         1.02985    -4.17070E-03    -412.887E-06        -1.02984
            4219     700.992E-03    -4.45178E-03    -281.039E-06    -700.978E-03
            4220     354.888E-03    -4.62325E-03    -142.271E-06    -354.858E-03
            4221     4.68088E-03    -4.68088E-03     497.741E-36    -182.837E-33
            4222     4.50727E-03     4.50727E-03     2.45072E-33    -175.083E-33
            4223     341.726E-03     4.45178E-03    -281.039E-06    -341.697E-03
            4224     674.994E-03     4.28667E-03    -555.158E-06    -674.980E-03
            4225     991.651E-03     4.01601E-03    -815.607E-06    -991.642E-03
            4226         1.28389     3.64646E-03    -1.05597E-03        -1.28389
            4227         1.54452     3.18712E-03    -1.27034E-03        -1.54452
            4228         1.76712     2.64931E-03    -1.45342E-03        -1.76712
            4229         1.94621     2.04626E-03    -1.60072E-03        -1.94621
            4230         2.07738     1.39282E-03    -1.70860E-03        -2.07737
            4231         2.15739     705.093E-06    -1.77441E-03        -2.15739
            4232         2.18428    -1.11499E-15    -1.79653E-03        -2.18428
            4233         2.15739    -705.093E-06    -1.77441E-03        -2.15739
            4234         2.07738    -1.39282E-03    -1.70860E-03        -2.07737
            4235         1.94621    -2.04626E-03    -1.60072E-03        -1.94621
            4236         1.76712    -2.64931E-03    -1.45342E-03        -1.76712
            4237         1.54452    -3.18712E-03    -1.27034E-03        -1.54452
            4238         1.28389    -3.64646E-03    -1.05597E-03        -1.28389
            4239     991.651E-03    -4.01601E-03    -815.607E-06    -991.642E-03
            4240     674.994E-03    -4.28667E-03    -555.158E-06    -674.980E-03
            4241     341.726E-03    -4.45178E-03    -281.039E-06    -341.697E-03
            4242     4.50727E-03    -4.50727E-03     2.45072E-33    -175.083E-33
            4243     4.22268E-03     4.22268E-03     4.34336E-33    -163.017E-33
            4244     320.149E-03     4.17070E-03    -412.887E-06    -320.122E-03
            4245     632.375E-03     4.01601E-03    -815.607E-06    -632.361E-03
            4246     929.038E-03     3.76244E-03    -1.19824E-03    -929.030E-03
            4247         1.20283     3.41622E-03    -1.55138E-03        -1.20282
            4248         1.44700     2.98589E-03    -1.86631E-03        -1.44700
            4249         1.65555     2.48203E-03    -2.13529E-03        -1.65554
            4250         1.82333     1.91706E-03    -2.35169E-03        -1.82332
            4251         1.94621     1.30488E-03    -2.51018E-03        -1.94621
            4252         2.02117     660.573E-06    -2.60687E-03        -2.02117
            4253         2.04637     471.328E-18    -2.63936E-03        -2.04636
            4254         2.02117    -660.573E-06    -2.60687E-03        -2.02117
            4255         1.94621    -1.30488E-03    -2.51018E-03        -1.94621
            4256         1.82333    -1.91706E-03    -2.35169E-03        -1.82332
            4257         1.65555    -2.48203E-03    -2.13529E-03        -1.65554
            4258         1.44700    -2.98589E-03    -1.86631E-03        -1.44700
            4259         1.20283    -3.41622E-03    -1.55138E-03        -1.20282
            4260     929.038E-03    -3.76244E-03    -1.19824E-03    -929.030E-03
            4261     632.375E-03    -4.01601E-03    -815.607E-06    -632.361E-03
            4262     320.149E-03    -4.17070E-03    -412.887E-06    -320.122E-03
            4263     4.22268E-03    -4.22268E-03     4.34336E-33    -163.017E-33
            4264     3.83412E-03     3.83412E-03     6.12905E-33    -146.938E-33
            4265     290.690E-03     3.78691E-03    -534.568E-06    -290.665E-03
            4266     574.185E-03     3.64646E-03    -1.05597E-03    -574.172E-03
            4267     843.550E-03     3.41622E-03    -1.55138E-03    -843.541E-03
            4268         1.09215     3.10187E-03    -2.00858E-03        -1.09214
            4269         1.31385     2.71113E-03    -2.41633E-03        -1.31385
            4270         1.50321     2.25364E-03    -2.76458E-03        -1.50320
            4271         1.65555     1.74065E-03    -3.04475E-03        -1.65554
            4272         1.76712     1.18481E-03    -3.24995E-03        -1.76712
            4273         1.83519     599.788E-06    -3.37513E-03        -1.83518
            4274         1.85806    -1.19584E-15    -3.41720E-03        -1.85806
            4275         1.83519    -599.788E-06    -3.37513E-03        -1.83518
            4276         1.76712    -1.18481E-03    -3.24995E-03        -1.76712
            4277         1.65555    -1.74065E-03    -3.04475E-03        -1.65554
            4278         1.50321    -2.25364E-03    -2.76458E-03        -1.50320
            4279         1.31385    -2.71113E-03    -2.41633E-03        -1.31385
            4280         1.09215    -3.10187E-03    -2.00858E-03        -1.09214
            4281     843.550E-03    -3.41622E-03    -1.55138E-03    -843.541E-03
            4282     574.185E-03    -3.64646E-03    -1.05597E-03    -574.172E-03
            4283     290.690E-03    -3.78691E-03    -534.568E-06    -290.665E-03
            4284     3.83412E-03    -3.83412E-03     6.12905E-33    -146.938E-33
            4285     3.35114E-03     3.35114E-03     7.76383E-33    -127.240E-33
            4286     254.073E-03     3.30988E-03    -643.087E-06    -254.050E-03
            4287     501.857E-03     3.18712E-03    -1.27034E-03    -501.845E-03
            4288     737.291E-03     2.98589E-03    -1.86631E-03    -737.282E-03
            4289     954.572E-03     2.71113E-03    -2.41633E-03    -954.565E-03
            4290         1.14835     2.36961E-03    -2.90685E-03        -1.14834
            4291         1.31385     1.96975E-03    -3.32579E-03        -1.31385
            4292         1.44700     1.52139E-03    -3.66284E-03        -1.44700
            4293         1.54452     1.03556E-03    -3.90970E-03        -1.54452
            4294         1.60401     524.234E-06    -4.06029E-03        -1.60401
            4295         1.62401    -2.20625E-15    -4.11090E-03        -1.62400
            4296         1.60401    -524.234E-06    -4.06029E-03        -1.60401
            4297         1.54452    -1.03556E-03    -3.90970E-03        -1.54452
            4298         1.44700    -1.52139E-03    -3.66284E-03        -1.44700
            4299         1.31385    -1.96975E-03    -3.32579E-03        -1.31385
            4300         1.14835    -2.36961E-03    -2.90685E-03        -1.14834
            4301     954.572E-03    -2.71113E-03    -2.41633E-03    -954.565E-03
            4302     737.291E-03    -2.98589E-03    -1.86631E-03    -737.282E-03
            4303     501.857E-03    -3.18712E-03    -1.27034E-03    -501.845E-03
            4304     254.073E-03    -3.30988E-03    -643.087E-06    -254.050E-03
            4305     3.35114E-03    -3.35114E-03     7.76383E-33    -127.240E-33
            4306     2.78565E-03     2.78565E-03     9.20743E-33    -104.409E-33
            4307     211.199E-03     2.75135E-03    -735.770E-06    -211.180E-03
            4308     417.171E-03     2.64931E-03    -1.45342E-03    -417.160E-03
            4309     612.877E-03     2.48203E-03    -2.13529E-03    -612.869E-03
            4310     793.494E-03     2.25364E-03    -2.76458E-03    -793.486E-03
            4311     954.573E-03     1.96975E-03    -3.32579E-03    -954.565E-03
            4312         1.09215     1.63736E-03    -3.80511E-03        -1.09214
            4313         1.20283     1.26466E-03    -4.19074E-03        -1.20282
            4314         1.28390     860.812E-06    -4.47318E-03        -1.28389
            4315         1.33335     435.771E-06    -4.64547E-03        -1.33334
            4316         1.34997    -957.060E-18    -4.70338E-03        -1.34996
            4317         1.33335    -435.771E-06    -4.64547E-03        -1.33334
            4318         1.28390    -860.812E-06    -4.47318E-03        -1.28389
            4319         1.20283    -1.26466E-03    -4.19074E-03        -1.20282
            4320         1.09215    -1.63736E-03    -3.80511E-03        -1.09214
            4321     954.573E-03    -1.96975E-03    -3.32579E-03    -954.565E-03
            4322     793.494E-03    -2.25364E-03    -2.76458E-03    -793.486E-03
            4323     612.877E-03    -2.48203E-03    -2.13529E-03    -612.869E-03
            4324     417.171E-03    -2.64931E-03    -1.45342E-03    -417.160E-03
            4325     211.199E-03    -2.75135E-03    -735.770E-06    -211.180E-03
            4326     2.78565E-03    -2.78565E-03     9.20743E-33    -104.409E-33
            4327     2.15157E-03     2.15157E-03     10.4243E-33    -79.0079E-33
            4328     163.126E-03     2.12508E-03    -810.337E-06    -163.110E-03
            4329     322.215E-03     2.04626E-03    -1.60072E-03    -322.204E-03
            4330     473.374E-03     1.91706E-03    -2.35169E-03    -473.364E-03
            4331     612.879E-03     1.74065E-03    -3.04475E-03    -612.869E-03
            4332     737.293E-03     1.52139E-03    -3.66284E-03    -737.282E-03
            4333     843.553E-03     1.26466E-03    -4.19074E-03    -843.541E-03
            4334     929.042E-03     976.790E-06    -4.61545E-03    -929.030E-03
            4335     991.655E-03     664.870E-06    -4.92651E-03    -991.642E-03
            4336         1.02985     336.579E-06    -5.11626E-03        -1.02984
            4337         1.04269     527.579E-18    -5.18004E-03        -1.04267
            4338         1.02985    -336.579E-06    -5.11626E-03        -1.02984
            4339     991.655E-03    -664.870E-06    -4.92651E-03    -991.642E-03
            4340     929.042E-03    -976.790E-06    -4.61545E-03    -929.030E-03
            4341     843.553E-03    -1.26466E-03    -4.19074E-03    -843.541E-03
            4342     737.293E-03    -1.52139E-03    -3.66284E-03    -737.282E-03
            4343     612.879E-03    -1.74065E-03    -3.04475E-03    -612.869E-03
            4344     473.374E-03    -1.91706E-03    -2.35169E-03    -473.364E-03
            4345     322.215E-03    -2.04626E-03    -1.60072E-03    -322.204E-03
            4346     163.126E-03    -2.12508E-03    -810.337E-06    -163.110E-03
            4347     2.15157E-03    -2.15157E-03     10.4243E-33    -79.0079E-33
            4348     1.46450E-03     1.46450E-03     11.3845E-33    -51.6609E-33
            4349     111.037E-03     1.44647E-03    -864.950E-06    -111.024E-03
            4350     219.325E-03     1.39282E-03    -1.70860E-03    -219.314E-03
            4351     322.217E-03     1.30488E-03    -2.51018E-03    -322.204E-03
            4352     417.175E-03     1.18481E-03    -3.24995E-03    -417.160E-03
            4353     501.861E-03     1.03556E-03    -3.90970E-03    -501.845E-03
            4354     574.190E-03     860.812E-06    -4.47318E-03    -574.172E-03
            4355     632.381E-03     664.870E-06    -4.92651E-03    -632.361E-03
            4356     675.000E-03     452.556E-06    -5.25854E-03    -674.980E-03
            4357     700.999E-03     229.099E-06    -5.46108E-03    -700.978E-03
            4358     709.737E-03     538.026E-18    -5.52915E-03    -709.716E-03
            4359     700.999E-03    -229.099E-06    -5.46108E-03    -700.978E-03
            4360     675.000E-03    -452.556E-06    -5.25854E-03    -674.980E-03
            4361     632.381E-03    -664.870E-06    -4.92651E-03    -632.361E-03
            4362     574.190E-03    -860.812E-06    -4.47318E-03    -574.172E-03
            4363     501.861E-03    -1.03556E-03    -3.90970E-03    -501.845E-03
            4364     417.175E-03    -1.18481E-03    -3.24995E-03    -417.160E-03
            4365     322.217E-03    -1.30488E-03    -2.51018E-03    -322.204E-03
            4366     219.325E-03    -1.39282E-03    -1.70860E-03    -219.314E-03
            4367     111.037E-03    -1.44647E-03    -864.950E-06    -111.024E-03
            4368     1.46450E-03    -1.46450E-03     11.3845E-33    -51.6609E-33
            4369     741.379E-06     741.379E-06     12.0644E-33    -23.0418E-33
            4370     56.2159E-03     732.251E-06    -898.265E-06    -56.2040E-03
            4371     111.040E-03     705.093E-06    -1.77441E-03    -111.024E-03
            4372     163.132E-03     660.573E-06    -2.60687E-03    -163.110E-03
            4373     211.208E-03     599.788E-06    -3.37513E-03    -211.180E-03
            4374     254.083E-03     524.234E-06    -4.06029E-03    -254.050E-03
            4375     290.702E-03     435.771E-06    -4.64547E-03    -290.665E-03
            4376     320.163E-03     336.579E-06    -5.11626E-03    -320.122E-03
            4377     341.740E-03     229.099E-06    -5.46108E-03    -341.697E-03
            4378     354.903E-03     115.977E-06    -5.67142E-03    -354.858E-03
            4379     359.327E-03    -29.3636E-18    -5.74212E-03    -359.281E-03
            4380     354.903E-03    -115.977E-06    -5.67142E-03    -354.858E-03
            4381     341.740E-03    -229.099E-06    -5.46108E-03    -341.697E-03
            4382     320.163E-03    -336.579E-06    -5.11626E-03    -320.122E-03
            4383     290.702E-03    -435.771E-06    -4.64547E-03    -290.665E-03
            4384     254.083E-03    -524.234E-06    -4.06029E-03    -254.050E-03
            4385     211.208E-03    -599.788E-06    -3.37513E-03    -211.180E-03
            4386     163.132E-03    -660.573E-06    -2.60687E-03    -163.110E-03
            4387     111.040E-03    -705.093E-06    -1.77441E-03    -111.024E-03
            4388     56.2159E-03    -732.251E-06    -898.265E-06    -56.2040E-03
            4389     741.379E-06    -741.379E-06     12.0644E-33    -23.0418E-33
            4390              0.    -13.4803E-33     13.1735E-33    -6.48485E-33
            4391     909.462E-06    -12.8375E-33    -909.462E-06    -34.5609E-33
            4392     1.79653E-03    -12.5979E-33    -1.79653E-03    -62.1262E-33
            4393     2.63936E-03    -12.0482E-33    -2.63936E-03    -88.1617E-33
            4394     3.41720E-03    -11.2018E-33    -3.41720E-03    -112.026E-33
            4395     4.11090E-03    -10.0796E-33    -4.11090E-03    -133.133E-33
            4396     4.70338E-03    -8.70920E-33    -4.70338E-03    -150.961E-33
            4397     5.18004E-03    -7.12434E-33    -5.18004E-03    -165.072E-33
            4398     5.52915E-03    -5.36405E-33    -5.52915E-03    -175.118E-33
            4399     5.74212E-03    -3.47168E-33    -5.74212E-03    -180.852E-33
            4400     5.81369E-03    -1.49383E-33    -5.81369E-03    -182.133E-33
            4401     5.74212E-03     520.805E-36    -5.74212E-03    -178.930E-33
            4402     5.52915E-03     2.52262E-33    -5.52915E-03    -171.320E-33
            4403     5.18004E-03     4.46231E-33    -5.18004E-03    -159.492E-33
            4404     4.70338E-03     6.29213E-33    -4.70338E-03    -143.737E-33
            4405     4.11090E-03     7.96702E-33    -4.11090E-03    -124.443E-33
            4406     3.41720E-03     9.44573E-33    -3.41720E-03    -102.084E-33
            4407     2.63936E-03     10.6919E-33    -2.63936E-03    -77.2120E-33
            4408     1.79653E-03     11.6747E-33    -1.79653E-03    -50.4385E-33
            4409     909.462E-06     12.3701E-33    -909.462E-06    -22.4230E-33
            4410              0.     13.4803E-33     13.1735E-33    -6.48485E-33
            4411              0.    -12.3599E-33    -12.0457E-33    -6.48403E-33
            4412     3.32312E-03    -9.92732E-33     3.32312E-03    -34.3053E-33
            4413     6.56441E-03    -9.83147E-33     6.56441E-03    -61.7396E-33
            4414     9.64407E-03    -9.49353E-33     9.64407E-03    -87.6538E-33
            4415     12.4863E-03    -8.92183E-33     12.4863E-03    -111.410E-33
            4416     15.0210E-03    -8.13044E-33     15.0210E-03    -132.422E-33
            4417     17.1859E-03    -7.13885E-33     17.1859E-03    -150.174E-33
            4418     18.9275E-03    -5.97149E-33     18.9275E-03    -164.228E-33
            4419     20.2032E-03    -4.65708E-33     20.2032E-03    -174.238E-33
            4420     20.9813E-03    -3.22800E-33     20.9813E-03    -179.958E-33
            4421     21.2429E-03    -1.71944E-33     21.2429E-03    -181.247E-33
            4422     20.9813E-03    -168.541E-36     20.9813E-03    -178.073E-33
            4423     20.2032E-03     1.38651E-33     20.2032E-03    -170.514E-33
            4424     18.9275E-03     2.90742E-33     18.9275E-03    -158.757E-33
            4425     17.1859E-03     4.35674E-33     17.1859E-03    -143.090E-33
            4426     15.0210E-03     5.69878E-33     15.0210E-03    -123.900E-33
            4427     12.4863E-03     6.90050E-33     12.4863E-03    -101.659E-33
            4428     9.64407E-03     7.93231E-33     9.64407E-03    -76.9151E-33
            4429     6.56441E-03     8.76879E-33     6.56441E-03    -50.2772E-33
            4430     3.32312E-03     9.38936E-33     3.32312E-03    -22.4013E-33
            4431              0.     12.3599E-33    -12.0457E-33    -6.48403E-33
            4432     2.92359E-03     2.92359E-03    -9.60688E-33    -34.9377E-33
            4433     56.5225E-03     2.88759E-03     3.28221E-03    -56.3532E-03
            4434     111.542E-03     2.78050E-03     6.48359E-03    -111.319E-03
            4435     163.841E-03     2.60494E-03     9.52533E-03    -163.543E-03
            4436     212.113E-03     2.36523E-03     12.3325E-03    -211.741E-03
            4437     255.165E-03     2.06729E-03     14.8361E-03    -254.725E-03
            4438     291.935E-03     1.71844E-03     16.9743E-03    -291.436E-03
            4439     321.519E-03     1.32728E-03     18.6945E-03    -320.972E-03
            4440     343.186E-03     903.438E-06     19.9544E-03    -342.604E-03
            4441     356.403E-03     457.350E-06     20.7230E-03    -355.800E-03
            4442     360.846E-03    -145.685E-18     20.9813E-03    -360.235E-03
            4443     356.403E-03    -457.350E-06     20.7230E-03    -355.800E-03
            4444     343.186E-03    -903.438E-06     19.9544E-03    -342.604E-03
            4445     321.519E-03    -1.32728E-03     18.6945E-03    -320.972E-03
            4446     291.935E-03    -1.71844E-03     16.9743E-03    -291.436E-03
            4447     255.165E-03    -2.06729E-03     14.8361E-03    -254.725E-03
            4448     212.113E-03    -2.36523E-03     12.3325E-03    -211.741E-03
            4449     163.841E-03    -2.60494E-03     9.52533E-03    -163.543E-03
            4450     111.542E-03    -2.78050E-03     6.48359E-03    -111.319E-03
            4451     56.5225E-03    -2.88759E-03     3.28221E-03    -56.3532E-03
            4452     2.92359E-03    -2.92359E-03    -9.60688E-33    -34.9377E-33
            4453     5.77519E-03     5.77519E-03    -9.51909E-33    -62.9890E-33
            4454     111.510E-03     5.70409E-03     3.16047E-03    -111.319E-03
            4455     220.054E-03     5.49253E-03     6.24313E-03    -219.896E-03
            4456     323.231E-03     5.14573E-03     9.17205E-03    -323.060E-03
            4457     418.463E-03     4.67222E-03     11.8751E-03    -418.268E-03
            4458     503.397E-03     4.08367E-03     14.2858E-03    -503.177E-03
            4459     575.939E-03     3.39457E-03     16.3447E-03    -575.697E-03
            4460     634.301E-03     2.62188E-03     18.0012E-03    -634.040E-03
            4461     677.047E-03     1.78463E-03     19.2144E-03    -676.772E-03
            4462     703.123E-03     903.438E-06     19.9544E-03    -702.839E-03
            4463     711.887E-03     350.341E-18     20.2032E-03    -711.600E-03
            4464     703.123E-03    -903.438E-06     19.9544E-03    -702.839E-03
            4465     677.047E-03    -1.78463E-03     19.2144E-03    -676.772E-03
            4466     634.301E-03    -2.62188E-03     18.0012E-03    -634.040E-03
            4467     575.939E-03    -3.39457E-03     16.3447E-03    -575.697E-03
            4468     503.397E-03    -4.08367E-03     14.2858E-03    -503.177E-03
            4469     418.463E-03    -4.67222E-03     11.8751E-03    -418.268E-03
            4470     323.231E-03    -5.14573E-03     9.17205E-03    -323.060E-03
            4471     220.054E-03    -5.49253E-03     6.24313E-03    -219.896E-03
            4472     111.510E-03    -5.70409E-03     3.16047E-03    -111.319E-03
            4473     5.77519E-03    -5.77519E-03    -9.51909E-33    -62.9890E-33
            4474     8.48458E-03     8.48458E-03    -9.19691E-33    -89.4893E-33
            4475     163.785E-03     8.38012E-03     2.96092E-03    -163.543E-03
            4476     323.213E-03     8.06932E-03     5.84893E-03    -323.060E-03
            4477     474.759E-03     7.55982E-03     8.59293E-03    -474.621E-03
            4478     614.635E-03     6.86417E-03     11.1253E-03    -614.496E-03
            4479     739.385E-03     5.99951E-03     13.3838E-03    -739.240E-03
            4480     845.934E-03     4.98711E-03     15.3127E-03    -845.781E-03
            4481     931.657E-03     3.85192E-03     16.8646E-03    -931.497E-03
            4482     994.442E-03     2.62188E-03     18.0012E-03    -994.275E-03
            4483         1.03274     1.32728E-03     18.6945E-03        -1.03257
            4484         1.04561    -419.068E-18     18.9275E-03        -1.04544
            4485         1.03274    -1.32728E-03     18.6945E-03        -1.03257
            4486     994.442E-03    -2.62188E-03     18.0012E-03    -994.275E-03
            4487     931.657E-03    -3.85192E-03     16.8646E-03    -931.497E-03
            4488     845.934E-03    -4.98711E-03     15.3127E-03    -845.781E-03
            4489     739.385E-03    -5.99951E-03     13.3838E-03    -739.240E-03
            4490     614.635E-03    -6.86417E-03     11.1253E-03    -614.496E-03
            4491     474.759E-03    -7.55982E-03     8.59293E-03    -474.621E-03
            4492     323.213E-03    -8.06932E-03     5.84893E-03    -323.060E-03
            4493     163.785E-03    -8.38012E-03     2.96092E-03    -163.543E-03
            4494     8.48458E-03    -8.48458E-03    -9.19691E-33    -89.4893E-33
            4495     10.9851E-03     10.9851E-03    -8.64827E-33    -113.786E-33
            4496     212.036E-03     10.8498E-03     2.68846E-03    -211.741E-03
            4497     418.432E-03     10.4474E-03     5.31072E-03    -418.268E-03
            4498     614.623E-03     9.78776E-03     7.80221E-03    -614.496E-03
            4499     795.707E-03     8.88710E-03     10.1016E-03    -795.593E-03
            4500     957.209E-03     7.76761E-03     12.1522E-03    -957.100E-03
            4501         1.09515     6.45686E-03     13.9036E-03        -1.09504
            4502         1.20612     4.98711E-03     15.3127E-03        -1.20602
            4503         1.28740     3.39457E-03     16.3447E-03        -1.28730
            4504         1.33699     1.71844E-03     16.9743E-03        -1.33688
            4505         1.35365    -590.989E-18     17.1859E-03        -1.35354
            4506         1.33699    -1.71844E-03     16.9743E-03        -1.33688
            4507         1.28740    -3.39457E-03     16.3447E-03        -1.28730
            4508         1.20612    -4.98711E-03     15.3127E-03        -1.20602
            4509         1.09515    -6.45686E-03     13.9036E-03        -1.09504
            4510     957.209E-03    -7.76761E-03     12.1522E-03    -957.100E-03
            4511     795.707E-03    -8.88710E-03     10.1016E-03    -795.593E-03
            4512     614.623E-03    -9.78776E-03     7.80221E-03    -614.496E-03
            4513     418.432E-03    -10.4474E-03     5.31072E-03    -418.268E-03
            4514     212.036E-03    -10.8498E-03     2.68846E-03    -211.741E-03
            4515     10.9851E-03    -10.9851E-03    -8.64827E-33    -113.786E-33
            4516     13.2150E-03     13.2150E-03    -7.88668E-33    -135.281E-33
            4517     255.070E-03     13.0523E-03     2.34980E-03    -254.725E-03
            4518     503.356E-03     12.5683E-03     4.64174E-03    -503.177E-03
            4519     739.365E-03     11.7747E-03     6.81939E-03    -739.240E-03
            4520     957.200E-03     10.6912E-03     8.82911E-03    -957.100E-03
            4521         1.15148     9.34445E-03     10.6214E-03        -1.15139
            4522         1.31741     7.76761E-03     12.1522E-03        -1.31734
            4523         1.45091     5.99951E-03     13.3838E-03        -1.45084
            4524         1.54869     4.08367E-03     14.2858E-03        -1.54862
            4525         1.60834     2.06729E-03     14.8361E-03        -1.60827
            4526         1.62838    -269.991E-18     15.0210E-03        -1.62832
            4527         1.60834    -2.06729E-03     14.8361E-03        -1.60827
            4528         1.54869    -4.08367E-03     14.2858E-03        -1.54862
            4529         1.45091    -5.99951E-03     13.3838E-03        -1.45084
            4530         1.31741    -7.76761E-03     12.1522E-03        -1.31734
            4531         1.15148    -9.34445E-03     10.6214E-03        -1.15139
            4532     957.200E-03    -10.6912E-03     8.82911E-03    -957.100E-03
            4533     739.365E-03    -11.7747E-03     6.81939E-03    -739.240E-03
            4534     503.356E-03    -12.5683E-03     4.64174E-03    -503.177E-03
            4535     255.070E-03    -13.0523E-03     2.34980E-03    -254.725E-03
            4536     13.2150E-03    -13.2150E-03    -7.88668E-33    -135.281E-33
            4537     15.1196E-03     15.1196E-03    -6.93090E-33    -153.445E-33
            4538     291.825E-03     14.9335E-03     1.95328E-03    -291.436E-03
            4539     575.889E-03     14.3796E-03     3.85846E-03    -575.697E-03
            4540     845.907E-03     13.4717E-03     5.66864E-03    -845.781E-03
            4541         1.09513     12.2320E-03     7.33924E-03        -1.09504
            4542         1.31741     10.6912E-03     8.82911E-03        -1.31734
            4543         1.50725     8.88710E-03     10.1016E-03        -1.50719
            4544         1.65999     6.86417E-03     11.1253E-03        -1.65994
            4545         1.77186     4.67222E-03     11.8751E-03        -1.77181
            4546         1.84010     2.36523E-03     12.3325E-03        -1.84006
            4547         1.86303    -432.244E-18     12.4863E-03        -1.86299
            4548         1.84010    -2.36523E-03     12.3325E-03        -1.84006
            4549         1.77186    -4.67222E-03     11.8751E-03        -1.77181
            4550         1.65999    -6.86417E-03     11.1253E-03        -1.65994
            4551         1.50725    -8.88710E-03     10.1016E-03        -1.50719
            4552         1.31741    -10.6912E-03     8.82911E-03        -1.31734
            4553         1.09513    -12.2320E-03     7.33924E-03        -1.09504
            4554     845.907E-03    -13.4717E-03     5.66864E-03    -845.781E-03
            4555     575.889E-03    -14.3796E-03     3.85846E-03    -575.697E-03
            4556     291.825E-03    -14.9335E-03     1.95328E-03    -291.436E-03
            4557     15.1196E-03    -15.1196E-03    -6.93090E-33    -153.445E-33
            4558     16.6519E-03     16.6519E-03    -5.80445E-33    -167.830E-33
            4559     321.396E-03     16.4469E-03     1.50866E-03    -320.972E-03
            4560     634.245E-03     15.8369E-03     2.98018E-03    -634.040E-03
            4561     931.625E-03     14.8370E-03     4.37831E-03    -931.497E-03
            4562         1.20610     13.4717E-03     5.66864E-03        -1.20602
            4563         1.45090     11.7747E-03     6.81939E-03        -1.45084
            4564         1.65999     9.78776E-03     7.80221E-03        -1.65994
            4565         1.82820     7.55982E-03     8.59293E-03        -1.82816
            4566         1.95140     5.14573E-03     9.17205E-03        -1.95138
            4567         2.02656     2.60494E-03     9.52533E-03        -2.02654
            4568         2.05182     42.7057E-18     9.64407E-03        -2.05180
            4569         2.02656    -2.60494E-03     9.52533E-03        -2.02654
            4570         1.95140    -5.14573E-03     9.17205E-03        -1.95138
            4571         1.82820    -7.55982E-03     8.59293E-03        -1.82816
            4572         1.65999    -9.78776E-03     7.80221E-03        -1.65994
            4573         1.45090    -11.7747E-03     6.81939E-03        -1.45084
            4574         1.20610    -13.4717E-03     5.66864E-03        -1.20602
            4575     931.625E-03    -14.8370E-03     4.37831E-03    -931.497E-03
            4576     634.245E-03    -15.8369E-03     2.98018E-03    -634.040E-03
            4577     321.396E-03    -16.4469E-03     1.50866E-03    -320.972E-03
            4578     16.6519E-03    -16.6519E-03    -5.80445E-33    -167.830E-33
            4579     17.7742E-03     17.7742E-03    -4.53508E-33    -178.084E-33
            4580     343.055E-03     17.5554E-03     1.02690E-03    -342.604E-03
            4581     676.986E-03     16.9043E-03     2.02851E-03    -676.772E-03
            4582     994.406E-03     15.8369E-03     2.98018E-03    -994.275E-03
            4583         1.28738     14.3796E-03     3.85846E-03        -1.28730
            4584         1.54868     12.5683E-03     4.64174E-03        -1.54862
            4585         1.77185     10.4474E-03     5.31072E-03        -1.77181
            4586         1.95140     8.06932E-03     5.84893E-03        -1.95138
            4587         2.08291     5.49253E-03     6.24313E-03        -2.08289
            4588         2.16313     2.78050E-03     6.48359E-03        -2.16312
            4589         2.19009     398.465E-18     6.56441E-03        -2.19008
            4590         2.16313    -2.78050E-03     6.48359E-03        -2.16312
            4591         2.08291    -5.49253E-03     6.24313E-03        -2.08289
            4592         1.95140    -8.06932E-03     5.84893E-03        -1.95138
            4593         1.77185    -10.4474E-03     5.31072E-03        -1.77181
            4594         1.54868    -12.5683E-03     4.64174E-03        -1.54862
            4595         1.28738    -14.3796E-03     3.85846E-03        -1.28730
            4596     994.406E-03    -15.8369E-03     2.98018E-03    -994.275E-03
            4597     676.986E-03    -16.9043E-03     2.02851E-03    -676.772E-03
            4598     343.055E-03    -17.5554E-03     1.02690E-03    -342.604E-03
            4599     17.7742E-03    -17.7742E-03    -4.53508E-33    -178.084E-33
            4600     18.4588E-03     18.4588E-03    -3.15404E-33    -183.952E-33
            4601     356.267E-03     18.2315E-03     519.850E-06    -355.800E-03
            4602     703.059E-03     17.5554E-03     1.02690E-03    -702.839E-03
            4603         1.03270     16.4469E-03     1.50866E-03        -1.03257
            4604         1.33696     14.9335E-03     1.95328E-03        -1.33688
            4605         1.60832     13.0523E-03     2.34980E-03        -1.60827
            4606         1.84009     10.8498E-03     2.68846E-03        -1.84006
            4607         2.02656     8.38012E-03     2.96092E-03        -2.02654
            4608         2.16313     5.70409E-03     3.16047E-03        -2.16312
            4609         2.24644     2.88759E-03     3.28221E-03        -2.24643
            4610         2.27444     16.7161E-18     3.32312E-03        -2.27444
            4611         2.24644    -2.88759E-03     3.28221E-03        -2.24643
            4612         2.16313    -5.70409E-03     3.16047E-03        -2.16312
            4613         2.02656    -8.38012E-03     2.96092E-03        -2.02654
            4614         1.84009    -10.8498E-03     2.68846E-03        -1.84006
            4615         1.60832    -13.0523E-03     2.34980E-03        -1.60827
            4616         1.33696    -14.9335E-03     1.95328E-03        -1.33688
            4617         1.03270    -16.4469E-03     1.50866E-03        -1.03257
            4618     703.059E-03    -17.5554E-03     1.02690E-03    -702.839E-03
            4619     356.267E-03    -18.2315E-03     519.850E-06    -355.800E-03
            4620     18.4588E-03    -18.4588E-03    -3.15404E-33    -183.952E-33
            4621     18.6889E-03     18.6889E-03    -1.69533E-33    -185.290E-33
            4622     360.708E-03     18.4588E-03    -530.428E-18    -360.235E-03
            4623     711.822E-03     17.7742E-03     130.172E-18    -711.600E-03
            4624         1.04558     16.6519E-03     1.09032E-15        -1.04544
            4625         1.35363     15.1196E-03     1.40503E-15        -1.35354
            4626         1.62837     13.2150E-03     1.29451E-15        -1.62832
            4627         1.86303     10.9851E-03     1.31873E-15        -1.86299
            4628         2.05182     8.48458E-03     2.07857E-15        -2.05180
            4629         2.19009     5.77519E-03     3.40655E-15        -2.19008
            4630         2.27444     2.92359E-03     3.67709E-15        -2.27444
            4631         2.30279    -1.03138E-15     2.56783E-15        -2.30279
            4632         2.27444    -2.92359E-03     905.662E-18        -2.27444
            4633         2.19009    -5.77519E-03     900.778E-18        -2.19008
            4634         2.05182    -8.48458E-03     1.76923E-15        -2.05180
            4635         1.86303    -10.9851E-03     2.05176E-15        -1.86299
            4636         1.62837    -13.2150E-03     738.006E-18        -1.62832
            4637         1.35363    -15.1196E-03     1.08349E-15        -1.35354
            4638         1.04558    -16.6519E-03     1.89102E-15        -1.04544
            4639     711.822E-03    -17.7742E-03     785.873E-18    -711.600E-03
            4640     360.708E-03    -18.4588E-03    -665.464E-18    -360.235E-03
            4641     18.6889E-03    -18.6889E-03    -1.69533E-33    -185.290E-33
            4642     18.4588E-03     18.4588E-03    -194.883E-36    -182.066E-33
            4643     356.267E-03     18.2315E-03    -519.850E-06    -355.800E-03
            4644     703.059E-03     17.5554E-03    -1.02690E-03    -702.839E-03
            4645         1.03270     16.4469E-03    -1.50866E-03        -1.03257
            4646         1.33696     14.9335E-03    -1.95328E-03        -1.33688
            4647         1.60832     13.0523E-03    -2.34980E-03        -1.60827
            4648         1.84009     10.8498E-03    -2.68846E-03        -1.84006
            4649         2.02656     8.38012E-03    -2.96092E-03        -2.02654
            4650         2.16313     5.70409E-03    -3.16047E-03        -2.16312
            4651         2.24644     2.88759E-03    -3.28221E-03        -2.24643
            4652         2.27444    -2.32221E-15    -3.32312E-03        -2.27444
            4653         2.24644    -2.88759E-03    -3.28221E-03        -2.24643
            4654         2.16313    -5.70409E-03    -3.16047E-03        -2.16312
            4655         2.02656    -8.38012E-03    -2.96092E-03        -2.02654
            4656         1.84009    -10.8498E-03    -2.68846E-03        -1.84006
            4657         1.60832    -13.0523E-03    -2.34980E-03        -1.60827
            4658         1.33696    -14.9335E-03    -1.95328E-03        -1.33688
            4659         1.03270    -16.4469E-03    -1.50866E-03        -1.03257
            4660     703.059E-03    -17.5554E-03    -1.02690E-03    -702.839E-03
            4661     356.267E-03    -18.2315E-03    -519.850E-06    -355.800E-03
            4662     18.4588E-03    -18.4588E-03    -194.883E-36    -182.066E-33
            4663     17.7742E-03     17.7742E-03     1.31036E-33    -174.359E-33
            4664     343.055E-03     17.5554E-03    -1.02690E-03    -342.604E-03
            4665     676.986E-03     16.9043E-03    -2.02851E-03    -676.772E-03
            4666     994.406E-03     15.8369E-03    -2.98018E-03    -994.275E-03
            4667         1.28738     14.3796E-03    -3.85846E-03        -1.28730
            4668         1.54868     12.5683E-03    -4.64174E-03        -1.54862
            4669         1.77185     10.4474E-03    -5.31072E-03        -1.77181
            4670         1.95140     8.06932E-03    -5.84893E-03        -1.95138
            4671         2.08291     5.49253E-03    -6.24313E-03        -2.08289
            4672         2.16313     2.78050E-03    -6.48359E-03        -2.16312
            4673         2.19009    -918.367E-18    -6.56441E-03        -2.19008
            4674         2.16313    -2.78050E-03    -6.48359E-03        -2.16312
            4675         2.08291    -5.49253E-03    -6.24313E-03        -2.08289
            4676         1.95140    -8.06932E-03    -5.84893E-03        -1.95138
            4677         1.77185    -10.4474E-03    -5.31072E-03        -1.77181
            4678         1.54868    -12.5683E-03    -4.64174E-03        -1.54862
            4679         1.28738    -14.3796E-03    -3.85846E-03        -1.28730
            4680     994.406E-03    -15.8369E-03    -2.98018E-03    -994.275E-03
            4681     676.986E-03    -16.9043E-03    -2.02851E-03    -676.772E-03
            4682     343.055E-03    -17.5554E-03    -1.02690E-03    -342.604E-03
            4683     17.7742E-03    -17.7742E-03     1.31036E-33    -174.359E-33
            4684     16.6519E-03     16.6519E-03     2.78335E-33    -162.359E-33
            4685     321.396E-03     16.4469E-03    -1.50866E-03    -320.972E-03
            4686     634.245E-03     15.8369E-03    -2.98018E-03    -634.040E-03
            4687     931.625E-03     14.8370E-03    -4.37831E-03    -931.497E-03
            4688         1.20610     13.4717E-03    -5.66864E-03        -1.20602
            4689         1.45090     11.7747E-03    -6.81939E-03        -1.45084
            4690         1.65999     9.78776E-03    -7.80221E-03        -1.65994
            4691         1.82820     7.55982E-03    -8.59293E-03        -1.82816
            4692         1.95140     5.14573E-03    -9.17205E-03        -1.95138
            4693         2.02656     2.60494E-03    -9.52533E-03        -2.02654
            4694         2.05182     390.118E-18    -9.64407E-03        -2.05180
            4695         2.02656    -2.60494E-03    -9.52533E-03        -2.02654
            4696         1.95140    -5.14573E-03    -9.17205E-03        -1.95138
            4697         1.82820    -7.55982E-03    -8.59293E-03        -1.82816
            4698         1.65999    -9.78776E-03    -7.80221E-03        -1.65994
            4699         1.45090    -11.7747E-03    -6.81939E-03        -1.45084
            4700         1.20610    -13.4717E-03    -5.66864E-03        -1.20602
            4701     931.625E-03    -14.8370E-03    -4.37831E-03    -931.497E-03
            4702     634.245E-03    -15.8369E-03    -2.98018E-03    -634.040E-03
            4703     321.396E-03    -16.4469E-03    -1.50866E-03    -320.972E-03
            4704     16.6519E-03    -16.6519E-03     2.78335E-33    -162.359E-33
            4705     15.1196E-03     15.1196E-03     4.18779E-33    -146.361E-33
            4706     291.825E-03     14.9335E-03    -1.95328E-03    -291.436E-03
            4707     575.889E-03     14.3796E-03    -3.85846E-03    -575.697E-03
            4708     845.907E-03     13.4717E-03    -5.66864E-03    -845.781E-03
            4709         1.09513     12.2320E-03    -7.33924E-03        -1.09504
            4710         1.31741     10.6912E-03    -8.82911E-03        -1.31734
            4711         1.50725     8.88710E-03    -10.1016E-03        -1.50719
            4712         1.65999     6.86417E-03    -11.1253E-03        -1.65994
            4713         1.77186     4.67222E-03    -11.8751E-03        -1.77181
            4714         1.84010     2.36523E-03    -12.3325E-03        -1.84006
            4715         1.86303    -866.576E-18    -12.4863E-03        -1.86299
            4716         1.84010    -2.36523E-03    -12.3325E-03        -1.84006
            4717         1.77186    -4.67222E-03    -11.8751E-03        -1.77181
            4718         1.65999    -6.86417E-03    -11.1253E-03        -1.65994
            4719         1.50725    -8.88710E-03    -10.1016E-03        -1.50719
            4720         1.31741    -10.6912E-03    -8.82911E-03        -1.31734
            4721         1.09513    -12.2320E-03    -7.33924E-03        -1.09504
            4722     845.907E-03    -13.4717E-03    -5.66864E-03    -845.781E-03
            4723     575.889E-03    -14.3796E-03    -3.85846E-03    -575.697E-03
            4724     291.825E-03    -14.9335E-03    -1.95328E-03    -291.436E-03
            4725     15.1196E-03    -15.1196E-03     4.18779E-33    -146.361E-33
            4726     13.2150E-03     13.2150E-03     5.48912E-33    -126.759E-33
            4727     255.070E-03     13.0523E-03    -2.34980E-03    -254.725E-03
            4728     503.356E-03     12.5683E-03    -4.64174E-03    -503.177E-03
            4729     739.365E-03     11.7747E-03    -6.81939E-03    -739.240E-03
            4730     957.200E-03     10.6912E-03    -8.82911E-03    -957.100E-03
            4731         1.15148     9.34445E-03    -10.6214E-03        -1.15139
            4732         1.31741     7.76761E-03    -12.1522E-03        -1.31734
            4733         1.45091     5.99951E-03    -13.3838E-03        -1.45084
            4734         1.54869     4.08367E-03    -14.2858E-03        -1.54862
            4735         1.60834     2.06729E-03    -14.8361E-03        -1.60827
            4736         1.62838    -1.73414E-15    -15.0210E-03        -1.62832
            4737         1.60834    -2.06729E-03    -14.8361E-03        -1.60827
            4738         1.54869    -4.08367E-03    -14.2858E-03        -1.54862
            4739         1.45091    -5.99951E-03    -13.3838E-03        -1.45084
            4740         1.31741    -7.76761E-03    -12.1522E-03        -1.31734
            4741         1.15148    -9.34445E-03    -10.6214E-03        -1.15139
            4742     957.200E-03    -10.6912E-03    -8.82911E-03    -957.100E-03
            4743     739.365E-03    -11.7747E-03    -6.81939E-03    -739.240E-03
            4744     503.356E-03    -12.5683E-03    -4.64174E-03    -503.177E-03
            4745     255.070E-03    -13.0523E-03    -2.34980E-03    -254.725E-03
            4746     13.2150E-03    -13.2150E-03     5.48912E-33    -126.759E-33
            4747     10.9851E-03     10.9851E-03     6.65529E-33    -104.036E-33
            4748     212.036E-03     10.8498E-03    -2.68846E-03    -211.741E-03
            4749     418.432E-03     10.4474E-03    -5.31072E-03    -418.268E-03
            4750     614.623E-03     9.78776E-03    -7.80221E-03    -614.496E-03
            4751     795.707E-03     8.88710E-03    -10.1016E-03    -795.593E-03
            4752     957.209E-03     7.76761E-03    -12.1522E-03    -957.100E-03
            4753         1.09515     6.45686E-03    -13.9036E-03        -1.09504
            4754         1.20612     4.98711E-03    -15.3127E-03        -1.20602
            4755         1.28740     3.39457E-03    -16.3447E-03        -1.28730
            4756         1.33699     1.71844E-03    -16.9743E-03        -1.33688
            4757         1.35365    -551.203E-18    -17.1859E-03        -1.35354
            4758         1.33699    -1.71844E-03    -16.9743E-03        -1.33688
            4759         1.28740    -3.39457E-03    -16.3447E-03        -1.28730
            4760         1.20612    -4.98711E-03    -15.3127E-03        -1.20602
            4761         1.09515    -6.45686E-03    -13.9036E-03        -1.09504
            4762     957.209E-03    -7.76761E-03    -12.1522E-03    -957.100E-03
            4763     795.707E-03    -8.88710E-03    -10.1016E-03    -795.593E-03
            4764     614.623E-03    -9.78776E-03    -7.80221E-03    -614.496E-03
            4765     418.432E-03    -10.4474E-03    -5.31072E-03    -418.268E-03
            4766     212.036E-03    -10.8498E-03    -2.68846E-03    -211.741E-03
            4767     10.9851E-03    -10.9851E-03     6.65529E-33    -104.036E-33
            4768     8.48458E-03     8.48458E-03     7.65758E-33    -78.7506E-33
            4769     163.785E-03     8.38012E-03    -2.96092E-03    -163.543E-03
            4770     323.213E-03     8.06932E-03    -5.84893E-03    -323.060E-03
            4771     474.759E-03     7.55982E-03    -8.59293E-03    -474.621E-03
            4772     614.635E-03     6.86417E-03    -11.1253E-03    -614.496E-03
            4773     739.385E-03     5.99951E-03    -13.3838E-03    -739.240E-03
            4774     845.934E-03     4.98711E-03    -15.3127E-03    -845.781E-03
            4775     931.657E-03     3.85192E-03    -16.8646E-03    -931.497E-03
            4776     994.442E-03     2.62188E-03    -18.0012E-03    -994.275E-03
            4777         1.03274     1.32728E-03    -18.6945E-03        -1.03257
            4778         1.04561     428.761E-18    -18.9275E-03        -1.04544
            4779         1.03274    -1.32728E-03    -18.6945E-03        -1.03257
            4780     994.442E-03    -2.62188E-03    -18.0012E-03    -994.275E-03
            4781     931.657E-03    -3.85192E-03    -16.8646E-03    -931.497E-03
            4782     845.934E-03    -4.98711E-03    -15.3127E-03    -845.781E-03
            4783     739.385E-03    -5.99951E-03    -13.3838E-03    -739.240E-03
            4784     614.635E-03    -6.86417E-03    -11.1253E-03    -614.496E-03
            4785     474.759E-03    -7.55982E-03    -8.59293E-03    -474.621E-03
            4786     323.213E-03    -8.06932E-03    -5.84893E-03    -323.060E-03
            4787     163.785E-03    -8.38012E-03    -2.96092E-03    -163.543E-03
            4788     8.48458E-03    -8.48458E-03     7.65758E-33    -78.7506E-33
            4789     5.77519E-03     5.77519E-03     8.47132E-33    -51.5266E-33
            4790     111.510E-03     5.70409E-03    -3.16047E-03    -111.319E-03
            4791     220.054E-03     5.49253E-03    -6.24313E-03    -219.896E-03
            4792     323.231E-03     5.14573E-03    -9.17205E-03    -323.060E-03
            4793     418.463E-03     4.67222E-03    -11.8751E-03    -418.268E-03
            4794     503.397E-03     4.08367E-03    -14.2858E-03    -503.177E-03
            4795     575.939E-03     3.39457E-03    -16.3447E-03    -575.697E-03
            4796     634.301E-03     2.62188E-03    -18.0012E-03    -634.040E-03
            4797     677.047E-03     1.78463E-03    -19.2144E-03    -676.772E-03
            4798     703.123E-03     903.438E-06    -19.9544E-03    -702.839E-03
            4799     711.887E-03     624.594E-18    -20.2032E-03    -711.600E-03
            4800     703.123E-03    -903.438E-06    -19.9544E-03    -702.839E-03
            4801     677.047E-03    -1.78463E-03    -19.2144E-03    -676.772E-03
            4802     634.301E-03    -2.62188E-03    -18.0012E-03    -634.040E-03
            4803     575.939E-03    -3.39457E-03    -16.3447E-03    -575.697E-03
            4804     503.397E-03    -4.08367E-03    -14.2858E-03    -503.177E-03
            4805     418.463E-03    -4.67222E-03    -11.8751E-03    -418.268E-03
            4806     323.231E-03    -5.14573E-03    -9.17205E-03    -323.060E-03
            4807     220.054E-03    -5.49253E-03    -6.24313E-03    -219.896E-03
            4808     111.510E-03    -5.70409E-03    -3.16047E-03    -111.319E-03
            4809     5.77519E-03    -5.77519E-03     8.47132E-33    -51.5266E-33
            4810     2.92359E-03     2.92359E-03     9.07647E-33    -23.0338E-33
            4811     56.5225E-03     2.88759E-03    -3.28221E-03    -56.3532E-03
            4812     111.542E-03     2.78050E-03    -6.48359E-03    -111.319E-03
            4813     163.841E-03     2.60494E-03    -9.52533E-03    -163.543E-03
            4814     212.113E-03     2.36523E-03    -12.3325E-03    -211.741E-03
            4815     255.165E-03     2.06729E-03    -14.8361E-03    -254.725E-03
            4816     291.935E-03     1.71844E-03    -16.9743E-03    -291.436E-03
            4817     321.519E-03     1.32728E-03    -18.6945E-03    -320.972E-03
            4818     343.186E-03     903.438E-06    -19.9544E-03    -342.604E-03
            4819     356.403E-03     457.350E-06    -20.7230E-03    -355.800E-03
            4820     360.846E-03     74.3643E-18    -20.9813E-03    -360.235E-03
            4821     356.403E-03    -457.350E-06    -20.7230E-03    -355.800E-03
            4822     343.186E-03    -903.438E-06    -19.9544E-03    -342.604E-03
            4823     321.519E-03    -1.32728E-03    -18.6945E-03    -320.972E-03
            4824     291.935E-03    -1.71844E-03    -16.9743E-03    -291.436E-03
            4825     255.165E-03    -2.06729E-03    -14.8361E-03    -254.725E-03
            4826     212.113E-03    -2.36523E-03    -12.3325E-03    -211.741E-03
            4827     163.841E-03    -2.60494E-03    -9.52533E-03    -163.543E-03
            4828     111.542E-03    -2.78050E-03    -6.48359E-03    -111.319E-03
            4829     56.5225E-03    -2.88759E-03    -3.28221E-03    -56.3532E-03
            4830     2.92359E-03    -2.92359E-03     9.07647E-33    -23.0338E-33
            4831              0.    -12.3599E-33     12.0457E-33    -6.48403E-33
            4832     3.32312E-03    -9.92732E-33    -3.32312E-03    -34.3053E-33
            4833     6.56441E-03    -9.83147E-33    -6.56441E-03    -61.7396E-33
            4834     9.64407E-03    -9.49353E-33    -9.64407E-03    -87.6538E-33
            4835     12.4863E-03    -8.92183E-33    -12.4863E-03    -111.410E-33
            4836     15.0210E-03    -8.13044E-33    -15.0210E-03    -132.422E-33
            4837     17.1859E-03    -7.13885E-33    -17.1859E-03    -150.174E-33
            4838     18.9275E-03    -5.97149E-33    -18.9275E-03    -164.228E-33
            4839     20.2032E-03    -4.65708E-33    -20.2032E-03    -174.238E-33
            4840     20.9813E-03    -3.22800E-33    -20.9813E-03    -179.958E-33
            4841     21.2429E-03    -1.71944E-33    -21.2429E-03    -181.247E-33
            4842     20.9813E-03    -168.541E-36    -20.9813E-03    -178.073E-33
            4843     20.2032E-03     1.38651E-33    -20.2032E-03    -170.514E-33
            4844     18.9275E-03     2.90742E-33    -18.9275E-03    -158.757E-33
            4845     17.1859E-03     4.35674E-33    -17.1859E-03    -143.090E-33
            4846     15.0210E-03     5.69878E-33    -15.0210E-03    -123.900E-33
            4847     12.4863E-03     6.90050E-33    -12.4863E-03    -101.659E-33
            4848     9.64407E-03     7.93231E-33    -9.64407E-03    -76.9151E-33
            4849     6.56441E-03     8.76879E-33    -6.56441E-03    -50.2772E-33
            4850     3.32312E-03     9.38936E-33    -3.32312E-03    -22.4013E-33
            4851              0.     12.3599E-33     12.0457E-33    -6.48403E-33
            4852              0.    -11.1496E-33    -10.8286E-33    -6.48230E-33
            4853     5.88522E-03    -6.81598E-33     5.88522E-03    -33.9991E-33
            4854     11.6255E-03    -6.87329E-33     11.6255E-03    -61.2752E-33
            4855     17.0796E-03    -6.76136E-33     17.0796E-03    -87.0424E-33
            4856     22.1131E-03    -6.48295E-33     22.1131E-03    -110.666E-33
            4857     26.6021E-03    -6.04490E-33     26.6021E-03    -131.565E-33
            4858     30.4360E-03    -5.45801E-33     30.4360E-03    -149.225E-33
            4859     33.5205E-03    -4.73672E-33     33.5205E-03    -163.210E-33
            4860     35.7797E-03    -3.89880E-33     35.7797E-03    -173.176E-33
            4861     37.1578E-03    -2.96488E-33     37.1578E-03    -178.878E-33
            4862     37.6210E-03    -1.95795E-33     37.6210E-03    -180.176E-33
            4863     37.1578E-03    -902.811E-36     37.1578E-03    -177.037E-33
            4864     35.7797E-03     174.558E-36     35.7797E-03    -169.538E-33
            4865     33.5205E-03     1.24763E-33     33.5205E-03    -157.865E-33
            4866     30.4360E-03     2.28998E-33     30.4360E-03    -142.305E-33
            4867     26.6021E-03     3.27594E-33     26.6021E-03    -123.241E-33
            4868     22.1131E-03     4.18124E-33     22.1131E-03    -101.143E-33
            4869     17.0796E-03     4.98358E-33     17.0796E-03    -76.5536E-33
            4870     11.6255E-03     5.66321E-33     11.6255E-03    -50.0794E-33
            4871     5.88522E-03     6.20340E-33     5.88522E-03    -22.3722E-33
            4872              0.     11.1496E-33    -10.8286E-33    -6.48230E-33
            4873     5.24883E-03     5.24883E-03    -6.49050E-33    -34.6439E-33
            4874     57.0518E-03     5.18421E-03     5.81276E-03    -56.5176E-03
            4875     112.344E-03     4.99194E-03     11.4824E-03    -111.644E-03
            4876     164.952E-03     4.67674E-03     16.8693E-03    -164.021E-03
            4877     213.521E-03     4.24639E-03     21.8408E-03    -212.359E-03
            4878     256.842E-03     3.71148E-03     26.2745E-03    -255.468E-03
            4879     293.845E-03     3.08519E-03     30.0613E-03    -292.287E-03
            4880     323.615E-03     2.38292E-03     33.1079E-03    -321.909E-03
            4881     345.420E-03     1.62198E-03     35.3392E-03    -343.604E-03
            4882     358.722E-03     821.098E-06     36.7003E-03    -356.838E-03
            4883     363.192E-03     127.760E-18     37.1578E-03    -361.286E-03
            4884     358.722E-03    -821.098E-06     36.7003E-03    -356.838E-03
            4885     345.420E-03    -1.62198E-03     35.3392E-03    -343.604E-03
            4886     323.615E-03    -2.38292E-03     33.1079E-03    -321.909E-03
            4887     293.845E-03    -3.08519E-03     30.0613E-03    -292.287E-03
            4888     256.842E-03    -3.71148E-03     26.2745E-03    -255.468E-03
            4889     213.521E-03    -4.24639E-03     21.8408E-03    -212.359E-03
            4890     164.952E-03    -4.67674E-03     16.8693E-03    -164.021E-03
            4891     112.344E-03    -4.99194E-03     11.4824E-03    -111.644E-03
            4892     57.0518E-03    -5.18421E-03     5.81276E-03    -56.5176E-03
            4893     5.24883E-03    -5.24883E-03    -6.49050E-33    -34.6439E-33
            4894     10.3684E-03     10.3684E-03    -6.55642E-33    -62.5488E-33
            4895     112.252E-03     10.2408E-03     5.59718E-03    -111.644E-03
            4896     221.035E-03     9.86095E-03     11.0565E-03    -220.538E-03
            4897     324.541E-03     9.23833E-03     16.2436E-03    -324.002E-03
            4898     420.099E-03     8.38823E-03     21.0308E-03    -419.489E-03
            4899     505.333E-03     7.33158E-03     25.3001E-03    -504.646E-03
            4900     578.134E-03     6.09440E-03     28.9464E-03    -577.376E-03
            4901     636.707E-03     4.70716E-03     31.8799E-03    -635.891E-03
            4902     679.607E-03     3.20402E-03     34.0285E-03    -678.747E-03
            4903     705.777E-03     1.62198E-03     35.3392E-03    -704.890E-03
            4904     714.573E-03     340.405E-18     35.7797E-03    -713.677E-03
            4905     705.777E-03    -1.62198E-03     35.3392E-03    -704.890E-03
            4906     679.607E-03    -3.20402E-03     34.0285E-03    -678.747E-03
            4907     636.707E-03    -4.70716E-03     31.8799E-03    -635.891E-03
            4908     578.134E-03    -6.09440E-03     28.9464E-03    -577.376E-03
            4909     505.333E-03    -7.33158E-03     25.3001E-03    -504.646E-03
            4910     420.099E-03    -8.38823E-03     21.0308E-03    -419.489E-03
            4911     324.541E-03    -9.23833E-03     16.2436E-03    -324.002E-03
            4912     221.035E-03    -9.86095E-03     11.0565E-03    -220.538E-03
            4913     112.252E-03    -10.2408E-03     5.59718E-03    -111.644E-03
            4914     10.3684E-03    -10.3684E-03    -6.55642E-33    -62.5488E-33
            4915     15.2327E-03     15.2327E-03    -6.46091E-33    -88.9135E-33
            4916     164.793E-03     15.0452E-03     5.24377E-03    -164.021E-03
            4917     324.492E-03     14.4872E-03     10.3584E-03    -324.002E-03
            4918     476.443E-03     13.5724E-03     15.2180E-03    -476.006E-03
            4919     616.727E-03     12.3235E-03     19.7029E-03    -616.289E-03
            4920     741.854E-03     10.7711E-03     23.7026E-03    -741.397E-03
            4921     848.730E-03     8.95356E-03     27.1187E-03    -848.249E-03
            4922     934.718E-03     6.91550E-03     29.8670E-03    -934.215E-03
            4923     997.697E-03     4.70716E-03     31.8799E-03    -997.177E-03
            4924         1.03612     2.38292E-03     33.1079E-03        -1.03559
            4925         1.04903    -306.717E-18     33.5205E-03        -1.04849
            4926         1.03612    -2.38292E-03     33.1079E-03        -1.03559
            4927     997.697E-03    -4.70716E-03     31.8799E-03    -997.177E-03
            4928     934.718E-03    -6.91550E-03     29.8670E-03    -934.215E-03
            4929     848.730E-03    -8.95356E-03     27.1187E-03    -848.249E-03
            4930     741.854E-03    -10.7711E-03     23.7026E-03    -741.397E-03
            4931     616.727E-03    -12.3235E-03     19.7029E-03    -616.289E-03
            4932     476.443E-03    -13.5724E-03     15.2180E-03    -476.006E-03
            4933     324.492E-03    -14.4872E-03     10.3584E-03    -324.002E-03
            4934     164.793E-03    -15.0452E-03     5.24377E-03    -164.021E-03
            4935     15.2327E-03    -15.2327E-03    -6.46091E-33    -88.9135E-33
            4936     19.7219E-03     19.7219E-03    -6.20631E-33    -113.089E-33
            4937     213.303E-03     19.4791E-03     4.76124E-03    -212.359E-03
            4938     420.013E-03     18.7566E-03     9.40525E-03    -419.489E-03
            4939     616.695E-03     17.5723E-03     13.8177E-03    -616.289E-03
            4940     798.275E-03     15.9554E-03     17.8898E-03    -797.915E-03
            4941     960.235E-03     13.9455E-03     21.5215E-03    -959.893E-03
            4942         1.09857     11.5922E-03     24.6233E-03        -1.09824
            4943         1.20987     8.95356E-03     27.1187E-03        -1.20954
            4944         1.29139     6.09440E-03     28.9464E-03        -1.29105
            4945         1.34112     3.08519E-03     30.0613E-03        -1.34078
            4946         1.35783    -345.906E-18     30.4360E-03        -1.35749
            4947         1.34112    -3.08519E-03     30.0613E-03        -1.34078
            4948         1.29139    -6.09440E-03     28.9464E-03        -1.29105
            4949         1.20987    -8.95356E-03     27.1187E-03        -1.20954
            4950         1.09857    -11.5922E-03     24.6233E-03        -1.09824
            4951     960.235E-03    -13.9455E-03     21.5215E-03    -959.893E-03
            4952     798.275E-03    -15.9554E-03     17.8898E-03    -797.915E-03
            4953     616.695E-03    -17.5723E-03     13.8177E-03    -616.289E-03
            4954     420.013E-03    -18.7566E-03     9.40525E-03    -419.489E-03
            4955     213.303E-03    -19.4791E-03     4.76124E-03    -212.359E-03
            4956     19.7219E-03    -19.7219E-03    -6.20631E-33    -113.089E-33
            4957     23.7255E-03     23.7255E-03    -5.79889E-33    -134.480E-33
            4958     256.574E-03     23.4334E-03     4.16148E-03    -255.468E-03
            4959     505.217E-03     22.5643E-03     8.22049E-03    -504.646E-03
            4960     741.797E-03     21.1396E-03     12.0771E-03    -741.397E-03
            4961     960.212E-03     19.1943E-03     15.6363E-03    -959.893E-03
            4962         1.15503     16.7765E-03     18.8105E-03        -1.15475
            4963         1.32143     13.9455E-03     21.5215E-03        -1.32118
            4964         1.45531     10.7711E-03     23.7026E-03        -1.45507
            4965         1.55336     7.33158E-03     25.3001E-03        -1.55314
            4966         1.61318     3.71148E-03     26.2745E-03        -1.61296
            4967         1.63328     23.9630E-18     26.6021E-03        -1.63307
            4968         1.61318    -3.71148E-03     26.2745E-03        -1.61296
            4969         1.55336    -7.33158E-03     25.3001E-03        -1.55314
            4970         1.45531    -10.7711E-03     23.7026E-03        -1.45507
            4971         1.32143    -13.9455E-03     21.5215E-03        -1.32118
            4972         1.15503    -16.7765E-03     18.8105E-03        -1.15475
            4973     960.212E-03    -19.1943E-03     15.6363E-03    -959.893E-03
            4974     741.797E-03    -21.1396E-03     12.0771E-03    -741.397E-03
            4975     505.217E-03    -22.5643E-03     8.22049E-03    -504.646E-03
            4976     256.574E-03    -23.4334E-03     4.16148E-03    -255.468E-03
            4977     23.7255E-03    -23.7255E-03    -5.79889E-33    -134.480E-33
            4978     27.1449E-03     27.1449E-03    -5.24868E-33    -152.559E-33
            4979     293.534E-03     26.8107E-03     3.45924E-03    -292.287E-03
            4980     577.994E-03     25.8163E-03     6.83331E-03    -577.376E-03
            4981     848.653E-03     24.1863E-03     10.0391E-03    -848.249E-03
            4982         1.09853     21.9607E-03     12.9977E-03        -1.09824
            4983         1.32141     19.1943E-03     15.6363E-03        -1.32118
            4984         1.51178     15.9554E-03     17.8898E-03        -1.51159
            4985         1.66495     12.3235E-03     19.7029E-03        -1.66478
            4986         1.77713     8.38823E-03     21.0308E-03        -1.77698
            4987         1.84556     4.24639E-03     21.8408E-03        -1.84543
            4988         1.86856    -301.766E-18     22.1131E-03        -1.86843
            4989         1.84556    -4.24639E-03     21.8408E-03        -1.84543
            4990         1.77713    -8.38823E-03     21.0308E-03        -1.77698
            4991         1.66495    -12.3235E-03     19.7029E-03        -1.66478
            4992         1.51178    -15.9554E-03     17.8898E-03        -1.51159
            4993         1.32141    -19.1943E-03     15.6363E-03        -1.32118
            4994         1.09853    -21.9607E-03     12.9977E-03        -1.09824
            4995     848.653E-03    -24.1863E-03     10.0391E-03    -848.249E-03
            4996     577.994E-03    -25.8163E-03     6.83331E-03    -577.376E-03
            4997     293.534E-03    -26.8107E-03     3.45924E-03    -292.287E-03
            4998     27.1449E-03    -27.1449E-03    -5.24868E-33    -152.559E-33
            4999     29.8959E-03     29.8959E-03    -4.56923E-33    -166.882E-33
            5000     323.271E-03     29.5278E-03     2.67183E-03    -321.909E-03
            5001     636.548E-03     28.4327E-03     5.27788E-03    -635.891E-03
            5002     934.627E-03     26.6374E-03     7.75396E-03    -934.215E-03
            5003         1.20982     24.1863E-03     10.0391E-03        -1.20954
            5004         1.45528     21.1396E-03     12.0771E-03        -1.45507
            5005         1.66493     17.5723E-03     13.8177E-03        -1.66478
            5006         1.83361     13.5724E-03     15.2180E-03        -1.83350
            5007         1.95716     9.23833E-03     16.2436E-03        -1.95707
            5008         2.03253     4.67674E-03     16.8693E-03        -2.03245
            5009         2.05786    -297.597E-18     17.0796E-03        -2.05779
            5010         2.03253    -4.67674E-03     16.8693E-03        -2.03245
            5011         1.95716    -9.23833E-03     16.2436E-03        -1.95707
            5012         1.83361    -13.5724E-03     15.2180E-03        -1.83350
            5013         1.66493    -17.5723E-03     13.8177E-03        -1.66478
            5014         1.45528    -21.1396E-03     12.0771E-03        -1.45507
            5015         1.20982    -24.1863E-03     10.0391E-03        -1.20954
            5016     934.627E-03    -26.6374E-03     7.75396E-03    -934.215E-03
            5017     636.548E-03    -28.4327E-03     5.27788E-03    -635.891E-03
            5018     323.271E-03    -29.5278E-03     2.67183E-03    -321.909E-03
            5019     29.8959E-03    -29.8959E-03    -4.56923E-33    -166.882E-33
            5020     31.9107E-03     31.9107E-03    -3.77727E-33    -177.096E-33
            5021     345.051E-03     31.5178E-03     1.81863E-03    -343.604E-03
            5022     679.434E-03     30.3489E-03     3.59248E-03    -678.747E-03
            5023     997.596E-03     28.4327E-03     5.27788E-03    -997.177E-03
            5024         1.29133     25.8163E-03     6.83331E-03        -1.29105
            5025         1.55332     22.5643E-03     8.22049E-03        -1.55314
            5026         1.77711     18.7566E-03     9.40525E-03        -1.77698
            5027         1.95715     14.4872E-03     10.3584E-03        -1.95707
            5028         2.08902     9.86095E-03     11.0565E-03        -2.08897
            5029         2.16946     4.99194E-03     11.4824E-03        -2.16943
            5030         2.19650     140.976E-18     11.6255E-03        -2.19647
            5031         2.16946    -4.99194E-03     11.4824E-03        -2.16943
            5032         2.08902    -9.86095E-03     11.0565E-03        -2.08897
            5033         1.95715    -14.4872E-03     10.3584E-03        -1.95707
            5034         1.77711    -18.7566E-03     9.40525E-03        -1.77698
            5035         1.55332    -22.5643E-03     8.22049E-03        -1.55314
            5036         1.29133    -25.8163E-03     6.83331E-03        -1.29105
            5037     997.596E-03    -28.4327E-03     5.27788E-03    -997.177E-03
            5038     679.434E-03    -30.3489E-03     3.59248E-03    -678.747E-03
            5039     345.051E-03    -31.5178E-03     1.81863E-03    -343.604E-03
            5040     31.9107E-03    -31.9107E-03    -3.77727E-33    -177.096E-33
            5041     33.1398E-03     33.1398E-03    -2.89230E-33    -182.949E-33
            5042     358.338E-03     32.7318E-03     920.651E-06    -356.838E-03
            5043     705.597E-03     31.5178E-03     1.81863E-03    -704.890E-03
            5044         1.03601     29.5278E-03     2.67183E-03        -1.03559
            5045         1.34105     26.8107E-03     3.45924E-03        -1.34078
            5046         1.61314     23.4334E-03     4.16148E-03        -1.61296
            5047         1.84554     19.4791E-03     4.76124E-03        -1.84543
            5048         2.03251     15.0452E-03     5.24377E-03        -2.03245
            5049         2.16946     10.2408E-03     5.59718E-03        -2.16943
            5050         2.25300     5.18421E-03     5.81276E-03        -2.25299
            5051         2.28108    -15.5494E-18     5.88522E-03        -2.28107
            5052         2.25300    -5.18421E-03     5.81276E-03        -2.25299
            5053         2.16946    -10.2408E-03     5.59718E-03        -2.16943
            5054         2.03251    -15.0452E-03     5.24377E-03        -2.03245
            5055         1.84554    -19.4791E-03     4.76124E-03        -1.84543
            5056         1.61314    -23.4334E-03     4.16148E-03        -1.61296
            5057         1.34105    -26.8107E-03     3.45924E-03        -1.34078
            5058         1.03601    -29.5278E-03     2.67183E-03        -1.03559
            5059     705.597E-03    -31.5178E-03     1.81863E-03    -704.890E-03
            5060     358.338E-03    -32.7318E-03     920.651E-06    -356.838E-03
            5061     33.1398E-03    -33.1398E-03    -2.89230E-33    -182.949E-33
            5062     33.5529E-03     33.5529E-03    -1.93611E-33    -184.297E-33
            5063     362.803E-03     33.1398E-03    -114.827E-18    -361.286E-03
            5064     714.390E-03     31.9107E-03    -68.3226E-18    -713.677E-03
            5065         1.04892     29.8959E-03     521.337E-18        -1.04849
            5066         1.35776     27.1449E-03     808.342E-18        -1.35749
            5067         1.63324     23.7255E-03     808.518E-18        -1.63307
            5068         1.86853     19.7219E-03     787.936E-18        -1.86843
            5069         2.05784     15.2327E-03     1.34450E-15        -2.05779
            5070         2.19650     10.3684E-03     2.14135E-15        -2.19647
            5071         2.28108     5.24883E-03     2.63602E-15        -2.28107
            5072         2.30951    -950.263E-18     2.02538E-15        -2.30951
            5073         2.28108    -5.24883E-03     802.916E-18        -2.28107
            5074         2.19650    -10.3684E-03     255.674E-18        -2.19647
            5075         2.05784    -15.2327E-03     1.40021E-15        -2.05779
            5076         1.86853    -19.7219E-03     1.31919E-15        -1.86843
            5077         1.63324    -23.7255E-03     358.938E-18        -1.63307
            5078         1.35776    -27.1449E-03     739.059E-18        -1.35749
            5079         1.04892    -29.8959E-03     1.40715E-15        -1.04849
            5080     714.390E-03    -31.9107E-03     598.147E-18    -713.677E-03
            5081     362.803E-03    -33.1398E-03    -168.098E-18    -361.286E-03
            5082     33.5529E-03    -33.5529E-03    -1.93611E-33    -184.297E-33
            5083     33.1398E-03     33.1398E-03    -932.253E-36    -181.107E-33
            5084     358.338E-03     32.7318E-03    -920.651E-06    -356.838E-03
            5085     705.597E-03     31.5178E-03    -1.81863E-03    -704.890E-03
            5086         1.03601     29.5278E-03    -2.67183E-03        -1.03559
            5087         1.34105     26.8107E-03    -3.45924E-03        -1.34078
            5088         1.61314     23.4334E-03    -4.16148E-03        -1.61296
            5089         1.84554     19.4791E-03    -4.76124E-03        -1.84543
            5090         2.03251     15.0452E-03    -5.24377E-03        -2.03245
            5091         2.16946     10.2408E-03    -5.59718E-03        -2.16943
            5092         2.25300     5.18421E-03    -5.81276E-03        -2.25299
            5093         2.28108    -1.51947E-15    -5.88522E-03        -2.28107
            5094         2.25300    -5.18421E-03    -5.81276E-03        -2.25299
            5095         2.16946    -10.2408E-03    -5.59718E-03        -2.16943
            5096         2.03251    -15.0452E-03    -5.24377E-03        -2.03245
            5097         1.84554    -19.4791E-03    -4.76124E-03        -1.84543
            5098         1.61314    -23.4334E-03    -4.16148E-03        -1.61296
            5099         1.34105    -26.8107E-03    -3.45924E-03        -1.34078
            5100         1.03601    -29.5278E-03    -2.67183E-03        -1.03559
            5101     705.597E-03    -31.5178E-03    -1.81863E-03    -704.890E-03
            5102     358.338E-03    -32.7318E-03    -920.651E-06    -356.838E-03
            5103     33.1398E-03    -33.1398E-03    -932.253E-36    -181.107E-33
            5104     31.9107E-03     31.9107E-03     94.5624E-36    -173.458E-33
            5105     345.051E-03     31.5178E-03    -1.81863E-03    -343.604E-03
            5106     679.434E-03     30.3489E-03    -3.59248E-03    -678.747E-03
            5107     997.596E-03     28.4327E-03    -5.27788E-03    -997.177E-03
            5108         1.29133     25.8163E-03    -6.83331E-03        -1.29105
            5109         1.55332     22.5643E-03    -8.22049E-03        -1.55314
            5110         1.77711     18.7566E-03    -9.40525E-03        -1.77698
            5111         1.95715     14.4872E-03    -10.3584E-03        -1.95707
            5112         2.08902     9.86095E-03    -11.0565E-03        -2.08897
            5113         2.16946     4.99194E-03    -11.4824E-03        -2.16943
            5114         2.19650    -482.488E-18    -11.6255E-03        -2.19647
            5115         2.16946    -4.99194E-03    -11.4824E-03        -2.16943
            5116         2.08902    -9.86095E-03    -11.0565E-03        -2.08897
            5117         1.95715    -14.4872E-03    -10.3584E-03        -1.95707
            5118         1.77711    -18.7566E-03    -9.40525E-03        -1.77698
            5119         1.55332    -22.5643E-03    -8.22049E-03        -1.55314
            5120         1.29133    -25.8163E-03    -6.83331E-03        -1.29105
            5121     997.596E-03    -28.4327E-03    -5.27788E-03    -997.177E-03
            5122     679.434E-03    -30.3489E-03    -3.59248E-03    -678.747E-03
            5123     345.051E-03    -31.5178E-03    -1.81863E-03    -343.604E-03
            5124     31.9107E-03    -31.9107E-03     94.5624E-36    -173.458E-33
            5125     29.8959E-03     29.8959E-03     1.11905E-33    -161.538E-33
            5126     323.271E-03     29.5278E-03    -2.67183E-03    -321.909E-03
            5127     636.548E-03     28.4327E-03    -5.27788E-03    -635.891E-03
            5128     934.627E-03     26.6374E-03    -7.75396E-03    -934.215E-03
            5129         1.20982     24.1863E-03    -10.0391E-03        -1.20954
            5130         1.45528     21.1396E-03    -12.0771E-03        -1.45507
            5131         1.66493     17.5723E-03    -13.8177E-03        -1.66478
            5132         1.83361     13.5724E-03    -15.2180E-03        -1.83350
            5133         1.95716     9.23833E-03    -16.2436E-03        -1.95707
            5134         2.03253     4.67674E-03    -16.8693E-03        -2.03245
            5135         2.05786     305.437E-18    -17.0796E-03        -2.05779
            5136         2.03253    -4.67674E-03    -16.8693E-03        -2.03245
            5137         1.95716    -9.23833E-03    -16.2436E-03        -1.95707
            5138         1.83361    -13.5724E-03    -15.2180E-03        -1.83350
            5139         1.66493    -17.5723E-03    -13.8177E-03        -1.66478
            5140         1.45528    -21.1396E-03    -12.0771E-03        -1.45507
            5141         1.20982    -24.1863E-03    -10.0391E-03        -1.20954
            5142     934.627E-03    -26.6374E-03    -7.75396E-03    -934.215E-03
            5143     636.548E-03    -28.4327E-03    -5.27788E-03    -635.891E-03
            5144     323.271E-03    -29.5278E-03    -2.67183E-03    -321.909E-03
            5145     29.8959E-03    -29.8959E-03     1.11905E-33    -161.538E-33
            5146     27.1449E-03     27.1449E-03     2.11598E-33    -145.640E-33
            5147     293.534E-03     26.8107E-03    -3.45924E-03    -292.287E-03
            5148     577.994E-03     25.8163E-03    -6.83331E-03    -577.376E-03
            5149     848.653E-03     24.1863E-03    -10.0391E-03    -848.249E-03
            5150         1.09853     21.9607E-03    -12.9977E-03        -1.09824
            5151         1.32141     19.1943E-03    -15.6363E-03        -1.32118
            5152         1.51178     15.9554E-03    -17.8898E-03        -1.51159
            5153         1.66495     12.3235E-03    -19.7029E-03        -1.66478
            5154         1.77713     8.38823E-03    -21.0308E-03        -1.77698
            5155         1.84556     4.24639E-03    -21.8408E-03        -1.84543
            5156         1.86856    -624.167E-18    -22.1131E-03        -1.86843
            5157         1.84556    -4.24639E-03    -21.8408E-03        -1.84543
            5158         1.77713    -8.38823E-03    -21.0308E-03        -1.77698
            5159         1.66495    -12.3235E-03    -19.7029E-03        -1.66478
            5160         1.51178    -15.9554E-03    -17.8898E-03        -1.51159
            5161         1.32141    -19.1943E-03    -15.6363E-03        -1.32118
            5162         1.09853    -21.9607E-03    -12.9977E-03        -1.09824
            5163     848.653E-03    -24.1863E-03    -10.0391E-03    -848.249E-03
            5164     577.994E-03    -25.8163E-03    -6.83331E-03    -577.376E-03
            5165     293.534E-03    -26.8107E-03    -3.45924E-03    -292.287E-03
            5166     27.1449E-03    -27.1449E-03     2.11598E-33    -145.640E-33
            5167     23.7255E-03     23.7255E-03     3.06081E-33    -126.156E-33
            5168     256.574E-03     23.4334E-03    -4.16148E-03    -255.468E-03
            5169     505.217E-03     22.5643E-03    -8.22049E-03    -504.646E-03
            5170     741.797E-03     21.1396E-03    -12.0771E-03    -741.397E-03
            5171     960.212E-03     19.1943E-03    -15.6363E-03    -959.893E-03
            5172         1.15503     16.7765E-03    -18.8105E-03        -1.15475
            5173         1.32143     13.9455E-03    -21.5215E-03        -1.32118
            5174         1.45531     10.7711E-03    -23.7026E-03        -1.45507
            5175         1.55336     7.33158E-03    -25.3001E-03        -1.55314
            5176         1.61318     3.71148E-03    -26.2745E-03        -1.61296
            5177         1.63328    -882.288E-18    -26.6021E-03        -1.63307
            5178         1.61318    -3.71148E-03    -26.2745E-03        -1.61296
            5179         1.55336    -7.33158E-03    -25.3001E-03        -1.55314
            5180         1.45531    -10.7711E-03    -23.7026E-03        -1.45507
            5181         1.32143    -13.9455E-03    -21.5215E-03        -1.32118
            5182         1.15503    -16.7765E-03    -18.8105E-03        -1.15475
            5183     960.212E-03    -19.1943E-03    -15.6363E-03    -959.893E-03
            5184     741.797E-03    -21.1396E-03    -12.0771E-03    -741.397E-03
            5185     505.217E-03    -22.5643E-03    -8.22049E-03    -504.646E-03
            5186     256.574E-03    -23.4334E-03    -4.16148E-03    -255.468E-03
            5187     23.7255E-03    -23.7255E-03     3.06081E-33    -126.156E-33
            5188     19.7219E-03     19.7219E-03     3.93027E-33    -103.565E-33
            5189     213.303E-03     19.4791E-03    -4.76124E-03    -212.359E-03
            5190     420.013E-03     18.7566E-03    -9.40525E-03    -419.489E-03
            5191     616.695E-03     17.5723E-03    -13.8177E-03    -616.289E-03
            5192     798.275E-03     15.9554E-03    -17.8898E-03    -797.915E-03
            5193     960.235E-03     13.9455E-03    -21.5215E-03    -959.893E-03
            5194         1.09857     11.5922E-03    -24.6233E-03        -1.09824
            5195         1.20987     8.95356E-03    -27.1187E-03        -1.20954
            5196         1.29139     6.09440E-03    -28.9464E-03        -1.29105
            5197         1.34112     3.08519E-03    -30.0613E-03        -1.34078
            5198         1.35783    -118.384E-18    -30.4360E-03        -1.35749
            5199         1.34112    -3.08519E-03    -30.0613E-03        -1.34078
            5200         1.29139    -6.09440E-03    -28.9464E-03        -1.29105
            5201         1.20987    -8.95356E-03    -27.1187E-03        -1.20954
            5202         1.09857    -11.5922E-03    -24.6233E-03        -1.09824
            5203     960.235E-03    -13.9455E-03    -21.5215E-03    -959.893E-03
            5204     798.275E-03    -15.9554E-03    -17.8898E-03    -797.915E-03
            5205     616.695E-03    -17.5723E-03    -13.8177E-03    -616.289E-03
            5206     420.013E-03    -18.7566E-03    -9.40525E-03    -419.489E-03
            5207     213.303E-03    -19.4791E-03    -4.76124E-03    -212.359E-03
            5208     19.7219E-03    -19.7219E-03     3.93027E-33    -103.565E-33
            5209     15.2327E-03     15.2327E-03     4.70296E-33    -78.4247E-33
            5210     164.793E-03     15.0452E-03    -5.24377E-03    -164.021E-03
            5211     324.492E-03     14.4872E-03    -10.3584E-03    -324.002E-03
            5212     476.443E-03     13.5724E-03    -15.2180E-03    -476.006E-03
            5213     616.727E-03     12.3235E-03    -19.7029E-03    -616.289E-03
            5214     741.854E-03     10.7711E-03    -23.7026E-03    -741.397E-03
            5215     848.730E-03     8.95356E-03    -27.1187E-03    -848.249E-03
            5216     934.718E-03     6.91550E-03    -29.8670E-03    -934.215E-03
            5217     997.697E-03     4.70716E-03    -31.8799E-03    -997.177E-03
            5218         1.03612     2.38292E-03    -33.1079E-03        -1.03559
            5219         1.04903     426.509E-18    -33.5205E-03        -1.04849
            5220         1.03612    -2.38292E-03    -33.1079E-03        -1.03559
            5221     997.697E-03    -4.70716E-03    -31.8799E-03    -997.177E-03
            5222     934.718E-03    -6.91550E-03    -29.8670E-03    -934.215E-03
            5223     848.730E-03    -8.95356E-03    -27.1187E-03    -848.249E-03
            5224     741.854E-03    -10.7711E-03    -23.7026E-03    -741.397E-03
            5225     616.727E-03    -12.3235E-03    -19.7029E-03    -616.289E-03
            5226     476.443E-03    -13.5724E-03    -15.2180E-03    -476.006E-03
            5227     324.492E-03    -14.4872E-03    -10.3584E-03    -324.002E-03
            5228     164.793E-03    -15.0452E-03    -5.24377E-03    -164.021E-03
            5229     15.2327E-03    -15.2327E-03     4.70296E-33    -78.4247E-33
            5230     10.3684E-03     10.3684E-03     5.35984E-33    -51.3531E-33
            5231     112.252E-03     10.2408E-03    -5.59718E-03    -111.644E-03
            5232     221.035E-03     9.86095E-03    -11.0565E-03    -220.538E-03
            5233     324.541E-03     9.23833E-03    -16.2436E-03    -324.002E-03
            5234     420.099E-03     8.38823E-03    -21.0308E-03    -419.489E-03
            5235     505.333E-03     7.33158E-03    -25.3001E-03    -504.646E-03
            5236     578.134E-03     6.09440E-03    -28.9464E-03    -577.376E-03
            5237     636.707E-03     4.70716E-03    -31.8799E-03    -635.891E-03
            5238     679.607E-03     3.20402E-03    -34.0285E-03    -678.747E-03
            5239     705.777E-03     1.62198E-03    -35.3392E-03    -704.890E-03
            5240     714.573E-03     573.024E-18    -35.7797E-03    -713.677E-03
            5241     705.777E-03    -1.62198E-03    -35.3392E-03    -704.890E-03
            5242     679.607E-03    -3.20402E-03    -34.0285E-03    -678.747E-03
            5243     636.707E-03    -4.70716E-03    -31.8799E-03    -635.891E-03
            5244     578.134E-03    -6.09440E-03    -28.9464E-03    -577.376E-03
            5245     505.333E-03    -7.33158E-03    -25.3001E-03    -504.646E-03
            5246     420.099E-03    -8.38823E-03    -21.0308E-03    -419.489E-03
            5247     324.541E-03    -9.23833E-03    -16.2436E-03    -324.002E-03
            5248     221.035E-03    -9.86095E-03    -11.0565E-03    -220.538E-03
            5249     112.252E-03    -10.2408E-03    -5.59718E-03    -111.644E-03
            5250     10.3684E-03    -10.3684E-03     5.35984E-33    -51.3531E-33
            5251     5.24883E-03     5.24883E-03     5.88475E-33    -23.0169E-33
            5252     57.0518E-03     5.18421E-03    -5.81276E-03    -56.5176E-03
            5253     112.344E-03     4.99194E-03    -11.4824E-03    -111.644E-03
            5254     164.952E-03     4.67674E-03    -16.8693E-03    -164.021E-03
            5255     213.521E-03     4.24639E-03    -21.8408E-03    -212.359E-03
            5256     256.842E-03     3.71148E-03    -26.2745E-03    -255.468E-03
            5257     293.845E-03     3.08519E-03    -30.0613E-03    -292.287E-03
            5258     323.615E-03     2.38292E-03    -33.1079E-03    -321.909E-03
            5259     345.420E-03     1.62198E-03    -35.3392E-03    -343.604E-03
            5260     358.722E-03     821.098E-06    -36.7003E-03    -356.838E-03
            5261     363.192E-03     234.605E-18    -37.1578E-03    -361.286E-03
            5262     358.722E-03    -821.098E-06    -36.7003E-03    -356.838E-03
            5263     345.420E-03    -1.62198E-03    -35.3392E-03    -343.604E-03
            5264     323.615E-03    -2.38292E-03    -33.1079E-03    -321.909E-03
            5265     293.845E-03    -3.08519E-03    -30.0613E-03    -292.287E-03
            5266     256.842E-03    -3.71148E-03    -26.2745E-03    -255.468E-03
            5267     213.521E-03    -4.24639E-03    -21.8408E-03    -212.359E-03
            5268     164.952E-03    -4.67674E-03    -16.8693E-03    -164.021E-03
            5269     112.344E-03    -4.99194E-03    -11.4824E-03    -111.644E-03
            5270     57.0518E-03    -5.18421E-03    -5.81276E-03    -56.5176E-03
            5271     5.24883E-03    -5.24883E-03     5.88475E-33    -23.0169E-33
            5272              0.    -11.1496E-33     10.8286E-33    -6.48230E-33
            5273     5.88522E-03    -6.81598E-33    -5.88522E-03    -33.9991E-33
            5274     11.6255E-03    -6.87329E-33    -11.6255E-03    -61.2752E-33
            5275     17.0796E-03    -6.76136E-33    -17.0796E-03    -87.0424E-33
            5276     22.1131E-03    -6.48295E-33    -22.1131E-03    -110.666E-33
            5277     26.6021E-03    -6.04490E-33    -26.6021E-03    -131.565E-33
            5278     30.4360E-03    -5.45801E-33    -30.4360E-03    -149.225E-33
            5279     33.5205E-03    -4.73672E-33    -33.5205E-03    -163.210E-33
            5280     35.7797E-03    -3.89880E-33    -35.7797E-03    -173.176E-33
            5281     37.1578E-03    -2.96488E-33    -37.1578E-03    -178.878E-33
            5282     37.6210E-03    -1.95795E-33    -37.6210E-03    -180.176E-33
            5283     37.1578E-03    -902.811E-36    -37.1578E-03    -177.037E-33
            5284     35.7797E-03     174.558E-36    -35.7797E-03    -169.538E-33
            5285     33.5205E-03     1.24763E-33    -33.5205E-03    -157.865E-33
            5286     30.4360E-03     2.28998E-33    -30.4360E-03    -142.305E-33
            5287     26.6021E-03     3.27594E-33    -26.6021E-03    -123.241E-33
            5288     22.1131E-03     4.18124E-33    -22.1131E-03    -101.143E-33
            5289     17.0796E-03     4.98358E-33    -17.0796E-03    -76.5536E-33
            5290     11.6255E-03     5.66321E-33    -11.6255E-03    -50.0794E-33
            5291     5.88522E-03     6.20340E-33    -5.88522E-03    -22.3722E-33
            5292              0.     11.1496E-33     10.8286E-33    -6.48230E-33
            5293              0.     20.8708E-33     20.1696E-33    -2.74310E-33
            5294     8.61839E-03     57.2192E-33     8.61839E-03    -22.2977E-33
            5295     17.0246E-03     54.7459E-33     17.0246E-03    -38.3086E-33
            5296     25.0115E-03     50.9246E-33     25.0115E-03    -53.3762E-33
            5297     32.3826E-03     45.8493E-33     32.3826E-03    -67.1295E-33
            5298     38.9564E-03     39.6451E-33     38.9564E-03    -79.2299E-33
            5299     44.5709E-03     32.4647E-33     44.5709E-03    -89.3793E-33
            5300     49.0879E-03     24.4849E-33     49.0879E-03    -97.3280E-33
            5301     52.3962E-03     15.9021E-33     52.3962E-03    -102.880E-33
            5302     54.4143E-03     6.92787E-33     54.4143E-03    -105.899E-33
            5303     55.0926E-03    -2.21699E-33     55.0926E-03    -106.310E-33
            5304     54.4143E-03    -11.3073E-33     54.4143E-03    -104.104E-33
            5305     52.3962E-03    -20.1191E-33     52.3962E-03    -99.3340E-33
            5306     49.0879E-03    -28.4356E-33     49.0879E-03    -92.1182E-33
            5307     44.5709E-03    -36.0518E-33     44.5709E-03    -82.6342E-33
            5308     38.9564E-03    -42.7804E-33     38.9564E-03    -71.1155E-33
            5309     32.3826E-03    -48.4555E-33     32.3826E-03    -57.8457E-33
            5310     25.0115E-03    -52.9376E-33     25.0115E-03    -43.1515E-33
            5311     17.0246E-03    -56.1161E-33     17.0246E-03    -27.3948E-33
            5312     8.61839E-03    -57.9129E-33     8.61839E-03    -10.9635E-33
            5313              0.    -20.8708E-33     20.1696E-33    -2.74310E-33
            5314     7.74038E-03     7.74038E-03     55.5183E-33    -22.2523E-33
            5315     57.8402E-03     7.64508E-03     8.51228E-03    -56.6972E-03
            5316     113.493E-03     7.36154E-03     16.8150E-03    -111.998E-03
            5317     166.529E-03     6.89673E-03     24.7036E-03    -164.542E-03
            5318     215.512E-03     6.26210E-03     31.9839E-03    -213.034E-03
            5319     259.210E-03     5.47327E-03     38.4768E-03    -256.280E-03
            5320     296.537E-03     4.54968E-03     44.0221E-03    -293.216E-03
            5321     326.570E-03     3.51406E-03     48.4835E-03    -322.932E-03
            5322     348.567E-03     2.39191E-03     51.7511E-03    -344.696E-03
            5323     361.986E-03     1.21086E-03     53.7444E-03    -357.972E-03
            5324     366.497E-03     98.6960E-18     54.4143E-03    -362.435E-03
            5325     361.986E-03    -1.21086E-03     53.7444E-03    -357.972E-03
            5326     348.567E-03    -2.39191E-03     51.7511E-03    -344.696E-03
            5327     326.570E-03    -3.51406E-03     48.4835E-03    -322.932E-03
            5328     296.537E-03    -4.54968E-03     44.0221E-03    -293.216E-03
            5329     259.210E-03    -5.47327E-03     38.4768E-03    -256.280E-03
            5330     215.512E-03    -6.26210E-03     31.9839E-03    -213.034E-03
            5331     166.529E-03    -6.89673E-03     24.7036E-03    -164.542E-03
            5332     113.493E-03    -7.36154E-03     16.8150E-03    -111.998E-03
            5333     57.8402E-03    -7.64508E-03     8.51228E-03    -56.6972E-03
            5334     7.74038E-03    -7.74038E-03     55.5183E-33    -22.2523E-33
            5335     15.2902E-03     15.2902E-03     53.1111E-33    -38.2189E-33
            5336     113.309E-03     15.1019E-03     8.19657E-03    -111.998E-03
            5337     222.307E-03     14.5418E-03     16.1913E-03    -221.239E-03
            5338     326.186E-03     13.6236E-03     23.7874E-03    -325.032E-03
            5339     422.128E-03     12.3700E-03     30.7977E-03    -420.822E-03
            5340     507.718E-03     10.8118E-03     37.0497E-03    -506.249E-03
            5341     580.830E-03     8.98733E-03     42.3894E-03    -579.211E-03
            5342     639.655E-03     6.94159E-03     46.6854E-03    -637.911E-03
            5343     682.741E-03     4.72492E-03     49.8318E-03    -680.904E-03
            5344     709.025E-03     2.39191E-03     51.7511E-03    -707.130E-03
            5345     717.859E-03     171.709E-18     52.3962E-03    -715.945E-03
            5346     709.025E-03    -2.39191E-03     51.7511E-03    -707.130E-03
            5347     682.741E-03    -4.72492E-03     49.8318E-03    -680.904E-03
            5348     639.655E-03    -6.94159E-03     46.6854E-03    -637.911E-03
            5349     580.830E-03    -8.98733E-03     42.3894E-03    -579.211E-03
            5350     507.718E-03    -10.8118E-03     37.0497E-03    -506.249E-03
            5351     422.128E-03    -12.3700E-03     30.7977E-03    -420.822E-03
            5352     326.186E-03    -13.6236E-03     23.7874E-03    -325.032E-03
            5353     222.307E-03    -14.5418E-03     16.1913E-03    -221.239E-03
            5354     113.309E-03    -15.1019E-03     8.19657E-03    -111.998E-03
            5355     15.2902E-03    -15.2902E-03     53.1111E-33    -38.2189E-33
            5356     22.4635E-03     22.4635E-03     49.3962E-33    -53.2445E-33
            5357     166.208E-03     22.1869E-03     7.67904E-03    -164.542E-03
            5358     326.086E-03     21.3640E-03     15.1690E-03    -325.032E-03
            5359     478.458E-03     20.0151E-03     22.2854E-03    -477.519E-03
            5360     619.187E-03     18.1733E-03     28.8531E-03    -618.248E-03
            5361     744.732E-03     15.8841E-03     34.7104E-03    -743.753E-03
            5362     851.974E-03     13.2037E-03     39.7129E-03    -850.945E-03
            5363     938.259E-03     10.1982E-03     43.7376E-03    -937.184E-03
            5364         1.00146     6.94159E-03     46.6854E-03        -1.00035
            5365         1.04001     3.51406E-03     48.4835E-03        -1.03888
            5366         1.05297     83.1734E-18     49.0879E-03        -1.05183
            5367         1.04001    -3.51406E-03     48.4835E-03        -1.03888
            5368         1.00146    -6.94159E-03     46.6854E-03        -1.00035
            5369     938.259E-03    -10.1982E-03     43.7376E-03    -937.184E-03
            5370     851.974E-03    -13.2037E-03     39.7129E-03    -850.945E-03
            5371     744.732E-03    -15.8841E-03     34.7104E-03    -743.753E-03
            5372     619.187E-03    -18.1733E-03     28.8531E-03    -618.248E-03
            5373     478.458E-03    -20.0151E-03     22.2854E-03    -477.519E-03
            5374     326.086E-03    -21.3640E-03     15.1690E-03    -325.032E-03
            5375     166.208E-03    -22.1869E-03     7.67904E-03    -164.542E-03
            5376     22.4635E-03    -22.4635E-03     49.3962E-33    -53.2445E-33
            5377     29.0836E-03     29.0836E-03     44.4650E-33    -66.9590E-33
            5378     215.075E-03     28.7255E-03     6.97242E-03    -213.034E-03
            5379     421.955E-03     27.6602E-03     13.7732E-03    -420.822E-03
            5380     619.121E-03     25.9137E-03     20.2348E-03    -618.248E-03
            5381     801.225E-03     23.5291E-03     26.1981E-03    -800.451E-03
            5382     963.679E-03     20.5652E-03     31.5164E-03    -962.943E-03
            5383         1.10245     17.0949E-03     36.0586E-03        -1.10173
            5384         1.21410     13.2037E-03     39.7129E-03        -1.21338
            5385         1.29588     8.98733E-03     42.3894E-03        -1.29516
            5386         1.34577     4.54968E-03     44.0221E-03        -1.34504
            5387         1.36254    -80.9875E-18     44.5709E-03        -1.36181
            5388         1.34577    -4.54968E-03     44.0221E-03        -1.34504
            5389         1.29588    -8.98733E-03     42.3894E-03        -1.29516
            5390         1.21410    -13.2037E-03     39.7129E-03        -1.21338
            5391         1.10245    -17.0949E-03     36.0586E-03        -1.10173
            5392     963.679E-03    -20.5652E-03     31.5164E-03    -962.943E-03
            5393     801.225E-03    -23.5291E-03     26.1981E-03    -800.451E-03
            5394     619.121E-03    -25.9137E-03     20.2348E-03    -618.248E-03
            5395     421.955E-03    -27.6602E-03     13.7732E-03    -420.822E-03
            5396     215.075E-03    -28.7255E-03     6.97242E-03    -213.034E-03
            5397     29.0836E-03    -29.0836E-03     44.4650E-33    -66.9590E-33
            5398     34.9876E-03     34.9876E-03     38.4389E-33    -79.0248E-33
            5399     258.671E-03     34.5569E-03     6.09412E-03    -256.280E-03
            5400     507.485E-03     33.2752E-03     12.0382E-03    -506.249E-03
            5401     744.616E-03     31.1742E-03     17.6858E-03    -743.753E-03
            5402     963.632E-03     28.3056E-03     22.8980E-03    -962.943E-03
            5403         1.15901     24.7400E-03     27.5463E-03        -1.15842
            5404         1.32591     20.5652E-03     31.5164E-03        -1.32538
            5405         1.46020     15.8841E-03     34.7104E-03        -1.45970
            5406         1.55855     10.8118E-03     37.0497E-03        -1.55808
            5407         1.61855     5.47327E-03     38.4768E-03        -1.61809
            5408         1.63872     69.8394E-18     38.9564E-03        -1.63826
            5409         1.61855    -5.47327E-03     38.4768E-03        -1.61809
            5410         1.55855    -10.8118E-03     37.0497E-03        -1.55808
            5411         1.46020    -15.8841E-03     34.7104E-03        -1.45970
            5412         1.32591    -20.5652E-03     31.5164E-03        -1.32538
            5413         1.15901    -24.7400E-03     27.5463E-03        -1.15842
            5414     963.632E-03    -28.3056E-03     22.8980E-03    -962.943E-03
            5415     744.616E-03    -31.1742E-03     17.6858E-03    -743.753E-03
            5416     507.485E-03    -33.2752E-03     12.0382E-03    -506.249E-03
            5417     258.671E-03    -34.5569E-03     6.09412E-03    -256.280E-03
            5418     34.9876E-03    -34.9876E-03     38.4389E-33    -79.0248E-33
            5419     40.0302E-03     40.0302E-03     31.4663E-33    -89.1447E-33
            5420     295.913E-03     39.5373E-03     5.06576E-03    -293.216E-03
            5421     580.548E-03     38.0710E-03     10.0068E-03    -579.211E-03
            5422     851.819E-03     35.6671E-03     14.7014E-03    -850.945E-03
            5423         1.10237     32.3851E-03     19.0340E-03        -1.10173
            5424         1.32588     28.3056E-03     22.8980E-03        -1.32538
            5425         1.51680     23.5291E-03     26.1981E-03        -1.51640
            5426         1.67042     18.1733E-03     28.8531E-03        -1.67007
            5427         1.78294     12.3700E-03     30.7977E-03        -1.78263
            5428         1.85158     6.26210E-03     31.9839E-03        -1.85129
            5429         1.87465    -69.6091E-18     32.3826E-03        -1.87437
            5430         1.85158    -6.26210E-03     31.9839E-03        -1.85129
            5431         1.78294    -12.3700E-03     30.7977E-03        -1.78263
            5432         1.67042    -18.1733E-03     28.8531E-03        -1.67007
            5433         1.51680    -23.5291E-03     26.1981E-03        -1.51640
            5434         1.32588    -28.3056E-03     22.8980E-03        -1.32538
            5435         1.10237    -32.3851E-03     19.0340E-03        -1.10173
            5436     851.819E-03    -35.6671E-03     14.7014E-03    -850.945E-03
            5437     580.548E-03    -38.0710E-03     10.0068E-03    -579.211E-03
            5438     295.913E-03    -39.5373E-03     5.06576E-03    -293.216E-03
            5439     40.0302E-03    -40.0302E-03     31.4663E-33    -89.1447E-33
            5440     44.0870E-03     44.0870E-03     23.7189E-33    -97.0695E-33
            5441     325.878E-03     43.5442E-03     3.91267E-03    -322.932E-03
            5442     639.335E-03     41.9292E-03     7.72899E-03    -637.911E-03
            5443     938.075E-03     39.2818E-03     11.3550E-03    -937.184E-03
            5444         1.21399     35.6671E-03     14.7014E-03        -1.21338
            5445         1.46014     31.1742E-03     17.6858E-03        -1.45970
            5446         1.67040     25.9137E-03     20.2348E-03        -1.67007
            5447         1.83957     20.0151E-03     22.2854E-03        -1.83933
            5448         1.96348     13.6236E-03     23.7874E-03        -1.96329
            5449         2.03907     6.89673E-03     24.7036E-03        -2.03891
            5450         2.06448    -207.204E-18     25.0115E-03        -2.06432
            5451         2.03907    -6.89673E-03     24.7036E-03        -2.03891
            5452         1.96348    -13.6236E-03     23.7874E-03        -1.96329
            5453         1.83957    -20.0151E-03     22.2854E-03        -1.83933
            5454         1.67040    -25.9137E-03     20.2348E-03        -1.67007
            5455         1.46014    -31.1742E-03     17.6858E-03        -1.45970
            5456         1.21399    -35.6671E-03     14.7014E-03        -1.21338
            5457     938.075E-03    -39.2818E-03     11.3550E-03    -937.184E-03
            5458     639.335E-03    -41.9292E-03     7.72899E-03    -637.911E-03
            5459     325.878E-03    -43.5442E-03     3.91267E-03    -322.932E-03
            5460     44.0870E-03    -44.0870E-03     23.7189E-33    -97.0695E-33
            5461     47.0583E-03     47.0583E-03     15.3875E-33    -102.604E-33
            5462     347.825E-03     46.4789E-03     2.66323E-03    -344.696E-03
            5463     682.393E-03     44.7551E-03     5.26088E-03    -680.904E-03
            5464         1.00125     41.9292E-03     7.72899E-03        -1.00035
            5465         1.29575     38.0710E-03     10.0068E-03        -1.29516
            5466         1.55848     33.2752E-03     12.0382E-03        -1.55808
            5467         1.78290     27.6602E-03     13.7732E-03        -1.78263
            5468         1.96346     21.3640E-03     15.1690E-03        -1.96329
            5469         2.09572     14.5418E-03     16.1913E-03        -2.09561
            5470         2.17640     7.36154E-03     16.8150E-03        -2.17632
            5471         2.20352    -265.205E-18     17.0246E-03        -2.20345
            5472         2.17640    -7.36154E-03     16.8150E-03        -2.17632
            5473         2.09572    -14.5418E-03     16.1913E-03        -2.09561
            5474         1.96346    -21.3640E-03     15.1690E-03        -1.96329
            5475         1.78290    -27.6602E-03     13.7732E-03        -1.78263
            5476         1.55848    -33.2752E-03     12.0382E-03        -1.55808
            5477         1.29575    -38.0710E-03     10.0068E-03        -1.29516
            5478         1.00125    -41.9292E-03     7.72899E-03        -1.00035
            5479     682.393E-03    -44.7551E-03     5.26088E-03    -680.904E-03
            5480     347.825E-03    -46.4789E-03     2.66323E-03    -344.696E-03
            5481     47.0583E-03    -47.0583E-03     15.3875E-33    -102.604E-33
            5482     48.8708E-03     48.8708E-03     6.67714E-33    -105.612E-33
            5483     361.215E-03     48.2691E-03     1.34821E-03    -357.972E-03
            5484     708.661E-03     46.4789E-03     2.66323E-03    -707.130E-03
            5485         1.03980     43.5442E-03     3.91267E-03        -1.03888
            5486         1.34563     39.5373E-03     5.06576E-03        -1.34504
            5487         1.61847     34.5569E-03     6.09412E-03        -1.61809
            5488         1.85153     28.7255E-03     6.97242E-03        -1.85129
            5489         2.03904     22.1869E-03     7.67904E-03        -2.03891
            5490         2.17639     15.1019E-03     8.19657E-03        -2.17632
            5491         2.26018     7.64508E-03     8.51228E-03        -2.26015
            5492         2.28834    -90.3975E-18     8.61839E-03        -2.28832
            5493         2.26018    -7.64508E-03     8.51228E-03        -2.26015
            5494         2.17639    -15.1019E-03     8.19657E-03        -2.17632
            5495         2.03904    -22.1869E-03     7.67904E-03        -2.03891
            5496         1.85153    -28.7255E-03     6.97242E-03        -1.85129
            5497         1.61847    -34.5569E-03     6.09412E-03        -1.61809
            5498         1.34563    -39.5373E-03     5.06576E-03        -1.34504
            5499         1.03980    -43.5442E-03     3.91267E-03        -1.03888
            5500     708.661E-03    -46.4789E-03     2.66323E-03    -707.130E-03
            5501     361.215E-03    -48.2691E-03     1.34821E-03    -357.972E-03
            5502     48.8708E-03    -48.8708E-03     6.67714E-33    -105.612E-33
            5503     49.4800E-03     49.4800E-03    -2.19760E-33    -106.020E-33
            5504     365.715E-03     48.8708E-03     66.5205E-18    -362.435E-03
            5505     717.490E-03     47.0583E-03    -67.7142E-18    -715.945E-03
            5506         1.05275     44.0870E-03    -82.5980E-18        -1.05183
            5507         1.36240     40.0302E-03     122.270E-18        -1.36181
            5508         1.63863     34.9876E-03     55.8948E-18        -1.63826
            5509         1.87459     29.0836E-03    -86.3138E-18        -1.87437
            5510         2.06445     22.4635E-03     129.483E-18        -2.06432
            5511         2.20350     15.2902E-03     615.692E-18        -2.20345
            5512         2.28833     7.74038E-03     879.826E-18        -2.28832
            5513         2.31685    -457.017E-18     580.780E-18        -2.31685
            5514         2.28833    -7.74038E-03     73.7800E-18        -2.28832
            5515         2.20350    -15.2902E-03     129.260E-18        -2.20345
            5516         2.06445    -22.4635E-03     307.506E-18        -2.06432
            5517         1.87459    -29.0836E-03     420.770E-18        -1.87437
            5518         1.63863    -34.9876E-03     291.636E-18        -1.63826
            5519         1.36240    -40.0302E-03     423.680E-18        -1.36181
            5520         1.05275    -44.0870E-03     614.444E-18        -1.05183
            5521     717.490E-03    -47.0583E-03     351.945E-18    -715.945E-03
            5522     365.715E-03    -48.8708E-03     118.862E-18    -362.435E-03
            5523     49.4800E-03    -49.4800E-03    -2.19760E-33    -106.020E-33
            5524     48.8708E-03     48.8708E-03    -11.0182E-33    -103.817E-33
            5525     361.215E-03     48.2691E-03    -1.34821E-03    -357.972E-03
            5526     708.661E-03     46.4789E-03    -2.66323E-03    -707.130E-03
            5527         1.03980     43.5442E-03    -3.91267E-03        -1.03888
            5528         1.34563     39.5373E-03    -5.06576E-03        -1.34504
            5529         1.61847     34.5569E-03    -6.09412E-03        -1.61809
            5530         1.85153     28.7255E-03    -6.97242E-03        -1.85129
            5531         2.03904     22.1869E-03    -7.67904E-03        -2.03891
            5532         2.17639     15.1019E-03    -8.19657E-03        -2.17632
            5533         2.26018     7.64508E-03    -8.51228E-03        -2.26015
            5534         2.28834    -594.543E-18    -8.61839E-03        -2.28832
            5535         2.26018    -7.64508E-03    -8.51228E-03        -2.26015
            5536         2.17639    -15.1019E-03    -8.19657E-03        -2.17632
            5537         2.03904    -22.1869E-03    -7.67904E-03        -2.03891
            5538         1.85153    -28.7255E-03    -6.97242E-03        -1.85129
            5539         1.61847    -34.5569E-03    -6.09412E-03        -1.61809
            5540         1.34563    -39.5373E-03    -5.06576E-03        -1.34504
            5541         1.03980    -43.5442E-03    -3.91267E-03        -1.03888
            5542     708.661E-03    -46.4789E-03    -2.66323E-03    -707.130E-03
            5543     361.215E-03    -48.2691E-03    -1.34821E-03    -357.972E-03
            5544     48.8708E-03    -48.8708E-03    -11.0182E-33    -103.817E-33
            5545     47.0583E-03     47.0583E-03    -19.5675E-33    -99.0581E-33
            5546     347.825E-03     46.4789E-03    -2.66323E-03    -344.696E-03
            5547     682.393E-03     44.7551E-03    -5.26088E-03    -680.904E-03
            5548         1.00125     41.9292E-03    -7.72899E-03        -1.00035
            5549         1.29575     38.0710E-03    -10.0068E-03        -1.29516
            5550         1.55848     33.2752E-03    -12.0382E-03        -1.55808
            5551         1.78290     27.6602E-03    -13.7732E-03        -1.78263
            5552         1.96346     21.3640E-03    -15.1690E-03        -1.96329
            5553         2.09572     14.5418E-03    -16.1913E-03        -2.09561
            5554         2.17640     7.36154E-03    -16.8150E-03        -2.17632
            5555         2.20352    -45.4256E-18    -17.0246E-03        -2.20345
            5556         2.17640    -7.36154E-03    -16.8150E-03        -2.17632
            5557         2.09572    -14.5418E-03    -16.1913E-03        -2.09561
            5558         1.96346    -21.3640E-03    -15.1690E-03        -1.96329
            5559         1.78290    -27.6602E-03    -13.7732E-03        -1.78263
            5560         1.55848    -33.2752E-03    -12.0382E-03        -1.55808
            5561         1.29575    -38.0710E-03    -10.0068E-03        -1.29516
            5562         1.00125    -41.9292E-03    -7.72899E-03        -1.00035
            5563     682.393E-03    -44.7551E-03    -5.26088E-03    -680.904E-03
            5564     347.825E-03    -46.4789E-03    -2.66323E-03    -344.696E-03
            5565     47.0583E-03    -47.0583E-03    -19.5675E-33    -99.0581E-33
            5566     44.0870E-03     44.0870E-03    -27.6350E-33    -91.8598E-33
            5567     325.878E-03     43.5442E-03    -3.91267E-03    -322.932E-03
            5568     639.335E-03     41.9292E-03    -7.72899E-03    -637.911E-03
            5569     938.075E-03     39.2818E-03    -11.3550E-03    -937.184E-03
            5570         1.21399     35.6671E-03    -14.7014E-03        -1.21338
            5571         1.46014     31.1742E-03    -17.6858E-03        -1.45970
            5572         1.67040     25.9137E-03    -20.2348E-03        -1.67007
            5573         1.83957     20.0151E-03    -22.2854E-03        -1.83933
            5574         1.96348     13.6236E-03    -23.7874E-03        -1.96329
            5575         2.03907     6.89673E-03    -24.7036E-03        -2.03891
            5576         2.06448     245.691E-18    -25.0115E-03        -2.06432
            5577         2.03907    -6.89673E-03    -24.7036E-03        -2.03891
            5578         1.96348    -13.6236E-03    -23.7874E-03        -1.96329
            5579         1.83957    -20.0151E-03    -22.2854E-03        -1.83933
            5580         1.67040    -25.9137E-03    -20.2348E-03        -1.67007
            5581         1.46014    -31.1742E-03    -17.6858E-03        -1.45970
            5582         1.21399    -35.6671E-03    -14.7014E-03        -1.21338
            5583     938.075E-03    -39.2818E-03    -11.3550E-03    -937.184E-03
            5584     639.335E-03    -41.9292E-03    -7.72899E-03    -637.911E-03
            5585     325.878E-03    -43.5442E-03    -3.91267E-03    -322.932E-03
            5586     44.0870E-03    -44.0870E-03    -27.6350E-33    -91.8598E-33
            5587     40.0302E-03     40.0302E-03    -35.0221E-33    -82.3996E-33
            5588     295.913E-03     39.5373E-03    -5.06576E-03    -293.216E-03
            5589     580.548E-03     38.0710E-03    -10.0068E-03    -579.211E-03
            5590     851.819E-03     35.6671E-03    -14.7014E-03    -850.945E-03
            5591         1.10237     32.3851E-03    -19.0340E-03        -1.10173
            5592         1.32588     28.3056E-03    -22.8980E-03        -1.32538
            5593         1.51680     23.5291E-03    -26.1981E-03        -1.51640
            5594         1.67042     18.1733E-03    -28.8531E-03        -1.67007
            5595         1.78294     12.3700E-03    -30.7977E-03        -1.78263
            5596         1.85158     6.26210E-03    -31.9839E-03        -1.85129
            5597         1.87465    -29.6884E-18    -32.3826E-03        -1.87437
            5598         1.85158    -6.26210E-03    -31.9839E-03        -1.85129
            5599         1.78294    -12.3700E-03    -30.7977E-03        -1.78263
            5600         1.67042    -18.1733E-03    -28.8531E-03        -1.67007
            5601         1.51680    -23.5291E-03    -26.1981E-03        -1.51640
            5602         1.32588    -28.3056E-03    -22.8980E-03        -1.32538
            5603         1.10237    -32.3851E-03    -19.0340E-03        -1.10173
            5604     851.819E-03    -35.6671E-03    -14.7014E-03    -850.945E-03
            5605     580.548E-03    -38.0710E-03    -10.0068E-03    -579.211E-03
            5606     295.913E-03    -39.5373E-03    -5.06576E-03    -293.216E-03
            5607     40.0302E-03    -40.0302E-03    -35.0221E-33    -82.3996E-33
            5608     34.9876E-03     34.9876E-03    -41.5467E-33    -70.9104E-33
            5609     258.671E-03     34.5569E-03    -6.09412E-03    -256.280E-03
            5610     507.485E-03     33.2752E-03    -12.0382E-03    -506.249E-03
            5611     744.616E-03     31.1742E-03    -17.6858E-03    -743.753E-03
            5612     963.632E-03     28.3056E-03    -22.8980E-03    -962.943E-03
            5613         1.15901     24.7400E-03    -27.5463E-03        -1.15842
            5614         1.32591     20.5652E-03    -31.5164E-03        -1.32538
            5615         1.46020     15.8841E-03    -34.7104E-03        -1.45970
            5616         1.55855     10.8118E-03    -37.0497E-03        -1.55808
            5617         1.61855     5.47327E-03    -38.4768E-03        -1.61809
            5618         1.63872    -23.3028E-18    -38.9564E-03        -1.63826
            5619         1.61855    -5.47327E-03    -38.4768E-03        -1.61809
            5620         1.55855    -10.8118E-03    -37.0497E-03        -1.55808
            5621         1.46020    -15.8841E-03    -34.7104E-03        -1.45970
            5622         1.32591    -20.5652E-03    -31.5164E-03        -1.32538
            5623         1.15901    -24.7400E-03    -27.5463E-03        -1.15842
            5624     963.632E-03    -28.3056E-03    -22.8980E-03    -962.943E-03
            5625     744.616E-03    -31.1742E-03    -17.6858E-03    -743.753E-03
            5626     507.485E-03    -33.2752E-03    -12.0382E-03    -506.249E-03
            5627     258.671E-03    -34.5569E-03    -6.09412E-03    -256.280E-03
            5628     34.9876E-03    -34.9876E-03    -41.5467E-33    -70.9104E-33
            5629     29.0836E-03     29.0836E-03    -47.0484E-33    -57.6752E-33
            5630     215.075E-03     28.7255E-03    -6.97242E-03    -213.034E-03
            5631     421.955E-03     27.6602E-03    -13.7732E-03    -420.822E-03
            5632     619.121E-03     25.9137E-03    -20.2348E-03    -618.248E-03
            5633     801.225E-03     23.5291E-03    -26.1981E-03    -800.451E-03
            5634     963.679E-03     20.5652E-03    -31.5164E-03    -962.943E-03
            5635         1.10245     17.0949E-03    -36.0586E-03        -1.10173
            5636         1.21410     13.2037E-03    -39.7129E-03        -1.21338
            5637         1.29588     8.98733E-03    -42.3894E-03        -1.29516
            5638         1.34577     4.54968E-03    -44.0221E-03        -1.34504
            5639         1.36254     314.949E-18    -44.5709E-03        -1.36181
            5640         1.34577    -4.54968E-03    -44.0221E-03        -1.34504
            5641         1.29588    -8.98733E-03    -42.3894E-03        -1.29516
            5642         1.21410    -13.2037E-03    -39.7129E-03        -1.21338
            5643         1.10245    -17.0949E-03    -36.0586E-03        -1.10173
            5644     963.679E-03    -20.5652E-03    -31.5164E-03    -962.943E-03
            5645     801.225E-03    -23.5291E-03    -26.1981E-03    -800.451E-03
            5646     619.121E-03    -25.9137E-03    -20.2348E-03    -618.248E-03
            5647     421.955E-03    -27.6602E-03    -13.7732E-03    -420.822E-03
            5648     215.075E-03    -28.7255E-03    -6.97242E-03    -213.034E-03
            5649     29.0836E-03    -29.0836E-03    -47.0484E-33    -57.6752E-33
            5650     22.4635E-03     22.4635E-03    -51.3916E-33    -43.0198E-33
            5651     166.208E-03     22.1869E-03    -7.67904E-03    -164.542E-03
            5652     326.086E-03     21.3640E-03    -15.1690E-03    -325.032E-03
            5653     478.458E-03     20.0151E-03    -22.2854E-03    -477.519E-03
            5654     619.187E-03     18.1733E-03    -28.8531E-03    -618.248E-03
            5655     744.732E-03     15.8841E-03    -34.7104E-03    -743.753E-03
            5656     851.974E-03     13.2037E-03    -39.7129E-03    -850.945E-03
            5657     938.259E-03     10.1982E-03    -43.7376E-03    -937.184E-03
            5658         1.00146     6.94159E-03    -46.6854E-03        -1.00035
            5659         1.04001     3.51406E-03    -48.4835E-03        -1.03888
            5660         1.05297     521.932E-18    -49.0879E-03        -1.05183
            5661         1.04001    -3.51406E-03    -48.4835E-03        -1.03888
            5662         1.00146    -6.94159E-03    -46.6854E-03        -1.00035
            5663     938.259E-03    -10.1982E-03    -43.7376E-03    -937.184E-03
            5664     851.974E-03    -13.2037E-03    -39.7129E-03    -850.945E-03
            5665     744.732E-03    -15.8841E-03    -34.7104E-03    -743.753E-03
            5666     619.187E-03    -18.1733E-03    -28.8531E-03    -618.248E-03
            5667     478.458E-03    -20.0151E-03    -22.2854E-03    -477.519E-03
            5668     326.086E-03    -21.3640E-03    -15.1690E-03    -325.032E-03
            5669     166.208E-03    -22.1869E-03    -7.67904E-03    -164.542E-03
            5670     22.4635E-03    -22.4635E-03    -51.3916E-33    -43.0198E-33
            5671     15.2902E-03     15.2902E-03    -54.4693E-33    -27.3051E-33
            5672     113.309E-03     15.1019E-03    -8.19657E-03    -111.998E-03
            5673     222.307E-03     14.5418E-03    -16.1913E-03    -221.239E-03
            5674     326.186E-03     13.6236E-03    -23.7874E-03    -325.032E-03
            5675     422.128E-03     12.3700E-03    -30.7977E-03    -420.822E-03
            5676     507.718E-03     10.8118E-03    -37.0497E-03    -506.249E-03
            5677     580.830E-03     8.98733E-03    -42.3894E-03    -579.211E-03
            5678     639.655E-03     6.94159E-03    -46.6854E-03    -637.911E-03
            5679     682.741E-03     4.72492E-03    -49.8318E-03    -680.904E-03
            5680     709.025E-03     2.39191E-03    -51.7511E-03    -707.130E-03
            5681     717.859E-03     395.779E-18    -52.3962E-03    -715.945E-03
            5682     709.025E-03    -2.39191E-03    -51.7511E-03    -707.130E-03
            5683     682.741E-03    -4.72492E-03    -49.8318E-03    -680.904E-03
            5684     639.655E-03    -6.94159E-03    -46.6854E-03    -637.911E-03
            5685     580.830E-03    -8.98733E-03    -42.3894E-03    -579.211E-03
            5686     507.718E-03    -10.8118E-03    -37.0497E-03    -506.249E-03
            5687     422.128E-03    -12.3700E-03    -30.7977E-03    -420.822E-03
            5688     326.186E-03    -13.6236E-03    -23.7874E-03    -325.032E-03
            5689     222.307E-03    -14.5418E-03    -16.1913E-03    -221.239E-03
            5690     113.309E-03    -15.1019E-03    -8.19657E-03    -111.998E-03
            5691     15.2902E-03    -15.2902E-03    -54.4693E-33    -27.3051E-33
            5692     7.74038E-03     7.74038E-03    -56.2058E-33    -10.9181E-33
            5693     57.8402E-03     7.64508E-03    -8.51228E-03    -56.6972E-03
            5694     113.493E-03     7.36154E-03    -16.8150E-03    -111.998E-03
            5695     166.529E-03     6.89673E-03    -24.7036E-03    -164.542E-03
            5696     215.512E-03     6.26210E-03    -31.9839E-03    -213.034E-03
            5697     259.210E-03     5.47327E-03    -38.4768E-03    -256.280E-03
            5698     296.537E-03     4.54968E-03    -44.0221E-03    -293.216E-03
            5699     326.570E-03     3.51406E-03    -48.4835E-03    -322.932E-03
            5700     348.567E-03     2.39191E-03    -51.7511E-03    -344.696E-03
            5701     361.986E-03     1.21086E-03    -53.7444E-03    -357.972E-03
            5702     366.497E-03     307.286E-18    -54.4143E-03    -362.435E-03
            5703     361.986E-03    -1.21086E-03    -53.7444E-03    -357.972E-03
            5704     348.567E-03    -2.39191E-03    -51.7511E-03    -344.696E-03
            5705     326.570E-03    -3.51406E-03    -48.4835E-03    -322.932E-03
            5706     296.537E-03    -4.54968E-03    -44.0221E-03    -293.216E-03
            5707     259.210E-03    -5.47327E-03    -38.4768E-03    -256.280E-03
            5708     215.512E-03    -6.26210E-03    -31.9839E-03    -213.034E-03
            5709     166.529E-03    -6.89673E-03    -24.7036E-03    -164.542E-03
            5710     113.493E-03    -7.36154E-03    -16.8150E-03    -111.998E-03
            5711     57.8402E-03    -7.64508E-03    -8.51228E-03    -56.6972E-03
            5712     7.74038E-03    -7.74038E-03    -56.2058E-33    -10.9181E-33
            5713              0.     20.8708E-33    -20.1696E-33    -2.74310E-33
            5714     8.61839E-03     57.2192E-33    -8.61839E-03    -22.2977E-33
            5715     17.0246E-03     54.7459E-33    -17.0246E-03    -38.3086E-33
            5716     25.0115E-03     50.9246E-33    -25.0115E-03    -53.3762E-33
            5717     32.3826E-03     45.8493E-33    -32.3826E-03    -67.1295E-33
            5718     38.9564E-03     39.6451E-33    -38.9564E-03    -79.2299E-33
            5719     44.5709E-03     32.4647E-33    -44.5709E-03    -89.3793E-33
            5720     49.0879E-03     24.4849E-33    -49.0879E-03    -97.3280E-33
            5721     52.3962E-03     15.9021E-33    -52.3962E-03    -102.880E-33
            5722     54.4143E-03     6.92787E-33    -54.4143E-03    -105.899E-33
            5723     55.0926E-03    -2.21699E-33    -55.0926E-03    -106.310E-33
            5724     54.4143E-03    -11.3073E-33    -54.4143E-03    -104.104E-33
            5725     52.3962E-03    -20.1191E-33    -52.3962E-03    -99.3340E-33
            5726     49.0879E-03    -28.4356E-33    -49.0879E-03    -92.1182E-33
            5727     44.5709E-03    -36.0518E-33    -44.5709E-03    -82.6342E-33
            5728     38.9564E-03    -42.7804E-33    -38.9564E-03    -71.1155E-33
            5729     32.3826E-03    -48.4555E-33    -32.3826E-03    -57.8457E-33
            5730     25.0115E-03    -52.9376E-33    -25.0115E-03    -43.1515E-33
            5731     17.0246E-03    -56.1161E-33    -17.0246E-03    -27.3948E-33
            5732     8.61839E-03    -57.9129E-33    -8.61839E-03    -10.9635E-33
            5733              0.    -20.8708E-33    -20.1696E-33    -2.74310E-33
            5734              0.     26.5174E-33     31.9518E-33    -2.80053E-33
            5735     10.0344E-03     101.642E-33     10.0344E-03    -4.33638E-33
            5736     19.8216E-03     97.7879E-33     19.8216E-03    -10.0695E-33
            5737     29.1208E-03     91.5254E-33     29.1208E-03    -15.5547E-33
            5738     37.7030E-03     83.0093E-33     37.7030E-03    -20.6569E-33
            5739     45.3568E-03     72.4492E-33     45.3568E-03    -25.2504E-33
            5740     51.8937E-03     60.1052E-33     51.8937E-03    -29.2222E-33
            5741     57.1529E-03     46.2811E-33     57.1529E-03    -32.4745E-33
            5742     61.0047E-03     31.3175E-33     61.0047E-03    -34.9271E-33
            5743     63.3544E-03     15.5828E-33     63.3544E-03    -36.5197E-33
            5744     64.1442E-03    -535.696E-36     64.1442E-03    -37.2130E-33
            5745     63.3544E-03    -16.6410E-33     63.3544E-03    -36.9901E-33
            5746     61.0047E-03    -32.3365E-33     61.0047E-03    -35.8563E-33
            5747     57.1529E-03    -47.2358E-33     57.1529E-03    -33.8396E-33
            5748     51.8937E-03    -60.9719E-33     51.8937E-03    -30.9897E-33
            5749     45.3568E-03    -73.2068E-33     45.3568E-03    -27.3767E-33
            5750     37.7030E-03    -83.6390E-33     37.7030E-03    -23.0897E-33
            5751     29.1208E-03    -92.0118E-33     29.1208E-03    -18.2340E-33
            5752     19.8216E-03    -98.1190E-33     19.8216E-03    -12.9294E-33
            5753     10.0344E-03    -101.810E-33     10.0344E-03    -7.30642E-33
            5754              0.    -26.5174E-33     31.9518E-33    -2.80053E-33
            5755     9.13035E-03     9.13035E-03     106.937E-33    -5.06819E-33
            5756     58.2564E-03     9.01794E-03     9.91082E-03    -56.6944E-03
            5757     114.022E-03     8.68347E-03     19.5776E-03    -111.993E-03
            5758     167.227E-03     8.13520E-03     28.7623E-03    -164.534E-03
            5759     216.380E-03     7.38661E-03     37.2388E-03    -213.023E-03
            5760     260.233E-03     6.45613E-03     44.7983E-03    -256.267E-03
            5761     297.696E-03     5.36668E-03     51.2548E-03    -293.201E-03
            5762     327.839E-03     4.14509E-03     56.4492E-03    -322.915E-03
            5763     349.917E-03     2.82143E-03     60.2536E-03    -344.679E-03
            5764     363.386E-03     1.42830E-03     62.5744E-03    -357.955E-03
            5765     367.912E-03     72.2949E-18     63.3544E-03    -362.417E-03
            5766     363.386E-03    -1.42830E-03     62.5744E-03    -357.955E-03
            5767     349.917E-03    -2.82143E-03     60.2536E-03    -344.679E-03
            5768     327.839E-03    -4.14509E-03     56.4492E-03    -322.915E-03
            5769     297.696E-03    -5.36668E-03     51.2548E-03    -293.201E-03
            5770     260.233E-03    -6.45613E-03     44.7983E-03    -256.267E-03
            5771     216.380E-03    -7.38661E-03     37.2388E-03    -213.023E-03
            5772     167.227E-03    -8.13520E-03     28.7623E-03    -164.534E-03
            5773     114.022E-03    -8.68347E-03     19.5776E-03    -111.993E-03
            5774     58.2564E-03    -9.01794E-03     9.91082E-03    -56.6944E-03
            5775     9.13035E-03    -9.13035E-03     106.937E-33    -5.06819E-33
            5776     18.0359E-03     18.0359E-03     100.759E-33    -11.5151E-33
            5777     113.802E-03     17.8138E-03     9.54324E-03    -111.993E-03
            5778     222.691E-03     17.1531E-03     18.8515E-03    -221.228E-03
            5779     326.589E-03     16.0701E-03     27.6956E-03    -325.016E-03
            5780     422.578E-03     14.5913E-03     35.8577E-03    -420.801E-03
            5781     508.219E-03     12.7533E-03     43.1368E-03    -506.224E-03
            5782     581.378E-03     10.6012E-03     49.3539E-03    -579.183E-03
            5783     640.244E-03     8.18811E-03     54.3556E-03    -637.880E-03
            5784     683.360E-03     5.57339E-03     58.0189E-03    -680.870E-03
            5785     709.663E-03     2.82143E-03     60.2536E-03    -707.095E-03
            5786     718.504E-03     132.835E-18     61.0047E-03    -715.909E-03
            5787     709.663E-03    -2.82143E-03     60.2536E-03    -707.095E-03
            5788     683.360E-03    -5.57339E-03     58.0189E-03    -680.870E-03
            5789     640.244E-03    -8.18811E-03     54.3556E-03    -637.880E-03
            5790     581.378E-03    -10.6012E-03     49.3539E-03    -579.183E-03
            5791     508.219E-03    -12.7533E-03     43.1368E-03    -506.224E-03
            5792     422.578E-03    -14.5913E-03     35.8577E-03    -420.801E-03
            5793     326.589E-03    -16.0701E-03     27.6956E-03    -325.016E-03
            5794     222.691E-03    -17.1531E-03     18.8515E-03    -221.228E-03
            5795     113.802E-03    -17.8138E-03     9.54324E-03    -111.993E-03
            5796     18.0359E-03    -18.0359E-03     100.759E-33    -11.5151E-33
            5797     26.4973E-03     26.4973E-03     92.0987E-33    -17.6785E-33
            5798     166.842E-03     26.1711E-03     8.94068E-03    -164.534E-03
            5799     326.470E-03     25.2004E-03     17.6612E-03    -325.016E-03
            5800     478.782E-03     23.6093E-03     25.9469E-03    -477.495E-03
            5801     619.500E-03     21.4368E-03     33.5936E-03    -618.217E-03
            5802     745.049E-03     18.7364E-03     40.4132E-03    -743.716E-03
            5803     852.300E-03     15.5747E-03     46.2376E-03    -850.903E-03
            5804     938.597E-03     12.0295E-03     50.9236E-03    -937.137E-03
            5805         1.00181     8.18811E-03     54.3556E-03        -1.00030
            5806         1.04037     4.14509E-03     56.4492E-03        -1.03882
            5807         1.05333     86.9363E-18     57.1529E-03        -1.05177
            5808         1.04037    -4.14509E-03     56.4492E-03        -1.03882
            5809         1.00181    -8.18811E-03     54.3556E-03        -1.00030
            5810     938.597E-03    -12.0295E-03     50.9236E-03    -937.137E-03
            5811     852.300E-03    -15.5747E-03     46.2376E-03    -850.903E-03
            5812     745.049E-03    -18.7364E-03     40.4132E-03    -743.716E-03
            5813     619.500E-03    -21.4368E-03     33.5936E-03    -618.217E-03
            5814     478.782E-03    -23.6093E-03     25.9469E-03    -477.495E-03
            5815     326.470E-03    -25.2004E-03     17.6612E-03    -325.016E-03
            5816     166.842E-03    -26.1711E-03     8.94068E-03    -164.534E-03
            5817     26.4973E-03    -26.4973E-03     92.0987E-33    -17.6785E-33
            5818     34.3063E-03     34.3063E-03     81.1710E-33    -23.4066E-33
            5819     215.854E-03     33.8839E-03     8.11796E-03    -213.023E-03
            5820     422.368E-03     32.6272E-03     16.0360E-03    -420.801E-03
            5821     619.420E-03     30.5671E-03     23.5593E-03    -618.217E-03
            5822     801.472E-03     27.7544E-03     30.5024E-03    -800.411E-03
            5823     963.900E-03     24.2582E-03     36.6944E-03    -962.896E-03
            5824         1.10265     20.1647E-03     41.9829E-03        -1.10167
            5825         1.21430     15.5747E-03     46.2376E-03        -1.21332
            5826         1.29608     10.6012E-03     49.3539E-03        -1.29509
            5827         1.34596     5.36668E-03     51.2548E-03        -1.34497
            5828         1.36273    -30.9573E-18     51.8937E-03        -1.36174
            5829         1.34596    -5.36668E-03     51.2548E-03        -1.34497
            5830         1.29608    -10.6012E-03     49.3539E-03        -1.29509
            5831         1.21430    -15.5747E-03     46.2376E-03        -1.21332
            5832         1.10265    -20.1647E-03     41.9829E-03        -1.10167
            5833     963.900E-03    -24.2582E-03     36.6944E-03    -962.896E-03
            5834     801.472E-03    -27.7544E-03     30.5024E-03    -800.411E-03
            5835     619.420E-03    -30.5671E-03     23.5593E-03    -618.217E-03
            5836     422.368E-03    -32.6272E-03     16.0360E-03    -420.801E-03
            5837     215.854E-03    -33.8839E-03     8.11796E-03    -213.023E-03
            5838     34.3063E-03    -34.3063E-03     81.1710E-33    -23.4066E-33
            5839     41.2705E-03     41.2705E-03     68.2446E-33    -28.5583E-33
            5840     259.586E-03     40.7624E-03     7.09536E-03    -256.267E-03
            5841     507.937E-03     39.2506E-03     14.0160E-03    -506.224E-03
            5842     744.909E-03     36.7723E-03     20.5915E-03    -743.716E-03
            5843     963.843E-03     33.3885E-03     26.6600E-03    -962.896E-03
            5844         1.15918     29.1827E-03     32.0721E-03        -1.15837
            5845         1.32604     24.2582E-03     36.6944E-03        -1.32531
            5846         1.46031     18.7364E-03     40.4132E-03        -1.45963
            5847         1.55865     12.7533E-03     43.1368E-03        -1.55800
            5848         1.61864     6.45613E-03     44.7983E-03        -1.61801
            5849         1.63880     54.6144E-18     45.3568E-03        -1.63818
            5850         1.61864    -6.45613E-03     44.7983E-03        -1.61801
            5851         1.55865    -12.7533E-03     43.1368E-03        -1.55800
            5852         1.46031    -18.7364E-03     40.4132E-03        -1.45963
            5853         1.32604    -24.2582E-03     36.6944E-03        -1.32531
            5854         1.15918    -29.1827E-03     32.0721E-03        -1.15837
            5855     963.843E-03    -33.3885E-03     26.6600E-03    -962.896E-03
            5856     744.909E-03    -36.7723E-03     20.5915E-03    -743.716E-03
            5857     507.937E-03    -39.2506E-03     14.0160E-03    -506.224E-03
            5858     259.586E-03    -40.7624E-03     7.09536E-03    -256.267E-03
            5859     41.2705E-03    -41.2705E-03     68.2446E-33    -28.5583E-33
            5860     47.2185E-03     47.2185E-03     53.6378E-33    -33.0069E-33
            5861     296.946E-03     46.6372E-03     5.89805E-03    -293.201E-03
            5862     581.038E-03     44.9075E-03     11.6509E-03    -579.183E-03
            5863     852.114E-03     42.0720E-03     17.1168E-03    -850.903E-03
            5864         1.10256     38.2006E-03     22.1613E-03        -1.10167
            5865         1.32600     33.3885E-03     26.6600E-03        -1.32531
            5866         1.51688     27.7544E-03     30.5024E-03        -1.51632
            5867         1.67047     21.4368E-03     33.5936E-03        -1.66999
            5868         1.78296     14.5913E-03     35.8577E-03        -1.78254
            5869         1.85159     7.38660E-03     37.2388E-03        -1.85120
            5870         1.87465    -73.3486E-18     37.7030E-03        -1.87427
            5871         1.85159    -7.38660E-03     37.2388E-03        -1.85120
            5872         1.78296    -14.5913E-03     35.8577E-03        -1.78254
            5873         1.67047    -21.4368E-03     33.5936E-03        -1.66999
            5874         1.51688    -27.7544E-03     30.5024E-03        -1.51632
            5875         1.32600    -33.3885E-03     26.6600E-03        -1.32531
            5876         1.10256    -38.2006E-03     22.1613E-03        -1.10167
            5877     852.114E-03    -42.0720E-03     17.1168E-03    -850.903E-03
            5878     581.038E-03    -44.9075E-03     11.6509E-03    -579.183E-03
            5879     296.946E-03    -46.6372E-03     5.89805E-03    -293.201E-03
            5880     47.2185E-03    -47.2185E-03     53.6378E-33    -33.0069E-33
            5881     52.0039E-03     52.0039E-03     37.7102E-33    -36.6427E-33
            5882     327.007E-03     51.3636E-03     4.55550E-03    -322.915E-03
            5883     639.858E-03     49.4586E-03     8.99883E-03    -637.880E-03
            5884     938.375E-03     46.3358E-03     13.2206E-03    -937.137E-03
            5885         1.21417     42.0720E-03     17.1168E-03        -1.21332
            5886         1.46023     36.7723E-03     20.5915E-03        -1.45963
            5887         1.67044     30.5671E-03     23.5593E-03        -1.66999
            5888         1.83957     23.6093E-03     25.9469E-03        -1.83924
            5889         1.96345     16.0701E-03     27.6956E-03        -1.96319
            5890         2.03903     8.13520E-03     28.7623E-03        -2.03881
            5891         2.06443    -146.615E-18     29.1208E-03        -2.06422
            5892         2.03903    -8.13520E-03     28.7623E-03        -2.03881
            5893         1.96345    -16.0701E-03     27.6956E-03        -1.96319
            5894         1.83957    -23.6093E-03     25.9469E-03        -1.83924
            5895         1.67044    -30.5671E-03     23.5593E-03        -1.66999
            5896         1.46023    -36.7723E-03     20.5915E-03        -1.45963
            5897         1.21417    -42.0720E-03     17.1168E-03        -1.21332
            5898     938.375E-03    -46.3358E-03     13.2206E-03    -937.137E-03
            5899     639.858E-03    -49.4586E-03     8.99883E-03    -637.880E-03
            5900     327.007E-03    -51.3636E-03     4.55550E-03    -322.915E-03
            5901     52.0039E-03    -52.0039E-03     37.7102E-33    -36.6427E-33
            5902     55.5087E-03     55.5087E-03     20.8542E-33    -39.3762E-33
            5903     349.025E-03     54.8253E-03     3.10079E-03    -344.679E-03
            5904     682.941E-03     52.7919E-03     6.12522E-03    -680.870E-03
            5905         1.00156     49.4586E-03     8.99883E-03        -1.00030
            5906         1.29592     44.9075E-03     11.6509E-03        -1.29509
            5907         1.55856     39.2506E-03     14.0160E-03        -1.55800
            5908         1.78291     32.6272E-03     16.0360E-03        -1.78254
            5909         1.96343     25.2004E-03     17.6612E-03        -1.96319
            5910         2.09566     17.1531E-03     18.8515E-03        -2.09550
            5911         2.17632     8.68347E-03     19.5776E-03        -2.17621
            5912         2.20343    -261.484E-18     19.8216E-03        -2.20334
            5913         2.17632    -8.68347E-03     19.5776E-03        -2.17621
            5914         2.09566    -17.1531E-03     18.8515E-03        -2.09550
            5915         1.96343    -25.2004E-03     17.6612E-03        -1.96319
            5916         1.78291    -32.6272E-03     16.0360E-03        -1.78254
            5917         1.55856    -39.2506E-03     14.0160E-03        -1.55800
            5918         1.29592    -44.9075E-03     11.6509E-03        -1.29509
            5919         1.00156    -49.4586E-03     8.99883E-03        -1.00030
            5920     682.941E-03    -52.7919E-03     6.12522E-03    -680.870E-03
            5921     349.025E-03    -54.8253E-03     3.10079E-03    -344.679E-03
            5922     55.5087E-03    -55.5087E-03     20.8542E-33    -39.3762E-33
            5923     57.6467E-03     57.6467E-03     3.48457E-33    -41.1402E-33
            5924     362.458E-03     56.9370E-03     1.56972E-03    -357.955E-03
            5925     709.224E-03     54.8253E-03     3.10079E-03    -707.095E-03
            5926         1.04010     51.3636E-03     4.55550E-03        -1.03882
            5927         1.34580     46.6372E-03     5.89805E-03        -1.34497
            5928         1.61854     40.7624E-03     7.09536E-03        -1.61801
            5929         1.85153     33.8839E-03     8.11796E-03        -1.85120
            5930         2.03900     26.1711E-03     8.94068E-03        -2.03881
            5931         2.17631     17.8138E-03     9.54324E-03        -2.17621
            5932         2.26008     9.01794E-03     9.91082E-03        -2.26004
            5933         2.28823    -157.479E-18     10.0344E-03        -2.28821
            5934         2.26008    -9.01794E-03     9.91082E-03        -2.26004
            5935         2.17631    -17.8138E-03     9.54324E-03        -2.17621
            5936         2.03900    -26.1711E-03     8.94068E-03        -2.03881
            5937         1.85153    -33.8839E-03     8.11796E-03        -1.85120
            5938         1.61854    -40.7624E-03     7.09536E-03        -1.61801
            5939         1.34580    -46.6372E-03     5.89805E-03        -1.34497
            5940         1.04010    -51.3636E-03     4.55550E-03        -1.03882
            5941     709.224E-03    -54.8253E-03     3.10079E-03    -707.095E-03
            5942     362.458E-03    -56.9370E-03     1.56972E-03    -357.955E-03
            5943     57.6467E-03    -57.6467E-03     3.48457E-33    -41.1402E-33
            5944     58.3653E-03     58.3653E-03    -13.9708E-33    -41.8911E-33
            5945     366.973E-03     57.6467E-03    -39.2669E-18    -362.417E-03
            5946     718.058E-03     55.5087E-03    -76.1943E-18    -715.909E-03
            5947         1.05306     52.0039E-03    -70.2623E-18        -1.05177
            5948         1.36256     47.2185E-03     40.8560E-18        -1.36174
            5949         1.63870     41.2705E-03     64.9721E-18        -1.63818
            5950         1.87459     34.3063E-03     78.1627E-18        -1.87427
            5951         2.06439     26.4973E-03     150.267E-18        -2.06422
            5952         2.20342     18.0359E-03     294.064E-18        -2.20334
            5953         2.28823     9.13035E-03     477.359E-18        -2.28821
            5954         2.31673    -386.357E-18     378.343E-18        -2.31673
            5955         2.28823    -9.13035E-03     108.805E-18        -2.28821
            5956         2.20342    -18.0359E-03     233.224E-18        -2.20334
            5957         2.06439    -26.4973E-03     239.563E-18        -2.06422
            5958         1.87459    -34.3063E-03     384.004E-18        -1.87427
            5959         1.63870    -41.2705E-03     329.235E-18        -1.63818
            5960         1.36256    -47.2185E-03     383.429E-18        -1.36174
            5961         1.05306    -52.0039E-03     456.431E-18        -1.05177
            5962     718.058E-03    -55.5087E-03     276.247E-18    -715.909E-03
            5963     366.973E-03    -57.6467E-03     123.434E-18    -362.417E-03
            5964     58.3653E-03    -58.3653E-03    -13.9708E-33    -41.8911E-33
            5965     57.6467E-03     57.6467E-03    -31.0822E-33    -41.6106E-33
            5966     362.458E-03     56.9370E-03    -1.56972E-03    -357.955E-03
            5967     709.224E-03     54.8253E-03    -3.10079E-03    -707.095E-03
            5968         1.04010     51.3636E-03    -4.55550E-03        -1.03882
            5969         1.34580     46.6372E-03    -5.89805E-03        -1.34497
            5970         1.61854     40.7624E-03    -7.09536E-03        -1.61801
            5971         1.85153     33.8839E-03    -8.11796E-03        -1.85120
            5972         2.03900     26.1711E-03    -8.94068E-03        -2.03881
            5973         2.17631     17.8138E-03    -9.54324E-03        -2.17621
            5974         2.26008     9.01794E-03    -9.91082E-03        -2.26004
            5975         2.28823    -429.084E-18    -10.0344E-03        -2.28821
            5976         2.26008    -9.01794E-03    -9.91082E-03        -2.26004
            5977         2.17631    -17.8138E-03    -9.54324E-03        -2.17621
            5978         2.03900    -26.1711E-03    -8.94068E-03        -2.03881
            5979         1.85153    -33.8839E-03    -8.11796E-03        -1.85120
            5980         1.61854    -40.7624E-03    -7.09536E-03        -1.61801
            5981         1.34580    -46.6372E-03    -5.89805E-03        -1.34497
            5982         1.04010    -51.3636E-03    -4.55550E-03        -1.03882
            5983     709.224E-03    -54.8253E-03    -3.10079E-03    -707.095E-03
            5984     362.458E-03    -56.9370E-03    -1.56972E-03    -357.955E-03
            5985     57.6467E-03    -57.6467E-03    -31.0822E-33    -41.6106E-33
            5986     55.5087E-03     55.5087E-03    -47.4282E-33    -40.3055E-33
            5987     349.025E-03     54.8253E-03    -3.10079E-03    -344.679E-03
            5988     682.941E-03     52.7919E-03    -6.12522E-03    -680.870E-03
            5989         1.00156     49.4586E-03    -8.99883E-03        -1.00030
            5990         1.29592     44.9075E-03    -11.6509E-03        -1.29509
            5991         1.55856     39.2506E-03    -14.0160E-03        -1.55800
            5992         1.78291     32.6272E-03    -16.0360E-03        -1.78254
            5993         1.96343     25.2004E-03    -17.6612E-03        -1.96319
            5994         2.09566     17.1531E-03    -18.8515E-03        -2.09550
            5995         2.17632     8.68347E-03    -19.5776E-03        -2.17621
            5996         2.20343    -89.8113E-18    -19.8216E-03        -2.20334
            5997         2.17632    -8.68347E-03    -19.5776E-03        -2.17621
            5998         2.09566    -17.1531E-03    -18.8515E-03        -2.09550
            5999         1.96343    -25.2004E-03    -17.6612E-03        -1.96319
            6000         1.78291    -32.6272E-03    -16.0360E-03        -1.78254
            6001         1.55856    -39.2506E-03    -14.0160E-03        -1.55800
            6002         1.29592    -44.9075E-03    -11.6509E-03        -1.29509
            6003         1.00156    -49.4586E-03    -8.99883E-03        -1.00030
            6004     682.941E-03    -52.7919E-03    -6.12522E-03    -680.870E-03
            6005     349.025E-03    -54.8253E-03    -3.10079E-03    -344.679E-03
            6006     55.5087E-03    -55.5087E-03    -47.4282E-33    -40.3055E-33
            6007     52.0039E-03     52.0039E-03    -62.6064E-33    -38.0079E-33
            6008     327.007E-03     51.3636E-03    -4.55550E-03    -322.915E-03
            6009     639.858E-03     49.4586E-03    -8.99883E-03    -637.880E-03
            6010     938.375E-03     46.3358E-03    -13.2206E-03    -937.137E-03
            6011         1.21417     42.0720E-03    -17.1168E-03        -1.21332
            6012         1.46023     36.7723E-03    -20.5915E-03        -1.45963
            6013         1.67044     30.5671E-03    -23.5593E-03        -1.66999
            6014         1.83957     23.6093E-03    -25.9469E-03        -1.83924
            6015         1.96345     16.0701E-03    -27.6956E-03        -1.96319
            6016         2.03903     8.13520E-03    -28.7623E-03        -2.03881
            6017         2.06443     128.408E-18    -29.1208E-03        -2.06422
            6018         2.03903    -8.13520E-03    -28.7623E-03        -2.03881
            6019         1.96345    -16.0701E-03    -27.6956E-03        -1.96319
            6020         1.83957    -23.6093E-03    -25.9469E-03        -1.83924
            6021         1.67044    -30.5671E-03    -23.5593E-03        -1.66999
            6022         1.46023    -36.7723E-03    -20.5915E-03        -1.45963
            6023         1.21417    -42.0720E-03    -17.1168E-03        -1.21332
            6024     938.375E-03    -46.3358E-03    -13.2206E-03    -937.137E-03
            6025     639.858E-03    -49.4586E-03    -8.99883E-03    -637.880E-03
            6026     327.007E-03    -51.3636E-03    -4.55550E-03    -322.915E-03
            6027     52.0039E-03    -52.0039E-03    -62.6064E-33    -38.0079E-33
            6028     47.2185E-03     47.2185E-03    -76.2430E-33    -34.7744E-33
            6029     296.946E-03     46.6372E-03    -5.89805E-03    -293.201E-03
            6030     581.038E-03     44.9075E-03    -11.6509E-03    -579.183E-03
            6031     852.114E-03     42.0720E-03    -17.1168E-03    -850.903E-03
            6032         1.10256     38.2006E-03    -22.1613E-03        -1.10167
            6033         1.32600     33.3885E-03    -26.6600E-03        -1.32531
            6034         1.51688     27.7544E-03    -30.5024E-03        -1.51632
            6035         1.67047     21.4368E-03    -33.5936E-03        -1.66999
            6036         1.78296     14.5913E-03    -35.8577E-03        -1.78254
            6037         1.85159     7.38660E-03    -37.2388E-03        -1.85120
            6038         1.87465     30.7994E-18    -37.7030E-03        -1.87427
            6039         1.85159    -7.38660E-03    -37.2388E-03        -1.85120
            6040         1.78296    -14.5913E-03    -35.8577E-03        -1.78254
            6041         1.67047    -21.4368E-03    -33.5936E-03        -1.66999
            6042         1.51688    -27.7544E-03    -30.5024E-03        -1.51632
            6043         1.32600    -33.3885E-03    -26.6600E-03        -1.32531
            6044         1.10256    -38.2006E-03    -22.1613E-03        -1.10167
            6045     852.114E-03    -42.0720E-03    -17.1168E-03    -850.903E-03
            6046     581.038E-03    -44.9075E-03    -11.6509E-03    -579.183E-03
            6047     296.946E-03    -46.6372E-03    -5.89805E-03    -293.201E-03
            6048     47.2185E-03    -47.2185E-03    -76.2430E-33    -34.7744E-33
            6049     41.2705E-03     41.2705E-03    -88.0023E-33    -30.6847E-33
            6050     259.586E-03     40.7624E-03    -7.09536E-03    -256.267E-03
            6051     507.937E-03     39.2506E-03    -14.0160E-03    -506.224E-03
            6052     744.909E-03     36.7723E-03    -20.5915E-03    -743.716E-03
            6053     963.843E-03     33.3885E-03    -26.6600E-03    -962.896E-03
            6054         1.15918     29.1827E-03    -32.0721E-03        -1.15837
            6055         1.32604     24.2582E-03    -36.6944E-03        -1.32531
            6056         1.46031     18.7364E-03    -40.4132E-03        -1.45963
            6057         1.55865     12.7533E-03    -43.1368E-03        -1.55800
            6058         1.61864     6.45613E-03    -44.7983E-03        -1.61801
            6059         1.63880     50.4320E-18    -45.3568E-03        -1.63818
            6060         1.61864    -6.45613E-03    -44.7983E-03        -1.61801
            6061         1.55865    -12.7533E-03    -43.1368E-03        -1.55800
            6062         1.46031    -18.7364E-03    -40.4132E-03        -1.45963
            6063         1.32604    -24.2582E-03    -36.6944E-03        -1.32531
            6064         1.15918    -29.1827E-03    -32.0721E-03        -1.15837
            6065     963.843E-03    -33.3885E-03    -26.6600E-03    -962.896E-03
            6066     744.909E-03    -36.7723E-03    -20.5915E-03    -743.716E-03
            6067     507.937E-03    -39.2506E-03    -14.0160E-03    -506.224E-03
            6068     259.586E-03    -40.7624E-03    -7.09536E-03    -256.267E-03
            6069     41.2705E-03    -41.2705E-03    -88.0023E-33    -30.6847E-33
            6070     34.3063E-03     34.3063E-03    -97.5946E-33    -25.8394E-33
            6071     215.854E-03     33.8839E-03    -8.11796E-03    -213.023E-03
            6072     422.368E-03     32.6272E-03    -16.0360E-03    -420.801E-03
            6073     619.420E-03     30.5671E-03    -23.5593E-03    -618.217E-03
            6074     801.472E-03     27.7544E-03    -30.5024E-03    -800.411E-03
            6075     963.900E-03     24.2582E-03    -36.6944E-03    -962.896E-03
            6076         1.10265     20.1647E-03    -41.9829E-03        -1.10167
            6077         1.21430     15.5747E-03    -46.2376E-03        -1.21332
            6078         1.29608     10.6012E-03    -49.3539E-03        -1.29509
            6079         1.34596     5.36668E-03    -51.2548E-03        -1.34497
            6080         1.36273     269.673E-18    -51.8937E-03        -1.36174
            6081         1.34596    -5.36668E-03    -51.2548E-03        -1.34497
            6082         1.29608    -10.6012E-03    -49.3539E-03        -1.29509
            6083         1.21430    -15.5747E-03    -46.2376E-03        -1.21332
            6084         1.10265    -20.1647E-03    -41.9829E-03        -1.10167
            6085     963.900E-03    -24.2582E-03    -36.6944E-03    -962.896E-03
            6086     801.472E-03    -27.7544E-03    -30.5024E-03    -800.411E-03
            6087     619.420E-03    -30.5671E-03    -23.5593E-03    -618.217E-03
            6088     422.368E-03    -32.6272E-03    -16.0360E-03    -420.801E-03
            6089     215.854E-03    -33.8839E-03    -8.11796E-03    -213.023E-03
            6090     34.3063E-03    -34.3063E-03    -97.5946E-33    -25.8394E-33
            6091     26.4973E-03     26.4973E-03    -104.784E-33    -20.3578E-33
            6092     166.842E-03     26.1711E-03    -8.94068E-03    -164.534E-03
            6093     326.470E-03     25.2004E-03    -17.6612E-03    -325.016E-03
            6094     478.782E-03     23.6093E-03    -25.9469E-03    -477.495E-03
            6095     619.500E-03     21.4368E-03    -33.5936E-03    -618.217E-03
            6096     745.049E-03     18.7364E-03    -40.4132E-03    -743.716E-03
            6097     852.300E-03     15.5747E-03    -46.2376E-03    -850.903E-03
            6098     938.597E-03     12.0295E-03    -50.9236E-03    -937.137E-03
            6099         1.00181     8.18811E-03    -54.3556E-03        -1.00030
            6100         1.04037     4.14509E-03    -56.4492E-03        -1.03882
            6101         1.05333     401.828E-18    -57.1529E-03        -1.05177
            6102         1.04037    -4.14509E-03    -56.4492E-03        -1.03882
            6103         1.00181    -8.18811E-03    -54.3556E-03        -1.00030
            6104     938.597E-03    -12.0295E-03    -50.9236E-03    -937.137E-03
            6105     852.300E-03    -15.5747E-03    -46.2376E-03    -850.903E-03
            6106     745.049E-03    -18.7364E-03    -40.4132E-03    -743.716E-03
            6107     619.500E-03    -21.4368E-03    -33.5936E-03    -618.217E-03
            6108     478.782E-03    -23.6093E-03    -25.9469E-03    -477.495E-03
            6109     326.470E-03    -25.2004E-03    -17.6612E-03    -325.016E-03
            6110     166.842E-03    -26.1711E-03    -8.94068E-03    -164.534E-03
            6111     26.4973E-03    -26.4973E-03    -104.784E-33    -20.3578E-33
            6112     18.0359E-03     18.0359E-03    -109.393E-33    -14.3750E-33
            6113     113.802E-03     17.8138E-03    -9.54324E-03    -111.993E-03
            6114     222.691E-03     17.1531E-03    -18.8515E-03    -221.228E-03
            6115     326.589E-03     16.0701E-03    -27.6956E-03    -325.016E-03
            6116     422.578E-03     14.5913E-03    -35.8577E-03    -420.801E-03
            6117     508.219E-03     12.7533E-03    -43.1368E-03    -506.224E-03
            6118     581.378E-03     10.6012E-03    -49.3539E-03    -579.183E-03
            6119     640.244E-03     8.18811E-03    -54.3556E-03    -637.880E-03
            6120     683.360E-03     5.57339E-03    -58.0189E-03    -680.870E-03
            6121     709.663E-03     2.82143E-03    -60.2536E-03    -707.095E-03
            6122     718.504E-03     297.132E-18    -61.0047E-03    -715.909E-03
            6123     709.663E-03    -2.82143E-03    -60.2536E-03    -707.095E-03
            6124     683.360E-03    -5.57339E-03    -58.0189E-03    -680.870E-03
            6125     640.244E-03    -8.18811E-03    -54.3556E-03    -637.880E-03
            6126     581.378E-03    -10.6012E-03    -49.3539E-03    -579.183E-03
            6127     508.219E-03    -12.7533E-03    -43.1368E-03    -506.224E-03
            6128     422.578E-03    -14.5913E-03    -35.8577E-03    -420.801E-03
            6129     326.589E-03    -16.0701E-03    -27.6956E-03    -325.016E-03
            6130     222.691E-03    -17.1531E-03    -18.8515E-03    -221.228E-03
            6131     113.802E-03    -17.8138E-03    -9.54324E-03    -111.993E-03
            6132     18.0359E-03    -18.0359E-03    -109.393E-33    -14.3750E-33
            6133     9.13035E-03     9.13035E-03    -111.309E-33    -8.03824E-33
            6134     58.2564E-03     9.01794E-03    -9.91082E-03    -56.6944E-03
            6135     114.022E-03     8.68347E-03    -19.5776E-03    -111.993E-03
            6136     167.227E-03     8.13520E-03    -28.7623E-03    -164.534E-03
            6137     216.380E-03     7.38661E-03    -37.2388E-03    -213.023E-03
            6138     260.233E-03     6.45613E-03    -44.7983E-03    -256.267E-03
            6139     297.696E-03     5.36668E-03    -51.2548E-03    -293.201E-03
            6140     327.839E-03     4.14509E-03    -56.4492E-03    -322.915E-03
            6141     349.917E-03     2.82143E-03    -60.2536E-03    -344.679E-03
            6142     363.386E-03     1.42830E-03    -62.5744E-03    -357.955E-03
            6143     367.912E-03     220.632E-18    -63.3544E-03    -362.417E-03
            6144     363.386E-03    -1.42830E-03    -62.5744E-03    -357.955E-03
            6145     349.917E-03    -2.82143E-03    -60.2536E-03    -344.679E-03
            6146     327.839E-03    -4.14509E-03    -56.4492E-03    -322.915E-03
            6147     297.696E-03    -5.36668E-03    -51.2548E-03    -293.201E-03
            6148     260.233E-03    -6.45613E-03    -44.7983E-03    -256.267E-03
            6149     216.380E-03    -7.38661E-03    -37.2388E-03    -213.023E-03
            6150     167.227E-03    -8.13520E-03    -28.7623E-03    -164.534E-03
            6151     114.022E-03    -8.68347E-03    -19.5776E-03    -111.993E-03
            6152     58.2564E-03    -9.01794E-03    -9.91082E-03    -56.6944E-03
            6153     9.13035E-03    -9.13035E-03    -111.309E-33    -8.03824E-33
            6154              0.     26.5174E-33    -31.9518E-33    -2.80053E-33
            6155     10.0344E-03     101.642E-33    -10.0344E-03    -4.33638E-33
            6156     19.8216E-03     97.7879E-33    -19.8216E-03    -10.0695E-33
            6157     29.1208E-03     91.5254E-33    -29.1208E-03    -15.5547E-33
            6158     37.7030E-03     83.0093E-33    -37.7030E-03    -20.6569E-33
            6159     45.3568E-03     72.4492E-33    -45.3568E-03    -25.2504E-33
            6160     51.8937E-03     60.1052E-33    -51.8937E-03    -29.2222E-33
            6161     57.1529E-03     46.2811E-33    -57.1529E-03    -32.4745E-33
            6162     61.0047E-03     31.3175E-33    -61.0047E-03    -34.9271E-33
            6163     63.3544E-03     15.5828E-33    -63.3544E-03    -36.5197E-33
            6164     64.1442E-03    -535.696E-36    -64.1442E-03    -37.2130E-33
            6165     63.3544E-03    -16.6410E-33    -63.3544E-03    -36.9901E-33
            6166     61.0047E-03    -32.3365E-33    -61.0047E-03    -35.8563E-33
            6167     57.1529E-03    -47.2358E-33    -57.1529E-03    -33.8396E-33
            6168     51.8937E-03    -60.9719E-33    -51.8937E-03    -30.9897E-33
            6169     45.3568E-03    -73.2068E-33    -45.3568E-03    -27.3767E-33
            6170     37.7030E-03    -83.6390E-33    -37.7030E-03    -23.0897E-33
            6171     29.1208E-03    -92.0118E-33    -29.1208E-03    -18.2340E-33
            6172     19.8216E-03    -98.1190E-33    -19.8216E-03    -12.9294E-33
            6173     10.0344E-03    -101.810E-33    -10.0344E-03    -7.30642E-33
            6174              0.    -26.5174E-33    -31.9518E-33    -2.80053E-33
            6175              0.     38.4178E-33     37.5524E-33    -2.93594E-33
            6176     11.4387E-03     124.227E-33     11.4387E-03    -4.10562E-33
            6177     22.5956E-03     117.059E-33     22.5956E-03    -9.97934E-33
            6178     33.1963E-03     107.010E-33     33.1963E-03    -15.6073E-33
            6179     42.9795E-03     94.3249E-33     42.9795E-03    -20.8510E-33
            6180     51.7044E-03     79.3176E-33     51.7044E-03    -25.5813E-33
            6181     59.1562E-03     62.3573E-33     59.1562E-03    -29.6817E-33
            6182     65.1513E-03     43.8616E-33     65.1513E-03    -33.0512E-33
            6183     69.5423E-03     24.2858E-33     69.5423E-03    -35.6069E-33
            6184     72.2208E-03     4.11200E-33     72.2208E-03    -37.2858E-33
            6185     73.1211E-03    -16.1630E-33     73.1211E-03    -38.0466E-33
            6186     72.2208E-03    -36.0401E-33     72.2208E-03    -37.8706E-33
            6187     69.5423E-03    -55.0297E-33     69.5423E-03    -36.7621E-33
            6188     65.1513E-03    -72.6643E-33     65.1513E-03    -34.7484E-33
            6189     59.1562E-03    -88.5096E-33     59.1562E-03    -31.8790E-33
            6190     51.7044E-03    -102.176E-33     51.7044E-03    -28.2247E-33
            6191     42.9795E-03    -113.326E-33     42.9795E-03    -23.8754E-33
            6192     33.1963E-03    -121.685E-33     33.1963E-03    -18.9383E-33
            6193     22.5956E-03    -127.049E-33     22.5956E-03    -13.5348E-33
            6194     11.4387E-03    -129.284E-33     11.4387E-03    -7.79798E-33
            6195              0.    -38.4178E-33     37.5524E-33    -2.93594E-33
            6196     10.5468E-03     10.5468E-03     123.707E-33    -4.04155E-33
            6197     58.7370E-03     10.4170E-03     11.2978E-03    -56.6911E-03
            6198     114.628E-03     10.0306E-03     22.3175E-03    -111.986E-03
            6199     168.022E-03     9.39728E-03     32.7876E-03    -164.524E-03
            6200     217.367E-03     8.53255E-03     42.4503E-03    -213.011E-03
            6201     261.398E-03     7.45772E-03     51.0678E-03    -256.252E-03
            6202     299.014E-03     6.19926E-03     58.4279E-03    -293.184E-03
            6203     329.281E-03     4.78815E-03     64.3492E-03    -322.897E-03
            6204     351.451E-03     3.25914E-03     68.6861E-03    -344.659E-03
            6205     364.976E-03     1.64988E-03     71.3317E-03    -357.934E-03
            6206     369.522E-03     48.7383E-18     72.2208E-03    -362.395E-03
            6207     364.976E-03    -1.64988E-03     71.3317E-03    -357.934E-03
            6208     351.451E-03    -3.25914E-03     68.6861E-03    -344.659E-03
            6209     329.281E-03    -4.78815E-03     64.3492E-03    -322.897E-03
            6210     299.014E-03    -6.19926E-03     58.4279E-03    -293.184E-03
            6211     261.398E-03    -7.45772E-03     51.0678E-03    -256.252E-03
            6212     217.367E-03    -8.53255E-03     42.4503E-03    -213.011E-03
            6213     168.022E-03    -9.39728E-03     32.7876E-03    -164.524E-03
            6214     114.628E-03    -10.0306E-03     22.3175E-03    -111.986E-03
            6215     58.7370E-03    -10.4170E-03     11.2978E-03    -56.6911E-03
            6216     10.5468E-03    -10.5468E-03     123.707E-33    -4.04155E-33
            6217     20.8339E-03     20.8339E-03     118.936E-33    -9.85278E-33
            6218     114.380E-03     20.5774E-03     10.8788E-03    -111.986E-03
            6219     223.138E-03     19.8142E-03     21.4897E-03    -221.215E-03
            6220     327.054E-03     18.5632E-03     31.5715E-03    -324.997E-03
            6221     423.093E-03     16.8550E-03     40.8759E-03    -420.776E-03
            6222     508.791E-03     14.7318E-03     49.1738E-03    -506.195E-03
            6223     582.004E-03     12.2459E-03     56.2609E-03    -579.149E-03
            6224     640.915E-03     9.45840E-03     61.9626E-03    -637.843E-03
            6225     684.066E-03     6.43804E-03     66.1386E-03    -680.831E-03
            6226     710.390E-03     3.25914E-03     68.6861E-03    -707.054E-03
            6227     719.238E-03     103.186E-18     69.5423E-03    -715.868E-03
            6228     710.390E-03    -3.25914E-03     68.6861E-03    -707.054E-03
            6229     684.066E-03    -6.43804E-03     66.1386E-03    -680.831E-03
            6230     640.915E-03    -9.45840E-03     61.9626E-03    -637.843E-03
            6231     582.004E-03    -12.2459E-03     56.2609E-03    -579.149E-03
            6232     508.791E-03    -14.7318E-03     49.1738E-03    -506.195E-03
            6233     423.093E-03    -16.8550E-03     40.8759E-03    -420.776E-03
            6234     327.054E-03    -18.5632E-03     31.5715E-03    -324.997E-03
            6235     223.138E-03    -19.8142E-03     21.4897E-03    -221.215E-03
            6236     114.380E-03    -20.5774E-03     10.8788E-03    -111.986E-03
            6237     20.8339E-03    -20.8339E-03     118.936E-33    -9.85278E-33
            6238     30.6080E-03     30.6080E-03     111.236E-33    -15.4214E-33
            6239     167.589E-03     30.2312E-03     10.1919E-03    -164.524E-03
            6240     326.919E-03     29.1100E-03     20.1329E-03    -324.997E-03
            6241     479.160E-03     27.2720E-03     29.5781E-03    -477.468E-03
            6242     619.861E-03     24.7624E-03     38.2950E-03    -618.181E-03
            6243     745.413E-03     21.6431E-03     46.0690E-03    -743.673E-03
            6244     852.674E-03     17.9910E-03     52.7085E-03    -850.853E-03
            6245     938.982E-03     13.8958E-03     58.0503E-03    -937.083E-03
            6246         1.00220     9.45840E-03     61.9626E-03        -1.00024
            6247         1.04077     4.78815E-03     64.3492E-03        -1.03876
            6248         1.05373     102.656E-18     65.1513E-03        -1.05171
            6249         1.04077    -4.78815E-03     64.3492E-03        -1.03876
            6250         1.00220    -9.45840E-03     61.9626E-03        -1.00024
            6251     938.982E-03    -13.8958E-03     58.0503E-03    -937.083E-03
            6252     852.674E-03    -17.9910E-03     52.7085E-03    -850.853E-03
            6253     745.413E-03    -21.6431E-03     46.0690E-03    -743.673E-03
            6254     619.861E-03    -24.7624E-03     38.2950E-03    -618.181E-03
            6255     479.160E-03    -27.2720E-03     29.5781E-03    -477.468E-03
            6256     326.919E-03    -29.1100E-03     20.1329E-03    -324.997E-03
            6257     167.589E-03    -30.2312E-03     10.1919E-03    -164.524E-03
            6258     30.6080E-03    -30.6080E-03     111.236E-33    -15.4214E-33
            6259     39.6285E-03     39.6285E-03     100.797E-33    -20.6103E-33
            6260     216.775E-03     39.1406E-03     9.25406E-03    -213.011E-03
            6261     422.856E-03     37.6889E-03     18.2803E-03    -420.776E-03
            6262     619.771E-03     35.3092E-03     26.8563E-03    -618.181E-03
            6263     801.761E-03     32.0601E-03     34.7711E-03    -800.364E-03
            6264     964.155E-03     28.0216E-03     41.8297E-03    -962.840E-03
            6265         1.10289     23.2930E-03     47.8584E-03        -1.10161
            6266         1.21453     17.9910E-03     52.7085E-03        -1.21325
            6267         1.29630     12.2459E-03     56.2609E-03        -1.29502
            6268         1.34618     6.19926E-03     58.4279E-03        -1.34490
            6269         1.36295     35.1880E-18     59.1562E-03        -1.36166
            6270         1.34618    -6.19926E-03     58.4279E-03        -1.34490
            6271         1.29630    -12.2459E-03     56.2609E-03        -1.29502
            6272         1.21453    -17.9910E-03     52.7085E-03        -1.21325
            6273         1.10289    -23.2930E-03     47.8584E-03        -1.10161
            6274     964.155E-03    -28.0216E-03     41.8297E-03    -962.840E-03
            6275     801.761E-03    -32.0601E-03     34.7711E-03    -800.364E-03
            6276     619.771E-03    -35.3092E-03     26.8563E-03    -618.181E-03
            6277     422.856E-03    -37.6889E-03     18.2803E-03    -420.776E-03
            6278     216.775E-03    -39.1406E-03     9.25406E-03    -213.011E-03
            6279     39.6285E-03    -39.6285E-03     100.797E-33    -20.6103E-33
            6280     47.6731E-03     47.6731E-03     87.8768E-33    -25.2917E-33
            6281     260.668E-03     47.0862E-03     8.08835E-03    -256.252E-03
            6282     508.472E-03     45.3398E-03     15.9775E-03    -506.195E-03
            6283     745.255E-03     42.4771E-03     23.4733E-03    -743.673E-03
            6284     964.091E-03     38.5684E-03     30.3911E-03    -962.840E-03
            6285         1.15937     33.7100E-03     36.5605E-03        -1.15830
            6286         1.32619     28.0216E-03     41.8297E-03        -1.32524
            6287         1.46043     21.6431E-03     46.0690E-03        -1.45954
            6288         1.55875     14.7318E-03     49.1738E-03        -1.55791
            6289         1.61874     7.45772E-03     51.0678E-03        -1.61791
            6290         1.63890     73.8623E-18     51.7044E-03        -1.63808
            6291         1.61874    -7.45772E-03     51.0678E-03        -1.61791
            6292         1.55875    -14.7318E-03     49.1738E-03        -1.55791
            6293         1.46043    -21.6431E-03     46.0690E-03        -1.45954
            6294         1.32619    -28.0216E-03     41.8297E-03        -1.32524
            6295         1.15937    -33.7100E-03     36.5605E-03        -1.15830
            6296     964.091E-03    -38.5684E-03     30.3911E-03    -962.840E-03
            6297     745.255E-03    -42.4771E-03     23.4733E-03    -743.673E-03
            6298     508.472E-03    -45.3398E-03     15.9775E-03    -506.195E-03
            6299     260.668E-03    -47.0862E-03     8.08835E-03    -256.252E-03
            6300     47.6731E-03    -47.6731E-03     87.8768E-33    -25.2917E-33
            6301     54.5439E-03     54.5439E-03     72.7923E-33    -29.3503E-33
            6302     298.168E-03     53.8724E-03     6.72347E-03    -293.184E-03
            6303     581.619E-03     51.8743E-03     13.2814E-03    -579.149E-03
            6304     852.464E-03     48.5990E-03     19.5123E-03    -850.853E-03
            6305         1.10278     44.1270E-03     25.2627E-03        -1.10161
            6306         1.32614     38.5684E-03     30.3911E-03        -1.32524
            6307         1.51697     32.0601E-03     34.7711E-03        -1.51623
            6308         1.67052     24.7624E-03     38.2950E-03        -1.66989
            6309         1.78299     16.8550E-03     40.8759E-03        -1.78244
            6310         1.85160     8.53255E-03     42.4503E-03        -1.85109
            6311         1.87466    -37.8128E-18     42.9795E-03        -1.87417
            6312         1.85160    -8.53255E-03     42.4503E-03        -1.85109
            6313         1.78299    -16.8550E-03     40.8759E-03        -1.78244
            6314         1.67052    -24.7624E-03     38.2950E-03        -1.66989
            6315         1.51697    -32.0601E-03     34.7711E-03        -1.51623
            6316         1.32614    -38.5684E-03     30.3911E-03        -1.32524
            6317         1.10278    -44.1270E-03     25.2627E-03        -1.10161
            6318     852.464E-03    -48.5990E-03     19.5123E-03    -850.853E-03
            6319     581.619E-03    -51.8743E-03     13.2814E-03    -579.149E-03
            6320     298.168E-03    -53.8724E-03     6.72347E-03    -293.184E-03
            6321     54.5439E-03    -54.5439E-03     72.7923E-33    -29.3503E-33
            6322     60.0716E-03     60.0716E-03     55.9154E-33    -32.6863E-33
            6323     328.344E-03     59.3321E-03     5.19304E-03    -322.897E-03
            6324     640.478E-03     57.1315E-03     10.2582E-03    -637.843E-03
            6325     938.731E-03     53.5242E-03     15.0708E-03    -937.083E-03
            6326         1.21438     48.5990E-03     19.5123E-03        -1.21325
            6327         1.46035     42.4771E-03     23.4733E-03        -1.45954
            6328         1.67048     35.3092E-03     26.8563E-03        -1.66989
            6329         1.83957     27.2720E-03     29.5781E-03        -1.83913
            6330         1.96342     18.5632E-03     31.5715E-03        -1.96308
            6331         2.03898     9.39728E-03     32.7876E-03        -2.03869
            6332         2.06437    -43.1878E-18     33.1963E-03        -2.06410
            6333         2.03898    -9.39728E-03     32.7876E-03        -2.03869
            6334         1.96342    -18.5632E-03     31.5715E-03        -1.96308
            6335         1.83957    -27.2720E-03     29.5781E-03        -1.83913
            6336         1.67048    -35.3092E-03     26.8563E-03        -1.66989
            6337         1.46035    -42.4771E-03     23.4733E-03        -1.45954
            6338         1.21438    -48.5990E-03     19.5123E-03        -1.21325
            6339     938.731E-03    -53.5242E-03     15.0708E-03    -937.083E-03
            6340     640.478E-03    -57.1315E-03     10.2582E-03    -637.843E-03
            6341     328.344E-03    -59.3321E-03     5.19304E-03    -322.897E-03
            6342     60.0716E-03    -60.0716E-03     55.9154E-33    -32.6863E-33
            6343     64.1202E-03     64.1202E-03     37.6617E-33    -35.2174E-33
            6344     350.447E-03     63.3308E-03     3.53474E-03    -344.659E-03
            6345     683.592E-03     60.9820E-03     6.98244E-03    -680.831E-03
            6346         1.00192     57.1315E-03     10.2582E-03        -1.00024
            6347         1.29612     51.8743E-03     13.2814E-03        -1.29502
            6348         1.55865     45.3398E-03     15.9775E-03        -1.55791
            6349         1.78293     37.6889E-03     18.2803E-03        -1.78244
            6350         1.96340     29.1100E-03     20.1329E-03        -1.96308
            6351         2.09558     19.8142E-03     21.4897E-03        -2.09538
            6352         2.17623     10.0306E-03     22.3175E-03        -2.17609
            6353         2.20333    -238.785E-18     22.5956E-03        -2.20321
            6354         2.17623    -10.0306E-03     22.3175E-03        -2.17609
            6355         2.09558    -19.8142E-03     21.4897E-03        -2.09538
            6356         1.96340    -29.1100E-03     20.1329E-03        -1.96308
            6357         1.78293    -37.6889E-03     18.2803E-03        -1.78244
            6358         1.55865    -45.3398E-03     15.9775E-03        -1.55791
            6359         1.29612    -51.8743E-03     13.2814E-03        -1.29502
            6360         1.00192    -57.1315E-03     10.2582E-03        -1.00024
            6361     683.592E-03    -60.9820E-03     6.98244E-03    -680.831E-03
            6362     350.447E-03    -63.3308E-03     3.53474E-03    -344.659E-03
            6363     64.1202E-03    -64.1202E-03     37.6617E-33    -35.2174E-33
            6364     66.5899E-03     66.5899E-03     18.4806E-33    -36.8813E-33
            6365     363.931E-03     65.7701E-03     1.78940E-03    -357.934E-03
            6366     709.894E-03     63.3308E-03     3.53474E-03    -707.054E-03
            6367         1.04047     59.3321E-03     5.19304E-03        -1.03876
            6368         1.34599     53.8724E-03     6.72347E-03        -1.34490
            6369         1.61862     47.0862E-03     8.08835E-03        -1.61791
            6370         1.85153     39.1406E-03     9.25406E-03        -1.85109
            6371         2.03894     30.2312E-03     10.1919E-03        -2.03869
            6372         2.17621     20.5774E-03     10.8788E-03        -2.17609
            6373         2.25996     10.4170E-03     11.2978E-03        -2.25991
            6374         2.28810    -214.470E-18     11.4387E-03        -2.28808
            6375         2.25996    -10.4170E-03     11.2978E-03        -2.25991
            6376         2.17621    -20.5774E-03     10.8788E-03        -2.17609
            6377         2.03894    -30.2312E-03     10.1919E-03        -2.03869
            6378         1.85153    -39.1406E-03     9.25406E-03        -1.85109
            6379         1.61862    -47.0862E-03     8.08835E-03        -1.61791
            6380         1.34599    -53.8724E-03     6.72347E-03        -1.34490
            6381         1.04047    -59.3321E-03     5.19304E-03        -1.03876
            6382     709.894E-03    -63.3308E-03     3.53474E-03    -707.054E-03
            6383     363.931E-03    -65.7701E-03     1.78940E-03    -357.934E-03
            6384     66.5899E-03    -66.5899E-03     18.4806E-33    -36.8813E-33
            6385     67.4200E-03     67.4200E-03    -1.15548E-33    -37.6371E-33
            6386     368.463E-03     66.5899E-03    -115.148E-18    -362.395E-03
            6387     718.734E-03     64.1202E-03    -48.2287E-18    -715.868E-03
            6388         1.05343     60.0716E-03    -22.8381E-18        -1.05171
            6389         1.36275     54.5439E-03    -27.1615E-18        -1.36166
            6390         1.63877     47.6731E-03     49.8609E-18        -1.63808
            6391         1.87458     39.6285E-03     186.042E-18        -1.87417
            6392         2.06433     30.6080E-03     137.911E-18        -2.06410
            6393         2.20331     20.8339E-03     7.82692E-18        -2.20321
            6394         2.28810     10.5468E-03     147.431E-18        -2.28808
            6395         2.31660    -312.112E-18     204.966E-18        -2.31660
            6396         2.28810    -10.5468E-03     121.405E-18        -2.28808
            6397         2.20331    -20.8339E-03     315.651E-18        -2.20321
            6398         2.06433    -30.6080E-03     184.473E-18        -2.06410
            6399         1.87458    -39.6285E-03     374.380E-18        -1.87417
            6400         1.63877    -47.6731E-03     388.597E-18        -1.63808
            6401         1.36275    -54.5439E-03     372.567E-18        -1.36166
            6402         1.05343    -60.0716E-03     351.774E-18        -1.05171
            6403     718.734E-03    -64.1202E-03     243.207E-18    -715.868E-03
            6404     368.463E-03    -66.5899E-03     146.814E-18    -362.395E-03
            6405     67.4200E-03    -67.4200E-03    -1.15548E-33    -37.6371E-33
            6406     66.5899E-03     66.5899E-03    -20.7632E-33    -37.4661E-33
            6407     363.931E-03     65.7701E-03    -1.78940E-03    -357.934E-03
            6408     709.894E-03     63.3308E-03    -3.53474E-03    -707.054E-03
            6409         1.04047     59.3321E-03    -5.19304E-03        -1.03876
            6410         1.34599     53.8724E-03    -6.72347E-03        -1.34490
            6411         1.61862     47.0862E-03    -8.08835E-03        -1.61791
            6412         1.85153     39.1406E-03    -9.25406E-03        -1.85109
            6413         2.03894     30.2312E-03    -10.1919E-03        -2.03869
            6414         2.17621     20.5774E-03    -10.8788E-03        -2.17609
            6415         2.25996     10.4170E-03    -11.2978E-03        -2.25991
            6416         2.28810    -242.672E-18    -11.4387E-03        -2.28808
            6417         2.25996    -10.4170E-03    -11.2978E-03        -2.25991
            6418         2.17621    -20.5774E-03    -10.8788E-03        -2.17609
            6419         2.03894    -30.2312E-03    -10.1919E-03        -2.03869
            6420         1.85153    -39.1406E-03    -9.25406E-03        -1.85109
            6421         1.61862    -47.0862E-03    -8.08835E-03        -1.61791
            6422         1.34599    -53.8724E-03    -6.72347E-03        -1.34490
            6423         1.04047    -59.3321E-03    -5.19304E-03        -1.03876
            6424     709.894E-03    -63.3308E-03    -3.53474E-03    -707.054E-03
            6425     363.931E-03    -65.7701E-03    -1.78940E-03    -357.934E-03
            6426     66.5899E-03    -66.5899E-03    -20.7632E-33    -37.4661E-33
            6427     64.1202E-03     64.1202E-03    -39.8596E-33    -36.3726E-33
            6428     350.447E-03     63.3308E-03    -3.53474E-03    -344.659E-03
            6429     683.592E-03     60.9820E-03    -6.98244E-03    -680.831E-03
            6430         1.00192     57.1315E-03    -10.2582E-03        -1.00024
            6431         1.29612     51.8743E-03    -13.2814E-03        -1.29502
            6432         1.55865     45.3398E-03    -15.9775E-03        -1.55791
            6433         1.78293     37.6889E-03    -18.2803E-03        -1.78244
            6434         1.96340     29.1100E-03    -20.1329E-03        -1.96308
            6435         2.09558     19.8142E-03    -21.4897E-03        -2.09538
            6436         2.17623     10.0306E-03    -22.3175E-03        -2.17609
            6437         2.20333    -129.695E-18    -22.5956E-03        -2.20321
            6438         2.17623    -10.0306E-03    -22.3175E-03        -2.17609
            6439         2.09558    -19.8142E-03    -21.4897E-03        -2.09538
            6440         1.96340    -29.1100E-03    -20.1329E-03        -1.96308
            6441         1.78293    -37.6889E-03    -18.2803E-03        -1.78244
            6442         1.55865    -45.3398E-03    -15.9775E-03        -1.55791
            6443         1.29612    -51.8743E-03    -13.2814E-03        -1.29502
            6444         1.00192    -57.1315E-03    -10.2582E-03        -1.00024
            6445     683.592E-03    -60.9820E-03    -6.98244E-03    -680.831E-03
            6446     350.447E-03    -63.3308E-03    -3.53474E-03    -344.659E-03
            6447     64.1202E-03    -64.1202E-03    -39.8596E-33    -36.3726E-33
            6448     60.0716E-03     60.0716E-03    -57.9745E-33    -34.3835E-33
            6449     328.344E-03     59.3321E-03    -5.19304E-03    -322.897E-03
            6450     640.478E-03     57.1315E-03    -10.2582E-03    -637.843E-03
            6451     938.731E-03     53.5242E-03    -15.0708E-03    -937.083E-03
            6452         1.21438     48.5990E-03    -19.5123E-03        -1.21325
            6453         1.46035     42.4771E-03    -23.4733E-03        -1.45954
            6454         1.67048     35.3092E-03    -26.8563E-03        -1.66989
            6455         1.83957     27.2720E-03    -29.5781E-03        -1.83913
            6456         1.96342     18.5632E-03    -31.5715E-03        -1.96308
            6457         2.03898     9.39728E-03    -32.7876E-03        -2.03869
            6458         2.06437     22.6132E-18    -33.1963E-03        -2.06410
            6459         2.03898    -9.39728E-03    -32.7876E-03        -2.03869
            6460         1.96342    -18.5632E-03    -31.5715E-03        -1.96308
            6461         1.83957    -27.2720E-03    -29.5781E-03        -1.83913
            6462         1.67048    -35.3092E-03    -26.8563E-03        -1.66989
            6463         1.46035    -42.4771E-03    -23.4733E-03        -1.45954
            6464         1.21438    -48.5990E-03    -19.5123E-03        -1.21325
            6465     938.731E-03    -53.5242E-03    -15.0708E-03    -937.083E-03
            6466     640.478E-03    -57.1315E-03    -10.2582E-03    -637.843E-03
            6467     328.344E-03    -59.3321E-03    -5.19304E-03    -322.897E-03
            6468     60.0716E-03    -60.0716E-03    -57.9745E-33    -34.3835E-33
            6469     54.5439E-03     54.5439E-03    -74.6619E-33    -31.5477E-33
            6470     298.168E-03     53.8724E-03    -6.72347E-03    -293.184E-03
            6471     581.619E-03     51.8743E-03    -13.2814E-03    -579.149E-03
            6472     852.464E-03     48.5990E-03    -19.5123E-03    -850.853E-03
            6473         1.10278     44.1270E-03    -25.2627E-03        -1.10161
            6474         1.32614     38.5684E-03    -30.3911E-03        -1.32524
            6475         1.51697     32.0601E-03    -34.7711E-03        -1.51623
            6476         1.67052     24.7624E-03    -38.2950E-03        -1.66989
            6477         1.78299     16.8550E-03    -40.8759E-03        -1.78244
            6478         1.85160     8.53255E-03    -42.4503E-03        -1.85109
            6479         1.87466     111.602E-18    -42.9795E-03        -1.87417
            6480         1.85160    -8.53255E-03    -42.4503E-03        -1.85109
            6481         1.78299    -16.8550E-03    -40.8759E-03        -1.78244
            6482         1.67052    -24.7624E-03    -38.2950E-03        -1.66989
            6483         1.51697    -32.0601E-03    -34.7711E-03        -1.51623
            6484         1.32614    -38.5684E-03    -30.3911E-03        -1.32524
            6485         1.10278    -44.1270E-03    -25.2627E-03        -1.10161
            6486     852.464E-03    -48.5990E-03    -19.5123E-03    -850.853E-03
            6487     581.619E-03    -51.8743E-03    -13.2814E-03    -579.149E-03
            6488     298.168E-03    -53.8724E-03    -6.72347E-03    -293.184E-03
            6489     54.5439E-03    -54.5439E-03    -74.6619E-33    -31.5477E-33
            6490     47.6731E-03     47.6731E-03    -89.5109E-33    -27.9351E-33
            6491     260.668E-03     47.0862E-03    -8.08835E-03    -256.252E-03
            6492     508.472E-03     45.3398E-03    -15.9775E-03    -506.195E-03
            6493     745.255E-03     42.4771E-03    -23.4733E-03    -743.673E-03
            6494     964.091E-03     38.5684E-03    -30.3911E-03    -962.840E-03
            6495         1.15937     33.7100E-03    -36.5605E-03        -1.15830
            6496         1.32619     28.0216E-03    -41.8297E-03        -1.32524
            6497         1.46043     21.6431E-03    -46.0690E-03        -1.45954
            6498         1.55875     14.7318E-03    -49.1738E-03        -1.55791
            6499         1.61874     7.45772E-03    -51.0678E-03        -1.61791
            6500         1.63890     149.394E-18    -51.7044E-03        -1.63808
            6501         1.61874    -7.45772E-03    -51.0678E-03        -1.61791
            6502         1.55875    -14.7318E-03    -49.1738E-03        -1.55791
            6503         1.46043    -21.6431E-03    -46.0690E-03        -1.45954
            6504         1.32619    -28.0216E-03    -41.8297E-03        -1.32524
            6505         1.15937    -33.7100E-03    -36.5605E-03        -1.15830
            6506     964.091E-03    -38.5684E-03    -30.3911E-03    -962.840E-03
            6507     745.255E-03    -42.4771E-03    -23.4733E-03    -743.673E-03
            6508     508.472E-03    -45.3398E-03    -15.9775E-03    -506.195E-03
            6509     260.668E-03    -47.0862E-03    -8.08835E-03    -256.252E-03
            6510     47.6731E-03    -47.6731E-03    -89.5109E-33    -27.9351E-33
            6511     39.6285E-03     39.6285E-03    -102.156E-33    -23.6347E-33
            6512     216.775E-03     39.1406E-03    -9.25406E-03    -213.011E-03
            6513     422.856E-03     37.6889E-03    -18.2803E-03    -420.776E-03
            6514     619.771E-03     35.3092E-03    -26.8563E-03    -618.181E-03
            6515     801.761E-03     32.0601E-03    -34.7711E-03    -800.364E-03
            6516     964.155E-03     28.0216E-03    -41.8297E-03    -962.840E-03
            6517         1.10289     23.2930E-03    -47.8584E-03        -1.10161
            6518         1.21453     17.9910E-03    -52.7085E-03        -1.21325
            6519         1.29630     12.2459E-03    -56.2609E-03        -1.29502
            6520         1.34618     6.19926E-03    -58.4279E-03        -1.34490
            6521         1.36295     244.328E-18    -59.1562E-03        -1.36166
            6522         1.34618    -6.19926E-03    -58.4279E-03        -1.34490
            6523         1.29630    -12.2459E-03    -56.2609E-03        -1.29502
            6524         1.21453    -17.9910E-03    -52.7085E-03        -1.21325
            6525         1.10289    -23.2930E-03    -47.8584E-03        -1.10161
            6526     964.155E-03    -28.0216E-03    -41.8297E-03    -962.840E-03
            6527     801.761E-03    -32.0601E-03    -34.7711E-03    -800.364E-03
            6528     619.771E-03    -35.3092E-03    -26.8563E-03    -618.181E-03
            6529     422.856E-03    -37.6889E-03    -18.2803E-03    -420.776E-03
            6530     216.775E-03    -39.1406E-03    -9.25406E-03    -213.011E-03
            6531     39.6285E-03    -39.6285E-03    -102.156E-33    -23.6347E-33
            6532     30.6080E-03     30.6080E-03    -112.285E-33    -18.7523E-33
            6533     167.589E-03     30.2312E-03    -10.1919E-03    -164.524E-03
            6534     326.919E-03     29.1100E-03    -20.1329E-03    -324.997E-03
            6535     479.160E-03     27.2720E-03    -29.5781E-03    -477.468E-03
            6536     619.861E-03     24.7624E-03    -38.2950E-03    -618.181E-03
            6537     745.413E-03     21.6431E-03    -46.0690E-03    -743.673E-03
            6538     852.674E-03     17.9910E-03    -52.7085E-03    -850.853E-03
            6539     938.982E-03     13.8958E-03    -58.0503E-03    -937.083E-03
            6540         1.00220     9.45840E-03    -61.9626E-03        -1.00024
            6541         1.04077     4.78815E-03    -64.3492E-03        -1.03876
            6542         1.05373     302.634E-18    -65.1513E-03        -1.05171
            6543         1.04077    -4.78815E-03    -64.3492E-03        -1.03876
            6544         1.00220    -9.45840E-03    -61.9626E-03        -1.00024
            6545     938.982E-03    -13.8958E-03    -58.0503E-03    -937.083E-03
            6546     852.674E-03    -17.9910E-03    -52.7085E-03    -850.853E-03
            6547     745.413E-03    -21.6431E-03    -46.0690E-03    -743.673E-03
            6548     619.861E-03    -24.7624E-03    -38.2950E-03    -618.181E-03
            6549     479.160E-03    -27.2720E-03    -29.5781E-03    -477.468E-03
            6550     326.919E-03    -29.1100E-03    -20.1329E-03    -324.997E-03
            6551     167.589E-03    -30.2312E-03    -10.1919E-03    -164.524E-03
            6552     30.6080E-03    -30.6080E-03    -112.285E-33    -18.7523E-33
            6553     20.8339E-03     20.8339E-03    -119.650E-33    -13.4082E-33
            6554     114.380E-03     20.5774E-03    -10.8788E-03    -111.986E-03
            6555     223.138E-03     19.8142E-03    -21.4897E-03    -221.215E-03
            6556     327.054E-03     18.5632E-03    -31.5715E-03    -324.997E-03
            6557     423.093E-03     16.8550E-03    -40.8759E-03    -420.776E-03
            6558     508.791E-03     14.7318E-03    -49.1738E-03    -506.195E-03
            6559     582.004E-03     12.2459E-03    -56.2609E-03    -579.149E-03
            6560     640.915E-03     9.45840E-03    -61.9626E-03    -637.843E-03
            6561     684.066E-03     6.43804E-03    -66.1386E-03    -680.831E-03
            6562     710.390E-03     3.25914E-03    -68.6861E-03    -707.054E-03
            6563     719.238E-03     219.440E-18    -69.5423E-03    -715.868E-03
            6564     710.390E-03    -3.25914E-03    -68.6861E-03    -707.054E-03
            6565     684.066E-03    -6.43804E-03    -66.1386E-03    -680.831E-03
            6566     640.915E-03    -9.45840E-03    -61.9626E-03    -637.843E-03
            6567     582.004E-03    -12.2459E-03    -56.2609E-03    -579.149E-03
            6568     508.791E-03    -14.7318E-03    -49.1738E-03    -506.195E-03
            6569     423.093E-03    -16.8550E-03    -40.8759E-03    -420.776E-03
            6570     327.054E-03    -18.5632E-03    -31.5715E-03    -324.997E-03
            6571     223.138E-03    -19.8142E-03    -21.4897E-03    -221.215E-03
            6572     114.380E-03    -20.5774E-03    -10.8788E-03    -111.986E-03
            6573     20.8339E-03    -20.8339E-03    -119.650E-33    -13.4082E-33
            6574     10.5468E-03     10.5468E-03    -124.069E-33    -7.73391E-33
            6575     58.7370E-03     10.4170E-03    -11.2978E-03    -56.6911E-03
            6576     114.628E-03     10.0306E-03    -22.3175E-03    -111.986E-03
            6577     168.022E-03     9.39728E-03    -32.7876E-03    -164.524E-03
            6578     217.367E-03     8.53255E-03    -42.4503E-03    -213.011E-03
            6579     261.398E-03     7.45772E-03    -51.0678E-03    -256.252E-03
            6580     299.014E-03     6.19926E-03    -58.4279E-03    -293.184E-03
            6581     329.281E-03     4.78815E-03    -64.3492E-03    -322.897E-03
            6582     351.451E-03     3.25914E-03    -68.6861E-03    -344.659E-03
            6583     364.976E-03     1.64988E-03    -71.3317E-03    -357.934E-03
            6584     369.522E-03     143.615E-18    -72.2208E-03    -362.395E-03
            6585     364.976E-03    -1.64988E-03    -71.3317E-03    -357.934E-03
            6586     351.451E-03    -3.25914E-03    -68.6861E-03    -344.659E-03
            6587     329.281E-03    -4.78815E-03    -64.3492E-03    -322.897E-03
            6588     299.014E-03    -6.19926E-03    -58.4279E-03    -293.184E-03
            6589     261.398E-03    -7.45772E-03    -51.0678E-03    -256.252E-03
            6590     217.367E-03    -8.53255E-03    -42.4503E-03    -213.011E-03
            6591     168.022E-03    -9.39728E-03    -32.7876E-03    -164.524E-03
            6592     114.628E-03    -10.0306E-03    -22.3175E-03    -111.986E-03
            6593     58.7370E-03    -10.4170E-03    -11.2978E-03    -56.6911E-03
            6594     10.5468E-03    -10.5468E-03    -124.069E-33    -7.73391E-33
            6595              0.     38.4178E-33    -37.5524E-33    -2.93594E-33
            6596     11.4387E-03     124.227E-33    -11.4387E-03    -4.10562E-33
            6597     22.5956E-03     117.059E-33    -22.5956E-03    -9.97934E-33
            6598     33.1963E-03     107.010E-33    -33.1963E-03    -15.6073E-33
            6599     42.9795E-03     94.3249E-33    -42.9795E-03    -20.8510E-33
            6600     51.7044E-03     79.3176E-33    -51.7044E-03    -25.5813E-33
            6601     59.1562E-03     62.3573E-33    -59.1562E-03    -29.6817E-33
            6602     65.1513E-03     43.8616E-33    -65.1513E-03    -33.0512E-33
            6603     69.5423E-03     24.2858E-33    -69.5423E-03    -35.6069E-33
            6604     72.2208E-03     4.11200E-33    -72.2208E-03    -37.2858E-33
            6605     73.1211E-03    -16.1630E-33    -73.1211E-03    -38.0466E-33
            6606     72.2208E-03    -36.0401E-33    -72.2208E-03    -37.8706E-33
            6607     69.5423E-03    -55.0297E-33    -69.5423E-03    -36.7621E-33
            6608     65.1513E-03    -72.6643E-33    -65.1513E-03    -34.7484E-33
            6609     59.1562E-03    -88.5096E-33    -59.1562E-03    -31.8790E-33
            6610     51.7044E-03    -102.176E-33    -51.7044E-03    -28.2247E-33
            6611     42.9795E-03    -113.326E-33    -42.9795E-03    -23.8754E-33
            6612     33.1963E-03    -121.685E-33    -33.1963E-03    -18.9383E-33
            6613     22.5956E-03    -127.049E-33    -22.5956E-03    -13.5348E-33
            6614     11.4387E-03    -129.284E-33    -11.4387E-03    -7.79798E-33
            6615              0.    -38.4178E-33    -37.5524E-33    -2.93594E-33
            6616              0.     44.1291E-33     50.6354E-33    -2.99112E-33
            6617     12.8606E-03     141.372E-33     12.8606E-03    -2.51446E-33
            6618     25.4044E-03     135.825E-33     25.4044E-03    -7.33696E-33
            6619     37.3228E-03     126.934E-33     37.3228E-03    -11.9788E-33
            6620     48.3221E-03     114.918E-33     48.3221E-03    -16.3257E-33
            6621     58.1316E-03     100.071E-33     58.1316E-03    -20.2706E-33
            6622     66.5097E-03     82.7607E-33     66.5097E-03    -23.7163E-33
            6623     73.2501E-03     63.4124E-33     73.2501E-03    -26.5781E-33
            6624     78.1868E-03     42.5027E-33     78.1868E-03    -28.7854E-33
            6625     81.1983E-03     20.5464E-33     81.1983E-03    -30.2840E-33
            6626     82.2105E-03    -1.91579E-33     82.2105E-03    -31.0369E-33
            6627     81.1983E-03    -24.3308E-33     81.1983E-03    -31.0255E-33
            6628     78.1868E-03    -46.1468E-33     78.1868E-03    -30.2502E-33
            6629     73.2501E-03    -66.8264E-33     73.2501E-03    -28.7300E-33
            6630     66.5097E-03    -85.8605E-33     66.5097E-03    -26.5024E-33
            6631     58.1316E-03    -102.781E-33     58.1316E-03    -23.6222E-33
            6632     48.3221E-03    -117.170E-33     48.3221E-03    -20.1603E-33
            6633     37.3228E-03    -128.674E-33     37.3228E-03    -16.2021E-33
            6634     25.4044E-03    -137.009E-33     25.4044E-03    -11.8449E-33
            6635     12.8606E-03    -141.972E-33     12.8606E-03    -7.19601E-33
            6636              0.    -44.1291E-33     50.6354E-33    -2.99112E-33
            6637     11.9532E-03     11.9532E-03     146.503E-33    -3.48798E-33
            6638     59.2805E-03     11.8061E-03     12.7022E-03    -56.6873E-03
            6639     115.317E-03     11.3682E-03     25.0917E-03    -111.979E-03
            6640     168.929E-03     10.6504E-03     36.8633E-03    -164.513E-03
            6641     218.492E-03     9.67036E-03     47.7272E-03    -212.996E-03
            6642     262.725E-03     8.45221E-03     57.4159E-03    -256.235E-03
            6643     300.516E-03     7.02593E-03     65.6908E-03    -293.164E-03
            6644     330.926E-03     5.42665E-03     72.3483E-03    -322.875E-03
            6645     353.201E-03     3.69375E-03     77.2242E-03    -344.635E-03
            6646     366.790E-03     1.86990E-03     80.1987E-03    -357.910E-03
            6647     371.357E-03     32.3145E-18     81.1983E-03    -362.371E-03
            6648     366.790E-03    -1.86990E-03     80.1987E-03    -357.910E-03
            6649     353.201E-03    -3.69375E-03     77.2242E-03    -344.635E-03
            6650     330.926E-03    -5.42665E-03     72.3483E-03    -322.875E-03
            6651     300.516E-03    -7.02593E-03     65.6908E-03    -293.164E-03
            6652     262.725E-03    -8.45221E-03     57.4159E-03    -256.235E-03
            6653     218.492E-03    -9.67036E-03     47.7272E-03    -212.996E-03
            6654     168.929E-03    -10.6504E-03     36.8633E-03    -164.513E-03
            6655     115.317E-03    -11.3682E-03     25.0917E-03    -111.979E-03
            6656     59.2805E-03    -11.8061E-03     12.7022E-03    -56.6873E-03
            6657     11.9532E-03    -11.9532E-03     146.503E-33    -3.48798E-33
            6658     23.6121E-03     23.6121E-03     137.400E-33    -9.26003E-33
            6659     115.034E-03     23.3214E-03     12.2311E-03    -111.979E-03
            6660     223.646E-03     22.4565E-03     24.1611E-03    -221.200E-03
            6661     327.584E-03     21.0386E-03     35.4961E-03    -324.975E-03
            6662     423.681E-03     19.1026E-03     45.9571E-03    -420.748E-03
            6663     509.445E-03     16.6963E-03     55.2864E-03    -506.161E-03
            6664     582.720E-03     13.8789E-03     63.2545E-03    -579.110E-03
            6665     641.683E-03     10.7197E-03     69.6650E-03    -637.800E-03
            6666     684.873E-03     7.29655E-03     74.3601E-03    -680.785E-03
            6667     711.221E-03     3.69375E-03     77.2242E-03    -707.006E-03
            6668     720.077E-03     76.3407E-18     78.1868E-03    -715.819E-03
            6669     711.221E-03    -3.69375E-03     77.2242E-03    -707.006E-03
            6670     684.873E-03    -7.29655E-03     74.3601E-03    -680.785E-03
            6671     641.683E-03    -10.7197E-03     69.6650E-03    -637.800E-03
            6672     582.720E-03    -13.8789E-03     63.2545E-03    -579.110E-03
            6673     509.445E-03    -16.6963E-03     55.2864E-03    -506.161E-03
            6674     423.681E-03    -19.1026E-03     45.9571E-03    -420.748E-03
            6675     327.584E-03    -21.0386E-03     35.4961E-03    -324.975E-03
            6676     223.646E-03    -22.4565E-03     24.1611E-03    -221.200E-03
            6677     115.034E-03    -23.3214E-03     12.2311E-03    -111.979E-03
            6678     23.6121E-03    -23.6121E-03     137.400E-33    -9.26003E-33
            6679     34.6896E-03     34.6896E-03     124.914E-33    -14.8041E-33
            6680     168.433E-03     34.2625E-03     11.4588E-03    -164.513E-03
            6681     327.429E-03     32.9918E-03     22.6355E-03    -324.975E-03
            6682     479.589E-03     30.9087E-03     33.2548E-03    -477.435E-03
            6683     620.272E-03     28.0645E-03     43.0553E-03    -618.140E-03
            6684     745.828E-03     24.5293E-03     51.7956E-03    -743.623E-03
            6685     853.101E-03     20.3900E-03     59.2606E-03    -850.796E-03
            6686     939.422E-03     15.7488E-03     65.2663E-03    -937.020E-03
            6687         1.00265     10.7197E-03     69.6650E-03        -1.00017
            6688         1.04122     5.42665E-03     72.3483E-03        -1.03869
            6689         1.05419     95.1414E-18     73.2501E-03        -1.05164
            6690         1.04122    -5.42665E-03     72.3483E-03        -1.03869
            6691         1.00265    -10.7197E-03     69.6650E-03        -1.00017
            6692     939.422E-03    -15.7488E-03     65.2663E-03    -937.020E-03
            6693     853.101E-03    -20.3900E-03     59.2606E-03    -850.796E-03
            6694     745.828E-03    -24.5293E-03     51.7956E-03    -743.623E-03
            6695     620.272E-03    -28.0645E-03     43.0553E-03    -618.140E-03
            6696     479.589E-03    -30.9087E-03     33.2548E-03    -477.435E-03
            6697     327.429E-03    -32.9918E-03     22.6355E-03    -324.975E-03
            6698     168.433E-03    -34.2625E-03     11.4588E-03    -164.513E-03
            6699     34.6896E-03    -34.6896E-03     124.914E-33    -14.8041E-33
            6700     44.9129E-03     44.9129E-03     109.353E-33    -19.9836E-33
            6701     217.815E-03     44.3600E-03     10.4044E-03    -212.996E-03
            6702     423.410E-03     42.7147E-03     20.5526E-03    -420.748E-03
            6703     620.169E-03     40.0177E-03     30.1948E-03    -618.140E-03
            6704     802.088E-03     36.3353E-03     39.0934E-03    -800.310E-03
            6705     964.446E-03     31.7582E-03     47.0295E-03    -962.775E-03
            6706         1.10316     26.3992E-03     53.8075E-03        -1.10153
            6707         1.21478     20.3900E-03     59.2606E-03        -1.21317
            6708         1.29655     13.8789E-03     63.2545E-03        -1.29493
            6709         1.34643     7.02593E-03     65.6908E-03        -1.34481
            6710         1.36319     65.8409E-18     66.5097E-03        -1.36157
            6711         1.34643    -7.02593E-03     65.6908E-03        -1.34481
            6712         1.29655    -13.8789E-03     63.2545E-03        -1.29493
            6713         1.21478    -20.3900E-03     59.2606E-03        -1.21317
            6714         1.10316    -26.3992E-03     53.8075E-03        -1.10153
            6715     964.446E-03    -31.7582E-03     47.0295E-03    -962.775E-03
            6716     802.088E-03    -36.3353E-03     39.0934E-03    -800.310E-03
            6717     620.169E-03    -40.0177E-03     30.1948E-03    -618.140E-03
            6718     423.410E-03    -42.7147E-03     20.5526E-03    -420.748E-03
            6719     217.815E-03    -44.3600E-03     10.4044E-03    -212.996E-03
            6720     44.9129E-03    -44.9129E-03     109.353E-33    -19.9836E-33
            6721     54.0303E-03     54.0303E-03     91.0983E-33    -24.6710E-33
            6722     261.891E-03     53.3651E-03     9.09379E-03    -256.235E-03
            6723     509.079E-03     51.3859E-03     17.9637E-03    -506.161E-03
            6724     745.647E-03     48.1414E-03     26.3912E-03    -743.623E-03
            6725     964.372E-03     43.7115E-03     34.1689E-03    -962.775E-03
            6726         1.15958     38.2052E-03     41.1052E-03        -1.15822
            6727         1.32636     31.7582E-03     47.0295E-03        -1.32515
            6728         1.46057     24.5293E-03     51.7956E-03        -1.45944
            6729         1.55887     16.6963E-03     55.2864E-03        -1.55780
            6730         1.61884     8.45221E-03     57.4159E-03        -1.61780
            6731         1.63900     71.0665E-18     58.1316E-03        -1.63797
            6732         1.61884    -8.45221E-03     57.4159E-03        -1.61780
            6733         1.55887    -16.6963E-03     55.2864E-03        -1.55780
            6734         1.46057    -24.5293E-03     51.7956E-03        -1.45944
            6735         1.32636    -31.7582E-03     47.0295E-03        -1.32515
            6736         1.15958    -38.2052E-03     41.1052E-03        -1.15822
            6737     964.372E-03    -43.7115E-03     34.1689E-03    -962.775E-03
            6738     745.647E-03    -48.1414E-03     26.3912E-03    -743.623E-03
            6739     509.079E-03    -51.3859E-03     17.9637E-03    -506.161E-03
            6740     261.891E-03    -53.3651E-03     9.09379E-03    -256.235E-03
            6741     54.0303E-03    -54.0303E-03     91.0983E-33    -24.6710E-33
            6742     61.8173E-03     61.8173E-03     70.6008E-33    -28.7510E-33
            6743     299.550E-03     61.0563E-03     7.55924E-03    -293.164E-03
            6744     582.278E-03     58.7918E-03     14.9324E-03    -579.110E-03
            6745     852.859E-03     55.0797E-03     21.9378E-03    -850.796E-03
            6746         1.10303     50.0113E-03     28.4030E-03        -1.10153
            6747         1.32631     43.7115E-03     34.1689E-03        -1.32515
            6748         1.51707     36.3353E-03     39.0934E-03        -1.51613
            6749         1.67057     28.0645E-03     43.0553E-03        -1.66978
            6750         1.78301     19.1026E-03     45.9571E-03        -1.78232
            6751         1.85161     9.67036E-03     47.7272E-03        -1.85097
            6752         1.87466    -25.6564E-18     48.3221E-03        -1.87404
            6753         1.85161    -9.67036E-03     47.7272E-03        -1.85097
            6754         1.78301    -19.1026E-03     45.9571E-03        -1.78232
            6755         1.67057    -28.0645E-03     43.0553E-03        -1.66978
            6756         1.51707    -36.3353E-03     39.0934E-03        -1.51613
            6757         1.32631    -43.7115E-03     34.1689E-03        -1.32515
            6758         1.10303    -50.0113E-03     28.4030E-03        -1.10153
            6759     852.859E-03    -55.0797E-03     21.9378E-03    -850.796E-03
            6760     582.278E-03    -58.7918E-03     14.9324E-03    -579.110E-03
            6761     299.550E-03    -61.0563E-03     7.55924E-03    -293.164E-03
            6762     61.8173E-03    -61.8173E-03     70.6008E-33    -28.7510E-33
            6763     68.0822E-03     68.0822E-03     48.3649E-33    -32.1230E-33
            6764     329.855E-03     67.2440E-03     5.83857E-03    -322.875E-03
            6765     641.182E-03     64.7500E-03     11.5334E-03    -637.800E-03
            6766     939.134E-03     60.6617E-03     16.9442E-03    -937.020E-03
            6767         1.21461     55.0797E-03     21.9378E-03        -1.21317
            6768         1.46047     48.1414E-03     26.3912E-03        -1.45944
            6769         1.67053     40.0177E-03     30.1948E-03        -1.66978
            6770         1.83956     30.9087E-03     33.2548E-03        -1.83900
            6771         1.96338     21.0386E-03     35.4961E-03        -1.96295
            6772         2.03891     10.6504E-03     36.8633E-03        -2.03855
            6773         2.06430     14.8764E-18     37.3228E-03        -2.06396
            6774         2.03891    -10.6504E-03     36.8633E-03        -2.03855
            6775         1.96338    -21.0386E-03     35.4961E-03        -1.96295
            6776         1.83956    -30.9087E-03     33.2548E-03        -1.83900
            6777         1.67053    -40.0177E-03     30.1948E-03        -1.66978
            6778         1.46047    -48.1414E-03     26.3912E-03        -1.45944
            6779         1.21461    -55.0797E-03     21.9378E-03        -1.21317
            6780     939.134E-03    -60.6617E-03     16.9442E-03    -937.020E-03
            6781     641.182E-03    -64.7500E-03     11.5334E-03    -637.800E-03
            6782     329.855E-03    -67.2440E-03     5.83857E-03    -322.875E-03
            6783     68.0822E-03    -68.0822E-03     48.3649E-33    -32.1230E-33
            6784     72.6706E-03     72.6706E-03     24.9381E-33    -34.7041E-33
            6785     352.053E-03     71.7760E-03     3.97413E-03    -344.635E-03
            6786     684.329E-03     69.1139E-03     7.85040E-03    -680.785E-03
            6787         1.00233     64.7500E-03     11.5334E-03        -1.00017
            6788         1.29635     58.7918E-03     14.9324E-03        -1.29493
            6789         1.55875     51.3859E-03     17.9637E-03        -1.55780
            6790         1.78295     42.7147E-03     20.5526E-03        -1.78232
            6791         1.96335     32.9918E-03     22.6355E-03        -1.96295
            6792         2.09550     22.4565E-03     24.1611E-03        -2.09524
            6793         2.17612     11.3682E-03     25.0917E-03        -2.17594
            6794         2.20321    -247.081E-18     25.4044E-03        -2.20307
            6795         2.17612    -11.3682E-03     25.0917E-03        -2.17594
            6796         2.09550    -22.4565E-03     24.1611E-03        -2.09524
            6797         1.96335    -32.9918E-03     22.6355E-03        -1.96295
            6798         1.78295    -42.7147E-03     20.5526E-03        -1.78232
            6799         1.55875    -51.3859E-03     17.9637E-03        -1.55780
            6800         1.29635    -58.7918E-03     14.9324E-03        -1.29493
            6801         1.00233    -64.7500E-03     11.5334E-03        -1.00017
            6802     684.329E-03    -69.1139E-03     7.85040E-03    -680.785E-03
            6803     352.053E-03    -71.7760E-03     3.97413E-03    -344.635E-03
            6804     72.6706E-03    -72.6706E-03     24.9381E-33    -34.7041E-33
            6805     75.4697E-03     75.4697E-03     897.272E-36    -36.4306E-33
            6806     365.595E-03     74.5405E-03     2.01183E-03    -357.910E-03
            6807     710.652E-03     71.7760E-03     3.97413E-03    -707.006E-03
            6808         1.04088     67.2440E-03     5.83857E-03        -1.03869
            6809         1.34621     61.0563E-03     7.55924E-03        -1.34481
            6810         1.61871     53.3651E-03     9.09379E-03        -1.61780
            6811         1.85153     44.3600E-03     10.4044E-03        -1.85097
            6812         2.03887     34.2625E-03     11.4588E-03        -2.03855
            6813         2.17610     23.3214E-03     12.2311E-03        -2.17594
            6814         2.25982     11.8061E-03     12.7022E-03        -2.25975
            6815         2.28796    -299.681E-18     12.8606E-03        -2.28792
            6816         2.25982    -11.8061E-03     12.7022E-03        -2.25975
            6817         2.17610    -23.3214E-03     12.2311E-03        -2.17594
            6818         2.03887    -34.2625E-03     11.4588E-03        -2.03855
            6819         1.85153    -44.3600E-03     10.4044E-03        -1.85097
            6820         1.61871    -53.3651E-03     9.09379E-03        -1.61780
            6821         1.34621    -61.0563E-03     7.55924E-03        -1.34481
            6822         1.04088    -67.2440E-03     5.83857E-03        -1.03869
            6823     710.652E-03    -71.7760E-03     3.97413E-03    -707.006E-03
            6824     365.595E-03    -74.5405E-03     2.01183E-03    -357.910E-03
            6825     75.4697E-03    -75.4697E-03     897.272E-36    -36.4306E-33
            6826     76.4104E-03     76.4104E-03    -23.1657E-33    -37.2601E-33
            6827     370.147E-03     75.4697E-03    -223.220E-18    -362.371E-03
            6828     719.499E-03     72.6706E-03    -56.6421E-18    -715.819E-03
            6829         1.05384     68.0822E-03    -4.82383E-18        -1.05164
            6830         1.36297     61.8173E-03    -114.934E-18        -1.36157
            6831         1.63886     54.0303E-03     40.9017E-18        -1.63797
            6832         1.87458     44.9129E-03     330.715E-18        -1.87404
            6833         2.06425     34.6896E-03     136.962E-18        -2.06396
            6834         2.20319     23.6121E-03    -332.665E-18        -2.20307
            6835         2.28795     11.9532E-03    -265.955E-18        -2.28792
            6836         2.31644    -254.632E-18    -11.9056E-18        -2.31644
            6837         2.28795    -11.9532E-03     150.895E-18        -2.28792
            6838         2.20319    -23.6121E-03     406.299E-18        -2.20307
            6839         2.06425    -34.6896E-03     112.360E-18        -2.06396
            6840         1.87458    -44.9129E-03     335.245E-18        -1.87404
            6841         1.63886    -54.0303E-03     430.548E-18        -1.63797
            6842         1.36297    -61.8173E-03     322.324E-18        -1.36157
            6843         1.05384    -68.0822E-03     184.961E-18        -1.05164
            6844     719.499E-03    -72.6706E-03     166.335E-18    -715.819E-03
            6845     370.147E-03    -75.4697E-03     150.197E-18    -362.371E-03
            6846     76.4104E-03    -76.4104E-03    -23.1657E-33    -37.2601E-33
            6847     75.4697E-03     75.4697E-03    -46.6582E-33    -37.1721E-33
            6848     365.595E-03     74.5405E-03    -2.01183E-03    -357.910E-03
            6849     710.652E-03     71.7760E-03    -3.97413E-03    -707.006E-03
            6850         1.04088     67.2440E-03    -5.83857E-03        -1.03869
            6851         1.34621     61.0563E-03    -7.55924E-03        -1.34481
            6852         1.61871     53.3651E-03    -9.09379E-03        -1.61780
            6853         1.85153     44.3600E-03    -10.4044E-03        -1.85097
            6854         2.03887     34.2625E-03    -11.4588E-03        -2.03855
            6855         2.17610     23.3214E-03    -12.2311E-03        -2.17594
            6856         2.25982     11.8061E-03    -12.7022E-03        -2.25975
            6857         2.28796    -43.6888E-18    -12.8606E-03        -2.28792
            6858         2.25982    -11.8061E-03    -12.7022E-03        -2.25975
            6859         2.17610    -23.3214E-03    -12.2311E-03        -2.17594
            6860         2.03887    -34.2625E-03    -11.4588E-03        -2.03855
            6861         1.85153    -44.3600E-03    -10.4044E-03        -1.85097
            6862         1.61871    -53.3651E-03    -9.09379E-03        -1.61780
            6863         1.34621    -61.0563E-03    -7.55924E-03        -1.34481
            6864         1.04088    -67.2440E-03    -5.83857E-03        -1.03869
            6865     710.652E-03    -71.7760E-03    -3.97413E-03    -707.006E-03
            6866     365.595E-03    -74.5405E-03    -2.01183E-03    -357.910E-03
            6867     75.4697E-03    -75.4697E-03    -46.6582E-33    -37.1721E-33
            6868     72.6706E-03     72.6706E-03    -69.0019E-33    -36.1688E-33
            6869     352.053E-03     71.7760E-03    -3.97413E-03    -344.635E-03
            6870     684.329E-03     69.1139E-03    -7.85040E-03    -680.785E-03
            6871         1.00233     64.7500E-03    -11.5334E-03        -1.00017
            6872         1.29635     58.7918E-03    -14.9324E-03        -1.29493
            6873         1.55875     51.3859E-03    -17.9637E-03        -1.55780
            6874         1.78295     42.7147E-03    -20.5526E-03        -1.78232
            6875         1.96335     32.9918E-03    -22.6355E-03        -1.96295
            6876         2.09550     22.4565E-03    -24.1611E-03        -2.09524
            6877         2.17612     11.3682E-03    -25.0917E-03        -2.17594
            6878         2.20321    -131.428E-18    -25.4044E-03        -2.20307
            6879         2.17612    -11.3682E-03    -25.0917E-03        -2.17594
            6880         2.09550    -22.4565E-03    -24.1611E-03        -2.09524
            6881         1.96335    -32.9918E-03    -22.6355E-03        -1.96295
            6882         1.78295    -42.7147E-03    -20.5526E-03        -1.78232
            6883         1.55875    -51.3859E-03    -17.9637E-03        -1.55780
            6884         1.29635    -58.7918E-03    -14.9324E-03        -1.29493
            6885         1.00233    -64.7500E-03    -11.5334E-03        -1.00017
            6886     684.329E-03    -69.1139E-03    -7.85040E-03    -680.785E-03
            6887     352.053E-03    -71.7760E-03    -3.97413E-03    -344.635E-03
            6888     72.6706E-03    -72.6706E-03    -69.0019E-33    -36.1688E-33
            6889     68.0822E-03     68.0822E-03    -89.6465E-33    -34.2749E-33
            6890     329.855E-03     67.2440E-03    -5.83857E-03    -322.875E-03
            6891     641.182E-03     64.7500E-03    -11.5334E-03    -637.800E-03
            6892     939.134E-03     60.6617E-03    -16.9442E-03    -937.020E-03
            6893         1.21461     55.0797E-03    -21.9378E-03        -1.21317
            6894         1.46047     48.1414E-03    -26.3912E-03        -1.45944
            6895         1.67053     40.0177E-03    -30.1948E-03        -1.66978
            6896         1.83956     30.9087E-03    -33.2548E-03        -1.83900
            6897         1.96338     21.0386E-03    -35.4961E-03        -1.96295
            6898         2.03891     10.6504E-03    -36.8633E-03        -2.03855
            6899         2.06430    -63.6521E-18    -37.3228E-03        -2.06396
            6900         2.03891    -10.6504E-03    -36.8633E-03        -2.03855
            6901         1.96338    -21.0386E-03    -35.4961E-03        -1.96295
            6902         1.83956    -30.9087E-03    -33.2548E-03        -1.83900
            6903         1.67053    -40.0177E-03    -30.1948E-03        -1.66978
            6904         1.46047    -48.1414E-03    -26.3912E-03        -1.45944
            6905         1.21461    -55.0797E-03    -21.9378E-03        -1.21317
            6906     939.134E-03    -60.6617E-03    -16.9442E-03    -937.020E-03
            6907     641.182E-03    -64.7500E-03    -11.5334E-03    -637.800E-03
            6908     329.855E-03    -67.2440E-03    -5.83857E-03    -322.875E-03
            6909     68.0822E-03    -68.0822E-03    -89.6465E-33    -34.2749E-33
            6910     61.8173E-03     61.8173E-03    -108.084E-33    -31.5370E-33
            6911     299.550E-03     61.0563E-03    -7.55924E-03    -293.164E-03
            6912     582.278E-03     58.7918E-03    -14.9324E-03    -579.110E-03
            6913     852.859E-03     55.0797E-03    -21.9378E-03    -850.796E-03
            6914         1.10303     50.0113E-03    -28.4030E-03        -1.10153
            6915         1.32631     43.7115E-03    -34.1689E-03        -1.32515
            6916         1.51707     36.3353E-03    -39.0934E-03        -1.51613
            6917         1.67057     28.0645E-03    -43.0553E-03        -1.66978
            6918         1.78301     19.1026E-03    -45.9571E-03        -1.78232
            6919         1.85161     9.67036E-03    -47.7272E-03        -1.85097
            6920         1.87466     185.348E-18    -48.3221E-03        -1.87404
            6921         1.85161    -9.67036E-03    -47.7272E-03        -1.85097
            6922         1.78301    -19.1026E-03    -45.9571E-03        -1.78232
            6923         1.67057    -28.0645E-03    -43.0553E-03        -1.66978
            6924         1.51707    -36.3353E-03    -39.0934E-03        -1.51613
            6925         1.32631    -43.7115E-03    -34.1689E-03        -1.32515
            6926         1.10303    -50.0113E-03    -28.4030E-03        -1.10153
            6927     852.859E-03    -55.0797E-03    -21.9378E-03    -850.796E-03
            6928     582.278E-03    -58.7918E-03    -14.9324E-03    -579.110E-03
            6929     299.550E-03    -61.0563E-03    -7.55924E-03    -293.164E-03
            6930     61.8173E-03    -61.8173E-03    -108.084E-33    -31.5370E-33
            6931     54.0303E-03     54.0303E-03    -123.860E-33    -28.0226E-33
            6932     261.891E-03     53.3651E-03    -9.09379E-03    -256.235E-03
            6933     509.079E-03     51.3859E-03    -17.9637E-03    -506.161E-03
            6934     745.647E-03     48.1414E-03    -26.3912E-03    -743.623E-03
            6935     964.372E-03     43.7115E-03    -34.1689E-03    -962.775E-03
            6936         1.15958     38.2052E-03    -41.1052E-03        -1.15822
            6937         1.32636     31.7582E-03    -47.0295E-03        -1.32515
            6938         1.46057     24.5293E-03    -51.7956E-03        -1.45944
            6939         1.55887     16.6963E-03    -55.2864E-03        -1.55780
            6940         1.61884     8.45221E-03    -57.4159E-03        -1.61780
            6941         1.63900     247.694E-18    -58.1316E-03        -1.63797
            6942         1.61884    -8.45221E-03    -57.4159E-03        -1.61780
            6943         1.55887    -16.6963E-03    -55.2864E-03        -1.55780
            6944         1.46057    -24.5293E-03    -51.7956E-03        -1.45944
            6945         1.32636    -31.7582E-03    -47.0295E-03        -1.32515
            6946         1.15958    -38.2052E-03    -41.1052E-03        -1.15822
            6947     964.372E-03    -43.7115E-03    -34.1689E-03    -962.775E-03
            6948     745.647E-03    -48.1414E-03    -26.3912E-03    -743.623E-03
            6949     509.079E-03    -51.3859E-03    -17.9637E-03    -506.161E-03
            6950     261.891E-03    -53.3651E-03    -9.09379E-03    -256.235E-03
            6951     54.0303E-03    -54.0303E-03    -123.860E-33    -28.0226E-33
            6952     44.9129E-03     44.9129E-03    -136.585E-33    -23.8182E-33
            6953     217.815E-03     44.3600E-03    -10.4044E-03    -212.996E-03
            6954     423.410E-03     42.7147E-03    -20.5526E-03    -420.748E-03
            6955     620.169E-03     40.0177E-03    -30.1948E-03    -618.140E-03
            6956     802.088E-03     36.3353E-03    -39.0934E-03    -800.310E-03
            6957     964.446E-03     31.7582E-03    -47.0295E-03    -962.775E-03
            6958         1.10316     26.3992E-03    -53.8075E-03        -1.10153
            6959         1.21478     20.3900E-03    -59.2606E-03        -1.21317
            6960         1.29655     13.8789E-03    -63.2545E-03        -1.29493
            6961         1.34643     7.02593E-03    -65.6908E-03        -1.34481
            6962         1.36319     231.704E-18    -66.5097E-03        -1.36157
            6963         1.34643    -7.02593E-03    -65.6908E-03        -1.34481
            6964         1.29655    -13.8789E-03    -63.2545E-03        -1.29493
            6965         1.21478    -20.3900E-03    -59.2606E-03        -1.21317
            6966         1.10316    -26.3992E-03    -53.8075E-03        -1.10153
            6967     964.446E-03    -31.7582E-03    -47.0295E-03    -962.775E-03
            6968     802.088E-03    -36.3353E-03    -39.0934E-03    -800.310E-03
            6969     620.169E-03    -40.0177E-03    -30.1948E-03    -618.140E-03
            6970     423.410E-03    -42.7147E-03    -20.5526E-03    -420.748E-03
            6971     217.815E-03    -44.3600E-03    -10.4044E-03    -212.996E-03
            6972     44.9129E-03    -44.9129E-03    -136.585E-33    -23.8182E-33
            6973     34.6896E-03     34.6896E-03    -145.948E-33    -19.0274E-33
            6974     168.433E-03     34.2625E-03    -11.4588E-03    -164.513E-03
            6975     327.429E-03     32.9918E-03    -22.6355E-03    -324.975E-03
            6976     479.589E-03     30.9087E-03    -33.2548E-03    -477.435E-03
            6977     620.272E-03     28.0645E-03    -43.0553E-03    -618.140E-03
            6978     745.828E-03     24.5293E-03    -51.7956E-03    -743.623E-03
            6979     853.101E-03     20.3900E-03    -59.2606E-03    -850.796E-03
            6980     939.422E-03     15.7488E-03    -65.2663E-03    -937.020E-03
            6981         1.00265     10.7197E-03    -69.6650E-03        -1.00017
            6982         1.04122     5.42665E-03    -72.3483E-03        -1.03869
            6983         1.05419     227.923E-18    -73.2501E-03        -1.05164
            6984         1.04122    -5.42665E-03    -72.3483E-03        -1.03869
            6985         1.00265    -10.7197E-03    -69.6650E-03        -1.00017
            6986     939.422E-03    -15.7488E-03    -65.2663E-03    -937.020E-03
            6987     853.101E-03    -20.3900E-03    -59.2606E-03    -850.796E-03
            6988     745.828E-03    -24.5293E-03    -51.7956E-03    -743.623E-03
            6989     620.272E-03    -28.0645E-03    -43.0553E-03    -618.140E-03
            6990     479.589E-03    -30.9087E-03    -33.2548E-03    -477.435E-03
            6991     327.429E-03    -32.9918E-03    -22.6355E-03    -324.975E-03
            6992     168.433E-03    -34.2625E-03    -11.4588E-03    -164.513E-03
            6993     34.6896E-03    -34.6896E-03    -145.948E-33    -19.0274E-33
            6994     23.6121E-03     23.6121E-03    -151.717E-33    -13.7679E-33
            6995     115.034E-03     23.3214E-03    -12.2311E-03    -111.979E-03
            6996     223.646E-03     22.4565E-03    -24.1611E-03    -221.200E-03
            6997     327.584E-03     21.0386E-03    -35.4961E-03    -324.975E-03
            6998     423.681E-03     19.1026E-03    -45.9571E-03    -420.748E-03
            6999     509.445E-03     16.6963E-03    -55.2864E-03    -506.161E-03
            7000     582.720E-03     13.8789E-03    -63.2545E-03    -579.110E-03
            7001     641.683E-03     10.7197E-03    -69.6650E-03    -637.800E-03
            7002     684.873E-03     7.29655E-03    -74.3601E-03    -680.785E-03
            7003     711.221E-03     3.69375E-03    -77.2242E-03    -707.006E-03
            7004     720.077E-03     163.096E-18    -78.1868E-03    -715.819E-03
            7005     711.221E-03    -3.69375E-03    -77.2242E-03    -707.006E-03
            7006     684.873E-03    -7.29655E-03    -74.3601E-03    -680.785E-03
            7007     641.683E-03    -10.7197E-03    -69.6650E-03    -637.800E-03
            7008     582.720E-03    -13.8789E-03    -63.2545E-03    -579.110E-03
            7009     509.445E-03    -16.6963E-03    -55.2864E-03    -506.161E-03
            7010     423.681E-03    -19.1026E-03    -45.9571E-03    -420.748E-03
            7011     327.584E-03    -21.0386E-03    -35.4961E-03    -324.975E-03
            7012     223.646E-03    -22.4565E-03    -24.1611E-03    -221.200E-03
            7013     115.034E-03    -23.3214E-03    -12.2311E-03    -111.979E-03
            7014     23.6121E-03    -23.6121E-03    -151.717E-33    -13.7679E-33
            7015     11.9532E-03     11.9532E-03    -153.751E-33    -8.16953E-33
            7016     59.2805E-03     11.8061E-03    -12.7022E-03    -56.6873E-03
            7017     115.317E-03     11.3682E-03    -25.0917E-03    -111.979E-03
            7018     168.929E-03     10.6504E-03    -36.8633E-03    -164.513E-03
            7019     218.492E-03     9.67036E-03    -47.7272E-03    -212.996E-03
            7020     262.725E-03     8.45221E-03    -57.4159E-03    -256.235E-03
            7021     300.516E-03     7.02593E-03    -65.6908E-03    -293.164E-03
            7022     330.926E-03     5.42665E-03    -72.3483E-03    -322.875E-03
            7023     353.201E-03     3.69375E-03    -77.2242E-03    -344.635E-03
            7024     366.790E-03     1.86990E-03    -80.1987E-03    -357.910E-03
            7025     371.357E-03     79.7939E-18    -81.1983E-03    -362.371E-03
            7026     366.790E-03    -1.86990E-03    -80.1987E-03    -357.910E-03
            7027     353.201E-03    -3.69375E-03    -77.2242E-03    -344.635E-03
            7028     330.926E-03    -5.42665E-03    -72.3483E-03    -322.875E-03
            7029     300.516E-03    -7.02593E-03    -65.6908E-03    -293.164E-03
            7030     262.725E-03    -8.45221E-03    -57.4159E-03    -256.235E-03
            7031     218.492E-03    -9.67036E-03    -47.7272E-03    -212.996E-03
            7032     168.929E-03    -10.6504E-03    -36.8633E-03    -164.513E-03
            7033     115.317E-03    -11.3682E-03    -25.0917E-03    -111.979E-03
            7034     59.2805E-03    -11.8061E-03    -12.7022E-03    -56.6873E-03
            7035     11.9532E-03    -11.9532E-03    -153.751E-33    -8.16953E-33
            7036              0.     44.1291E-33    -50.6354E-33    -2.99112E-33
            7037     12.8606E-03     141.372E-33    -12.8606E-03    -2.51446E-33
            7038     25.4044E-03     135.825E-33    -25.4044E-03    -7.33696E-33
            7039     37.3228E-03     126.934E-33    -37.3228E-03    -11.9788E-33
            7040     48.3221E-03     114.918E-33    -48.3221E-03    -16.3257E-33
            7041     58.1316E-03     100.071E-33    -58.1316E-03    -20.2706E-33
            7042     66.5097E-03     82.7607E-33    -66.5097E-03    -23.7163E-33
            7043     73.2501E-03     63.4124E-33    -73.2501E-03    -26.5781E-33
            7044     78.1868E-03     42.5027E-33    -78.1868E-03    -28.7854E-33
            7045     81.1983E-03     20.5464E-33    -81.1983E-03    -30.2840E-33
            7046     82.2105E-03    -1.91579E-33    -82.2105E-03    -31.0369E-33
            7047     81.1983E-03    -24.3308E-33    -81.1983E-03    -31.0255E-33
            7048     78.1868E-03    -46.1468E-33    -78.1868E-03    -30.2502E-33
            7049     73.2501E-03    -66.8264E-33    -73.2501E-03    -28.7300E-33
            7050     66.5097E-03    -85.8605E-33    -66.5097E-03    -26.5024E-33
            7051     58.1316E-03    -102.781E-33    -58.1316E-03    -23.6222E-33
            7052     48.3221E-03    -117.170E-33    -48.3221E-03    -20.1603E-33
            7053     37.3228E-03    -128.674E-33    -37.3228E-03    -16.2021E-33
            7054     25.4044E-03    -137.009E-33    -25.4044E-03    -11.8449E-33
            7055     12.8606E-03    -141.972E-33    -12.8606E-03    -7.19601E-33
            7056              0.    -44.1291E-33    -50.6354E-33    -2.99112E-33
            7057              0.     257.153E-36     257.073E-36     25.7919E-36
            7058     14.2848E-03     51.1615E-33     14.2848E-03     5.36766E-33
            7059     28.2179E-03     45.2510E-33     28.2179E-03     8.40698E-33
            7060     41.4562E-03     38.2263E-33     41.4562E-03     11.2393E-33
            7061     53.6737E-03     30.2604E-33     53.6737E-03     13.7949E-33
            7062     64.5696E-03     21.5493E-33     64.5696E-03     16.0107E-33
            7063     73.8755E-03     12.3076E-33     73.8755E-03     17.8324E-33
            7064     81.3624E-03     2.76291E-33     81.3624E-03     19.2149E-33
            7065     86.8459E-03    -6.84985E-33     86.8459E-03     20.1244E-33
            7066     90.1909E-03    -16.2939E-33     90.1909E-03     20.5383E-33
            7067     91.3152E-03    -25.3368E-33     91.3152E-03     20.4464E-33
            7068     90.1909E-03    -33.7558E-33     90.1909E-03     19.8511E-33
            7069     86.8459E-03    -41.3437E-33     86.8459E-03     18.7671E-33
            7070     81.3624E-03    -47.9135E-33     81.3624E-03     17.2209E-33
            7071     73.8755E-03    -53.3035E-33     73.8755E-03     15.2506E-33
            7072     64.5696E-03    -57.3810E-33     64.5696E-03     12.9049E-33
            7073     53.6737E-03    -60.0456E-33     53.6737E-03     10.2414E-33
            7074     41.4562E-03    -61.2317E-33     41.4562E-03     7.32568E-33
            7075     28.2179E-03    -60.9100E-33     28.2179E-03     4.22961E-33
            7076     14.2848E-03    -59.0886E-33     14.2848E-03     1.02939E-33
            7077              0.    -257.153E-36     257.073E-36     25.7919E-36
            7078     13.3760E-03     13.3760E-03     53.7502E-33     5.14990E-33
            7079     59.8879E-03     13.2113E-03     14.1090E-03    -56.6830E-03
            7080     116.086E-03     12.7213E-03     27.8705E-03    -111.970E-03
            7081     169.938E-03     11.9181E-03     40.9458E-03    -164.501E-03
            7082     219.745E-03     10.8214E-03     53.0129E-03    -212.980E-03
            7083     264.203E-03     9.45824E-03     63.7746E-03    -256.216E-03
            7084     302.189E-03     7.86220E-03     72.9660E-03    -293.142E-03
            7085     332.757E-03     6.07256E-03     80.3607E-03    -322.850E-03
            7086     355.148E-03     4.13340E-03     85.7767E-03    -344.609E-03
            7087     368.808E-03     2.09246E-03     89.0805E-03    -357.882E-03
            7088     373.400E-03     7.16835E-18     90.1909E-03    -362.344E-03
            7089     368.808E-03    -2.09246E-03     89.0805E-03    -357.882E-03
            7090     355.148E-03    -4.13340E-03     85.7767E-03    -344.609E-03
            7091     332.757E-03    -6.07256E-03     80.3607E-03    -322.850E-03
            7092     302.189E-03    -7.86220E-03     72.9660E-03    -293.142E-03
            7093     264.203E-03    -9.45824E-03     63.7746E-03    -256.216E-03
            7094     219.745E-03    -10.8214E-03     53.0129E-03    -212.980E-03
            7095     169.938E-03    -11.9181E-03     40.9458E-03    -164.501E-03
            7096     116.086E-03    -12.7213E-03     27.8705E-03    -111.970E-03
            7097     59.8879E-03    -13.2113E-03     14.1090E-03    -56.6830E-03
            7098     13.3760E-03    -13.3760E-03     53.7502E-33     5.14990E-33
            7099     26.4226E-03     26.4226E-03     51.3725E-33     7.97683E-33
            7100     115.771E-03     26.0973E-03     13.5857E-03    -111.970E-03
            7101     224.218E-03     25.1294E-03     26.8369E-03    -221.184E-03
            7102     328.179E-03     23.5427E-03     39.4272E-03    -324.950E-03
            7103     424.340E-03     21.3763E-03     51.0467E-03    -420.716E-03
            7104     510.176E-03     18.6836E-03     61.4093E-03    -506.122E-03
            7105     583.520E-03     15.5308E-03     70.2598E-03    -579.066E-03
            7106     642.540E-03     11.9956E-03     77.3803E-03    -637.751E-03
            7107     685.774E-03     8.16502E-03     82.5953E-03    -680.733E-03
            7108     712.149E-03     4.13340E-03     85.7767E-03    -706.953E-03
            7109     721.014E-03     42.4109E-18     86.8459E-03    -715.765E-03
            7110     712.149E-03    -4.13340E-03     85.7767E-03    -706.953E-03
            7111     685.774E-03    -8.16502E-03     82.5953E-03    -680.733E-03
            7112     642.540E-03    -11.9956E-03     77.3803E-03    -637.751E-03
            7113     583.520E-03    -15.5308E-03     70.2598E-03    -579.066E-03
            7114     510.176E-03    -18.6836E-03     61.4093E-03    -506.122E-03
            7115     424.340E-03    -21.3763E-03     51.0467E-03    -420.716E-03
            7116     328.179E-03    -23.5427E-03     39.4272E-03    -324.950E-03
            7117     224.218E-03    -25.1294E-03     26.8369E-03    -221.184E-03
            7118     115.771E-03    -26.0973E-03     13.5857E-03    -111.970E-03
            7119     26.4226E-03    -26.4226E-03     51.3725E-33     7.97683E-33
            7120     38.8186E-03     38.8186E-03     47.7299E-33     10.6073E-33
            7121     169.388E-03     38.3406E-03     12.7279E-03    -164.501E-03
            7122     328.006E-03     36.9187E-03     25.1424E-03    -324.950E-03
            7123     480.074E-03     34.5876E-03     36.9378E-03    -477.399E-03
            7124     620.735E-03     31.4049E-03     47.8236E-03    -618.093E-03
            7125     746.294E-03     27.4489E-03     57.5319E-03    -743.567E-03
            7126     853.579E-03     22.8170E-03     65.8236E-03    -850.731E-03
            7127     939.914E-03     17.6233E-03     72.4944E-03    -936.948E-03
            7128         1.00316     11.9956E-03     77.3803E-03        -1.00009
            7129         1.04174     6.07256E-03     80.3607E-03        -1.03862
            7130         1.05470     100.359E-18     81.3624E-03        -1.05156
            7131         1.04174    -6.07256E-03     80.3607E-03        -1.03862
            7132         1.00316    -11.9956E-03     77.3803E-03        -1.00009
            7133     939.914E-03    -17.6233E-03     72.4944E-03    -936.948E-03
            7134     853.579E-03    -22.8170E-03     65.8236E-03    -850.731E-03
            7135     746.294E-03    -27.4489E-03     57.5319E-03    -743.567E-03
            7136     620.735E-03    -31.4049E-03     47.8236E-03    -618.093E-03
            7137     480.074E-03    -34.5876E-03     36.9378E-03    -477.399E-03
            7138     328.006E-03    -36.9187E-03     25.1424E-03    -324.950E-03
            7139     169.388E-03    -38.3406E-03     12.7279E-03    -164.501E-03
            7140     38.8186E-03    -38.8186E-03     47.7299E-33     10.6073E-33
            7141     50.2587E-03     50.2587E-03     42.9119E-33     12.9767E-33
            7142     218.994E-03     49.6400E-03     11.5567E-03    -212.980E-03
            7143     424.038E-03     47.7989E-03     22.8288E-03    -420.716E-03
            7144     620.619E-03     44.7808E-03     33.5388E-03    -618.093E-03
            7145     802.458E-03     40.6602E-03     43.4229E-03    -800.250E-03
            7146     964.773E-03     35.5383E-03     52.2379E-03    -962.702E-03
            7147         1.10346     29.5413E-03     59.7666E-03        -1.10145
            7148         1.21507     22.8170E-03     65.8236E-03        -1.21307
            7149         1.29683     15.5308E-03     70.2598E-03        -1.29483
            7150         1.34671     7.86220E-03     72.9660E-03        -1.34470
            7151         1.36347     121.512E-18     73.8755E-03        -1.36147
            7152         1.34671    -7.86220E-03     72.9660E-03        -1.34470
            7153         1.29683    -15.5308E-03     70.2598E-03        -1.29483
            7154         1.21507    -22.8170E-03     65.8236E-03        -1.21307
            7155         1.10346    -29.5413E-03     59.7666E-03        -1.10145
            7156     964.773E-03    -35.5383E-03     52.2379E-03    -962.702E-03
            7157     802.458E-03    -40.6602E-03     43.4229E-03    -800.250E-03
            7158     620.619E-03    -44.7808E-03     33.5388E-03    -618.093E-03
            7159     424.038E-03    -47.7989E-03     22.8288E-03    -420.716E-03
            7160     218.994E-03    -49.6400E-03     11.5567E-03    -212.980E-03
            7161     50.2587E-03    -50.2587E-03     42.9119E-33     12.9767E-33
            7162     60.4613E-03     60.4613E-03     37.0373E-33     15.0264E-33
            7163     263.277E-03     59.7170E-03     10.1009E-03    -256.216E-03
            7164     509.769E-03     57.5021E-03     19.9531E-03    -506.122E-03
            7165     746.092E-03     53.8714E-03     29.3140E-03    -743.567E-03
            7166     964.690E-03     48.9142E-03     37.9530E-03    -962.702E-03
            7167         1.15982     42.7526E-03     45.6576E-03        -1.15813
            7168         1.32655     35.5383E-03     52.2379E-03        -1.32505
            7169         1.46072     27.4489E-03     57.5319E-03        -1.45933
            7170         1.55901     18.6836E-03     61.4093E-03        -1.55768
            7171         1.61897     9.45824E-03     63.7746E-03        -1.61768
            7172         1.63912     75.1392E-18     64.5696E-03        -1.63785
            7173         1.61897    -9.45824E-03     63.7746E-03        -1.61768
            7174         1.55901    -18.6836E-03     61.4093E-03        -1.55768
            7175         1.46072    -27.4489E-03     57.5319E-03        -1.45933
            7176         1.32655    -35.5383E-03     52.2379E-03        -1.32505
            7177         1.15982    -42.7526E-03     45.6576E-03        -1.15813
            7178     964.690E-03    -48.9142E-03     37.9530E-03    -962.702E-03
            7179     746.092E-03    -53.8714E-03     29.3140E-03    -743.567E-03
            7180     509.769E-03    -57.5021E-03     19.9531E-03    -506.122E-03
            7181     263.277E-03    -59.7170E-03     10.1009E-03    -256.216E-03
            7182     60.4613E-03    -60.4613E-03     37.0373E-33     15.0264E-33
            7183     69.1752E-03     69.1752E-03     30.2508E-33     16.7062E-33
            7184     301.116E-03     68.3235E-03     8.39642E-03    -293.142E-03
            7185     583.027E-03     65.7895E-03     16.5861E-03    -579.066E-03
            7186     853.309E-03     61.6355E-03     24.3674E-03    -850.731E-03
            7187         1.10332     55.9639E-03     31.5486E-03        -1.10145
            7188         1.32649     48.9142E-03     37.9530E-03        -1.32505
            7189         1.51718     40.6602E-03     43.4229E-03        -1.51601
            7190         1.67063     31.4049E-03     47.8236E-03        -1.66965
            7191         1.78304     21.3763E-03     51.0467E-03        -1.78218
            7192         1.85162     10.8214E-03     53.0129E-03        -1.85083
            7193         1.87467    -3.98451E-18     53.6737E-03        -1.87390
            7194         1.85162    -10.8214E-03     53.0129E-03        -1.85083
            7195         1.78304    -21.3763E-03     51.0467E-03        -1.78218
            7196         1.67063    -31.4049E-03     47.8236E-03        -1.66965
            7197         1.51718    -40.6602E-03     43.4229E-03        -1.51601
            7198         1.32649    -48.9142E-03     37.9530E-03        -1.32505
            7199         1.10332    -55.9639E-03     31.5486E-03        -1.10145
            7200     853.309E-03    -61.6355E-03     24.3674E-03    -850.731E-03
            7201     583.027E-03    -65.7895E-03     16.5861E-03    -579.066E-03
            7202     301.116E-03    -68.3235E-03     8.39642E-03    -293.142E-03
            7203     69.1752E-03    -69.1752E-03     30.2508E-33     16.7062E-33
            7204     76.1857E-03     76.1857E-03     22.7193E-33     17.9747E-33
            7205     331.567E-03     75.2478E-03     6.48518E-03    -322.850E-03
            7206     641.982E-03     72.4569E-03     12.8107E-03    -637.751E-03
            7207     939.593E-03     67.8820E-03     18.8207E-03    -936.948E-03
            7208         1.21488     61.6355E-03     24.3674E-03        -1.21307
            7209         1.46062     53.8714E-03     29.3140E-03        -1.45933
            7210         1.67059     44.7808E-03     33.5388E-03        -1.66965
            7211         1.83956     34.5876E-03     36.9378E-03        -1.83886
            7212         1.96333     23.5427E-03     39.4272E-03        -1.96280
            7213         2.03884     11.9181E-03     40.9458E-03        -2.03840
            7214         2.06422     110.291E-18     41.4562E-03        -2.06381
            7215         2.03884    -11.9181E-03     40.9458E-03        -2.03840
            7216         1.96333    -23.5427E-03     39.4272E-03        -1.96280
            7217         1.83956    -34.5876E-03     36.9378E-03        -1.83886
            7218         1.67059    -44.7808E-03     33.5388E-03        -1.66965
            7219         1.46062    -53.8714E-03     29.3140E-03        -1.45933
            7220         1.21488    -61.6355E-03     24.3674E-03        -1.21307
            7221     939.593E-03    -67.8820E-03     18.8207E-03    -936.948E-03
            7222     641.982E-03    -72.4569E-03     12.8107E-03    -637.751E-03
            7223     331.567E-03    -75.2478E-03     6.48518E-03    -322.850E-03
            7224     76.1857E-03    -76.1857E-03     22.7193E-33     17.9747E-33
            7225     81.3203E-03     81.3203E-03     14.6285E-33     18.8005E-33
            7226     353.873E-03     80.3191E-03     4.41426E-03    -344.609E-03
            7227     685.168E-03     77.3402E-03     8.71982E-03    -680.733E-03
            7228         1.00280     72.4569E-03     12.8107E-03        -1.00009
            7229         1.29661     65.7895E-03     16.5861E-03        -1.29483
            7230         1.55887     57.5021E-03     19.9531E-03        -1.55768
            7231         1.78297     47.7989E-03     22.8288E-03        -1.78218
            7232         1.96330     36.9187E-03     25.1424E-03        -1.96280
            7233         2.09540     25.1294E-03     26.8369E-03        -2.09508
            7234         2.17599     12.7213E-03     27.8705E-03        -2.17578
            7235         2.20308    -232.294E-18     28.2179E-03        -2.20290
            7236         2.17599    -12.7213E-03     27.8705E-03        -2.17578
            7237         2.09540    -25.1294E-03     26.8369E-03        -2.09508
            7238         1.96330    -36.9187E-03     25.1424E-03        -1.96280
            7239         1.78297    -47.7989E-03     22.8288E-03        -1.78218
            7240         1.55887    -57.5021E-03     19.9531E-03        -1.55768
            7241         1.29661    -65.7895E-03     16.5861E-03        -1.29483
            7242         1.00280    -72.4569E-03     12.8107E-03        -1.00009
            7243     685.168E-03    -77.3402E-03     8.71982E-03    -680.733E-03
            7244     353.873E-03    -80.3191E-03     4.41426E-03    -344.609E-03
            7245     81.3203E-03    -81.3203E-03     14.6285E-33     18.8005E-33
            7246     84.4525E-03     84.4525E-03     6.17742E-33     19.1634E-33
            7247     367.481E-03     83.4128E-03     2.23464E-03    -357.882E-03
            7248     711.514E-03     80.3191E-03     4.41426E-03    -706.953E-03
            7249         1.04136     75.2478E-03     6.48518E-03        -1.03862
            7250         1.34646     68.3235E-03     8.39642E-03        -1.34470
            7251         1.61881     59.7170E-03     10.1009E-03        -1.61768
            7252         1.85153     49.6400E-03     11.5567E-03        -1.85083
            7253         2.03880     38.3406E-03     12.7279E-03        -2.03840
            7254         2.17598     26.0973E-03     13.5857E-03        -2.17578
            7255         2.25966     13.2113E-03     14.1090E-03        -2.25958
            7256         2.28779    -370.034E-18     14.2848E-03        -2.28775
            7257         2.25966    -13.2113E-03     14.1090E-03        -2.25958
            7258         2.17598    -26.0973E-03     13.5857E-03        -2.17578
            7259         2.03880    -38.3406E-03     12.7279E-03        -2.03840
            7260         1.85153    -49.6400E-03     11.5567E-03        -1.85083
            7261         1.61881    -59.7170E-03     10.1009E-03        -1.61768
            7262         1.34646    -68.3235E-03     8.39642E-03        -1.34470
            7263         1.04136    -75.2478E-03     6.48518E-03        -1.03862
            7264     711.514E-03    -80.3191E-03     4.41426E-03    -706.953E-03
            7265     367.481E-03    -83.4128E-03     2.23464E-03    -357.882E-03
            7266     84.4525E-03    -84.4525E-03     6.17742E-33     19.1634E-33
            7267     85.5052E-03     85.5052E-03    -2.42574E-33     19.0544E-33
            7268     372.055E-03     84.4525E-03    -326.799E-18    -362.344E-03
            7269     720.370E-03     81.3203E-03    -48.1932E-18    -715.765E-03
            7270         1.05432     76.1857E-03     40.4292E-18        -1.05156
            7271         1.36322     69.1752E-03    -165.143E-18        -1.36147
            7272         1.63896     60.4613E-03     72.8033E-18        -1.63785
            7273         1.87457     50.2587E-03     523.679E-18        -1.87390
            7274         2.06417     38.8186E-03     179.061E-18        -2.06381
            7275         2.20306     26.4226E-03    -632.582E-18        -2.20290
            7276         2.28779     13.3760E-03    -632.793E-18        -2.28775
            7277         2.31626    -202.747E-18    -194.838E-18        -2.31626
            7278         2.28779    -13.3760E-03     204.100E-18        -2.28775
            7279         2.20306    -26.4226E-03     529.065E-18        -2.20290
            7280         2.06417    -38.8186E-03     75.3709E-18        -2.06381
            7281         1.87457    -50.2587E-03     334.850E-18        -1.87390
            7282         1.63896    -60.4613E-03     500.336E-18        -1.63785
            7283         1.36322    -69.1752E-03     281.155E-18        -1.36147
            7284         1.05432    -76.1857E-03     14.8375E-18        -1.05156
            7285     720.370E-03    -81.3203E-03     86.0934E-18    -715.765E-03
            7286     372.055E-03    -84.4525E-03     154.154E-18    -362.344E-03
            7287     85.5052E-03    -85.5052E-03    -2.42574E-33     19.0544E-33
            7288     84.4525E-03     84.4525E-03    -10.9692E-33     18.4763E-33
            7289     367.481E-03     83.4128E-03    -2.23464E-03    -357.882E-03
            7290     711.514E-03     80.3191E-03    -4.41426E-03    -706.953E-03
            7291         1.04136     75.2478E-03    -6.48518E-03        -1.03862
            7292         1.34646     68.3235E-03    -8.39642E-03        -1.34470
            7293         1.61881     59.7170E-03    -10.1009E-03        -1.61768
            7294         1.85153     49.6400E-03    -11.5567E-03        -1.85083
            7295         2.03880     38.3406E-03    -12.7279E-03        -2.03840
            7296         2.17598     26.0973E-03    -13.5857E-03        -2.17578
            7297         2.25966     13.2113E-03    -14.1090E-03        -2.25958
            7298         2.28779     134.435E-18    -14.2848E-03        -2.28775
            7299         2.25966    -13.2113E-03    -14.1090E-03        -2.25958
            7300         2.17598    -26.0973E-03    -13.5857E-03        -2.17578
            7301         2.03880    -38.3406E-03    -12.7279E-03        -2.03840
            7302         1.85153    -49.6400E-03    -11.5567E-03        -1.85083
            7303         1.61881    -59.7170E-03    -10.1009E-03        -1.61768
            7304         1.34646    -68.3235E-03    -8.39642E-03        -1.34470
            7305         1.04136    -75.2478E-03    -6.48518E-03        -1.03862
            7306     711.514E-03    -80.3191E-03    -4.41426E-03    -706.953E-03
            7307     367.481E-03    -83.4128E-03    -2.23464E-03    -357.882E-03
            7308     84.4525E-03    -84.4525E-03    -10.9692E-33     18.4763E-33
            7309     81.3203E-03     81.3203E-03    -19.2425E-33     17.4432E-33
            7310     353.873E-03     80.3191E-03    -4.41426E-03    -344.609E-03
            7311     685.168E-03     77.3402E-03    -8.71982E-03    -680.733E-03
            7312         1.00280     72.4569E-03    -12.8107E-03        -1.00009
            7313         1.29661     65.7895E-03    -16.5861E-03        -1.29483
            7314         1.55887     57.5021E-03    -19.9531E-03        -1.55768
            7315         1.78297     47.7989E-03    -22.8288E-03        -1.78218
            7316         1.96330     36.9187E-03    -25.1424E-03        -1.96280
            7317         2.09540     25.1294E-03    -26.8369E-03        -2.09508
            7318         2.17599     12.7213E-03    -27.8705E-03        -2.17578
            7319         2.20308    -187.070E-18    -28.2179E-03        -2.20290
            7320         2.17599    -12.7213E-03    -27.8705E-03        -2.17578
            7321         2.09540    -25.1294E-03    -26.8369E-03        -2.09508
            7322         1.96330    -36.9187E-03    -25.1424E-03        -1.96280
            7323         1.78297    -47.7989E-03    -22.8288E-03        -1.78218
            7324         1.55887    -57.5021E-03    -19.9531E-03        -1.55768
            7325         1.29661    -65.7895E-03    -16.5861E-03        -1.29483
            7326         1.00280    -72.4569E-03    -12.8107E-03        -1.00009
            7327     685.168E-03    -77.3402E-03    -8.71982E-03    -680.733E-03
            7328     353.873E-03    -80.3191E-03    -4.41426E-03    -344.609E-03
            7329     81.3203E-03    -81.3203E-03    -19.2425E-33     17.4432E-33
            7330     76.1857E-03     76.1857E-03    -27.0421E-33     15.9806E-33
            7331     331.567E-03     75.2478E-03    -6.48518E-03    -322.850E-03
            7332     641.982E-03     72.4569E-03    -12.8107E-03    -637.751E-03
            7333     939.593E-03     67.8820E-03    -18.8207E-03    -936.948E-03
            7334         1.21488     61.6355E-03    -24.3674E-03        -1.21307
            7335         1.46062     53.8714E-03    -29.3140E-03        -1.45933
            7336         1.67059     44.7808E-03    -33.5388E-03        -1.66965
            7337         1.83956     34.5876E-03    -36.9378E-03        -1.83886
            7338         1.96333     23.5427E-03    -39.4272E-03        -1.96280
            7339         2.03884     11.9181E-03    -40.9458E-03        -2.03840
            7340         2.06422    -168.834E-18    -41.4562E-03        -2.06381
            7341         2.03884    -11.9181E-03    -40.9458E-03        -2.03840
            7342         1.96333    -23.5427E-03    -39.4272E-03        -1.96280
            7343         1.83956    -34.5876E-03    -36.9378E-03        -1.83886
            7344         1.67059    -44.7808E-03    -33.5388E-03        -1.66965
            7345         1.46062    -53.8714E-03    -29.3140E-03        -1.45933
            7346         1.21488    -61.6355E-03    -24.3674E-03        -1.21307
            7347     939.593E-03    -67.8820E-03    -18.8207E-03    -936.948E-03
            7348     641.982E-03    -72.4569E-03    -12.8107E-03    -637.751E-03
            7349     331.567E-03    -75.2478E-03    -6.48518E-03    -322.850E-03
            7350     76.1857E-03    -76.1857E-03    -27.0421E-33     15.9806E-33
            7351     69.1752E-03     69.1752E-03    -34.1757E-33     14.1245E-33
            7352     301.116E-03     68.3235E-03    -8.39642E-03    -293.142E-03
            7353     583.027E-03     65.7895E-03    -16.5861E-03    -579.066E-03
            7354     853.309E-03     61.6355E-03    -24.3674E-03    -850.731E-03
            7355         1.10332     55.9639E-03    -31.5486E-03        -1.10145
            7356         1.32649     48.9142E-03    -37.9530E-03        -1.32505
            7357         1.51718     40.6602E-03    -43.4229E-03        -1.51601
            7358         1.67063     31.4049E-03    -47.8236E-03        -1.66965
            7359         1.78304     21.3763E-03    -51.0467E-03        -1.78218
            7360         1.85162     10.8214E-03    -53.0129E-03        -1.85083
            7361         1.87467     249.783E-18    -53.6737E-03        -1.87390
            7362         1.85162    -10.8214E-03    -53.0129E-03        -1.85083
            7363         1.78304    -21.3763E-03    -51.0467E-03        -1.78218
            7364         1.67063    -31.4049E-03    -47.8236E-03        -1.66965
            7365         1.51718    -40.6602E-03    -43.4229E-03        -1.51601
            7366         1.32649    -48.9142E-03    -37.9530E-03        -1.32505
            7367         1.10332    -55.9639E-03    -31.5486E-03        -1.10145
            7368     853.309E-03    -61.6355E-03    -24.3674E-03    -850.731E-03
            7369     583.027E-03    -65.7895E-03    -16.5861E-03    -579.066E-03
            7370     301.116E-03    -68.3235E-03    -8.39642E-03    -293.142E-03
            7371     69.1752E-03    -69.1752E-03    -34.1757E-33     14.1245E-33
            7372     60.4613E-03     60.4613E-03    -40.4679E-33     11.9206E-33
            7373     263.277E-03     59.7170E-03    -10.1009E-03    -256.216E-03
            7374     509.769E-03     57.5021E-03    -19.9531E-03    -506.122E-03
            7375     746.092E-03     53.8714E-03    -29.3140E-03    -743.567E-03
            7376     964.690E-03     48.9142E-03    -37.9530E-03    -962.702E-03
            7377         1.15982     42.7526E-03    -45.6576E-03        -1.15813
            7378         1.32655     35.5383E-03    -52.2379E-03        -1.32505
            7379         1.46072     27.4489E-03    -57.5319E-03        -1.45933
            7380         1.55901     18.6836E-03    -61.4093E-03        -1.55768
            7381         1.61897     9.45824E-03    -63.7746E-03        -1.61768
            7382         1.63912     340.483E-18    -64.5696E-03        -1.63785
            7383         1.61897    -9.45824E-03    -63.7746E-03        -1.61768
            7384         1.55901    -18.6836E-03    -61.4093E-03        -1.55768
            7385         1.46072    -27.4489E-03    -57.5319E-03        -1.45933
            7386         1.32655    -35.5383E-03    -52.2379E-03        -1.32505
            7387         1.15982    -42.7526E-03    -45.6576E-03        -1.15813
            7388     964.690E-03    -48.9142E-03    -37.9530E-03    -962.702E-03
            7389     746.092E-03    -53.8714E-03    -29.3140E-03    -743.567E-03
            7390     509.769E-03    -57.5021E-03    -19.9531E-03    -506.122E-03
            7391     263.277E-03    -59.7170E-03    -10.1009E-03    -256.216E-03
            7392     60.4613E-03    -60.4613E-03    -40.4679E-33     11.9206E-33
            7393     50.2587E-03     50.2587E-03    -45.7635E-33     9.42317E-33
            7394     218.994E-03     49.6400E-03    -11.5567E-03    -212.980E-03
            7395     424.038E-03     47.7989E-03    -22.8288E-03    -420.716E-03
            7396     620.619E-03     44.7808E-03    -33.5388E-03    -618.093E-03
            7397     802.458E-03     40.6602E-03    -43.4229E-03    -800.250E-03
            7398     964.773E-03     35.5383E-03    -52.2379E-03    -962.702E-03
            7399         1.10346     29.5413E-03    -59.7666E-03        -1.10145
            7400         1.21507     22.8170E-03    -65.8236E-03        -1.21307
            7401         1.29683     15.5308E-03    -70.2598E-03        -1.29483
            7402         1.34671     7.86220E-03    -72.9660E-03        -1.34470
            7403         1.36347     193.759E-18    -73.8755E-03        -1.36147
            7404         1.34671    -7.86220E-03    -72.9660E-03        -1.34470
            7405         1.29683    -15.5308E-03    -70.2598E-03        -1.29483
            7406         1.21507    -22.8170E-03    -65.8236E-03        -1.21307
            7407         1.10346    -29.5413E-03    -59.7666E-03        -1.10145
            7408     964.773E-03    -35.5383E-03    -52.2379E-03    -962.702E-03
            7409     802.458E-03    -40.6602E-03    -43.4229E-03    -800.250E-03
            7410     620.619E-03    -44.7808E-03    -33.5388E-03    -618.093E-03
            7411     424.038E-03    -47.7989E-03    -22.8288E-03    -420.716E-03
            7412     218.994E-03    -49.6400E-03    -11.5567E-03    -212.980E-03
            7413     50.2587E-03    -50.2587E-03    -45.7635E-33     9.42317E-33
            7414     38.8186E-03     38.8186E-03    -49.9324E-33     6.69372E-33
            7415     169.388E-03     38.3406E-03    -12.7279E-03    -164.501E-03
            7416     328.006E-03     36.9187E-03    -25.1424E-03    -324.950E-03
            7417     480.074E-03     34.5876E-03    -36.9378E-03    -477.399E-03
            7418     620.735E-03     31.4049E-03    -47.8236E-03    -618.093E-03
            7419     746.294E-03     27.4489E-03    -57.5319E-03    -743.567E-03
            7420     853.579E-03     22.8170E-03    -65.8236E-03    -850.731E-03
            7421     939.914E-03     17.6233E-03    -72.4944E-03    -936.948E-03
            7422         1.00316     11.9956E-03    -77.3803E-03        -1.00009
            7423         1.04174     6.07256E-03    -80.3607E-03        -1.03862
            7424         1.05470     116.700E-18    -81.3624E-03        -1.05156
            7425         1.04174    -6.07256E-03    -80.3607E-03        -1.03862
            7426         1.00316    -11.9956E-03    -77.3803E-03        -1.00009
            7427     939.914E-03    -17.6233E-03    -72.4944E-03    -936.948E-03
            7428     853.579E-03    -22.8170E-03    -65.8236E-03    -850.731E-03
            7429     746.294E-03    -27.4489E-03    -57.5319E-03    -743.567E-03
            7430     620.735E-03    -31.4049E-03    -47.8236E-03    -618.093E-03
            7431     480.074E-03    -34.5876E-03    -36.9378E-03    -477.399E-03
            7432     328.006E-03    -36.9187E-03    -25.1424E-03    -324.950E-03
            7433     169.388E-03    -38.3406E-03    -12.7279E-03    -164.501E-03
            7434     38.8186E-03    -38.8186E-03    -49.9324E-33     6.69372E-33
            7435     26.4226E-03     26.4226E-03    -52.8717E-33     3.79946E-33
            7436     115.771E-03     26.0973E-03    -13.5857E-03    -111.970E-03
            7437     224.218E-03     25.1294E-03    -26.8369E-03    -221.184E-03
            7438     328.179E-03     23.5427E-03    -39.4272E-03    -324.950E-03
            7439     424.340E-03     21.3763E-03    -51.0467E-03    -420.716E-03
            7440     510.176E-03     18.6836E-03    -61.4093E-03    -506.122E-03
            7441     583.520E-03     15.5308E-03    -70.2598E-03    -579.066E-03
            7442     642.540E-03     11.9956E-03    -77.3803E-03    -637.751E-03
            7443     685.774E-03     8.16502E-03    -82.5953E-03    -680.733E-03
            7444     712.149E-03     4.13340E-03    -85.7767E-03    -706.953E-03
            7445     721.014E-03     80.5759E-18    -86.8459E-03    -715.765E-03
            7446     712.149E-03    -4.13340E-03    -85.7767E-03    -706.953E-03
            7447     685.774E-03    -8.16502E-03    -82.5953E-03    -680.733E-03
            7448     642.540E-03    -11.9956E-03    -77.3803E-03    -637.751E-03
            7449     583.520E-03    -15.5308E-03    -70.2598E-03    -579.066E-03
            7450     510.176E-03    -18.6836E-03    -61.4093E-03    -506.122E-03
            7451     424.340E-03    -21.3763E-03    -51.0467E-03    -420.716E-03
            7452     328.179E-03    -23.5427E-03    -39.4272E-03    -324.950E-03
            7453     224.218E-03    -25.1294E-03    -26.8369E-03    -221.184E-03
            7454     115.771E-03    -26.0973E-03    -13.5857E-03    -111.970E-03
            7455     26.4226E-03    -26.4226E-03    -52.8717E-33     3.79946E-33
            7456     13.3760E-03     13.3760E-03    -54.5092E-33     811.634E-36
            7457     59.8879E-03     13.2113E-03    -14.1090E-03    -56.6830E-03
            7458     116.086E-03     12.7213E-03    -27.8705E-03    -111.970E-03
            7459     169.938E-03     11.9181E-03    -40.9458E-03    -164.501E-03
            7460     219.745E-03     10.8214E-03    -53.0129E-03    -212.980E-03
            7461     264.203E-03     9.45824E-03    -63.7746E-03    -256.216E-03
            7462     302.189E-03     7.86220E-03    -72.9660E-03    -293.142E-03
            7463     332.757E-03     6.07256E-03    -80.3607E-03    -322.850E-03
            7464     355.148E-03     4.13340E-03    -85.7767E-03    -344.609E-03
            7465     368.808E-03     2.09246E-03    -89.0805E-03    -357.882E-03
            7466     373.400E-03    -1.87789E-18    -90.1909E-03    -362.344E-03
            7467     368.808E-03    -2.09246E-03    -89.0805E-03    -357.882E-03
            7468     355.148E-03    -4.13340E-03    -85.7767E-03    -344.609E-03
            7469     332.757E-03    -6.07256E-03    -80.3607E-03    -322.850E-03
            7470     302.189E-03    -7.86220E-03    -72.9660E-03    -293.142E-03
            7471     264.203E-03    -9.45824E-03    -63.7746E-03    -256.216E-03
            7472     219.745E-03    -10.8214E-03    -53.0129E-03    -212.980E-03
            7473     169.938E-03    -11.9181E-03    -40.9458E-03    -164.501E-03
            7474     116.086E-03    -12.7213E-03    -27.8705E-03    -111.970E-03
            7475     59.8879E-03    -13.2113E-03    -14.1090E-03    -56.6830E-03
            7476     13.3760E-03    -13.3760E-03    -54.5092E-33     811.634E-36
            7477              0.     257.153E-36    -257.073E-36     25.7919E-36
            7478     14.2848E-03     51.1615E-33    -14.2848E-03     5.36766E-33
            7479     28.2179E-03     45.2510E-33    -28.2179E-03     8.40698E-33
            7480     41.4562E-03     38.2263E-33    -41.4562E-03     11.2393E-33
            7481     53.6737E-03     30.2604E-33    -53.6737E-03     13.7949E-33
            7482     64.5696E-03     21.5493E-33    -64.5696E-03     16.0107E-33
            7483     73.8755E-03     12.3076E-33    -73.8755E-03     17.8324E-33
            7484     81.3624E-03     2.76291E-33    -81.3624E-03     19.2149E-33
            7485     86.8459E-03    -6.84985E-33    -86.8459E-03     20.1244E-33
            7486     90.1909E-03    -16.2939E-33    -90.1909E-03     20.5383E-33
            7487     91.3152E-03    -25.3368E-33    -91.3152E-03     20.4464E-33
            7488     90.1909E-03    -33.7558E-33    -90.1909E-03     19.8511E-33
            7489     86.8459E-03    -41.3437E-33    -86.8459E-03     18.7671E-33
            7490     81.3624E-03    -47.9135E-33    -81.3624E-03     17.2209E-33
            7491     73.8755E-03    -53.3035E-33    -73.8755E-03     15.2506E-33
            7492     64.5696E-03    -57.3810E-33    -64.5696E-03     12.9049E-33
            7493     53.6737E-03    -60.0456E-33    -53.6737E-03     10.2414E-33
            7494     41.4562E-03    -61.2317E-33    -41.4562E-03     7.32568E-33
            7495     28.2179E-03    -60.9100E-33    -28.2179E-03     4.22961E-33
            7496     14.2848E-03    -59.0886E-33    -14.2848E-03     1.02939E-33
            7497              0.    -257.153E-36    -257.073E-36     25.7919E-36


  Minimum                     0.    -91.8710E-03    -97.9927E-03        -2.31685
         At Node            7497             211              11            5513

  Maximum                2.31685     91.8710E-03     97.9927E-03     24.0704E-33
         At Node            5513             231             431             430

           Total     6.35462E+03    -56.7046E-15     196.287E-15    -6.29914E+03


