# t[ms] U1 U2 U3[m] S11 S22 S33 S12 S13 S23[Pa] -- OpenSG-RM at the stations of the plots; solid dump values in solid_step.dat
5.000000000000000278e-02 0.000000000000000000e+00 0.000000000000000000e+00 2.102859800000000164e-03 2.375623611485273391e+07 1.771086015420344844e+07 3.258735419998073578e+07 -5.659531880329395854e-11 3.313678365666773752e+05 3.180660880643599085e+05
1.000000000000000056e-01 0.000000000000000000e+00 0.000000000000000000e+00 8.403358099999999262e-03 3.916967435515285283e+07 1.928703760160321370e+07 3.279000913442770019e+07 -4.238329179217870385e-10 1.259464247473505791e+06 1.213328969350425992e+06
1.499999999999999944e-01 0.000000000000000000e+00 0.000000000000000000e+00 1.887802200000000125e-02 8.902183081548593938e+07 2.439534169428783283e+07 3.281513920038183033e+07 -1.621591988088875869e-09 2.555123366614400409e+06 2.478008196993548889e+06
2.000000000000000111e-01 0.000000000000000000e+00 0.000000000000000000e+00 3.348960000000000131e-02 1.995078686203626692e+08 3.575006832314572483e+07 3.283689404905535281e+07 -4.298174218781407900e-09 4.002935862250966951e+06 3.905866632366607897e+06
2.500000000000000000e-01 0.000000000000000000e+00 0.000000000000000000e+00 5.218887700000000157e-02 3.917035598014984727e+08 5.557846775586076081e+07 3.285485758689025044e+07 -9.011102044054921278e-09 5.601237472710897215e+06 5.483742653317758814e+06
2.999999999999999889e-01 0.000000000000000000e+00 0.000000000000000000e+00 7.491628699999999808e-02 6.735939836140425205e+08 8.480337444794654846e+07 3.287165662052860111e+07 -1.604474591663088226e-08 7.420378387176664546e+06 7.274873646312966011e+06
3.499999999999999778e-01 0.000000000000000000e+00 0.000000000000000000e+00 1.016027199999999936e-01 1.036998418912531018e+09 1.226989185430929661e+08 3.288969314218527079e+07 -2.526965295721851901e-08 9.513241415959130973e+06 9.328348708194296807e+06
4.000000000000000222e-01 0.000000000000000000e+00 0.000000000000000000e+00 1.321692999999999896e-01 1.460519703010986567e+09 1.671529480732114315e+08 3.291113194722323865e+07 -3.625102211105738672e-08 1.192724700695605762e+07 1.168807380715428665e+07
4.500000000000000111e-01 0.000000000000000000e+00 0.000000000000000000e+00 1.665262600000000093e-01 1.917130842880531549e+09 2.154003559678152800e+08 3.293893987157557905e+07 -4.825661143075743901e-08 1.470951148832753859e+07 1.439939569464453869e+07
5.000000000000000000e-01 0.000000000000000000e+00 0.000000000000000000e+00 2.045715300000000014e-01 2.383861536268648148e+09 2.649729393896924257e+08 3.297527525921311602e+07 -6.087234610602498196e-08 1.789474567596138269e+07 1.749728864618126303e+07
5.500000000000000444e-01 0.000000000000000000e+00 0.000000000000000000e+00 2.461895500000000070e-01 2.849581930390957355e+09 3.145537946244415045e+08 3.302090009494751692e+07 -7.352805795950276616e-08 2.148879853453467414e+07 2.099257064404879883e+07
5.999999999999999778e-01 0.000000000000000000e+00 0.000000000000000000e+00 2.912508899999999845e-01 3.318816234183276653e+09 3.643499561448875070e+08 3.307511133096956462e+07 -8.633506063393830861e-08 2.546318763370432705e+07 2.486240127706143633e+07
6.500000000000000222e-01 0.000000000000000000e+00 0.000000000000000000e+00 3.396129700000000140e-01 3.809279149139202118e+09 4.159759211164773703e+08 3.313580992074756697e+07 -9.883537243653344838e-08 2.975788940776429325e+07 2.905631521559303626e+07
6.999999999999999556e-01 0.000000000000000000e+00 0.000000000000000000e+00 3.911217300000000008e-01 4.344841181692599297e+09 4.718252171466110945e+08 3.320037584135201573e+07 -1.124046934252735288e-07 3.430064070703992993e+07 3.350647902678903937e+07
7.500000000000000000e-01 0.000000000000000000e+00 0.000000000000000000e+00 4.456138299999999886e-01 4.945875410405274391e+09 5.340749229351468086e+08 3.326550935348114744e+07 -1.274440171942452963e-07 3.902697429795941710e+07 3.814967957141447812e+07
8.000000000000000444e-01 0.000000000000000000e+00 0.000000000000000000e+00 5.029185900000000542e-01 5.620942261118131638e+09 6.038799781878434420e+08 3.333019665815077722e+07 -1.439500841289233137e-07 4.389897714797375351e+07 4.294214845902404934e+07
8.499999999999999778e-01 0.000000000000000000e+00 0.000000000000000000e+00 5.628594300000000494e-01 6.363510206662957191e+09 6.809070024025789499e+08 3.339452119444181770e+07 -1.624910682508474085e-07 4.891535545964682847e+07 4.787255360613308847e+07
9.000000000000000222e-01 0.000000000000000000e+00 0.000000000000000000e+00 6.252541999999999822e-01 7.152986155678513527e+09 7.633146839420733452e+08 3.346055181117362529e+07 -1.829620962628943818e-07 5.410543892889478803e+07 5.296078104253184050e+07
9.499999999999999556e-01 0.000000000000000000e+00 0.000000000000000000e+00 6.899146099999999837e-01 7.961227093935749054e+09 8.483814895228406191e+08 3.353088000944884494e+07 -2.039715985888532741e-07 5.951196703927315772e+07 5.824260092918653041e+07
1.000000000000000000e+00 0.000000000000000000e+00 0.000000000000000000e+00 7.566451499999999886e-01 8.762940142941297531e+09 9.334129348167529106e+08 3.360805569968320429e+07 -2.253873445739082676e-07 6.516930580389985442e+07 6.375184740752179921e+07
1.050000000000000044e+00 0.000000000000000000e+00 0.000000000000000000e+00 8.252421599999999469e-01 9.544462929237508774e+09 1.016663062032342196e+09 3.369282085018458962e+07 -2.467811217675538145e-07 7.107882462591962516e+07 6.950184827046425641e+07
1.100000000000000089e+00 0.000000000000000000e+00 0.000000000000000000e+00 8.954936399999999797e-01 1.030838247036911201e+10 1.098017286915103436e+09 3.378596771858695149e+07 -2.669613740161490115e-07 7.722010711372564733e+07 7.547451568310925364e+07
1.149999999999999911e+00 0.000000000000000000e+00 0.000000000000000000e+00 9.671800499999999579e-01 1.107172536955785561e+10 1.178771897453626633e+09 3.388328156574354321e+07 -2.875221173598498506e-07 8.351727870024734735e+07 8.161558944316194952e+07
1.199999999999999956e+00 0.000000000000000000e+00 0.000000000000000000e+00 1.040076199999999895e+00 1.185776210258124924e+10 1.261145336807996750e+09 3.398267516536967456e+07 -3.082461674001786941e-07 8.990108041396354139e+07 8.785975630351732671e+07
1.250000000000000000e+00 0.000000000000000000e+00 0.000000000000000000e+00 1.113953500000000041e+00 1.268533777259958649e+10 1.347114814122372866e+09 3.408120629442740232e+07 -3.286721580521286681e-07 9.629729962342843413e+07 9.413791854779532552e+07
1.300000000000000044e+00 0.000000000000000000e+00 0.000000000000000000e+00 1.188582299999999980e+00 1.356050478482867813e+10 1.437604590340521574e+09 3.417617712187177688e+07 -3.503573798036518805e-07 1.026718875233044326e+08 1.004078615680035055e+08
1.350000000000000089e+00 0.000000000000000000e+00 0.000000000000000000e+00 1.263732999999999995e+00 1.447379018201594162e+10 1.532066608927736282e+09 3.427373300838048756e+07 -3.738446140093463993e-07 1.090314606714508832e+08 1.066554669733941555e+08
1.399999999999999911e+00 0.000000000000000000e+00 0.000000000000000000e+00 1.339177000000000062e+00 1.540396729467020416e+10 1.628717337962466478e+09 3.437155724408131093e+07 -3.962298111064013649e-07 1.153837330177083462e+08 1.128957586073789299e+08
1.449999999999999956e+00 0.000000000000000000e+00 0.000000000000000000e+00 1.414686000000000110e+00 1.632594107210122871e+10 1.725268853000069618e+09 3.447326323904834688e+07 -4.208921340615760834e-07 1.217648867563062310e+08 1.191444419242769927e+08
1.500000000000000000e+00 0.000000000000000000e+00 0.000000000000000000e+00 1.490031499999999953e+00 1.722033030602430344e+10 1.819744340965840101e+09 3.458077124124733359e+07 -4.433346364691169908e-07 1.281955948176965117e+08 1.254212961947474331e+08
1.550000000000000044e+00 0.000000000000000000e+00 0.000000000000000000e+00 1.564984300000000106e+00 1.807853092293958664e+10 1.911015904072290659e+09 3.469618506509372592e+07 -4.666088626473618394e-07 1.346615140653126240e+08 1.317132037626906633e+08
1.600000000000000089e+00 0.000000000000000000e+00 0.000000000000000000e+00 1.639315300000000031e+00 1.890343325300772858e+10 1.999049558621286392e+09 3.481240383448104560e+07 -4.884620302324027323e-07 1.411287597882442176e+08 1.380058339638291895e+08
1.649999999999999911e+00 0.000000000000000000e+00 0.000000000000000000e+00 1.712795499999999915e+00 1.970670959860179901e+10 2.084555987145735741e+09 3.493392024495557696e+07 -5.111425772616622820e-07 1.475541827258599699e+08 1.442558764687524140e+08
1.699999999999999956e+00 0.000000000000000000e+00 0.000000000000000000e+00 1.785198199999999957e+00 2.050218010744213486e+10 2.168623428765885830e+09 3.505747355010294169e+07 -5.321211838697241455e-07 1.538689809806350768e+08 1.504147651138082147e+08
1.750000000000000000e+00 0.000000000000000000e+00 0.000000000000000000e+00 1.856300800000000084e+00 2.130068621349958038e+10 2.252202525323757172e+09 3.517484120902241766e+07 -5.528986147104396558e-07 1.600264326848158538e+08 1.564420632500320971e+08
1.800000000000000044e+00 0.000000000000000000e+00 0.000000000000000000e+00 1.925885400000000081e+00 2.210677929705783844e+10 2.335696965532639027e+09 3.529697931689521670e+07 -5.722595980795840274e-07 1.660036251490419209e+08 1.623141256668388247e+08
1.850000000000000089e+00 0.000000000000000000e+00 0.000000000000000000e+00 1.993741100000000044e+00 2.291727147248082352e+10 2.419123771184825420e+09 3.541343345335297287e+07 -5.926917727371056113e-07 1.717771737724843621e+08 1.680058328211121261e+08
1.899999999999999911e+00 0.000000000000000000e+00 0.000000000000000000e+00 2.059663599999999928e+00 2.371487906007334900e+10 2.501540675208086014e+09 3.552913718809760362e+07 -6.118608958586920829e-07 1.773666083381810188e+08 1.735105179963740408e+08
1.949999999999999956e+00 0.000000000000000000e+00 0.000000000000000000e+00 2.123455600000000221e+00 2.448952277749482727e+10 2.581629194111344814e+09 3.564512682842945307e+07 -6.318160507245389803e-07 1.827783587577936351e+08 1.788345741502872407e+08
2.000000000000000000e+00 0.000000000000000000e+00 0.000000000000000000e+00 2.184926700000000110e+00 2.522440167026473236e+10 2.658508073056158543e+09 3.575349968350164592e+07 -6.488537476193967370e-07 1.880152995966677964e+08 1.839640598269057572e+08
2.050000000000000266e+00 0.000000000000000000e+00 0.000000000000000000e+00 2.243892600000000126e+00 2.591275100092858505e+10 2.731326544356731892e+09 3.586023348876249045e+07 -6.673528673427258103e-07 1.930757953085058331e+08 1.888990085206322372e+08
2.100000000000000089e+00 0.000000000000000000e+00 0.000000000000000000e+00 2.300175900000000162e+00 2.655040296440593719e+10 2.799600785593685627e+09 3.595626898138354719e+07 -6.867986827874904675e-07 1.979448089222476482e+08 1.936243830162586272e+08
2.149999999999999911e+00 0.000000000000000000e+00 0.000000000000000000e+00 2.353605500000000017e+00 2.714209874147661591e+10 2.863449368761579990e+09 3.604333763977711648e+07 -7.026100250113255726e-07 2.025942624817580879e+08 1.981269991300656199e+08
2.200000000000000178e+00 0.000000000000000000e+00 0.000000000000000000e+00 2.404017599999999977e+00 2.769311027782112503e+10 2.922971810039883137e+09 3.611851833998447657e+07 -7.182293431140321204e-07 2.069833979212555289e+08 2.023857960526486337e+08
2.250000000000000000e+00 0.000000000000000000e+00 0.000000000000000000e+00 2.451256499999999949e+00 2.821345206792352676e+10 2.978375082991884232e+09 3.618029647661241889e+07 -7.327265268100842799e-07 2.110917048616164029e+08 2.063798351527420580e+08
2.299999999999999822e+00 0.000000000000000000e+00 0.000000000000000000e+00 2.495175199999999816e+00 2.870903076074016190e+10 3.030222842644227982e+09 3.622834145044267923e+07 -7.462055911359056989e-07 2.148792753787057400e+08 2.100952259120968878e+08
2.350000000000000089e+00 0.000000000000000000e+00 0.000000000000000000e+00 2.535636400000000013e+00 2.918060889848675919e+10 3.078250824810362339e+09 3.626488622376906872e+07 -7.562743495800984367e-07 2.183388201782748997e+08 2.135180978280373216e+08
2.399999999999999911e+00 0.000000000000000000e+00 0.000000000000000000e+00 2.572513199999999944e+00 2.962339775122840118e+10 3.122726774149228573e+09 3.628996503092136979e+07 -7.674401926233289553e-07 2.214643229056612849e+08 2.166230191436940134e+08
2.449999999999999734e+00 0.000000000000000000e+00 0.000000000000000000e+00 2.605689700000000109e+00 3.003281560066580200e+10 3.163564203597384453e+09 3.630696705244141817e+07 -7.745572057341658545e-07 2.242497890316544175e+08 2.194073011072870195e+08
2.500000000000000000e+00 0.000000000000000000e+00 0.000000000000000000e+00 2.635061599999999782e+00 3.039831855543800354e+10 3.200564080795895100e+09 3.631732236145772785e+07 -7.832606407045059221e-07 2.267140419460935593e+08 2.218507649646856785e+08
2.550000000000000266e+00 0.000000000000000000e+00 0.000000000000000000e+00 2.660536399999999801e+00 3.071135643594070816e+10 3.233174396600249767e+09 3.632156540366196632e+07 -7.915707672772972157e-07 2.288520028222139776e+08 2.239463652706024945e+08
2.600000000000000089e+00 0.000000000000000000e+00 0.000000000000000000e+00 2.682033699999999854e+00 3.096805727148895645e+10 3.261163099474690437e+09 3.632461705649640411e+07 -7.990522343119705484e-07 2.306695538339750767e+08 2.257002257387937307e+08
2.649999999999999911e+00 0.000000000000000000e+00 0.000000000000000000e+00 2.699485600000000041e+00 3.116413462015419769e+10 3.283682591175511837e+09 3.632750656302382797e+07 -8.060006156061384696e-07 2.321718709867298007e+08 2.271194128683778346e+08
2.700000000000000178e+00 0.000000000000000000e+00 0.000000000000000000e+00 2.712836600000000153e+00 3.129736285198244476e+10 3.300314785690087795e+09 3.633297592227459699e+07 -8.107323983290169495e-07 2.333459145257803202e+08 2.282040393255182803e+08
2.750000000000000000e+00 0.000000000000000000e+00 0.000000000000000000e+00 2.722044200000000025e+00 3.137884422847114563e+10 3.310705144807432652e+09 3.633726162843877822e+07 -8.141176630879793863e-07 2.341780516142335832e+08 2.289691823103669584e+08
2.799999999999999822e+00 0.000000000000000000e+00 0.000000000000000000e+00 2.727078399999999903e+00 3.141003718180616379e+10 3.314866661290504932e+09 3.634570914925141633e+07 -8.163360114963279537e-07 2.346485317100134194e+08 2.294131282460156679e+08
2.850000000000000089e+00 0.000000000000000000e+00 0.000000000000000000e+00 2.727922799999999981e+00 3.140176769015227127e+10 3.313361831714854240e+09 3.634847398852440715e+07 -8.154957365982519135e-07 2.347435896913433969e+08 2.295253058846903443e+08
2.899999999999999911e+00 0.000000000000000000e+00 0.000000000000000000e+00 2.724573799999999935e+00 3.136028662684500885e+10 3.306923167921116352e+09 3.635039216513319314e+07 -8.113246556682746243e-07 2.344495344539283812e+08 2.292891234439902306e+08
2.949999999999999734e+00 0.000000000000000000e+00 0.000000000000000000e+00 2.717041800000000062e+00 3.128533502647597122e+10 3.296327003929789066e+09 3.634447715135303140e+07 -8.082760093276168432e-07 2.337606075597198606e+08 2.286842570468697250e+08
3.000000000000000000e+00 0.000000000000000000e+00 0.000000000000000000e+00 2.705350800000000167e+00 3.117921894966613770e+10 3.282665610542937756e+09 3.632501729111824930e+07 -8.040833219376237703e-07 2.326887188301230967e+08 2.276912500656823516e+08
3.050000000000000266e+00 0.000000000000000000e+00 0.000000000000000000e+00 2.689537800000000090e+00 3.102898054941287231e+10 3.265524285734609127e+09 3.629756856253886968e+07 -7.993836983744377662e-07 2.312502392673714161e+08 2.263205086144916117e+08
3.100000000000000089e+00 0.000000000000000000e+00 0.000000000000000000e+00 2.669652999999999832e+00 3.082481055770150375e+10 3.244356327935649395e+09 3.625937002602726966e+07 -7.945544715910460349e-07 2.294757279983515441e+08 2.245746035093114674e+08
3.149999999999999911e+00 0.000000000000000000e+00 0.000000000000000000e+00 2.645758799999999855e+00 3.056114213879367065e+10 3.218492543782570839e+09 3.620919957360188663e+07 -7.880007168680080955e-07 2.273873085126957297e+08 2.224860195028831363e+08
3.200000000000000178e+00 0.000000000000000000e+00 0.000000000000000000e+00 2.617928599999999939e+00 3.022863755425519562e+10 3.186831021885660648e+09 3.615247560068588704e+07 -7.809029122888084695e-07 2.249987002627239823e+08 2.200777430763714612e+08
3.250000000000000000e+00 0.000000000000000000e+00 0.000000000000000000e+00 2.586246800000000068e+00 2.983636491450722504e+10 3.148371103348434925e+09 3.609122821934121102e+07 -7.730956507060728515e-07 2.223222874825448096e+08 2.173831596808046997e+08
3.299999999999999822e+00 0.000000000000000000e+00 0.000000000000000000e+00 2.550808200000000081e+00 2.939029027003407669e+10 3.103504065016391754e+09 3.603064660088725388e+07 -7.647711057145221302e-07 2.193394991743918061e+08 2.144252718702099025e+08
3.350000000000000089e+00 0.000000000000000000e+00 0.000000000000000000e+00 2.511718600000000023e+00 2.890651112753842545e+10 3.052895308750329494e+09 3.596672276802059263e+07 -7.521047044589826782e-07 2.160428129045223296e+08 2.111900326648606956e+08
3.399999999999999911e+00 0.000000000000000000e+00 0.000000000000000000e+00 2.469094699999999865e+00 2.839531199583023834e+10 2.997523590035460949e+09 3.590866911945419759e+07 -7.360229276349281406e-07 2.124254326253913641e+08 2.076834293819092810e+08
3.449999999999999734e+00 0.000000000000000000e+00 0.000000000000000000e+00 2.423065300000000200e+00 2.786547266034976959e+10 2.939041001725638866e+09 3.584743917994872481e+07 -7.213634158428383827e-07 2.084679207966454327e+08 2.038789713288812041e+08
3.500000000000000000e+00 0.000000000000000000e+00 0.000000000000000000e+00 2.373771000000000075e+00 2.731496204398792267e+10 2.878414332155429840e+09 3.578975391720323265e+07 -7.056435781778180171e-07 2.041953767368876934e+08 1.997746163008312583e+08
3.550000000000000266e+00 0.000000000000000000e+00 0.000000000000000000e+00 2.321364599999999889e+00 2.674419997348713684e+10 2.816215616883215427e+09 3.572857899173873663e+07 -6.874921770655711296e-07 1.996347289786980152e+08 1.953631064523570836e+08
3.600000000000000089e+00 0.000000000000000000e+00 0.000000000000000000e+00 2.266009799999999963e+00 2.614071979254056931e+10 2.752332621643799782e+09 3.566400245190970600e+07 -6.706032110182719672e-07 1.948083185336094499e+08 1.906591327730674148e+08
3.649999999999999911e+00 0.000000000000000000e+00 0.000000000000000000e+00 2.207880499999999913e+00 2.549808996998519516e+10 2.685862718881457806e+09 3.559567214236675203e+07 -6.560423701088485095e-07 1.897691009940277040e+08 1.856970035967911184e+08
3.700000000000000178e+00 0.000000000000000000e+00 0.000000000000000000e+00 2.147159100000000098e+00 2.480659527518280411e+10 2.615805427313814640e+09 3.552000523612754792e+07 -6.408115045816738122e-07 1.845463531031638980e+08 1.805241713168421984e+08
3.750000000000000000e+00 0.000000000000000000e+00 0.000000000000000000e+00 2.084034599999999848e+00 2.406302905826797104e+10 2.540816430000543118e+09 3.544199589065776765e+07 -6.235770155656081571e-07 1.791670608180207908e+08 1.751848079096107781e+08
3.799999999999999822e+00 0.000000000000000000e+00 0.000000000000000000e+00 2.018701899999999938e+00 2.327587082829453659e+10 2.460694254502544403e+09 3.535755848442691565e+07 -6.049530188559451796e-07 1.736516675359870493e+08 1.697203505558144748e+08
3.850000000000000089e+00 0.000000000000000000e+00 0.000000000000000000e+00 1.951360100000000042e+00 2.245096317713848495e+10 2.375505576591387272e+09 3.527059574526783079e+07 -5.844425375584217194e-07 1.679860642016479373e+08 1.641396324803113043e+08
3.899999999999999911e+00 0.000000000000000000e+00 0.000000000000000000e+00 1.882213099999999972e+00 2.160799020947107697e+10 2.286828497866082191e+09 3.518368314108850807e+07 -5.616461766140284262e-07 1.621706091093696952e+08 1.584539495678361952e+08
3.950000000000000178e+00 0.000000000000000000e+00 0.000000000000000000e+00 1.811469699999999960e+00 2.076626968591430283e+10 2.196562209978396893e+09 3.509504498779445887e+07 -5.378201743263396429e-07 1.561764477299069762e+08 1.526375373524834514e+08
4.000000000000000000e+00 0.000000000000000000e+00 0.000000000000000000e+00 1.739344400000000013e+00 1.993718653916736984e+10 2.106721055395905972e+09 3.500727289860945195e+07 -5.159131291999898657e-07 1.500049342873214781e+08 1.466739978142338395e+08
4.049999999999999822e+00 0.000000000000000000e+00 0.000000000000000000e+00 1.666058000000000039e+00 1.912499333482837677e+10 2.018591651502593040e+09 3.491956747230232507e+07 -4.916120881698770071e-07 1.436677784205103517e+08 1.405558014892354608e+08
4.100000000000000533e+00 0.000000000000000000e+00 0.000000000000000000e+00 1.591837399999999958e+00 1.832146789091315079e+10 1.932267601000859022e+09 3.483083496342728287e+07 -4.704964452549854576e-07 1.372068898744709790e+08 1.342852142474083304e+08
4.150000000000000355e+00 0.000000000000000000e+00 0.000000000000000000e+00 1.516914600000000002e+00 1.751035740753496552e+10 1.846707309379310846e+09 3.474472915940620005e+07 -4.490850369042189994e-07 1.306776869400268495e+08 1.279210516924303919e+08
4.200000000000000178e+00 0.000000000000000000e+00 0.000000000000000000e+00 1.441524999999999945e+00 1.667373136885788727e+10 1.760199640936477184e+09 3.465855027419758588e+07 -4.271499510642498223e-07 1.241496031582682133e+08 1.215075810013946295e+08
4.250000000000000000e+00 0.000000000000000000e+00 0.000000000000000000e+00 1.365904900000000088e+00 1.579943112491156006e+10 1.671098990577797413e+09 3.457504749102782458e+07 -4.067841095240777834e-07 1.176768977175600380e+08 1.151156249290416688e+08
4.299999999999999822e+00 0.000000000000000000e+00 0.000000000000000000e+00 1.290289500000000089e+00 1.488798015563651085e+10 1.578617876451354027e+09 3.449235606746242940e+07 -3.861816461361433638e-07 1.112806648729354143e+08 1.087807993909437507e+08
4.349999999999999645e+00 0.000000000000000000e+00 0.000000000000000000e+00 1.214911599999999980e+00 1.395377842570885277e+10 1.483263166415807247e+09 3.440759941139712930e+07 -3.640632473758924349e-07 1.049558038569807112e+08 1.025314417051640600e+08
4.400000000000000355e+00 0.000000000000000000e+00 0.000000000000000000e+00 1.140000799999999925e+00 1.302161001898040771e+10 1.386742288369508743e+09 3.432065361615919322e+07 -3.406743624400594374e-07 9.867996312455107272e+07 9.636734088143311441e+07
4.450000000000000178e+00 0.000000000000000000e+00 0.000000000000000000e+00 1.065783900000000006e+00 1.211872490272872162e+10 1.291468460762676477e+09 3.423002049379011989e+07 -3.172256602158956440e-07 9.241653227973698080e+07 9.025970241263575852e+07
4.500000000000000000e+00 0.000000000000000000e+00 0.000000000000000000e+00 9.924859200000000214e-01 1.126584947978427887e+10 1.199722357769355059e+09 3.413269019280209392e+07 -2.931148021702940791e-07 8.614499809162364900e+07 8.418105291723164916e+07
4.549999999999999822e+00 0.000000000000000000e+00 0.000000000000000000e+00 9.203305800000000092e-01 1.046946926006075478e+10 1.112875055373266459e+09 3.403049301043379307e+07 -2.699901478982984002e-07 7.986439634597750008e+07 7.813561963324937224e+07
4.599999999999999645e+00 0.000000000000000000e+00 0.000000000000000000e+00 8.495404399999999523e-01 9.719437285493526459e+09 1.030937153607820153e+09 3.392693835429432988e+07 -2.482707153129917884e-07 7.363469547345192730e+07 7.212928754903495312e+07
4.649999999999999467e+00 0.000000000000000000e+00 0.000000000000000000e+00 7.803360700000000483e-01 8.993659108728471756e+09 9.526736249144467115e+08 3.382428250315929204e+07 -2.271739816223332419e-07 6.752258669814261794e+07 6.620708186333364993e+07
4.700000000000000178e+00 0.000000000000000000e+00 0.000000000000000000e+00 7.129342300000000021e-01 8.266487172050894737e+09 8.761560345383147001e+08 3.372793988349436224e+07 -2.088058807945261014e-07 6.161130837277463078e+07 6.043446642605445534e+07
4.750000000000000000e+00 0.000000000000000000e+00 0.000000000000000000e+00 6.475457799999999597e-01 7.520396821750758171e+09 7.996465478597353697e+08 3.364046568371307105e+07 -1.904537083695433677e-07 5.596768771120157838e+07 5.486904242307641357e+07
4.799999999999999822e+00 0.000000000000000000e+00 0.000000000000000000e+00 5.843736999999999959e-01 6.752324484165936470e+09 7.223073217552403212e+08 3.356196310503534973e+07 -1.731435714373439795e-07 5.062205137732514739e+07 4.955485439355959743e+07
4.850000000000000533e+00 0.000000000000000000e+00 0.000000000000000000e+00 5.236117399999999922e-01 5.977457315437376022e+09 6.446894031246904135e+08 3.349062744077830762e+07 -1.560849285525428994e-07 4.556418853718153387e+07 4.451000833762907237e+07
4.899999999999999467e+00 0.000000000000000000e+00 0.000000000000000000e+00 4.654440599999999928e-01 5.224222825583113670e+09 5.684908729660409689e+08 3.342238671308407187e+07 -1.386389803271560287e-07 4.075092069667885453e+07 3.972372314263524115e+07
4.950000000000000178e+00 0.000000000000000000e+00 0.000000000000000000e+00 4.100457100000000077e-01 4.524766519994735718e+09 4.961136006418954134e+08 3.335262944819043949e+07 -1.214515089833481133e-07 3.612818311585349590e+07 3.517132869561485201e+07
5.000000000000000000e+00 0.000000000000000000e+00 0.000000000000000000e+00 3.575834600000000196e-01 3.903341834274435520e+09 4.297124404429586530e+08 3.327793022033625841e+07 -1.042177253744102106e-07 3.165465818689974770e+07 3.082551837833803520e+07
5.049999999999999822e+00 0.000000000000000000e+00 0.000000000000000000e+00 3.082165499999999780e-01 3.368756156326040268e+09 3.705204151855423450e+08 3.319719413165780529e+07 -8.807414835940503218e-08 2.732678474817267433e+07 2.667479894453743473e+07
5.100000000000000533e+00 0.000000000000000000e+00 0.000000000000000000e+00 2.620967100000000105e-01 2.909580597724069595e+09 3.183940940876317024e+08 3.311211714313597977e+07 -7.318619308170769951e-08 2.318371752579631284e+07 2.273208886213233694e+07
5.150000000000000355e+00 0.000000000000000000e+00 0.000000000000000000e+00 2.193673200000000045e-01 2.500165672722002983e+09 2.719517667272890210e+08 3.302665360183999687e+07 -5.984195542038509505e-08 1.930097926811219007e+07 1.903294472472872213e+07
5.200000000000000178e+00 0.000000000000000000e+00 0.000000000000000000e+00 1.801618399999999898e-01 2.110234541936009407e+09 2.292733614092882872e+08 3.294596474094665423e+07 -4.831455351596945077e-08 1.576470825138337724e+07 1.562878117968593352e+07
5.250000000000000000e+00 0.000000000000000000e+00 0.000000000000000000e+00 1.446020000000000083e-01 1.717016844426530838e+09 1.885992006711996794e+08 3.287396076954738051e+07 -3.861423188467981800e-08 1.264690780290018208e+07 1.256826275524379872e+07
5.299999999999999822e+00 0.000000000000000000e+00 0.000000000000000000e+00 1.127962200000000026e-01 1.314870686836860180e+09 1.491924347805821598e+08 3.281370993836002797e+07 -3.031590859888907552e-08 9.980074688676694408e+06 9.885038274044243619e+06
5.349999999999999645e+00 0.000000000000000000e+00 0.000000000000000000e+00 8.483899200000000196e-02 9.179727873654948473e+08 1.115957622403737754e+08 3.276467724551735073e+07 -2.328881234641434396e-08 7.756518930582072586e+06 7.587031307693835348e+06
5.400000000000000355e+00 0.000000000000000000e+00 0.000000000000000000e+00 6.081110900000000208e-02 5.551160575808577538e+08 7.742513880614888668e+07 3.272520596034057438e+07 -1.691035181026807437e-08 5.943561230145372450e+06 5.665674517762197182e+06
5.450000000000000178e+00 0.000000000000000000e+00 0.000000000000000000e+00 4.078069499999999875e-02 2.588394613616704643e+08 4.873252843284958601e+07 3.269275149363251403e+07 -1.110797314706551042e-08 4.522821139496590011e+06 4.103435499108808115e+06
5.500000000000000000e+00 0.000000000000000000e+00 0.000000000000000000e+00 2.480448099999999975e-02 5.339523505907631665e+07 2.722663056287010387e+07 3.266695218382709473e+07 -5.812811395101008699e-09 3.569169828352137003e+06 2.894867845680559054e+06
5.549999999999999822e+00 0.000000000000000000e+00 0.000000000000000000e+00 1.292872899999999992e-02 -5.410802861734394729e+07 1.364500955653230846e+07 3.265116015667414293e+07 -1.212348057225153874e-09 3.298947601242708974e+06 2.054339039007666055e+06
5.599999999999999645e+00 0.000000000000000000e+00 0.000000000000000000e+00 5.189415600000000378e-03 -7.547097364582252502e+07 7.558989557520564646e+06 3.260745680465518683e+07 2.357268327115109462e-09 1.756120066858102567e+06 1.458781092651623767e+06
5.649999999999999467e+00 0.000000000000000000e+00 0.000000000000000000e+00 1.611577000000000105e-03 -3.619599129717194289e+07 7.625091377586898394e+06 3.254307874090117589e+07 4.484994109049858726e-09 4.021452563805123646e+04 3.809860361265457468e+05
5.700000000000000178e+00 0.000000000000000000e+00 0.000000000000000000e+00 2.208079899999999818e-03 3.453344313025214523e+07 1.216657529771478660e+07 3.251802548920752481e+07 4.874916951882235230e-09 -1.071362012371774617e+05 1.908913918346346181e+05
5.750000000000000000e+00 0.000000000000000000e+00 0.000000000000000000e+00 6.978310199999999790e-03 1.145796090370859504e+08 1.981979756870859489e+07 3.251405777949014306e+07 3.362060374619063047e-09 3.896745310433820705e+05 7.048304034503031289e+05
5.799999999999999822e+00 0.000000000000000000e+00 0.000000000000000000e+00 1.590728900000000154e-02 1.962780957743481100e+08 3.000188442006352544e+07 3.252413026255969331e+07 -2.098057277231641942e-11 1.386264577918804251e+06 1.589401206219870131e+06
5.850000000000000533e+00 0.000000000000000000e+00 0.000000000000000000e+00 2.896555500000000047e-02 2.882493359527204633e+08 4.304949376318141073e+07 3.254781473179877177e+07 -5.048485340188146500e-09 2.809304626476707403e+06 2.811528251100316178e+06
5.899999999999999467e+00 0.000000000000000000e+00 0.000000000000000000e+00 4.610987300000000261e-02 4.115217383165129423e+08 6.002037668852445483e+07 3.258388206526377797e+07 -1.135361354546099729e-08 4.566797598939463496e+06 4.356697862856251188e+06
5.950000000000000178e+00 0.000000000000000000e+00 0.000000000000000000e+00 6.728452199999999939e-02 5.916532251217701435e+08 8.226735221724294126e+07 3.263055609162396193e+07 -1.859632749782512717e-08 6.580188688963154331e+06 6.208391247415972874e+06
6.000000000000000000e+00 0.000000000000000000e+00 0.000000000000000000e+00 9.242277200000000026e-02 8.500595873668947220e+08 1.109439602827670127e+08 3.268593210756827518e+07 -2.656597618964001627e-08 8.811117191876677796e+06 8.352619751837237738e+06
6.049999999999999822e+00 0.000000000000000000e+00 0.000000000000000000e+00 1.214480599999999966e-01 1.196552971435046911e+09 1.465764845685893595e+08 3.274821754986937344e+07 -3.497199320499660259e-08 1.125696113608059101e+07 1.078153377674682252e+07
6.100000000000000533e+00 0.000000000000000000e+00 0.000000000000000000e+00 1.542745600000000050e-01 1.625945296742811441e+09 1.888735367896580696e+08 3.281580483210019767e+07 -4.395639441776177135e-08 1.394188835974930041e+07 1.349815647543109767e+07
6.150000000000000355e+00 0.000000000000000000e+00 0.000000000000000000e+00 1.908069300000000135e-01 2.119384057773219109e+09 2.367668774926889241e+08 3.288834428521190956e+07 -5.367480147366352597e-08 1.690851603880731389e+07 1.651319345098792575e+07
6.200000000000000178e+00 0.000000000000000000e+00 0.000000000000000000e+00 2.309395200000000092e-01 2.650187664197609425e+09 2.887667759823111892e+08 3.296545815637157112e+07 -6.446697685854666259e-08 2.020616023145560548e+07 1.984107017844424769e+07
6.250000000000000000e+00 0.000000000000000000e+00 0.000000000000000000e+00 2.745552099999999940e-01 3.193692364378766060e+09 3.434605995689187050e+08 3.304703983344369382e+07 -7.670576481984304702e-08 2.387432521458312497e+07 2.349033320635140687e+07
6.299999999999999822e+00 0.000000000000000000e+00 0.000000000000000000e+00 3.215244800000000014e-01 3.734395692496684074e+09 4.000415700638914704e+08 3.313363845867296681e+07 -9.071149942185175712e-08 2.792935972910489887e+07 2.745720544663161412e+07
6.349999999999999645e+00 0.000000000000000000e+00 0.000000000000000000e+00 3.717051800000000239e-01 4.272605936313707352e+09 4.585498670760197639e+08 3.322437819774230197e+07 -1.061562672032615734e-07 3.235036105246109515e+07 3.172370229721511155e+07
6.400000000000000355e+00 0.000000000000000000e+00 0.000000000000000000e+00 4.249430699999999783e-01 4.822162563134290695e+09 5.197529779553694129e+08 3.331812188941778243e+07 -1.232968179114767161e-07 3.708667036605832726e+07 3.625881476643589884e+07
6.450000000000000178e+00 0.000000000000000000e+00 0.000000000000000000e+00 4.810731400000000102e-01 5.405302945847070694e+09 5.848488876866301298e+08 3.341339858084446564e+07 -1.415268437592941051e-07 4.206782937822140008e+07 4.102587166949734837e+07
6.500000000000000000e+00 0.000000000000000000e+00 0.000000000000000000e+00 5.399213899999999455e-01 6.043627997074990273e+09 6.547892003577684164e+08 3.350842733206978440e+07 -1.600388661931007594e-07 4.722626232535807043e+07 4.599333797469208390e+07
6.550000000000000711e+00 0.000000000000000000e+00 0.000000000000000000e+00 6.013064599999999871e-01 6.749394887453826904e+09 7.298569992856427431e+08 3.360174348086887598e+07 -1.791742702037128137e-07 5.251425945394980162e+07 5.114032905589318275e+07
6.599999999999999645e+00 0.000000000000000000e+00 0.000000000000000000e+00 6.650407600000000086e-01 7.520626552004842758e+09 8.095354702179144621e+08 3.369330069634135067e+07 -1.984217330673413552e-07 5.791716100512840599e+07 5.646087865272222459e+07
6.649999999999999467e+00 0.000000000000000000e+00 0.000000000000000000e+00 7.309309000000000500e-01 8.341764818637343407e+09 8.925878365015414953e+08 3.378294855027334392e+07 -2.173720071852328390e-07 6.344909100467555970e+07 6.195673439779059589e+07
6.700000000000000178e+00 0.000000000000000000e+00 0.000000000000000000e+00 7.987774199999999603e-01 9.188653884550477982e+09 9.775177621965699196e+08 3.387225663230684400e+07 -2.359877594614300203e-07 6.914271569585074484e+07 6.763206468645413220e+07
6.750000000000000000e+00 0.000000000000000000e+00 0.000000000000000000e+00 8.683743299999999721e-01 1.003693538887060356e+10 1.063022866198511600e+09 3.396094147963710129e+07 -2.551702973369531938e-07 7.502563330376596749e+07 7.348148363467298448e+07
6.799999999999999822e+00 0.000000000000000000e+00 0.000000000000000000e+00 9.395086700000000457e-01 1.086975477189755821e+10 1.148524648296634436e+09 3.405161387667616457e+07 -2.756535902727941170e-07 8.111550443594841659e+07 7.948949940150558949e+07
6.850000000000000533e+00 0.000000000000000000e+00 0.000000000000000000e+00 1.011960799999999994e+00 1.168247974985627937e+10 1.234143961247795582e+09 3.414264570880481601e+07 -2.969781980376185110e-07 8.739168197474202514e+07 8.562807516936223209e+07
6.899999999999999467e+00 0.000000000000000000e+00 0.000000000000000000e+00 1.085505100000000001e+00 1.248307111051289558e+10 1.320591940804857731e+09 3.423718821186487377e+07 -3.192170937106985595e-07 9.381877999287159741e+07 9.185108790302069485e+07
6.949999999999999289e+00 0.000000000000000000e+00 0.000000000000000000e+00 1.159911899999999996e+00 1.328708088638016510e+10 1.408725926762420893e+09 3.433055346954613179e+07 -3.433025517280407525e-07 1.003208762361343801e+08 9.812753453547103703e+07
7.000000000000000000e+00 0.000000000000000000e+00 0.000000000000000000e+00 1.234948900000000016e+00 1.411179178443250275e+10 1.499080451434116364e+09 3.442707416297283024e+07 -3.675723686245160311e-07 1.068543349325695038e+08 1.044178799182193130e+08
7.049999999999999822e+00 0.000000000000000000e+00 0.000000000000000000e+00 1.310383300000000029e+00 1.496834403231386185e+10 1.591599305124993563e+09 3.452501269051095843e+07 -3.917717735391723040e-07 1.133527575034806132e+08 1.107144608313280642e+08
7.100000000000000533e+00 0.000000000000000000e+00 0.000000000000000000e+00 1.385982999999999965e+00 1.585787629664208412e+10 1.685484907417048454e+09 3.462312351300372928e+07 -4.153819699976985623e-07 1.197950105636688024e+08 1.170046774768418521e+08
7.150000000000000355e+00 0.000000000000000000e+00 0.000000000000000000e+00 1.461517100000000013e+00 1.677067710828582382e+10 1.779520076009831429e+09 3.472298420715279877e+07 -4.378871708327184247e-07 1.261748490187785327e+08 1.232961158498664945e+08
7.200000000000000178e+00 0.000000000000000000e+00 0.000000000000000000e+00 1.536756100000000069e+00 1.768925490182606506e+10 1.872455043053749800e+09 3.482848030243685842e+07 -4.591157209928919512e-07 1.325146132302618772e+08 1.295935555073644817e+08
7.250000000000000000e+00 0.000000000000000000e+00 0.000000000000000000e+00 1.611471899999999957e+00 1.859439455715669250e+10 1.963406744619077921e+09 3.493002776890227199e+07 -4.783819178461333901e-07 1.388270222475876212e+08 1.358725091259688437e+08
7.299999999999999822e+00 0.000000000000000000e+00 0.000000000000000000e+00 1.685436799999999957e+00 1.947058066044853592e+10 2.052047942925609589e+09 3.503310414410866052e+07 -4.989657869845888618e-07 1.451146909141719043e+08 1.421091710806460977e+08
7.349999999999999645e+00 0.000000000000000000e+00 0.000000000000000000e+00 1.758424599999999893e+00 2.030938023905604553e+10 2.138631340212805271e+09 3.512853153606386483e+07 -5.203397844559846461e-07 1.513696441711512506e+08 1.482699173808460832e+08
7.400000000000000355e+00 0.000000000000000000e+00 0.000000000000000000e+00 1.830210200000000009e+00 2.111151368931497192e+10 2.223774820921106815e+09 3.521754153755669296e+07 -5.409544204324668882e-07 1.575638454935518801e+08 1.543167071090678871e+08
7.450000000000000178e+00 0.000000000000000000e+00 0.000000000000000000e+00 1.900571000000000010e+00 2.188581155452156830e+10 2.308000891651122570e+09 3.529929771993916482e+07 -5.634922492164799467e-07 1.636618120107205510e+08 1.602108335353816748e+08
7.500000000000000000e+00 0.000000000000000000e+00 0.000000000000000000e+00 1.969288200000000044e+00 2.264328376803232956e+10 2.391546361908948898e+09 3.537089265966274589e+07 -5.857384385173801660e-07 1.696094277520596981e+08 1.659295891114317477e+08
7.550000000000000711e+00 0.000000000000000000e+00 0.000000000000000000e+00 2.036147900000000011e+00 2.339261738608662415e+10 2.473851176418144703e+09 3.543717692984355241e+07 -6.080216381905541173e-07 1.753709124936277866e+08 1.714689066255092025e+08
7.599999999999999645e+00 0.000000000000000000e+00 0.000000000000000000e+00 2.100942499999999935e+00 2.413781465088927841e+10 2.554088986044650555e+09 3.549793303337799013e+07 -6.300952946466204913e-07 1.809086978051315546e+08 1.768344659878675044e+08
7.649999999999999467e+00 0.000000000000000000e+00 0.000000000000000000e+00 2.163471299999999875e+00 2.487474501265974045e+10 2.631473284908926487e+09 3.555745723805486411e+07 -6.479029713728862990e-07 1.862194859635122120e+08 1.820274493285548389e+08
7.700000000000000178e+00 0.000000000000000000e+00 0.000000000000000000e+00 2.223541099999999826e+00 2.559737353552954102e+10 2.704844810865342617e+09 3.561965907004620135e+07 -6.650210656364138181e-07 1.912989161066181660e+08 1.870472029267286658e+08
7.750000000000000000e+00 0.000000000000000000e+00 0.000000000000000000e+00 2.280966799999999850e+00 2.629303243425012589e+10 2.774087533026914120e+09 3.568377847823830694e+07 -6.809048595286427514e-07 1.961451631284162700e+08 1.918795774003452957e+08
7.799999999999999822e+00 0.000000000000000000e+00 0.000000000000000000e+00 2.335571600000000192e+00 2.695101835497995377e+10 2.838970334103587627e+09 3.574738471780555695e+07 -6.951255539411592387e-07 2.007607506058183014e+08 1.964894311771231890e+08
7.849999999999999645e+00 0.000000000000000000e+00 0.000000000000000000e+00 2.387187299999999901e+00 2.756256091691214371e+10 2.900420012070114613e+09 3.581297270228422433e+07 -7.092983682292335203e-07 2.051499985341551602e+08 2.008413871396000981e+08
7.900000000000000355e+00 0.000000000000000000e+00 0.000000000000000000e+00 2.435655199999999798e+00 2.812326179562234497e+10 2.958497966356662273e+09 3.587603503640162945e+07 -7.210060136772116940e-07 2.093001759398511946e+08 2.049125494752783179e+08
7.950000000000000178e+00 0.000000000000000000e+00 0.000000000000000000e+00 2.480826200000000092e+00 2.863219142860651779e+10 3.013497780190531254e+09 3.593790621948287636e+07 -7.366326433005489995e-07 2.132046245895594358e+08 2.086766032391888499e+08
8.000000000000000000e+00 0.000000000000000000e+00 0.000000000000000000e+00 2.522561599999999959e+00 2.908907570401114655e+10 3.064991196277457237e+09 3.599459261610960215e+07 -7.514778622467176985e-07 2.168368464355196357e+08 2.121336794048003554e+08
8.050000000000000711e+00 0.000000000000000000e+00 0.000000000000000000e+00 2.560733100000000206e+00 2.949999581805886078e+10 3.112123747372972965e+09 3.604612309744030982e+07 -7.648285229909142904e-07 2.201754927774429917e+08 2.152849332861594260e+08
8.099999999999999645e+00 0.000000000000000000e+00 0.000000000000000000e+00 2.595223199999999952e+00 2.987170398121044922e+10 3.154520327920028210e+09 3.609535855943514407e+07 -7.775574135444927582e-07 2.231989324233966768e+08 2.181507620678016543e+08
8.149999999999998579e+00 0.000000000000000000e+00 0.000000000000000000e+00 2.625925599999999971e+00 3.021357694153659439e+10 3.191638262873163223e+09 3.613987274969614297e+07 -7.863990965375198065e-07 2.258753543707797229e+08 2.207259818559958339e+08
8.200000000000001066e+00 0.000000000000000000e+00 0.000000000000000000e+00 2.652745599999999815e+00 3.052390817864861679e+10 3.223445339004176140e+09 3.617995233175823092e+07 -7.936448610275538851e-07 2.281893019094595909e+08 2.230019618795393109e+08
8.250000000000000000e+00 0.000000000000000000e+00 0.000000000000000000e+00 2.675600600000000107e+00 3.081082073853533936e+10 3.250688076951897621e+09 3.621536729107394814e+07 -8.004924679182601518e-07 2.301269078168779910e+08 2.249592690137740672e+08
8.300000000000000711e+00 0.000000000000000000e+00 0.000000000000000000e+00 2.694420699999999780e+00 3.106170540319104385e+10 3.273084845859758854e+09 3.624302217032596469e+07 -8.032234154945363898e-07 2.316889865221737921e+08 2.265757984035872519e+08
8.349999999999999645e+00 0.000000000000000000e+00 0.000000000000000000e+00 2.709148700000000076e+00 3.126888081679348373e+10 3.291300945406328201e+09 3.626680451878488809e+07 -8.051041728934044237e-07 2.328951518783009350e+08 2.278418800694856942e+08
8.400000000000000355e+00 0.000000000000000000e+00 0.000000000000000000e+00 2.719740400000000058e+00 3.141955793779460144e+10 3.304877850808386326e+09 3.628477109492583573e+07 -8.077354123369034756e-07 2.337606826825023592e+08 2.287390013273114264e+08
8.449999999999999289e+00 0.000000000000000000e+00 0.000000000000000000e+00 2.726164400000000043e+00 3.150055690199318695e+10 3.313566771617263317e+09 3.629662560895437002e+07 -8.110679527870969538e-07 2.343123215097411275e+08 2.292803648526989520e+08
8.500000000000000000e+00 0.000000000000000000e+00 0.000000000000000000e+00 2.728401299999999807e+00 3.150880868940996552e+10 3.316543090323227882e+09 3.630781965691217035e+07 -8.121556242418672894e-07 2.345564775862289071e+08 2.294652516685026884e+08
8.550000000000000711e+00 0.000000000000000000e+00 0.000000000000000000e+00 2.726444299999999821e+00 3.144820300579671478e+10 3.313894768590221882e+09 3.631316349671847373e+07 -8.125920537565631929e-07 2.344808469629535079e+08 2.293033686507179141e+08
8.599999999999999645e+00 0.000000000000000000e+00 0.000000000000000000e+00 2.720298600000000011e+00 3.133282094184662247e+10 3.305496997721724987e+09 3.631812444827705622e+07 -8.129848451015522265e-07 2.340582231752150357e+08 2.288071017645508647e+08
8.650000000000000355e+00 0.000000000000000000e+00 0.000000000000000000e+00 2.709982399999999902e+00 3.117808751194799805e+10 3.291858060590692043e+09 3.631792397502014786e+07 -8.106360916283275244e-07 2.332679083648767471e+08 2.279703709935033321e+08
8.699999999999999289e+00 0.000000000000000000e+00 0.000000000000000000e+00 2.695526800000000112e+00 3.099627915150118256e+10 3.273618239613280773e+09 3.631700701410647482e+07 -8.068443900733959677e-07 2.320758921711875796e+08 2.267939242589950264e+08
8.750000000000000000e+00 0.000000000000000000e+00 0.000000000000000000e+00 2.676976999999999940e+00 3.079388124066078568e+10 3.250932428241752148e+09 3.630903139137702435e+07 -8.002487477050225698e-07 2.304728173139654994e+08 2.252645242827426791e+08
8.800000000000000711e+00 0.000000000000000000e+00 0.000000000000000000e+00 2.654391899999999804e+00 3.056874459266466141e+10 3.224089121791739941e+09 3.629527836274059117e+07 -7.927993800075670014e-07 2.284668282428661883e+08 2.233872578730320334e+08
8.849999999999999645e+00 0.000000000000000000e+00 0.000000000000000000e+00 2.627844000000000069e+00 3.031028133732936478e+10 3.193246597124772072e+09 3.627752674999908358e+07 -7.834685641884652469e-07 2.260965567208787501e+08 2.211612451869508922e+08
8.900000000000000355e+00 0.000000000000000000e+00 0.000000000000000000e+00 2.597418900000000086e+00 3.000164612420932388e+10 3.157884297728651047e+09 3.625248296846137941e+07 -7.727877903096405208e-07 2.233932214550109804e+08 2.186013707029637098e+08
8.949999999999999289e+00 0.000000000000000000e+00 0.000000000000000000e+00 2.563213999999999881e+00 2.962968039450271988e+10 3.117580335849848747e+09 3.622203115355543792e+07 -7.614217055077569599e-07 2.204089204981834590e+08 2.157208947564072013e+08
9.000000000000000000e+00 0.000000000000000000e+00 0.000000000000000000e+00 2.525337500000000013e+00 2.918533343493547821e+10 3.071556142271482944e+09 3.618507591739535332e+07 -7.519742002789919717e-07 2.171725207786343992e+08 2.125470506736941636e+08
9.050000000000000711e+00 0.000000000000000000e+00 0.000000000000000000e+00 2.483907199999999982e+00 2.867415172018417358e+10 3.020336101361502171e+09 3.614367908415999264e+07 -7.391129596922210986e-07 2.136911764437947273e+08 2.090868430200251639e+08
9.099999999999999645e+00 0.000000000000000000e+00 0.000000000000000000e+00 2.439050500000000010e+00 2.810548260791736221e+10 2.963926556545792580e+09 3.609394949500318617e+07 -7.278643645387186278e-07 2.099572855802187324e+08 2.053428890489411056e+08
9.150000000000000355e+00 0.000000000000000000e+00 0.000000000000000000e+00 2.390903999999999918e+00 2.749909076619585037e+10 2.903561300120992184e+09 3.603771233621188253e+07 -7.149531825347945087e-07 2.059378384050136805e+08 2.013343888531244099e+08
9.199999999999999289e+00 0.000000000000000000e+00 0.000000000000000000e+00 2.339614000000000082e+00 2.687284885656051254e+10 2.840000789395400047e+09 3.597291699288184196e+07 -6.997352817895339410e-07 2.016107740754120946e+08 1.970479717482790649e+08
9.250000000000000000e+00 0.000000000000000000e+00 0.000000000000000000e+00 2.285336899999999893e+00 2.624389145692585373e+10 2.774071030231744289e+09 3.590111440056592226e+07 -6.821627878564331206e-07 1.969625670773439705e+08 1.924966687609431148e+08
9.299999999999998934e+00 0.000000000000000000e+00 0.000000000000000000e+00 2.228239400000000092e+00 2.561183120491883087e+10 2.706263877620372772e+09 3.582137565543308109e+07 -6.646500948475429498e-07 1.919996569838477671e+08 1.876882501712054014e+08
9.350000000000001421e+00 0.000000000000000000e+00 0.000000000000000000e+00 2.168498099999999873e+00 2.497332689475505829e+10 2.636328224210427284e+09 3.573882683451887220e+07 -6.469622085942758078e-07 1.867613457250413001e+08 1.826437167403382957e+08
9.400000000000000355e+00 0.000000000000000000e+00 0.000000000000000000e+00 2.106298999999999921e+00 2.431038282342791367e+10 2.563175622513895512e+09 3.565001162394303828e+07 -6.257128106178780152e-07 1.812978060649743974e+08 1.773947370934043825e+08
9.449999999999999289e+00 0.000000000000000000e+00 0.000000000000000000e+00 2.041835499999999914e+00 2.360436147481946564e+10 2.486638900320168972e+09 3.555770082313782722e+07 -6.073133851756219587e-07 1.756714719307529032e+08 1.719659314935355186e+08
9.500000000000000000e+00 0.000000000000000000e+00 0.000000000000000000e+00 1.975307099999999982e+00 2.284459465813171387e+10 2.405891021612503529e+09 3.546403616634160280e+07 -5.872056081492191256e-07 1.699232432594213188e+08 1.663836737306772470e+08
9.549999999999998934e+00 0.000000000000000000e+00 0.000000000000000000e+00 1.906918399999999902e+00 2.203037106081497955e+10 2.321090265297508717e+09 3.536661179303588718e+07 -5.643182310214850986e-07 1.641000142054217458e+08 1.606690560759316981e+08
9.599999999999999645e+00 0.000000000000000000e+00 0.000000000000000000e+00 1.836877499999999941e+00 2.116775384457138062e+10 2.233166570632096291e+09 3.526387673145136982e+07 -5.449261534632424953e-07 1.581838528364836276e+08 1.548298316786262393e+08
9.650000000000000355e+00 0.000000000000000000e+00 0.000000000000000000e+00 1.765395999999999965e+00 2.028125668942823792e+10 2.143457043024125814e+09 3.515633999684955180e+07 -5.249209959458615496e-07 1.521727652685562372e+08 1.488657758352456093e+08
9.700000000000001066e+00 0.000000000000000000e+00 0.000000000000000000e+00 1.692689099999999947e+00 1.939310522311859512e+10 2.053348162037941217e+09 3.504013497904119641e+07 -5.051922403583231654e-07 1.460248148605082333e+08 1.427765804498878419e+08
9.750000000000000000e+00 0.000000000000000000e+00 0.000000000000000000e+00 1.618975899999999912e+00 1.852349168602013016e+10 1.963910329773662567e+09 3.491680954214879870e+07 -4.837934260613425560e-07 1.397262281693958044e+08 1.365698470644296706e+08
9.799999999999998934e+00 0.000000000000000000e+00 0.000000000000000000e+00 1.544479699999999900e+00 1.768196683979981232e+10 1.875519816716538668e+09 3.478477036027653515e+07 -4.621378445007697383e-07 1.332760570543927252e+08 1.302663618619904369e+08
9.849999999999999645e+00 0.000000000000000000e+00 0.000000000000000000e+00 1.469427400000000050e+00 1.686482420190157700e+10 1.787777592679357767e+09 3.464939445747126639e+07 -4.391300049269032871e-07 1.267143686053465754e+08 1.238986526488624960e+08
9.900000000000000355e+00 0.000000000000000000e+00 0.000000000000000000e+00 1.394048799999999977e+00 1.605634273548335075e+10 1.699778686209707499e+09 3.451487528675337136e+07 -4.158714000808687506e-07 1.200964149364895672e+08 1.175027707861740291e+08
9.950000000000001066e+00 0.000000000000000000e+00 0.000000000000000000e+00 1.318575400000000064e+00 1.523685012153777885e+10 1.610490715066252708e+09 3.438033961683627963e+07 -3.910887140978459477e-07 1.134850555242621601e+08 1.111211652012011260e+08
1.000000000000000000e+01 0.000000000000000000e+00 0.000000000000000000e+00 1.243238300000000018e+00 1.438953457745099831e+10 1.519253163360482693e+09 3.425516425251091272e+07 -3.675122330359935935e-07 1.069570796860595942e+08 1.047883634609693140e+08
1.005000000000000071e+01 0.000000000000000000e+00 0.000000000000000000e+00 1.168267299999999898e+00 1.350739577804922676e+10 1.426168935174794674e+09 3.413788232536683977e+07 -3.438484324801697181e-07 1.005409299472166449e+08 9.852464218802638352e+07
1.009999999999999964e+01 0.000000000000000000e+00 0.000000000000000000e+00 1.093889799999999912e+00 1.259770209792537689e+10 1.332157378931602955e+09 3.403144249217952788e+07 -3.218681738677505257e-07 9.426254417607051134e+07 9.233957086892171204e+07
1.014999999999999858e+01 0.000000000000000000e+00 0.000000000000000000e+00 1.020330500000000029e+00 1.168047927434162521e+10 1.238814050461910963e+09 3.393210439737652242e+07 -3.005036861818806861e-07 8.809565213283318281e+07 8.622301363654991984e+07
1.020000000000000107e+01 0.000000000000000000e+00 0.000000000000000000e+00 9.478115999999999763e-01 1.078238166326150322e+10 1.147973906967331409e+09 3.383904823844765872e+07 -2.797604965634445805e-07 8.199755600016060472e+07 8.017602149388931692e+07
1.025000000000000000e+01 0.000000000000000000e+00 0.000000000000000000e+00 8.765534600000000065e-01 9.928397880643447876e+09 1.061072336534150124e+09 3.374818597736839205e+07 -2.603706604526048094e-07 7.595203016684004664e+07 7.418464806396925449e+07
1.030000000000000071e+01 0.000000000000000000e+00 0.000000000000000000e+00 8.067746099999999476e-01 9.132980089158710480e+09 9.787231804147425890e+08 3.365878214806086570e+07 -2.403891707451521989e-07 6.994398080722923577e+07 6.826957631926657259e+07
1.034999999999999964e+01 0.000000000000000000e+00 0.000000000000000000e+00 7.386915200000000459e-01 8.395000123119546890e+09 9.004835134609884024e+08 3.356925892994612455e+07 -2.205071705637257961e-07 6.399467410951240361e+07 6.246470153275484592e+07
1.040000000000000036e+01 0.000000000000000000e+00 0.000000000000000000e+00 6.725173399999999635e-01 7.698806315551997185e+09 8.250175285316821337e+08 3.348220538853611425e+07 -2.003104624696497062e-07 5.816378405066714436e+07 5.681886963872925937e+07
1.044999999999999929e+01 0.000000000000000000e+00 0.000000000000000000e+00 6.084601800000000171e-01 7.020977343585540771e+09 7.507082208315436840e+08 3.339941249371155351e+07 -1.800895727745724575e-07 5.252713351057978719e+07 5.138294932349564135e+07
1.050000000000000000e+01 0.000000000000000000e+00 0.000000000000000000e+00 5.467209699999999728e-01 6.339434779191726685e+09 6.763852243623849154e+08 3.332393332292665541e+07 -1.602400254704139836e-07 4.715761377000512183e+07 4.620049377890510857e+07
1.055000000000000071e+01 0.000000000000000000e+00 0.000000000000000000e+00 4.874916899999999775e-01 5.643950554569156647e+09 6.018905080199631453e+08 3.325725435170151666e+07 -1.414858622402851976e-07 4.210177755743698776e+07 4.129161975597598404e+07
1.059999999999999964e+01 0.000000000000000000e+00 0.000000000000000000e+00 4.309543399999999913e-01 4.940689720787630081e+09 5.283572996947701573e+08 3.319897061898050457e+07 -1.232203257563250379e-07 3.736889085396529734e+07 3.665124202126973867e+07
1.065000000000000036e+01 0.000000000000000000e+00 0.000000000000000000e+00 3.772808300000000115e-01 4.250988958465873718e+09 4.578615510783741474e+08 3.314741493019257858e+07 -1.068818905176684359e-07 3.293293344939919189e+07 3.225670035536368564e+07
1.069999999999999929e+01 0.000000000000000000e+00 0.000000000000000000e+00 3.266336699999999871e-01 3.603095199281743050e+09 3.927098287151305079e+08 3.309913503379346430e+07 -9.232960262013361842e-08 2.874755835056972876e+07 2.807899384454826266e+07
1.075000000000000000e+01 0.000000000000000000e+00 0.000000000000000000e+00 2.791668800000000061e-01 3.022567687355730057e+09 3.345876995249291658e+08 3.305134982610910386e+07 -7.939437459531799202e-08 2.476941003409066796e+07 2.410137707194643840e+07
1.080000000000000071e+01 0.000000000000000000e+00 0.000000000000000000e+00 2.350266400000000089e-01 2.522543261945810318e+09 2.839297249439884424e+08 3.300276201120751724e+07 -6.788938228726324604e-08 2.098025090452177823e+07 2.033292565891206637e+07
1.084999999999999964e+01 0.000000000000000000e+00 0.000000000000000000e+00 1.943511500000000003e-01 2.099428671333930254e+09 2.398529463231648207e+08 3.295321070026166365e+07 -5.720593740616728602e-08 1.739794637712628394e+07 1.680760239071391150e+07
1.090000000000000036e+01 0.000000000000000000e+00 0.000000000000000000e+00 1.572695400000000132e-01 1.735942572006480217e+09 2.004698257307868004e+08 3.290460874013551325e+07 -4.676810862481863827e-08 1.407333214078911953e+07 1.358147467541282065e+07
1.094999999999999929e+01 0.000000000000000000e+00 0.000000000000000000e+00 1.239001299999999972e-01 1.408275900781228542e+09 1.637781624518828988e+08 3.286031124194490165e+07 -3.656269880855559973e-08 1.107719334386274032e+07 1.071162474641267583e+07
1.100000000000000000e+01 0.000000000000000000e+00 0.000000000000000000e+00 9.434861399999999731e-02 1.096172750520794630e+09 1.284560162275950909e+08 3.282251128961885348e+07 -2.642148910387995110e-08 8.473127882050115615e+06 8.240253519124800339e+06
1.105000000000000071e+01 0.000000000000000000e+00 0.000000000000000000e+00 6.870659799999999373e-02 7.908361008916628361e+08 9.441204030296330154e+07 3.279288282239295170e+07 -1.696354855749356458e-08 6.299678010427190922e+06 6.183535379235784523e+06
1.109999999999999964e+01 0.000000000000000000e+00 0.000000000000000000e+00 4.705110400000000331e-02 4.979397211023410559e+08 6.285481495499289036e+07 3.277210422435861826e+07 -8.751168713939807415e-09 4.568329024937975220e+06 4.537980454042091966e+06
1.115000000000000036e+01 0.000000000000000000e+00 0.000000000000000000e+00 2.944501399999999852e-02 2.353161641231801808e+08 3.584965481074462086e+07 3.276049738600434735e+07 -2.406918499304998853e-09 3.281112509684426244e+06 3.306527310723756440e+06
1.119999999999999929e+01 0.000000000000000000e+00 0.000000000000000000e+00 1.593825800000000029e-02 2.593526868203474954e+07 1.556445644657772593e+07 3.276277537335038930e+07 1.711154530259437699e-09 2.548219293404471595e+06 2.626323362452010158e+06
1.125000000000000000e+01 0.000000000000000000e+00 0.000000000000000000e+00 6.569200600000000070e-03 -1.105137487058874220e+08 3.483263561459797900e+06 3.295464715088697150e+07 3.513629220049739853e-09 8.015348296437986195e+06 6.254464075739162043e+06
1.129999999999999893e+01 0.000000000000000000e+00 0.000000000000000000e+00 1.365698000000000042e-03 -1.645636507734095752e+08 -1.206823084540189593e+05 3.266490281464110315e+07 3.327153036956565467e-09 -4.501969741821684875e+05 -1.586560520881980192e+06
1.135000000000000142e+01 0.000000000000000000e+00 0.000000000000000000e+00 3.453914500000000048e-04 -1.398862242675545812e+08 3.738536913377054967e+06 3.267399667322419956e+07 1.717320119945101819e-09 -2.888028637163018808e+06 7.101350086672805483e+05
1.140000000000000036e+01 0.000000000000000000e+00 0.000000000000000000e+00 3.515138399999999819e-03 -5.122937941602144390e+07 1.316040733767711930e+07 3.274574486593195051e+07 -6.636476538202639216e-10 9.515494467385809403e+05 5.962024145005237078e+05
1.144999999999999929e+01 0.000000000000000000e+00 0.000000000000000000e+00 1.086979300000000086e-02 8.160882725064173341e+07 2.607752937488275394e+07 3.276284000463021547e+07 -3.315484866660176171e-09 1.393984829998461297e+06 1.208003066941491095e+06
1.150000000000000000e+01 0.000000000000000000e+00 0.000000000000000000e+00 2.239078799999999828e-02 2.413097119200443923e+08 4.102426996628469229e+07 3.279094164616669342e+07 -6.051693386344240770e-09 2.363235426500273868e+06 2.261617662116146181e+06
1.154999999999999893e+01 0.000000000000000000e+00 0.000000000000000000e+00 3.804505100000000334e-02 4.191649412952884436e+08 5.765455986891620606e+07 3.282655405675229430e+07 -9.107998173743306081e-09 3.769508718545482028e+06 3.726150816682903562e+06
1.159999999999999964e+01 0.000000000000000000e+00 0.000000000000000000e+00 5.778462000000000182e-02 6.175434960113563538e+08 7.683678691055998206e+07 3.286691028137671575e+07 -1.301135868564503820e-08 5.577414518617544323e+06 5.558953506842089817e+06
1.165000000000000036e+01 0.000000000000000000e+00 0.000000000000000000e+00 8.154711200000000493e-02 8.481087510706094503e+08 1.002765824160726219e+08 3.290895339500585943e+07 -1.836215680798558138e-08 7.741685252764049917e+06 7.706177862095080316e+06
1.170000000000000107e+01 0.000000000000000000e+00 0.000000000000000000e+00 1.092568399999999940e-01 1.126724270348635912e+09 1.298564966216265559e+08 3.295018038898134604e+07 -2.584306760566871861e-08 1.021486447987712733e+07 1.012075080014987849e+07
1.175000000000000000e+01 0.000000000000000000e+00 0.000000000000000000e+00 1.408262000000000125e-01 1.467146981128667355e+09 1.669022027719031572e+08 3.298969272826701030e+07 -3.570138108607128161e-08 1.296109328588927723e+07 1.277600890694161318e+07
1.179999999999999893e+01 0.000000000000000000e+00 0.000000000000000000e+00 1.761569199999999946e-01 1.875900646008487701e+09 2.116782673653860688e+08 3.302717220991952345e+07 -4.772386692853240076e-08 1.596372059582409449e+07 1.566978807017587684e+07
1.184999999999999964e+01 0.000000000000000000e+00 0.000000000000000000e+00 2.151406700000000061e-01 2.349909217536098480e+09 2.632866383448808491e+08 3.306486049483668059e+07 -6.145786910382373481e-08 1.922512545252563059e+07 1.882091369212987274e+07
1.190000000000000036e+01 0.000000000000000000e+00 0.000000000000000000e+00 2.576592100000000274e-01 2.878413929739228725e+09 3.199364065670751333e+08 3.310464035753725097e+07 -7.597256866962079401e-08 2.276353385553279147e+07 2.225941344589729235e+07
1.195000000000000107e+01 0.000000000000000000e+00 0.000000000000000000e+00 3.035838799999999726e-01 3.445593319546376705e+09 3.796681344068372250e+08 3.314874623480376229e+07 -9.089776920380623216e-08 2.659997603012483567e+07 2.601384353405908868e+07
1.200000000000000000e+01 0.000000000000000000e+00 0.000000000000000000e+00 3.527750100000000000e-01 4.037689542050264835e+09 4.408873988967633247e+08 3.319923702808571234e+07 -1.056546431122067498e-07 3.074994390900740772e+07 3.009987640202008933e+07
1.205000000000000071e+01 0.000000000000000000e+00 0.000000000000000000e+00 4.050815899999999914e-01 4.645655405138393402e+09 5.029594826399134994e+08 3.325652225361945853e+07 -1.199035532498772929e-07 3.521330751788534969e+07 3.451058588692783564e+07
1.209999999999999964e+01 0.000000000000000000e+00 0.000000000000000000e+00 4.603414100000000064e-01 5.268272074021463394e+09 5.663108733335214853e+08 3.332042340071820095e+07 -1.345268259697092035e-07 3.997478207503158599e+07 3.921466462285061926e+07
1.214999999999999858e+01 0.000000000000000000e+00 0.000000000000000000e+00 5.183818599999999721e-01 5.910465756974409103e+09 6.321327832027343512e+08 3.338961538759442046e+07 -1.503025363159773331e-07 4.500267666713147610e+07 4.416539094403496385e+07
1.220000000000000107e+01 0.000000000000000000e+00 0.000000000000000000e+00 5.790211899999999634e-01 6.580818605547910690e+09 7.018329581223199368e+08 3.346262719363366812e+07 -1.667732281126729186e-07 5.025742337961778790e+07 4.931242582170756161e+07
1.225000000000000000e+01 0.000000000000000000e+00 0.000000000000000000e+00 6.420699899999999793e-01 7.287620738277057648e+09 7.764831130873984098e+08 3.353804700124004483e+07 -1.856424764553247794e-07 5.570137313982497901e+07 5.461324549593675137e+07
1.230000000000000071e+01 0.000000000000000000e+00 0.000000000000000000e+00 7.073325200000000201e-01 8.035590530640385628e+09 8.563871034624283314e+08 3.361513989204940200e+07 -2.060963937373388099e-07 6.130358563806237280e+07 6.004407998701117188e+07
1.234999999999999964e+01 0.000000000000000000e+00 0.000000000000000000e+00 7.746076699999999704e-01 8.823695109883167267e+09 9.409519196468757391e+08 3.369339155461547524e+07 -2.280377387959573066e-07 6.704438475699979812e+07 6.559923876630130410e+07
1.240000000000000036e+01 0.000000000000000000e+00 0.000000000000000000e+00 8.436894099999999730e-01 9.645315784052970886e+09 1.028835084655390859e+09 3.377359870723218471e+07 -2.507332645307661483e-07 7.292020029654940963e+07 7.128770210357174277e+07
1.244999999999999929e+01 0.000000000000000000e+00 0.000000000000000000e+00 9.143668299999999638e-01 1.048947775917516518e+10 1.118350435088524342e+09 3.385597181481734663e+07 -2.729242914594183748e-07 7.892539910490459204e+07 7.712547841981406510e+07
1.250000000000000000e+01 0.000000000000000000e+00 0.000000000000000000e+00 9.864239999999999675e-01 1.134463514018596840e+10 1.207963765965809584e+09 3.393995423326350003e+07 -2.957190956384634749e-07 8.506121794063061476e+07 8.311751389980398118e+07
1.255000000000000071e+01 0.000000000000000000e+00 0.000000000000000000e+00 1.059639800000000021e+00 1.220080993880096436e+10 1.296742188067772150e+09 3.402851590184157342e+07 -3.167269428797439063e-07 9.132830150155153871e+07 8.925766000279647112e+07
1.259999999999999964e+01 0.000000000000000000e+00 0.000000000000000000e+00 1.133788400000000030e+00 1.305259834625761986e+10 1.384502326673629522e+09 3.411940872144393623e+07 -3.374624389848946088e-07 9.770464159857796133e+07 9.552898636766700447e+07
1.265000000000000036e+01 0.000000000000000000e+00 0.000000000000000000e+00 1.208639699999999984e+00 1.389984652062023354e+10 1.471799233788933516e+09 3.421284094374994934e+07 -3.576889763612575534e-07 1.041698521533750743e+08 1.018906520128871053e+08
1.269999999999999929e+01 0.000000000000000000e+00 0.000000000000000000e+00 1.283960500000000060e+00 1.474680534786361694e+10 1.559596924893331766e+09 3.430838208251040429e+07 -3.799258300733064157e-07 1.106823152946422845e+08 1.082860103969322294e+08
1.275000000000000000e+01 0.000000000000000000e+00 0.000000000000000000e+00 1.359516299999999900e+00 1.560019750419672203e+10 1.648893085630549431e+09 3.440584113630815595e+07 -4.013226126870621942e-07 1.172084597193545848e+08 1.146735809426518083e+08
1.280000000000000071e+01 0.000000000000000000e+00 0.000000000000000000e+00 1.435072700000000090e+00 1.646391614354018211e+10 1.740154629071002960e+09 3.450191323925310373e+07 -4.243461452533416287e-07 1.237135576060781628e+08 1.210191047165779620e+08
1.284999999999999964e+01 0.000000000000000000e+00 0.000000000000000000e+00 1.510396300000000025e+00 1.733822095231109238e+10 1.833121751810090542e+09 3.460197531996510923e+07 -4.477288308553629776e-07 1.301707093403857499e+08 1.273080051078753322e+08
1.290000000000000036e+01 0.000000000000000000e+00 0.000000000000000000e+00 1.585256199999999893e+00 1.821813864543704605e+10 1.926852955597841740e+09 3.470230035909185559e+07 -4.717013248036424740e-07 1.365674343305718601e+08 1.335284357211216092e+08
1.294999999999999929e+01 0.000000000000000000e+00 0.000000000000000000e+00 1.659424000000000010e+00 1.909468191230277252e+10 2.019992504799980402e+09 3.480432880123022944e+07 -4.955466251143388598e-07 1.429023174364165366e+08 1.396869799671849012e+08
1.300000000000000000e+01 0.000000000000000000e+00 0.000000000000000000e+00 1.732673899999999989e+00 1.995810180442390823e+10 2.111167379199247837e+09 3.491131592825917900e+07 -5.184177789121182103e-07 1.491631601924773753e+08 1.457970921950736344e+08
1.305000000000000071e+01 0.000000000000000000e+00 0.000000000000000000e+00 1.804783100000000085e+00 2.080069495310913086e+10 2.199425060829740047e+09 3.501952448123322427e+07 -5.397646093744782959e-07 1.553488210115595460e+08 1.518396839275942445e+08
1.310000000000000142e+01 0.000000000000000000e+00 0.000000000000000000e+00 1.875531700000000024e+00 2.161816213616927719e+10 2.284428751938455105e+09 3.513145702215344459e+07 -5.606691418565427562e-07 1.614323015661810637e+08 1.578058414298091829e+08
1.315000000000000036e+01 0.000000000000000000e+00 0.000000000000000000e+00 1.944703700000000035e+00 2.240947931612440109e+10 2.366434343502137661e+09 3.524443063227202743e+07 -5.795040691437386964e-07 1.673979305875473917e+08 1.636665374014213979e+08
1.319999999999999929e+01 0.000000000000000000e+00 0.000000000000000000e+00 2.012087499999999807e+00 2.317591843980099869e+10 2.445818414668698788e+09 3.535462477437543124e+07 -5.995821057255679318e-07 1.732139788336374164e+08 1.693804398430432379e+08
1.325000000000000000e+01 0.000000000000000000e+00 0.000000000000000000e+00 2.077476799999999901e+00 2.391920756992770004e+10 2.523058624238563061e+09 3.546714809856218845e+07 -6.171636637625897993e-07 1.788582199289459884e+08 1.749255367492915690e+08
1.329999999999999893e+01 0.000000000000000000e+00 0.000000000000000000e+00 2.140672100000000189e+00 2.464347641545637894e+10 2.598638075507396221e+09 3.557376975490850955e+07 -6.361081676328935067e-07 1.843052219711893201e+08 1.802562730559875071e+08
1.335000000000000142e+01 0.000000000000000000e+00 0.000000000000000000e+00 2.201480999999999799e+00 2.534349291200144577e+10 2.672443467702925682e+09 3.567827682273494452e+07 -6.547259050649871291e-07 1.895407378408652544e+08 1.853710025648870468e+08
1.340000000000000036e+01 0.000000000000000000e+00 0.000000000000000000e+00 2.259719000000000033e+00 2.601774831788834000e+10 2.743853135474121571e+09 3.578084149494410306e+07 -6.712572880886982190e-07 1.945504136341278255e+08 1.902488117328997850e+08
1.344999999999999929e+01 0.000000000000000000e+00 0.000000000000000000e+00 2.315210200000000107e+00 2.666536901186096191e+10 2.812706163211347580e+09 3.587461516529047489e+07 -6.906064411345979509e-07 1.993156232836025953e+08 1.948837383777992725e+08
1.350000000000000000e+01 0.000000000000000000e+00 0.000000000000000000e+00 2.367786900000000028e+00 2.728046965036233902e+10 2.878265798583100319e+09 3.596700836619582027e+07 -7.064188195554464074e-07 2.038285824849648178e+08 1.992758245876791477e+08
1.354999999999999893e+01 0.000000000000000000e+00 0.000000000000000000e+00 2.417290700000000125e+00 2.786345134335723495e+10 2.939928493266037941e+09 3.604974492350096256e+07 -7.205055109663992679e-07 2.080743766140976250e+08 2.034102812702090144e+08
1.359999999999999964e+01 0.000000000000000000e+00 0.000000000000000000e+00 2.463572000000000095e+00 2.840788423479640198e+10 2.997088244076744556e+09 3.612582318358749896e+07 -7.358202635040653183e-07 2.120406067635086775e+08 2.072879077471195757e+08
1.365000000000000036e+01 0.000000000000000000e+00 0.000000000000000000e+00 2.506490599999999791e+00 2.890889339143648529e+10 3.049385511140071869e+09 3.619500727994171530e+07 -7.492640287790309459e-07 2.157193050277798176e+08 2.108992455736612678e+08
1.370000000000000107e+01 0.000000000000000000e+00 0.000000000000000000e+00 2.545916000000000068e+00 2.936627988664456940e+10 3.096798605011922359e+09 3.625458774904649705e+07 -7.605659357478854760e-07 2.191033219472346306e+08 2.142328214504410923e+08
1.375000000000000000e+01 0.000000000000000000e+00 0.000000000000000000e+00 2.581727400000000117e+00 2.977572044033477402e+10 3.138779221802972317e+09 3.630783322603134811e+07 -7.698813576944460581e-07 2.221870940213804245e+08 2.172800548080679774e+08
1.379999999999999893e+01 0.000000000000000000e+00 0.000000000000000000e+00 2.613814399999999871e+00 3.013489706029038239e+10 3.175659679586122036e+09 3.635464221512921154e+07 -7.778906828115205335e-07 2.249572180635169446e+08 2.200277991884916127e+08
1.384999999999999964e+01 0.000000000000000000e+00 0.000000000000000000e+00 2.642077500000000079e+00 3.044830540238445663e+10 3.207915452060386181e+09 3.639310440478980541e+07 -7.863656331990197687e-07 2.274012153401590884e+08 2.224550685918960273e+08
1.389999999999999858e+01 0.000000000000000000e+00 0.000000000000000000e+00 2.666428499999999868e+00 3.071768199813153458e+10 3.235955392744163513e+09 3.642286667080301791e+07 -7.918056322398388397e-07 2.295117122179098725e+08 2.245355276843846738e+08
1.395000000000000107e+01 0.000000000000000000e+00 0.000000000000000000e+00 2.686791100000000210e+00 3.094717691754525375e+10 3.260407413928654194e+09 3.644733253079758584e+07 -7.985568441545561018e-07 2.312679404432147443e+08 2.262602937455927432e+08
1.400000000000000000e+01 0.000000000000000000e+00 0.000000000000000000e+00 2.703101900000000057e+00 3.113921566155009842e+10 3.281393384770186901e+09 3.646094716492678225e+07 -8.053274050281923623e-07 2.326611864084665477e+08 2.276108124388846457e+08
1.405000000000000071e+01 0.000000000000000000e+00 0.000000000000000000e+00 2.715310199999999785e+00 3.129354101907426834e+10 3.298347736314241886e+09 3.646476884344363958e+07 -8.083293331966640585e-07 2.336738658077801466e+08 2.285853179640586078e+08
1.409999999999999964e+01 0.000000000000000000e+00 0.000000000000000000e+00 2.723378499999999924e+00 3.140609709836277390e+10 3.311205047726062298e+09 3.645683165884879977e+07 -8.154138734332154121e-07 2.343099133071022034e+08 2.291978869704326391e+08
1.414999999999999858e+01 0.000000000000000000e+00 0.000000000000000000e+00 2.727281899999999926e+00 3.147073032669907761e+10 3.318442281035697460e+09 3.644138922192022949e+07 -8.153208335859459752e-07 2.345890522159146369e+08 2.294627281812948585e+08
1.420000000000000107e+01 0.000000000000000000e+00 0.000000000000000000e+00 2.727008000000000099e+00 3.147907129235884857e+10 3.319366414724896908e+09 3.641814798749116808e+07 -8.141741313678869965e-07 2.345199445141887963e+08 2.294062933398879766e+08
1.425000000000000000e+01 0.000000000000000000e+00 0.000000000000000000e+00 2.722556200000000093e+00 3.142488959312080383e+10 3.313078617859725475e+09 3.638890642025512457e+07 -8.143875000048909395e-07 2.341225659190804064e+08 2.290314664742938876e+08
1.430000000000000071e+01 0.000000000000000000e+00 0.000000000000000000e+00 2.713937500000000114e+00 3.131040907377264404e+10 3.300011480169334888e+09 3.635625048425008357e+07 -8.112010178672578122e-07 2.333921819955609739e+08 2.283558281098625958e+08
1.434999999999999964e+01 0.000000000000000000e+00 0.000000000000000000e+00 2.701174599999999870e+00 3.113718192761635590e+10 3.280743874978907108e+09 3.632098281328994781e+07 -8.042515146898337484e-07 2.323339702133436203e+08 2.273477133215447068e+08
1.440000000000000036e+01 0.000000000000000000e+00 0.000000000000000000e+00 2.684302499999999814e+00 3.091610081589202499e+10 3.256624176986424923e+09 3.628326845043111593e+07 -7.979593861275087161e-07 2.309274062632158399e+08 2.259920662508189678e+08
1.444999999999999929e+01 0.000000000000000000e+00 0.000000000000000000e+00 2.663369199999999992e+00 3.065703580699571991e+10 3.229342994227652073e+09 3.624249257194023579e+07 -7.907003061855183783e-07 2.291533315673820376e+08 2.242665748930371106e+08
1.450000000000000000e+01 0.000000000000000000e+00 0.000000000000000000e+00 2.638436399999999793e+00 3.036817648910942078e+10 3.199416454294187069e+09 3.620010616858346015e+07 -7.844162982507315959e-07 2.270038444096294045e+08 2.221517477213200927e+08
1.455000000000000071e+01 0.000000000000000000e+00 0.000000000000000000e+00 2.609580199999999905e+00 3.005559831664402008e+10 3.167364389455405235e+09 3.615052283041597158e+07 -7.779124508959046860e-07 2.244719221014443040e+08 2.196535701784284413e+08
1.459999999999999964e+01 0.000000000000000000e+00 0.000000000000000000e+00 2.576890399999999914e+00 2.970874392690724945e+10 3.132079800409923077e+09 3.609797169288785011e+07 -7.681802958729838119e-07 2.215842239517531991e+08 2.168002211735354662e+08
1.465000000000000036e+01 0.000000000000000000e+00 0.000000000000000000e+00 2.540470000000000006e+00 2.932032548540419388e+10 3.092358443226342201e+09 3.604146595741526037e+07 -7.610165392423873317e-07 2.183767463096407950e+08 2.136331246472103596e+08
1.469999999999999929e+01 0.000000000000000000e+00 0.000000000000000000e+00 2.500433600000000034e+00 2.887542645553695297e+10 3.046526402767934322e+09 3.598443394816001505e+07 -7.467958597277204194e-07 2.148821849785185158e+08 2.102007894654265642e+08
1.475000000000000000e+01 0.000000000000000000e+00 0.000000000000000000e+00 2.456906299999999987e+00 2.837255415558399200e+10 2.993521299439536572e+09 3.592382754773701727e+07 -7.349292483530109887e-07 2.111348898245092332e+08 2.065324094177491069e+08
1.480000000000000071e+01 0.000000000000000000e+00 0.000000000000000000e+00 2.410022099999999945e+00 2.780677182836014557e+10 2.933796120547114849e+09 3.586402482587413490e+07 -7.208121846473430127e-07 2.071555925770274997e+08 2.026420808836935461e+08
1.484999999999999964e+01 0.000000000000000000e+00 0.000000000000000000e+00 2.359923799999999794e+00 2.718871492403364563e+10 2.868133671834130287e+09 3.579816151129967719e+07 -7.039453758850730961e-07 2.029247486851774752e+08 1.985296155099721849e+08
1.490000000000000036e+01 0.000000000000000000e+00 0.000000000000000000e+00 2.306762500000000049e+00 2.653800789215748215e+10 2.798596727353208065e+09 3.573184425387369841e+07 -6.862623750313047411e-07 1.984405047696861923e+08 1.941605020205117762e+08
1.494999999999999929e+01 0.000000000000000000e+00 0.000000000000000000e+00 2.250699000000000005e+00 2.586727761312490463e+10 2.727271536231864452e+09 3.565732275352195650e+07 -6.672420195122188256e-07 1.936769995186244249e+08 1.895133292102913857e+08
1.500000000000000000e+01 0.000000000000000000e+00 0.000000000000000000e+00 2.191903700000000121e+00 2.519161121415472412e+10 2.655773687133038044e+09 3.557641014199253172e+07 -6.498515086194435356e-07 1.886390683974318802e+08 1.845735240218931437e+08
1.504999999999999893e+01 0.000000000000000000e+00 0.000000000000000000e+00 2.130557000000000034e+00 2.450664489661856842e+10 2.584194306043655872e+09 3.549089492772547156e+07 -6.323458440829282642e-07 1.833280291615783870e+08 1.793619660700889230e+08
1.510000000000000142e+01 0.000000000000000000e+00 0.000000000000000000e+00 2.066849100000000217e+00 2.381084735547130585e+10 2.511784811439455509e+09 3.539915234622678906e+07 -6.145477456317998435e-07 1.777842691387013495e+08 1.739059017034000456e+08
1.515000000000000036e+01 0.000000000000000000e+00 0.000000000000000000e+00 2.000978499999999993e+00 2.308820588846524811e+10 2.437190801345973969e+09 3.530599844628699869e+07 -5.954889412060196586e-07 1.720679980439788699e+08 1.682617052769527435e+08
1.519999999999999929e+01 0.000000000000000000e+00 0.000000000000000000e+00 1.933150399999999935e+00 2.232816019982310104e+10 2.358708638611423492e+09 3.521082872666246444e+07 -5.779228805780961692e-07 1.662148329406883717e+08 1.624850136077725589e+08
1.525000000000000000e+01 0.000000000000000000e+00 0.000000000000000000e+00 1.863574899999999923e+00 2.152209798486911011e+10 2.274963404127062321e+09 3.511796773270238191e+07 -5.575121592506577127e-07 1.602681155268980563e+08 1.566252904347047806e+08
1.529999999999999893e+01 0.000000000000000000e+00 0.000000000000000000e+00 1.792465799999999998e+00 2.067288391397081375e+10 2.186200307277847767e+09 3.502698731598231196e+07 -5.369651667885274925e-07 1.542400502116360366e+08 1.507099434577387869e+08
1.535000000000000142e+01 0.000000000000000000e+00 0.000000000000000000e+00 1.720039799999999897e+00 1.979287285802742767e+10 2.093462143208438873e+09 3.493683204702728987e+07 -5.121416125603236267e-07 1.481381398674947023e+08 1.447396435210907757e+08
1.540000000000000036e+01 0.000000000000000000e+00 0.000000000000000000e+00 1.646516199999999985e+00 1.889968540356889725e+10 1.998729758198206425e+09 3.485024637754295021e+07 -4.885407652061303661e-07 1.419482140814536512e+08 1.386990960544760525e+08
1.545000000000000107e+01 0.000000000000000000e+00 0.000000000000000000e+00 1.572117800000000010e+00 1.801162910287923050e+10 1.904249362136685133e+09 3.476180069979099929e+07 -4.644793546849051501e-07 1.356479918182714581e+08 1.325675135795834213e+08
1.550000000000000000e+01 0.000000000000000000e+00 0.000000000000000000e+00 1.497071000000000041e+00 1.714227630185500526e+10 1.811803500179364920e+09 3.467254303254822642e+07 -4.420272897243413971e-07 1.292319228440287560e+08 1.263249792710088342e+08
1.554999999999999893e+01 0.000000000000000000e+00 0.000000000000000000e+00 1.421606399999999937e+00 1.629536880732224274e+10 1.722199056114145756e+09 3.458086487459130585e+07 -4.191023039938298222e-07 1.227246010157555342e+08 1.199771121549123079e+08
1.559999999999999964e+01 0.000000000000000000e+00 0.000000000000000000e+00 1.345957999999999988e+00 1.546551809233649445e+10 1.635097473554655075e+09 3.449007332423250377e+07 -3.981667054680569962e-07 1.161555969459383190e+08 1.135588746571430117e+08
1.565000000000000036e+01 0.000000000000000000e+00 0.000000000000000000e+00 1.270362400000000003e+00 1.463899726292127419e+10 1.549113208102828264e+09 3.439759766591937095e+07 -3.772245602423603825e-07 1.095855976722367108e+08 1.071188950923369825e+08
1.569999999999999929e+01 0.000000000000000000e+00 0.000000000000000000e+00 1.195056399999999908e+00 1.380049302385766983e+10 1.462471706034481287e+09 3.430918034665881842e+07 -3.572027651037848496e-07 1.030711359794714600e+08 1.007138187504777312e+08
1.575000000000000000e+01 0.000000000000000000e+00 0.000000000000000000e+00 1.120275600000000038e+00 1.294040086375740242e+10 1.373750623764102936e+09 3.422186826512296498e+07 -3.353447548545584881e-07 9.666009305260372162e+07 9.441377656859497726e+07
1.580000000000000071e+01 0.000000000000000000e+00 0.000000000000000000e+00 1.046251800000000065e+00 1.205808426281497383e+10 1.282438534183188438e+09 3.413982814164402336e+07 -3.139090826778016820e-07 9.038003586825782061e+07 8.824113161269460618e+07
1.584999999999999964e+01 0.000000000000000000e+00 0.000000000000000000e+00 9.732125900000000440e-01 1.116546929619178581e+10 1.189361938876589537e+09 3.406112241353743523e+07 -2.913428321839486791e-07 8.422479089576895535e+07 8.222245020668761432e+07
1.590000000000000036e+01 0.000000000000000000e+00 0.000000000000000000e+00 9.013807200000000242e-01 1.028239290606581879e+10 1.096362318453835487e+09 3.398241398429893702e+07 -2.672648023094465212e-07 7.818049722247935832e+07 7.633622556063094735e+07
1.594999999999999929e+01 0.000000000000000000e+00 0.000000000000000000e+00 8.309743200000000440e-01 9.431299685964010239e+09 1.005826541627660275e+09 3.390243862001672387e+07 -2.447538487215908621e-07 7.221782938218057156e+07 7.055592969048434496e+07
1.600000000000000000e+01 0.000000000000000000e+00 0.000000000000000000e+00 7.622077699999999512e-01 8.629115427108919144e+09 9.199009743818557262e+08 3.382090772012795508e+07 -2.226377320975611411e-07 6.633299925718645006e+07 6.486202197426375747e+07
1.604999999999999716e+01 0.000000000000000000e+00 0.000000000000000000e+00 6.952920599999999896e-01 7.882085531443390846e+09 8.397608762159044743e+08 3.373596265319918096e+07 -2.016029794648703810e-07 6.052811295286276191e+07 5.924896517606437206e+07
1.610000000000000142e+01 0.000000000000000000e+00 0.000000000000000000e+00 6.304345799999999667e-01 7.182991998778796196e+09 7.652638414791220427e+08 3.364866828755155951e+07 -1.829905680291776068e-07 5.484343434412001073e+07 5.373599779972727597e+07
1.615000000000000213e+01 0.000000000000000000e+00 0.000000000000000000e+00 5.678381099999999515e-01 6.515525797652208328e+09 6.950992616308640242e+08 3.356115595257573575e+07 -1.652024113856785933e-07 4.933741111973559111e+07 4.836986923691379279e+07
1.619999999999999929e+01 0.000000000000000000e+00 0.000000000000000000e+00 5.076991100000000090e-01 5.860891713841919899e+09 6.274156610228277445e+08 3.347552389974732324e+07 -1.492746856545119012e-07 4.407422500121184438e+07 4.320927447174371034e+07
1.625000000000000000e+01 0.000000000000000000e+00 0.000000000000000000e+00 4.502056999999999864e-01 5.205112557705748558e+09 5.604799429072865248e+08 3.339410734972627833e+07 -1.334377202426542369e-07 3.910783775519265234e+07 3.831304422222260386e+07
1.629999999999999716e+01 0.000000000000000000e+00 0.000000000000000000e+00 3.955358800000000064e-01 4.546766629984086990e+09 4.934943192419623137e+08 3.331813177033962309e+07 -1.181122654487351600e-07 3.446298647096001357e+07 3.372214663787028939e+07
1.635000000000000142e+01 0.000000000000000000e+00 0.000000000000000000e+00 3.438565000000000094e-01 3.896738519573068619e+09 4.269260514890066981e+08 3.324757594518213347e+07 -1.024694599594421073e-07 3.013530139423926920e+07 2.945102170141859353e+07
1.640000000000000213e+01 0.000000000000000000e+00 0.000000000000000000e+00 2.953231000000000050e-01 3.276538960092368126e+09 3.624283863719688058e+08 3.318070577996997908e+07 -8.692196603033988453e-08 2.609587863348678499e+07 2.548792122451850027e+07
1.644999999999999929e+01 0.000000000000000000e+00 0.000000000000000000e+00 2.500804500000000097e-01 2.709914319558525562e+09 3.022482333427531719e+08 3.311569924557669088e+07 -7.164820116473805681e-08 2.230588761664696783e+07 2.180158313766761124e+07
1.650000000000000000e+01 0.000000000000000000e+00 0.000000000000000000e+00 2.082635700000000090e-01 2.214892341041006088e+09 2.484619881762223542e+08 3.305096141513091698e+07 -5.740618577634203990e-08 1.873584339241201058e+07 1.836174330132047459e+07
1.654999999999999716e+01 0.000000000000000000e+00 0.000000000000000000e+00 1.699985099999999916e-01 1.797823735799940348e+09 2.023298477952275276e+08 3.298556890525243431e+07 -4.485445877748016648e-08 1.538081828433671966e+07 1.514767204781448841e+07
1.660000000000000142e+01 0.000000000000000000e+00 0.000000000000000000e+00 1.354025199999999984e-01 1.450545257566474438e+09 1.637972663702369332e+08 3.292119385953499377e+07 -3.422259685799361155e-08 1.226872515210393257e+07 1.216502435621268302e+07
1.665000000000000213e+01 0.000000000000000000e+00 0.000000000000000000e+00 1.045834600000000031e-01 1.154802941119987011e+09 1.316640605768140256e+08 3.285922361742800847e+07 -2.565802479496212778e-08 9.451135414703577757e+06 9.442338959493707865e+06
1.669999999999999929e+01 0.000000000000000000e+00 0.000000000000000000e+00 7.763841700000000123e-02 8.890218120737872124e+08 1.040699385900919139e+08 3.280328033849260584e+07 -1.901103461259706249e-08 6.994358564709909260e+06 7.029677619814774953e+06
1.675000000000000000e+01 0.000000000000000000e+00 0.000000000000000000e+00 5.465210499999999944e-02 6.369685106212290525e+08 7.924310607126909494e+07 3.275521702712845430e+07 -1.371634880081130921e-08 4.952400004658954218e+06 4.979141074810294434e+06
1.680000000000000071e+01 0.000000000000000000e+00 0.000000000000000000e+00 3.569538199999999772e-02 3.942719368398284316e+08 5.620483310869537294e+07 3.271653028927177563e+07 -9.352715729256052931e-09 3.357571402286793571e+06 3.331506794920741580e+06
1.685000000000000142e+01 0.000000000000000000e+00 0.000000000000000000e+00 2.082448799999999864e-02 1.704005242077402472e+08 3.513580417601656914e+07 3.268741961383736506e+07 -5.436633889411199844e-09 2.230364956369385589e+06 2.110332860475014895e+06
1.689999999999999858e+01 0.000000000000000000e+00 0.000000000000000000e+00 1.008112700000000049e-02 -1.464547468515309319e+07 1.731366424275552481e+07 3.267172612363864481e+07 -1.903028283153495373e-09 1.783283852161863120e+06 1.360951765823475085e+06
1.694999999999999929e+01 0.000000000000000000e+00 0.000000000000000000e+00 3.493308300000000192e-03 -1.377286560114242733e+08 4.607662585621591657e+06 3.267006776769804209e+07 1.125378824300556478e-09 -4.076902709310658975e+05 3.452837470629482996e+06
1.700000000000000000e+01 0.000000000000000000e+00 0.000000000000000000e+00 1.076581700000000088e-03 -1.812706754606693983e+08 -1.232440845368399285e+06 3.259826519841276109e+07 3.236609004653703801e-09 4.239321631117463403e+04 -1.439049160164958448e+05
1.705000000000000071e+01 0.000000000000000000e+00 0.000000000000000000e+00 2.835141800000000063e-03 -1.398493344965059757e+08 7.719432153706476092e+05 3.256196632054643333e+07 4.007201346989733820e-09 -2.747496681408501463e+05 -7.192012583924998762e+05
1.710000000000000142e+01 0.000000000000000000e+00 0.000000000000000000e+00 8.762399400000000713e-03 -2.209825919930002466e+07 1.049633269767059758e+07 3.261669426303208992e+07 3.024775915841129021e-09 1.551245568859642139e+06 1.783741030480589019e+06
1.714999999999999858e+01 0.000000000000000000e+00 0.000000000000000000e+00 1.884082600000000149e-02 1.528147636989937425e+08 2.682081023264592141e+07 3.259887751654268801e+07 7.081553814679857063e-11 1.962983474434767151e+06 2.159205864029775839e+06
1.719999999999999929e+01 0.000000000000000000e+00 0.000000000000000000e+00 3.304119700000000132e-02 3.626809832451109886e+08 4.811161919472052902e+07 3.260221992986562476e+07 -4.772899650744143489e-09 3.055335036152662244e+06 3.208187811638677027e+06
1.725000000000000000e+01 0.000000000000000000e+00 0.000000000000000000e+00 5.132159199999999921e-02 5.906552832734349966e+08 7.286298727329315245e+07 3.261905071289303154e+07 -1.135055795435517283e-08 4.613406941092255525e+06 4.679972730440437794e+06
1.730000000000000071e+01 0.000000000000000000e+00 0.000000000000000000e+00 7.362661400000000689e-02 8.310615662141418457e+08 1.002198053993610144e+08 3.264861603881734610e+07 -1.930176236401160171e-08 6.607950565219445154e+06 6.546114555539115332e+06
1.735000000000000142e+01 0.000000000000000000e+00 0.000000000000000000e+00 9.988716000000000261e-02 1.090794859578717232e+09 1.302110317343892902e+08 3.268955623207491636e+07 -2.817428098293810444e-08 8.999578279045149684e+06 8.786845270381778479e+06
1.739999999999999858e+01 0.000000000000000000e+00 0.000000000000000000e+00 1.300208800000000053e-01 1.385767235287330866e+09 1.636071765889360905e+08 3.273951515804003179e+07 -3.766200870288319872e-08 1.173483238845682889e+07 1.137472271233729832e+07
1.744999999999999929e+01 0.000000000000000000e+00 0.000000000000000000e+00 1.639331400000000050e-01 1.734162757566956997e+09 2.015190851461615860e+08 3.279651102154380828e+07 -4.780268908219088061e-08 1.475855513715394028e+07 1.427832212228177115e+07
1.750000000000000000e+01 0.000000000000000000e+00 0.000000000000000000e+00 2.015183000000000113e-01 2.149466170745544910e+09 2.449273726272930503e+08 3.285817368496476859e+07 -5.839971932454932266e-08 1.803229206852493063e+07 1.747132958238492534e+07
1.755000000000000071e+01 0.000000000000000000e+00 0.000000000000000000e+00 2.426606799999999897e-01 2.635826064602422714e+09 2.943259361264951825e+08 3.292422680156613141e+07 -6.963672741464423277e-08 2.153950536343833432e+07 2.093422720591870695e+07
1.760000000000000142e+01 0.000000000000000000e+00 0.000000000000000000e+00 2.872353300000000109e-01 3.186557612354227066e+09 3.495196024662091136e+08 3.299477058132755756e+07 -8.196430417715299318e-08 2.528800794797470048e+07 2.465895494112770632e+07
1.764999999999999858e+01 0.000000000000000000e+00 0.000000000000000000e+00 3.351081799999999777e-01 3.786703375698446274e+09 4.098392617146803141e+08 3.307038874014458433e+07 -9.538891803552601934e-08 2.930031617448426411e+07 2.864316447835979611e+07
1.769999999999999929e+01 0.000000000000000000e+00 0.000000000000000000e+00 3.861358300000000132e-01 4.418706741069616318e+09 4.742360577959436178e+08 3.315208513324338943e+07 -1.103269858637653728e-07 3.359996121476757526e+07 3.288801668670395762e+07
1.775000000000000000e+01 0.000000000000000000e+00 0.000000000000000000e+00 4.401652600000000026e-01 5.066921519724708557e+09 5.417279701943836212e+08 3.324009176996570081e+07 -1.268814952348711508e-07 3.820382034853147715e+07 3.739363683780410886e+07
1.780000000000000071e+01 0.000000000000000000e+00 0.000000000000000000e+00 4.970335499999999906e-01 5.722525430234483719e+09 6.115702511757571697e+08 3.333481516390870884e+07 -1.443054395935532805e-07 4.311010504822071642e+07 4.215474235652142763e+07
1.785000000000000142e+01 0.000000000000000000e+00 0.000000000000000000e+00 5.565680499999999808e-01 6.385312384581192970e+09 6.834234515857139826e+08 3.343481006768748164e+07 -1.638059848011257196e-07 4.829686142316960543e+07 4.715893612681163102e+07
1.789999999999999858e+01 0.000000000000000000e+00 0.000000000000000000e+00 6.185868199999999817e-01 7.062496380735756874e+09 7.573297284172531366e+08 3.353894910671281070e+07 -1.830333600673545553e-07 5.372537705939451605e+07 5.238782821088400483e+07
1.794999999999999929e+01 0.000000000000000000e+00 0.000000000000000000e+00 6.828995399999999716e-01 7.765650736951785088e+09 8.335780598984121084e+08 3.364554043952414393e+07 -2.033013325935942193e-07 5.934696045682988316e+07 5.782075990533131361e+07
1.800000000000000000e+01 0.000000000000000000e+00 0.000000000000000000e+00 7.493085900000000521e-01 8.505920445692008018e+09 9.125028425259822607e+08 3.375276266795213521e+07 -2.235084847344936890e-07 6.511592785777416080e+07 6.343343295607194304e+07
1.805000000000000071e+01 0.000000000000000000e+00 0.000000000000000000e+00 8.176101399999999852e-01 9.289443127034349442e+09 9.943360027468440533e+08 3.385940456746427715e+07 -2.435377250614090169e-07 7.099629811813007295e+07 6.920249379600828886e+07
1.810000000000000142e+01 0.000000000000000000e+00 0.000000000000000000e+00 8.875951300000000099e-01 1.011539729287316322e+10 1.079046477186206341e+09 3.396507698959530890e+07 -2.633928080539507576e-07 7.697303033784928918e+07 7.510608388233661652e+07
1.814999999999999858e+01 0.000000000000000000e+00 0.000000000000000000e+00 9.590499399999999897e-01 1.097531416037956810e+10 1.166319273952486992e+09 3.406806319983542711e+07 -2.832080675792621509e-07 8.303312622388081253e+07 8.112513591949364543e+07
1.819999999999999929e+01 0.000000000000000000e+00 0.000000000000000000e+00 1.031756799999999918e+00 1.185532344701869202e+10 1.255637266331182241e+09 3.417064740363138914e+07 -3.035333928946406340e-07 8.919499250966981053e+07 8.723582049352827668e+07
1.825000000000000000e+01 0.000000000000000000e+00 0.000000000000000000e+00 1.105494200000000093e+00 1.273966872431918335e+10 1.346383024799142361e+09 3.427020216858053952e+07 -3.246398694834473652e-07 9.545996446621626616e+07 9.342950109145544469e+07
1.830000000000000071e+01 0.000000000000000000e+00 0.000000000000000000e+00 1.180036700000000049e+00 1.361595496987585640e+10 1.437910686295642138e+09 3.437145917632977664e+07 -3.478781708760101507e-07 1.018300476718035638e+08 9.967976831763635576e+07
1.835000000000000142e+01 0.000000000000000000e+00 0.000000000000000000e+00 1.255155999999999938e+00 1.447726810519116974e+10 1.529724178933162928e+09 3.447062323879674822e+07 -3.708947555900607781e-07 1.082954376020232588e+08 1.059780128054731935e+08
1.839999999999999858e+01 0.000000000000000000e+00 0.000000000000000000e+00 1.330620799999999937e+00 1.532386980733682823e+10 1.621414761111841202e+09 3.457008428988803923e+07 -3.951853783770826529e-07 1.148238880514474660e+08 1.123041250323218256e+08
1.845000000000000284e+01 0.000000000000000000e+00 0.000000000000000000e+00 1.406198099999999895e+00 1.616185766684182549e+10 1.712680945697910309e+09 3.467092830211866647e+07 -4.194580118409700541e-07 1.213848810956266671e+08 1.186433976500214636e+08
1.850000000000000000e+01 0.000000000000000000e+00 0.000000000000000000e+00 1.481654199999999921e+00 1.700063661987730217e+10 1.803366500015686989e+09 3.476958017520339042e+07 -4.433539920185823526e-07 1.279246672657676190e+08 1.249889715973251164e+08
1.855000000000000071e+01 0.000000000000000000e+00 0.000000000000000000e+00 1.556755399999999900e+00 1.784828641607421494e+10 1.893379833652729511e+09 3.487078510916107893e+07 -4.664208341131886668e-07 1.344026409140039384e+08 1.313138300919596702e+08
1.859999999999999787e+01 0.000000000000000000e+00 0.000000000000000000e+00 1.631269899999999939e+00 1.870859543223419571e+10 1.982720150843196630e+09 3.496642450349966437e+07 -4.877714772060792950e-07 1.407846869924202561e+08 1.375978875014315844e+08
1.864999999999999858e+01 0.000000000000000000e+00 0.000000000000000000e+00 1.704967799999999922e+00 1.957873475832976913e+10 2.071351741153420687e+09 3.506109581549107283e+07 -5.082827008140302106e-07 1.470513091530962586e+08 1.438130813182170391e+08
1.870000000000000284e+01 0.000000000000000000e+00 0.000000000000000000e+00 1.777622599999999942e+00 2.045019755381293869e+10 2.159268815466521740e+09 3.515275774895590544e+07 -5.276757919981302868e-07 1.532013064930650592e+08 1.499312692325769663e+08
1.875000000000000000e+01 0.000000000000000000e+00 0.000000000000000000e+00 1.849011500000000030e+00 2.130986906216875458e+10 2.246286717771986961e+09 3.524156262557741255e+07 -5.468513937311246152e-07 1.592419707972415984e+08 1.559305174495647252e+08
1.880000000000000071e+01 0.000000000000000000e+00 0.000000000000000000e+00 1.918915699999999891e+00 2.214526838896785355e+10 2.332098658532997608e+09 3.532806966040354967e+07 -5.692269451055909201e-07 1.651675945184990764e+08 1.617835681647377312e+08
1.884999999999999787e+01 0.000000000000000000e+00 0.000000000000000000e+00 1.987121099999999974e+00 2.294477872490777206e+10 2.416229274503968716e+09 3.541074730339008570e+07 -5.892628062703344676e-07 1.709772891406088769e+08 1.674703160460366607e+08
1.889999999999999858e+01 0.000000000000000000e+00 0.000000000000000000e+00 2.053418499999999813e+00 2.370245946757613754e+10 2.498080534082740784e+09 3.549012018340519071e+07 -6.111333134303123192e-07 1.766709592725105584e+08 1.729890679633867741e+08
1.895000000000000284e+01 0.000000000000000000e+00 0.000000000000000000e+00 2.117603700000000089e+00 2.442088347707043076e+10 2.576887309803574085e+09 3.556923563926818222e+07 -6.304642832320482436e-07 1.822088830022285879e+08 1.783269353161867857e+08
1.900000000000000000e+01 0.000000000000000000e+00 0.000000000000000000e+00 2.179478899999999886e+00 2.510209641892012405e+10 2.651874522582779408e+09 3.564538578634759039e+07 -6.516745048456328989e-07 1.875675636355007589e+08 1.834893325335681438e+08
1.905000000000000071e+01 0.000000000000000000e+00 0.000000000000000000e+00 2.238852699999999807e+00 2.575804215948166275e+10 2.723108669422996998e+09 3.571695367462441325e+07 -6.713055252824425673e-07 1.927023416663332880e+08 1.884581066876431406e+08
1.909999999999999787e+01 0.000000000000000000e+00 0.000000000000000000e+00 2.295541099999999890e+00 2.639250468096533585e+10 2.790209021042418003e+09 3.578955330654292554e+07 -6.876266288153503359e-07 1.975848121460605860e+08 1.932316382561441362e+08
1.914999999999999858e+01 0.000000000000000000e+00 0.000000000000000000e+00 2.349368800000000146e+00 2.701452903405628204e+10 2.853689918824436188e+09 3.585546079816389829e+07 -7.028297983414395727e-07 2.021867979713383019e+08 1.977756990421590507e+08
1.919999999999999929e+01 0.000000000000000000e+00 0.000000000000000000e+00 2.400169399999999786e+00 2.761935839516419601e+10 2.913870115912838936e+09 3.591641301318483800e+07 -7.156363153500788175e-07 2.064885742229936719e+08 2.020639472122312486e+08
1.925000000000000000e+01 0.000000000000000000e+00 0.000000000000000000e+00 2.447786499999999865e+00 2.820128958746550751e+10 2.971188132250133991e+09 3.597385701563650370e+07 -7.276868513694940741e-07 2.104962598177411556e+08 2.060734291654398143e+08
1.930000000000000071e+01 0.000000000000000000e+00 0.000000000000000000e+00 2.492074199999999795e+00 2.874695442107134628e+10 3.025597593733261585e+09 3.602171621772931516e+07 -7.393104507838475305e-07 2.142168662602999210e+08 2.097768746389570236e+08
1.934999999999999787e+01 0.000000000000000000e+00 0.000000000000000000e+00 2.532896699999999779e+00 2.924650321947708893e+10 3.076880100580489635e+09 3.606312967730065435e+07 -7.523737340591034170e-07 2.176504674174707234e+08 2.131530509950569570e+08
1.940000000000000213e+01 0.000000000000000000e+00 0.000000000000000000e+00 2.570129099999999944e+00 2.969014403259228516e+10 3.124348250456624985e+09 3.609885956751842797e+07 -7.628521711569314541e-07 2.208178263488974869e+08 2.162021396321516037e+08
1.944999999999999929e+01 0.000000000000000000e+00 0.000000000000000000e+00 2.603657099999999947e+00 3.007042725108011246e+10 3.167094735410287380e+09 3.612889773877073079e+07 -7.745151201879981776e-07 2.237105766807560921e+08 2.189435439131203294e+08
1.950000000000000000e+01 0.000000000000000000e+00 0.000000000000000000e+00 2.633376800000000184e+00 3.038714981995035553e+10 3.204113991366539001e+09 3.615482292317547649e+07 -7.884893343413360743e-07 2.263177372537240088e+08 2.213731319848959446e+08
1.955000000000000071e+01 0.000000000000000000e+00 0.000000000000000000e+00 2.659195200000000092e+00 3.065001675520885849e+10 3.234851605453773975e+09 3.618001670031768829e+07 -7.962166714584027031e-07 2.286168697686026990e+08 2.235104893072169125e+08
1.959999999999999787e+01 0.000000000000000000e+00 0.000000000000000000e+00 2.681030699999999989e+00 3.086765674107842255e+10 3.259532004152798176e+09 3.620269631367543340e+07 -8.032688310826986989e-07 2.305759534350979626e+08 2.253547813030036092e+08
1.965000000000000213e+01 0.000000000000000000e+00 0.000000000000000000e+00 2.698813499999999976e+00 3.104886863526015854e+10 3.278324676576409817e+09 3.622291015899886936e+07 -8.066686219641252303e-07 2.321662515976503193e+08 2.268876552114567757e+08
1.969999999999999929e+01 0.000000000000000000e+00 0.000000000000000000e+00 2.712486499999999801e+00 3.120128407294209671e+10 3.292295931780344486e+09 3.624380982472621650e+07 -8.101699271032497771e-07 2.333668753830832839e+08 2.280931573653841019e+08
1.975000000000000000e+01 0.000000000000000000e+00 0.000000000000000000e+00 2.722006400000000159e+00 3.133108161262524796e+10 3.302455574907813072e+09 3.626051541462315619e+07 -8.103794615110239087e-07 2.341588579909386337e+08 2.289360487563264072e+08
1.980000000000000071e+01 0.000000000000000000e+00 0.000000000000000000e+00 2.727344099999999827e+00 3.142957074614500427e+10 3.309391706659123421e+09 3.627161115547978133e+07 -8.115597314017111186e-07 2.345474628645306826e+08 2.293959231773697138e+08
1.984999999999999787e+01 0.000000000000000000e+00 0.000000000000000000e+00 2.728484799999999932e+00 3.148831814557886505e+10 3.312930597430605888e+09 3.627707044173955917e+07 -8.099390937611411633e-07 2.345666669707667232e+08 2.294647401762665212e+08
1.990000000000000213e+01 0.000000000000000000e+00 0.000000000000000000e+00 2.725427499999999892e+00 3.149047131981612015e+10 3.312609705576148987e+09 3.627841712198913097e+07 -8.091986830961711748e-07 2.342382959183195531e+08 2.291574664603343010e+08
1.994999999999999929e+01 0.000000000000000000e+00 0.000000000000000000e+00 2.718184500000000003e+00 3.142143581041003799e+10 3.306793667494002342e+09 3.627339846721237153e+07 -8.098588587062963191e-07 2.335969384961999059e+08 2.284874094857597053e+08
2.000000000000000000e+01 0.000000000000000000e+00 0.000000000000000000e+00 2.706780199999999859e+00 3.127727076129145813e+10 3.294482446348276138e+09 3.598760631304585189e+07 -8.081603485973467954e-07 2.326677120444402695e+08 2.274969096202250123e+08
