# garg caseC [0/core/0] sandwich, L/h = 4 -- three-method comparison (OpenSG-RM / Whitney-1973 FSDT / Pagano exact 3-D)
# stations: s11 s22 s12 s33 U3 at x = a/2; s13 s23 U1 U2 at x = 0
# Whitney k1^2 = 0.082762 (used inside the FSDT shear staircase)
# columns: z[m] then (RM, FSDT, exact) triplets for s11 s22 s12 s13 s23 s33 U1 U2 U3
  -1.250000e-01   -1.185471e+06   -1.984060e+05   -6.942805e+05   -2.058558e+04   -3.445298e+03   -1.205610e+04   -6.343156e-11    0.000000e+00    0.000000e+00    6.123736e-07    7.191916e+05    2.160422e-06   -1.807004e-22    0.000000e+00    0.000000e+00    0.000000e+00    0.000000e+00    1.037123e-09    1.670751e-06    4.802545e-07    1.680550e-06    3.896915e-21    0.000000e+00    0.000000e+00    3.989242e-05    3.811672e-05    3.341664e-05
  -1.246875e-01   -1.169152e+06   -1.979100e+05   -6.807340e+05   -2.043571e+04   -3.436685e+03   -1.182080e+04   -6.380098e-11    0.000000e+00    0.000000e+00    1.948139e+02    7.191916e+05    6.749576e+02   -5.688892e-14    0.000000e+00    0.000000e+00    9.562904e-02    0.000000e+00    3.324071e-01    1.634015e-06    4.790538e-07    1.647760e-06    3.896912e-21    0.000000e+00    0.000000e+00    3.989316e-05    3.811672e-05    3.341708e-05
  -1.243750e-01   -1.152837e+06   -1.974140e+05   -6.672011e+05   -2.028586e+04   -3.428072e+03   -1.158558e+04   -6.417030e-11    0.000000e+00    0.000000e+00    3.891375e+02    7.191916e+05    1.336623e+03   -1.136354e-13    0.000000e+00    0.000000e+00    3.822755e-01    0.000000e+00    1.320926e+00    1.597288e-06    4.778532e-07    1.615004e-06    3.896904e-21    0.000000e+00    0.000000e+00    3.989388e-05    3.811672e-05    3.341752e-05
  -1.240625e-01   -1.136526e+06   -1.969180e+05   -6.536815e+05   -2.013604e+04   -3.419458e+03   -1.135045e+04   -6.453949e-11    0.000000e+00    0.000000e+00    5.829709e+02    7.191916e+05    1.985008e+03   -1.702396e-13    0.000000e+00    0.000000e+00    8.594581e-01    0.000000e+00    2.952514e+00    1.560571e-06    4.766526e-07    1.582280e-06    3.896889e-21    0.000000e+00    0.000000e+00    3.989457e-05    3.811672e-05    3.341794e-05
  -1.237500e-01   -1.120218e+06   -1.964220e+05   -6.401749e+05   -1.998625e+04   -3.410845e+03   -1.111542e+04   -6.490858e-11    0.000000e+00    0.000000e+00    7.763139e+02    7.191916e+05    2.620127e+03   -2.267013e-13    0.000000e+00    0.000000e+00    1.526695e+00    0.000000e+00    5.214139e+00    1.523863e-06    4.754519e-07    1.549587e-06    3.896868e-21    0.000000e+00    0.000000e+00    3.989523e-05    3.811672e-05    3.341835e-05
  -1.234375e-01   -1.103915e+06   -1.959260e+05   -6.266810e+05   -1.983649e+04   -3.402232e+03   -1.088046e+04   -6.527755e-11    0.000000e+00    0.000000e+00    9.691668e+02    7.191916e+05    3.241993e+03   -2.830206e-13    0.000000e+00    0.000000e+00    2.383506e+00    0.000000e+00    8.092785e+00    1.487165e-06    4.742513e-07    1.516927e-06    3.896842e-21    0.000000e+00    0.000000e+00    3.989586e-05    3.811672e-05    3.341876e-05
  -1.231250e-01   -1.087615e+06   -1.954299e+05   -6.131996e+05   -1.968675e+04   -3.393619e+03   -1.064559e+04   -6.564640e-11    0.000000e+00    0.000000e+00    1.161529e+03    7.191916e+05    3.850617e+03   -3.391975e-13    0.000000e+00    0.000000e+00    3.429409e+00    0.000000e+00    1.157544e+01    1.450477e-06    4.730506e-07    1.484296e-06    3.896809e-21    0.000000e+00    0.000000e+00    3.989647e-05    3.811672e-05    3.341916e-05
  -1.228125e-01   -1.071320e+06   -1.949339e+05   -5.997304e+05   -1.953704e+04   -3.385005e+03   -1.041081e+04   -6.601514e-11    0.000000e+00    0.000000e+00    1.353402e+03    7.191916e+05    4.446011e+03   -3.952321e-13    0.000000e+00    0.000000e+00    4.663923e+00    0.000000e+00    1.564912e+01    1.413798e-06    4.718500e-07    1.451696e-06    3.896771e-21    0.000000e+00    0.000000e+00    3.989705e-05    3.811672e-05    3.341954e-05
  -1.225000e-01   -1.055028e+06   -1.944379e+05   -5.862731e+05   -1.938735e+04   -3.376392e+03   -1.017610e+04   -6.638376e-11    0.000000e+00    0.000000e+00    1.544784e+03    7.191916e+05    5.028189e+03   -4.511242e-13    0.000000e+00    0.000000e+00    6.086566e+00    0.000000e+00    2.030084e+01    1.377129e-06    4.706494e-07    1.419125e-06    3.896727e-21    0.000000e+00    0.000000e+00    3.989760e-05    3.811672e-05    3.341992e-05
  -1.221875e-01   -1.038740e+06   -1.939419e+05   -5.728275e+05   -1.923769e+04   -3.367779e+03   -9.941471e+03   -6.675228e-11    0.000000e+00    0.000000e+00    1.735675e+03    7.191916e+05    5.597160e+03   -5.068739e-13    0.000000e+00    0.000000e+00    7.696858e+00    0.000000e+00    2.551763e+01    1.340469e-06    4.694487e-07    1.386582e-06    3.896677e-21    0.000000e+00    0.000000e+00    3.989812e-05    3.811672e-05    3.342030e-05
  -1.218750e-01   -1.022456e+06   -1.934459e+05   -5.593933e+05   -1.908805e+04   -3.359166e+03   -9.706918e+03   -6.712068e-11    0.000000e+00    0.000000e+00    1.926077e+03    7.191916e+05    6.152936e+03   -5.624812e-13    0.000000e+00    0.000000e+00    9.494316e+00    0.000000e+00    3.128652e+01    1.303819e-06    4.682481e-07    1.354068e-06    3.896621e-21    0.000000e+00    0.000000e+00    3.989861e-05    3.811672e-05    3.342066e-05
  -1.215625e-01   -1.006176e+06   -1.929499e+05   -5.459703e+05   -1.893844e+04   -3.350552e+03   -9.472441e+03   -6.748896e-11    0.000000e+00    0.000000e+00    2.115988e+03    7.191916e+05    6.695530e+03   -6.179461e-13    0.000000e+00    0.000000e+00    1.147846e+01    0.000000e+00    3.759458e+01    1.267178e-06    4.670475e-07    1.321580e-06    3.896560e-21    0.000000e+00    0.000000e+00    3.989908e-05    3.811672e-05    3.342101e-05
  -1.212500e-01   -9.898994e+05   -1.924539e+05   -5.325581e+05   -1.878886e+04   -3.341939e+03   -9.238036e+03   -6.785714e-11    0.000000e+00    0.000000e+00    2.305409e+03    7.191916e+05    7.224950e+03   -6.732687e-13    0.000000e+00    0.000000e+00    1.364881e+01    0.000000e+00    4.442885e+01    1.230546e-06    4.658468e-07    1.289120e-06    3.896492e-21    0.000000e+00    0.000000e+00    3.989952e-05    3.811672e-05    3.342136e-05
  -1.209375e-01   -9.736269e+05   -1.919578e+05   -5.191565e+05   -1.863930e+04   -3.333326e+03   -9.003703e+03   -6.822520e-11    0.000000e+00    0.000000e+00    2.494340e+03    7.191916e+05    7.741209e+03   -7.284488e-13    0.000000e+00    0.000000e+00    1.600488e+01    0.000000e+00    5.177642e+01    1.193924e-06    4.646462e-07    1.256685e-06    3.896419e-21    0.000000e+00    0.000000e+00    3.989993e-05    3.811672e-05    3.342170e-05
  -1.206250e-01   -9.573582e+05   -1.914618e+05   -5.057653e+05   -1.848977e+04   -3.324713e+03   -8.769439e+03   -6.859315e-11    0.000000e+00    0.000000e+00    2.682780e+03    7.191916e+05    8.244315e+03   -7.834865e-13    0.000000e+00    0.000000e+00    1.854619e+01    0.000000e+00    5.962438e+01    1.157312e-06    4.634456e-07    1.224276e-06    3.896341e-21    0.000000e+00    0.000000e+00    3.990031e-05    3.811672e-05    3.342203e-05
  -1.203125e-01   -9.410933e+05   -1.909658e+05   -4.923841e+05   -1.834026e+04   -3.316099e+03   -8.535243e+03   -6.896099e-11    0.000000e+00    0.000000e+00    2.870730e+03    7.191916e+05    8.734280e+03   -8.383818e-13    0.000000e+00    0.000000e+00    2.127227e+01    0.000000e+00    6.795980e+01    1.120708e-06    4.622449e-07    1.191891e-06    3.896256e-21    0.000000e+00    0.000000e+00    3.990067e-05    3.811672e-05    3.342235e-05
  -1.200000e-01   -9.248322e+05   -1.904698e+05   -4.790127e+05   -1.819078e+04   -3.307486e+03   -8.301112e+03   -6.932872e-11    0.000000e+00    0.000000e+00    3.058190e+03    7.191916e+05    9.211112e+03   -8.931347e-13    0.000000e+00    0.000000e+00    2.418262e+01    0.000000e+00    7.676980e+01    1.084114e-06    4.610443e-07    1.159531e-06    3.896166e-21    0.000000e+00    0.000000e+00    3.990100e-05    3.811672e-05    3.342266e-05
  -1.196875e-01   -9.085749e+05   -1.899738e+05   -4.656509e+05   -1.804133e+04   -3.298873e+03   -8.067045e+03   -6.969633e-11    0.000000e+00    0.000000e+00    3.245160e+03    7.191916e+05    9.674822e+03   -9.477453e-13    0.000000e+00    0.000000e+00    2.727677e+01    0.000000e+00    8.604148e+01    1.047530e-06    4.598436e-07    1.127194e-06    3.896070e-21    0.000000e+00    0.000000e+00    3.990130e-05    3.811672e-05    3.342297e-05
  -1.193750e-01   -8.923213e+05   -1.894778e+05   -4.522983e+05   -1.789190e+04   -3.290260e+03   -7.833041e+03   -7.006384e-11    0.000000e+00    0.000000e+00    3.431639e+03    7.191916e+05    1.012542e+04   -1.002213e-12    0.000000e+00    0.000000e+00    3.055423e+01    0.000000e+00    9.576197e+01    1.010954e-06    4.586430e-07    1.094879e-06    3.895969e-21    0.000000e+00    0.000000e+00    3.990157e-05    3.811672e-05    3.342326e-05
  -1.190625e-01   -8.760716e+05   -1.889817e+05   -4.389547e+05   -1.774249e+04   -3.281646e+03   -7.599097e+03   -7.043124e-11    0.000000e+00    0.000000e+00    3.617628e+03    7.191916e+05    1.056291e+04   -1.056539e-12    0.000000e+00    0.000000e+00    3.401453e+01    0.000000e+00    1.059184e+02    9.743882e-07    4.574424e-07    1.062587e-06    3.895861e-21    0.000000e+00    0.000000e+00    3.990181e-05    3.811672e-05    3.342355e-05
  -1.187500e-01   -8.598256e+05   -1.884857e+05   -4.256199e+05   -1.759311e+04   -3.273033e+03   -7.365212e+03   -7.079852e-11    0.000000e+00    0.000000e+00    3.803127e+03    7.191916e+05    1.098731e+04   -1.110722e-12    0.000000e+00    0.000000e+00    3.765719e+01    0.000000e+00    1.164979e+02    9.378312e-07    4.562417e-07    1.030316e-06    3.895749e-21    0.000000e+00    0.000000e+00    3.990203e-05    3.811672e-05    3.342383e-05
  -1.184375e-01   -8.435834e+05   -1.879897e+05   -4.122936e+05   -1.744376e+04   -3.264420e+03   -7.131383e+03   -7.116570e-11    0.000000e+00    0.000000e+00    3.988135e+03    7.191916e+05    1.139862e+04   -1.164763e-12    0.000000e+00    0.000000e+00    4.148171e+01    0.000000e+00    1.274876e+02    9.012835e-07    4.550411e-07    9.980660e-07    3.895630e-21    0.000000e+00    0.000000e+00    3.990222e-05    3.811672e-05    3.342410e-05
  -1.181250e-01   -8.273449e+05   -1.874937e+05   -3.989754e+05   -1.729443e+04   -3.255807e+03   -6.897610e+03   -7.153276e-11    0.000000e+00    0.000000e+00    4.172654e+03    7.191916e+05    1.179685e+04   -1.218662e-12    0.000000e+00    0.000000e+00    4.548763e+01    0.000000e+00    1.388748e+02    8.647450e-07    4.538405e-07    9.658360e-07    3.895506e-21    0.000000e+00    0.000000e+00    3.990238e-05    3.811672e-05    3.342437e-05
  -1.178125e-01   -8.111101e+05   -1.869977e+05   -3.856652e+05   -1.714513e+04   -3.247193e+03   -6.663889e+03   -7.189972e-11    0.000000e+00    0.000000e+00    4.356682e+03    7.191916e+05    1.218201e+04   -1.272418e-12    0.000000e+00    0.000000e+00    4.967446e+01    0.000000e+00    1.506464e+02    8.282156e-07    4.526398e-07    9.336254e-07    3.895376e-21    0.000000e+00    0.000000e+00    3.990251e-05    3.811672e-05    3.342462e-05
  -1.175000e-01   -7.948790e+05   -1.865017e+05   -3.723626e+05   -1.699585e+04   -3.238580e+03   -6.430221e+03   -7.226657e-11    0.000000e+00    0.000000e+00    4.540219e+03    7.191916e+05    1.255410e+04   -1.326032e-12    0.000000e+00    0.000000e+00    5.404172e+01    0.000000e+00    1.627898e+02    7.916953e-07    4.514392e-07    9.014337e-07    3.895241e-21    0.000000e+00    0.000000e+00    3.990262e-05    3.811672e-05    3.342487e-05
  -1.171875e-01   -7.786517e+05   -1.860057e+05   -3.590675e+05   -1.684659e+04   -3.229967e+03   -6.196602e+03   -7.263330e-11    0.000000e+00    0.000000e+00    4.723267e+03    7.191916e+05    1.291314e+04   -1.379503e-12    0.000000e+00    0.000000e+00    5.858892e+01    0.000000e+00    1.752921e+02    7.551842e-07    4.502386e-07    8.692601e-07    3.895100e-21    0.000000e+00    0.000000e+00    3.990269e-05    3.811672e-05    3.342511e-05
  -1.168750e-01   -7.624281e+05   -1.855096e+05   -3.457795e+05   -1.669736e+04   -3.221354e+03   -5.963031e+03   -7.299993e-11    0.000000e+00    0.000000e+00    4.905824e+03    7.191916e+05    1.325913e+04   -1.432832e-12    0.000000e+00    0.000000e+00    6.331559e+01    0.000000e+00    1.881404e+02    7.186821e-07    4.490379e-07    8.371041e-07    3.894953e-21    0.000000e+00    0.000000e+00    3.990274e-05    3.811672e-05    3.342534e-05
  -1.165625e-01   -7.462082e+05   -1.850136e+05   -3.324984e+05   -1.654816e+04   -3.212740e+03   -5.729506e+03   -7.336646e-11    0.000000e+00    0.000000e+00    5.087891e+03    7.191916e+05    1.359208e+04   -1.486018e-12    0.000000e+00    0.000000e+00    6.822124e+01    0.000000e+00    2.013220e+02    6.821891e-07    4.478373e-07    8.049649e-07    3.894801e-21    0.000000e+00    0.000000e+00    3.990277e-05    3.811672e-05    3.342556e-05
  -1.162500e-01   -7.299919e+05   -1.845176e+05   -3.192239e+05   -1.639898e+04   -3.204127e+03   -5.496026e+03   -7.373287e-11    0.000000e+00    0.000000e+00    5.269468e+03    7.191916e+05    1.391199e+04   -1.539063e-12    0.000000e+00    0.000000e+00    7.330540e+01    0.000000e+00    2.148241e+02    6.457051e-07    4.466366e-07    7.728420e-07    3.894644e-21    0.000000e+00    0.000000e+00    3.990276e-05    3.811672e-05    3.342578e-05
  -1.159375e-01   -7.137793e+05   -1.840216e+05   -3.059558e+05   -1.624982e+04   -3.195514e+03   -5.262588e+03   -7.409918e-11    0.000000e+00    0.000000e+00    5.450554e+03    7.191916e+05    1.421888e+04   -1.591964e-12    0.000000e+00    0.000000e+00    7.856758e+01    0.000000e+00    2.286339e+02    6.092301e-07    4.454360e-07    7.407347e-07    3.894481e-21    0.000000e+00    0.000000e+00    3.990273e-05    3.811672e-05    3.342598e-05
  -1.156250e-01   -6.975704e+05   -1.835256e+05   -2.926938e+05   -1.610069e+04   -3.186901e+03   -5.029191e+03   -7.446538e-11    0.000000e+00    0.000000e+00    5.631150e+03    7.191916e+05    1.451274e+04   -1.644724e-12    0.000000e+00    0.000000e+00    8.400730e+01    0.000000e+00    2.427386e+02    5.727641e-07    4.442354e-07    7.086422e-07    3.894312e-21    0.000000e+00    0.000000e+00    3.990267e-05    3.811672e-05    3.342618e-05
  -1.153125e-01   -6.813652e+05   -1.830296e+05   -2.794375e+05   -1.595158e+04   -3.178287e+03   -4.795833e+03   -7.483147e-11    0.000000e+00    0.000000e+00    5.811256e+03    7.191916e+05    1.479358e+04   -1.697341e-12    0.000000e+00    0.000000e+00    8.962407e+01    0.000000e+00    2.571253e+02    5.363071e-07    4.430347e-07    6.765641e-07    3.894138e-21    0.000000e+00    0.000000e+00    3.990258e-05    3.811672e-05    3.342637e-05
  -1.150000e-01   -6.651635e+05   -1.825336e+05   -2.661869e+05   -1.580250e+04   -3.169674e+03   -4.562513e+03   -7.519745e-11    0.000000e+00    0.000000e+00    5.990871e+03    7.191916e+05    1.506141e+04   -1.749815e-12    0.000000e+00    0.000000e+00    9.541743e+01    0.000000e+00    2.717814e+02    4.998590e-07    4.418341e-07    6.444996e-07    3.893959e-21    0.000000e+00    0.000000e+00    3.990246e-05    3.811672e-05    3.342655e-05
  -1.146875e-01   -6.489656e+05   -1.820375e+05   -2.529415e+05   -1.565344e+04   -3.161061e+03   -4.329228e+03   -7.556333e-11    0.000000e+00    0.000000e+00    6.169997e+03    7.191916e+05    1.531624e+04   -1.802147e-12    0.000000e+00    0.000000e+00    1.013869e+02    0.000000e+00    2.866941e+02    4.634198e-07    4.406335e-07    6.124480e-07    3.893774e-21    0.000000e+00    0.000000e+00    3.990232e-05    3.811672e-05    3.342673e-05
  -1.143750e-01   -6.327712e+05   -1.815415e+05   -2.397012e+05   -1.550441e+04   -3.152448e+03   -4.095976e+03   -7.592911e-11    0.000000e+00    0.000000e+00    6.348632e+03    7.191916e+05    1.555806e+04   -1.854337e-12    0.000000e+00    0.000000e+00    1.075319e+02    0.000000e+00    3.018506e+02    4.269895e-07    4.394328e-07    5.804089e-07    3.893583e-21    0.000000e+00    0.000000e+00    3.990215e-05    3.811672e-05    3.342690e-05
  -1.140625e-01   -6.165804e+05   -1.810455e+05   -2.264656e+05   -1.535540e+04   -3.143834e+03   -3.862757e+03   -7.629477e-11    0.000000e+00    0.000000e+00    6.526777e+03    7.191916e+05    1.578689e+04   -1.906384e-12    0.000000e+00    0.000000e+00    1.138521e+02    0.000000e+00    3.172380e+02    3.905680e-07    4.382322e-07    5.483814e-07    3.893387e-21    0.000000e+00    0.000000e+00    3.990195e-05    3.811672e-05    3.342705e-05
  -1.137500e-01   -6.003933e+05   -1.805495e+05   -2.132346e+05   -1.520642e+04   -3.135221e+03   -3.629568e+03   -7.666034e-11    0.000000e+00    0.000000e+00    6.704431e+03    7.191916e+05    1.600273e+04   -1.958289e-12    0.000000e+00    0.000000e+00    1.203470e+02    0.000000e+00    3.328438e+02    3.541554e-07    4.370316e-07    5.163649e-07    3.893186e-21    0.000000e+00    0.000000e+00    3.990172e-05    3.811672e-05    3.342720e-05
  -1.134375e-01   -5.842098e+05   -1.800535e+05   -2.000077e+05   -1.505745e+04   -3.126608e+03   -3.396407e+03   -7.702579e-11    0.000000e+00    0.000000e+00    6.881595e+03    7.191916e+05    1.620558e+04   -2.010052e-12    0.000000e+00    0.000000e+00    1.270160e+02    0.000000e+00    3.486551e+02    3.177516e-07    4.358309e-07    4.843589e-07    3.892979e-21    0.000000e+00    0.000000e+00    3.990147e-05    3.811672e-05    3.342735e-05
  -1.131250e-01   -5.680298e+05   -1.795575e+05   -1.867849e+05   -1.490852e+04   -3.117995e+03   -3.163273e+03   -7.739114e-11    0.000000e+00    0.000000e+00    7.058269e+03    7.191916e+05    1.639545e+04   -2.061672e-12    0.000000e+00    0.000000e+00    1.338587e+02    0.000000e+00    3.646591e+02    2.813566e-07    4.346303e-07    4.523626e-07    3.892767e-21    0.000000e+00    0.000000e+00    3.990118e-05    3.811672e-05    3.342748e-05
  -1.128125e-01   -5.518534e+05   -1.790614e+05   -1.735658e+05   -1.475960e+04   -3.109382e+03   -2.930164e+03   -7.775639e-11    0.000000e+00    0.000000e+00    7.234453e+03    7.191916e+05    1.657233e+04   -2.113149e-12    0.000000e+00    0.000000e+00    1.408747e+02    0.000000e+00    3.808432e+02    2.449703e-07    4.334297e-07    4.203754e-07    3.892550e-21    0.000000e+00    0.000000e+00    3.990087e-05    3.811672e-05    3.342761e-05
  -1.125000e-01   -5.356806e+05   -1.785654e+05   -1.603501e+05   -1.461071e+04   -3.100768e+03   -2.697078e+03   -7.812153e-11    0.000000e+00    0.000000e+00    7.410146e+03    7.191916e+05    1.673624e+04   -2.164485e-12    0.000000e+00    0.000000e+00    1.480633e+02    0.000000e+00    3.971946e+02    2.085928e-07    4.322290e-07    3.883967e-07    3.892327e-21    0.000000e+00    0.000000e+00    3.990054e-05    3.811672e-05    3.342772e-05
  -1.121875e-01   -5.195113e+05   -1.780694e+05   -1.471376e+05   -1.446185e+04   -3.092155e+03   -2.464013e+03   -7.848657e-11    0.000000e+00    0.000000e+00    7.585350e+03    7.191916e+05    1.688718e+04   -2.215678e-12    0.000000e+00    0.000000e+00    1.554242e+02    0.000000e+00    4.137005e+02    1.722239e-07    4.310284e-07    3.564257e-07    3.892099e-21    0.000000e+00    0.000000e+00    3.990017e-05    3.811672e-05    3.342783e-05
  -1.118750e-01   -5.033456e+05   -1.775734e+05   -1.339280e+05   -1.431301e+04   -3.083542e+03   -2.230968e+03   -7.885151e-11    0.000000e+00    0.000000e+00    7.760063e+03    7.191916e+05    1.702515e+04   -2.266728e-12    0.000000e+00    0.000000e+00    1.629569e+02    0.000000e+00    4.303482e+02    1.358638e-07    4.298277e-07    3.244620e-07    3.891865e-21    0.000000e+00    0.000000e+00    3.989978e-05    3.811672e-05    3.342794e-05
  -1.115625e-01   -4.871834e+05   -1.770774e+05   -1.207211e+05   -1.416419e+04   -3.074929e+03   -1.997941e+03   -7.921634e-11    0.000000e+00    0.000000e+00    7.934285e+03    7.191916e+05    1.715015e+04   -2.317636e-12    0.000000e+00    0.000000e+00    1.706608e+02    0.000000e+00    4.471250e+02    9.951231e-08    4.286271e-07    2.925048e-07    3.891627e-21    0.000000e+00    0.000000e+00    3.989936e-05    3.811672e-05    3.342803e-05
  -1.112500e-01   -4.710247e+05   -1.765814e+05   -1.075166e+05   -1.401540e+04   -3.066315e+03   -1.764930e+03   -7.958106e-11    0.000000e+00    0.000000e+00    8.108018e+03    7.191916e+05    1.726218e+04   -2.368402e-12    0.000000e+00    0.000000e+00    1.785356e+02    0.000000e+00    4.640182e+02    6.316947e-08    4.274265e-07    2.605535e-07    3.891383e-21    0.000000e+00    0.000000e+00    3.989891e-05    3.811672e-05    3.342812e-05
  -1.109375e-01   -4.548696e+05   -1.760854e+05   -9.431425e+04   -1.386662e+04   -3.057702e+03   -1.531933e+03   -7.994569e-11    0.000000e+00    0.000000e+00    8.281260e+03    7.191916e+05    1.736126e+04   -2.419025e-12    0.000000e+00    0.000000e+00    1.865806e+02    0.000000e+00    4.810150e+02    2.683523e-08    4.262258e-07    2.286074e-07    3.891133e-21    0.000000e+00    0.000000e+00    3.989844e-05    3.811672e-05    3.342819e-05
  -1.106250e-01   -4.387179e+05   -1.755893e+05   -8.111375e+04   -1.371788e+04   -3.049089e+03   -1.298948e+03   -8.031021e-11    0.000000e+00    0.000000e+00    8.454011e+03    7.191916e+05    1.744737e+04   -2.469506e-12    0.000000e+00    0.000000e+00    1.947955e+02    0.000000e+00    4.981027e+02   -9.490417e-09    4.250252e-07    1.966659e-07    3.890879e-21    0.000000e+00    0.000000e+00    3.989793e-05    3.811672e-05    3.342826e-05
  -1.103125e-01   -4.225698e+05   -1.750933e+05   -6.791486e+04   -1.356915e+04   -3.040476e+03   -1.065975e+03   -8.067463e-11    0.000000e+00    0.000000e+00    8.626273e+03    7.191916e+05    1.752052e+04   -2.519845e-12    0.000000e+00    0.000000e+00    2.031798e+02    0.000000e+00    5.152686e+02   -4.580750e-08    4.238246e-07    1.647283e-07    3.890619e-21    0.000000e+00    0.000000e+00    3.989740e-05    3.811672e-05    3.342833e-05
  -1.100000e-01   -4.064251e+05   -1.745973e+05   -5.471732e+04   -1.342045e+04   -3.031862e+03   -8.330099e+02   -8.103895e-11    0.000000e+00    0.000000e+00    8.798044e+03    7.191916e+05    1.758072e+04   -2.570041e-12    0.000000e+00    0.000000e+00    2.117330e+02    0.000000e+00    5.325000e+02   -8.211605e-08    4.226239e-07    1.327940e-07    3.890354e-21    0.000000e+00    0.000000e+00    3.989685e-05    3.811672e-05    3.342838e-05
  -1.096875e-01   -3.902839e+05   -1.741013e+05   -4.152085e+04   -1.327177e+04   -3.023249e+03   -6.000524e+02   -8.140316e-11    0.000000e+00    0.000000e+00    8.969325e+03    7.191916e+05    1.762796e+04   -2.620095e-12    0.000000e+00    0.000000e+00    2.204545e+02    0.000000e+00    5.497840e+02   -1.184161e-07    4.214233e-07    1.008624e-07    3.890083e-21    0.000000e+00    0.000000e+00    3.989626e-05    3.811672e-05    3.342843e-05
  -1.093750e-01   -3.741462e+05   -1.736053e+05   -2.832521e+04   -1.312312e+04   -3.014636e+03   -3.671003e+02   -8.176728e-11    0.000000e+00    0.000000e+00    9.140116e+03    7.191916e+05    1.766225e+04   -2.670006e-12    0.000000e+00    0.000000e+00    2.293439e+02    0.000000e+00    5.671081e+02   -1.547076e-07    4.202227e-07    6.893284e-08    3.889808e-21    0.000000e+00    0.000000e+00    3.989565e-05    3.811672e-05    3.342847e-05
  -1.090625e-01   -3.580119e+05   -1.731093e+05   -1.513013e+04   -1.297449e+04   -3.006023e+03   -1.341519e+02   -8.213129e-11    0.000000e+00    0.000000e+00    9.310417e+03    7.191916e+05    1.768358e+04   -2.719775e-12    0.000000e+00    0.000000e+00    2.384008e+02    0.000000e+00    5.844595e+02   -1.909907e-07    4.190220e-07    3.700461e-08    3.889527e-21    0.000000e+00    0.000000e+00    3.989501e-05    3.811672e-05    3.342850e-05
  -1.087500e-01   -3.418811e+05   -1.726133e+05   -1.935339e+03   -1.282588e+04   -2.997409e+03    9.879468e+01   -8.249521e-11    0.000000e+00    0.000000e+00    9.480227e+03    7.191916e+05    1.769195e+04   -2.769401e-12    0.000000e+00    0.000000e+00    2.476247e+02    0.000000e+00    6.018255e+02   -2.272654e-07    4.178214e-07    5.077104e-09    3.889241e-21    0.000000e+00    0.000000e+00    3.989434e-05    3.811672e-05    3.342852e-05
  -1.084375e-01   -3.257537e+05   -1.721172e+05    1.125942e+04   -1.267730e+04   -2.988796e+03    3.317411e+02   -8.285902e-11    0.000000e+00    0.000000e+00    9.649547e+03    7.191916e+05    1.768738e+04   -2.818885e-12    0.000000e+00    0.000000e+00    2.570150e+02    0.000000e+00    6.191934e+02   -2.635316e-07    4.166207e-07   -2.685032e-08    3.888950e-21    0.000000e+00    0.000000e+00    3.989364e-05    3.811672e-05    3.342853e-05
  -1.081250e-01   -3.096298e+05   -1.716212e+05    2.445441e+04   -1.252873e+04   -2.980183e+03    5.646891e+02   -8.322273e-11    0.000000e+00    0.000000e+00    9.818376e+03    7.191916e+05    1.766985e+04   -2.868227e-12    0.000000e+00    0.000000e+00    2.665713e+02    0.000000e+00    6.365504e+02   -2.997895e-07    4.154201e-07   -5.877832e-08    3.888654e-21    0.000000e+00    0.000000e+00    3.989292e-05    3.811672e-05    3.342854e-05
  -1.078125e-01   -2.935092e+05   -1.711252e+05    3.764989e+04   -1.238019e+04   -2.971570e+03    7.976405e+02   -8.358634e-11    0.000000e+00    0.000000e+00    9.986716e+03    7.191916e+05    1.763936e+04   -2.917426e-12    0.000000e+00    0.000000e+00    2.762931e+02    0.000000e+00    6.538838e+02   -3.360390e-07    4.142195e-07   -9.070752e-08    3.888353e-21    0.000000e+00    0.000000e+00    3.989217e-05    3.811672e-05    3.342854e-05
  -1.075000e-01   -2.773921e+05   -1.706292e+05    5.084613e+04   -1.223168e+04   -2.962956e+03    1.030597e+03   -8.394985e-11    0.000000e+00    0.000000e+00    1.015456e+04    7.191916e+05    1.759592e+04   -2.966483e-12    0.000000e+00    0.000000e+00    2.861799e+02    0.000000e+00    6.711809e+02   -3.722801e-07    4.130188e-07   -1.226386e-07    3.888046e-21    0.000000e+00    0.000000e+00    3.989139e-05    3.811672e-05    3.342853e-05
  -1.071875e-01   -2.612784e+05   -1.701332e+05    6.404340e+04   -1.208318e+04   -2.954343e+03    1.263561e+03   -8.431326e-11    0.000000e+00    0.000000e+00    1.032192e+04    7.191916e+05    1.753952e+04   -3.015398e-12    0.000000e+00    0.000000e+00    2.962313e+02    0.000000e+00    6.884291e+02   -4.085129e-07    4.118182e-07   -1.545722e-07    3.887735e-21    0.000000e+00    0.000000e+00    3.989059e-05    3.811672e-05    3.342851e-05
  -1.068750e-01   -2.451680e+05   -1.696372e+05    7.724194e+04   -1.193471e+04   -2.945730e+03    1.496533e+03   -8.467658e-11    0.000000e+00    0.000000e+00    1.048879e+04    7.191916e+05    1.747017e+04   -3.064170e-12    0.000000e+00    0.000000e+00    3.064467e+02    0.000000e+00    7.056155e+02   -4.447375e-07    4.106176e-07   -1.865089e-07    3.887418e-21    0.000000e+00    0.000000e+00    3.988976e-05    3.811672e-05    3.342849e-05
  -1.065625e-01   -2.290610e+05   -1.691411e+05    9.044203e+04   -1.178626e+04   -2.937117e+03    1.729516e+03   -8.503979e-11    0.000000e+00    0.000000e+00    1.065517e+04    7.191916e+05    1.738786e+04   -3.112800e-12    0.000000e+00    0.000000e+00    3.168257e+02    0.000000e+00    7.227274e+02   -4.809538e-07    4.094169e-07   -2.184494e-07    3.887096e-21    0.000000e+00    0.000000e+00    3.988889e-05    3.811672e-05    3.342845e-05
  -1.062500e-01   -2.129574e+05   -1.686451e+05    1.036439e+05   -1.163784e+04   -2.928503e+03    1.962510e+03   -8.540291e-11    0.000000e+00    0.000000e+00    1.082106e+04    7.191916e+05    1.729259e+04   -3.161287e-12    0.000000e+00    0.000000e+00    3.273678e+02    0.000000e+00    7.397522e+02   -5.171618e-07    4.082163e-07   -2.503943e-07    3.886769e-21    0.000000e+00    0.000000e+00    3.988801e-05    3.811672e-05    3.342841e-05
  -1.059375e-01   -1.968572e+05   -1.681491e+05    1.168479e+05   -1.148943e+04   -2.919890e+03    2.195519e+03   -8.576592e-11    0.000000e+00    0.000000e+00    1.098646e+04    7.191916e+05    1.718435e+04   -3.209632e-12    0.000000e+00    0.000000e+00    3.380726e+02    0.000000e+00    7.566771e+02   -5.533616e-07    4.070157e-07   -2.823443e-07    3.886438e-21    0.000000e+00    0.000000e+00    3.988709e-05    3.811672e-05    3.342836e-05
  -1.056250e-01   -1.807603e+05   -1.676531e+05    1.300542e+05   -1.134105e+04   -2.911277e+03    2.428544e+03   -8.612884e-11    0.000000e+00    0.000000e+00    1.115136e+04    7.191916e+05    1.706316e+04   -3.257834e-12    0.000000e+00    0.000000e+00    3.489395e+02    0.000000e+00    7.734894e+02   -5.895533e-07    4.058150e-07   -3.143001e-07    3.886101e-21    0.000000e+00    0.000000e+00    3.988615e-05    3.811672e-05    3.342831e-05
  -1.053125e-01   -1.646667e+05   -1.671571e+05    1.432631e+05   -1.119269e+04   -2.902664e+03    2.661586e+03   -8.649166e-11    0.000000e+00    0.000000e+00    1.131578e+04    7.191916e+05    1.692899e+04   -3.305894e-12    0.000000e+00    0.000000e+00    3.599680e+02    0.000000e+00    7.901763e+02   -6.257367e-07    4.046144e-07   -3.462622e-07    3.885759e-21    0.000000e+00    0.000000e+00    3.988518e-05    3.811672e-05    3.342824e-05
  -1.050000e-01   -1.485765e+05   -1.666611e+05    1.564749e+05   -1.104436e+04   -2.894050e+03    2.894648e+03   -8.685439e-11    0.000000e+00    0.000000e+00    1.147971e+04    7.191916e+05    1.678186e+04   -3.353812e-12    0.000000e+00    0.000000e+00    3.711577e+02    0.000000e+00    8.067251e+02   -6.619121e-07    4.034137e-07   -3.782313e-07    3.885412e-21    0.000000e+00    0.000000e+00    3.988418e-05    3.811672e-05    3.342817e-05
  -1.046875e-01   -1.324895e+05   -1.661651e+05    1.696898e+05   -1.089604e+04   -2.885437e+03    3.127730e+03   -8.721701e-11    0.000000e+00    0.000000e+00    1.164315e+04    7.191916e+05    1.662175e+04   -3.401587e-12    0.000000e+00    0.000000e+00    3.825081e+02    0.000000e+00    8.231231e+02   -6.980793e-07    4.022131e-07   -4.102081e-07    3.885060e-21    0.000000e+00    0.000000e+00    3.988316e-05    3.811672e-05    3.342809e-05
  -1.043750e-01   -1.164059e+05   -1.656690e+05    1.829080e+05   -1.074775e+04   -2.876824e+03    3.360836e+03   -8.757954e-11    0.000000e+00    0.000000e+00    1.180609e+04    7.191916e+05    1.644867e+04   -3.449220e-12    0.000000e+00    0.000000e+00    3.940187e+02    0.000000e+00    8.393576e+02   -7.342384e-07    4.010125e-07   -4.421932e-07    3.884703e-21    0.000000e+00    0.000000e+00    3.988210e-05    3.811672e-05    3.342800e-05
  -1.040625e-01   -1.003256e+05   -1.651730e+05    1.961300e+05   -1.059948e+04   -2.868211e+03    3.593966e+03   -8.794198e-11    0.000000e+00    0.000000e+00    1.196855e+04    7.191916e+05    1.626261e+04   -3.496711e-12    0.000000e+00    0.000000e+00    4.056891e+02    0.000000e+00    8.554158e+02   -7.703894e-07    3.998118e-07   -4.741872e-07    3.884342e-21    0.000000e+00    0.000000e+00    3.988102e-05    3.811672e-05    3.342790e-05
  -1.037500e-01   -8.424858e+04   -1.646770e+05    2.093558e+05   -1.045123e+04   -2.859597e+03    3.827122e+03   -8.830431e-11    0.000000e+00    0.000000e+00    1.213051e+04    7.191916e+05    1.606357e+04   -3.544059e-12    0.000000e+00    0.000000e+00    4.175187e+02    0.000000e+00    8.712849e+02   -8.065325e-07    3.986112e-07   -5.061909e-07    3.883975e-21    0.000000e+00    0.000000e+00    3.987992e-05    3.811672e-05    3.342780e-05
  -1.034375e-01   -6.817483e+04   -1.641810e+05    2.225858e+05   -1.030300e+04   -2.850984e+03    4.060307e+03   -8.866656e-11    0.000000e+00    0.000000e+00    1.229199e+04    7.191916e+05    1.585154e+04   -3.591265e-12    0.000000e+00    0.000000e+00    4.295070e+02    0.000000e+00    8.869523e+02   -8.426674e-07    3.974106e-07   -5.382048e-07    3.883603e-21    0.000000e+00    0.000000e+00    3.987878e-05    3.811672e-05    3.342768e-05
  -1.031250e-01   -5.210435e+04   -1.636850e+05    2.358203e+05   -1.015480e+04   -2.842371e+03    4.293521e+03   -8.902870e-11    0.000000e+00    0.000000e+00    1.245297e+04    7.191916e+05    1.562652e+04   -3.638328e-12    0.000000e+00    0.000000e+00    4.416537e+02    0.000000e+00    9.024051e+02   -8.787944e-07    3.962099e-07   -5.702295e-07    3.883227e-21    0.000000e+00    0.000000e+00    3.987762e-05    3.811672e-05    3.342756e-05
  -1.028125e-01   -3.603712e+04   -1.631890e+05    2.490595e+05   -1.000662e+04   -2.833758e+03    4.526768e+03   -8.939075e-11    0.000000e+00    0.000000e+00    1.261347e+04    7.191916e+05    1.538851e+04   -3.685249e-12    0.000000e+00    0.000000e+00    4.539582e+02    0.000000e+00    9.176307e+02   -9.149135e-07    3.950093e-07   -6.022658e-07    3.882845e-21    0.000000e+00    0.000000e+00    3.987643e-05    3.811672e-05    3.342743e-05
  -1.025000e-01   -1.997315e+04   -1.626929e+05    2.623036e+05   -9.858454e+03   -2.825144e+03    4.760047e+03   -8.975271e-11    0.000000e+00    0.000000e+00    1.277347e+04    7.191916e+05    1.513750e+04   -3.732027e-12    0.000000e+00    0.000000e+00    4.664199e+02    0.000000e+00    9.326161e+02   -9.510246e-07    3.938087e-07   -6.343143e-07    3.882459e-21    0.000000e+00    0.000000e+00    3.987521e-05    3.811672e-05    3.342730e-05
  -1.021875e-01   -3.912412e+03   -1.621969e+05    2.755530e+05   -9.710315e+03   -2.816531e+03    4.993362e+03   -9.011457e-11    0.000000e+00    0.000000e+00    1.293299e+04    7.191916e+05    1.487348e+04   -3.778663e-12    0.000000e+00    0.000000e+00    4.790386e+02    0.000000e+00    9.473488e+02   -9.871277e-07    3.926080e-07   -6.663757e-07    3.882068e-21    0.000000e+00    0.000000e+00    3.987397e-05    3.811672e-05    3.342715e-05
  -1.018750e-01    1.214510e+04   -1.617009e+05    2.888078e+05   -9.562197e+03   -2.807918e+03    5.226714e+03   -9.047633e-11    0.000000e+00    0.000000e+00    1.309201e+04    7.191916e+05    1.459645e+04   -3.825157e-12    0.000000e+00    0.000000e+00    4.918136e+02    0.000000e+00    9.618159e+02   -1.023223e-06    3.914074e-07   -6.984505e-07    3.881672e-21    0.000000e+00    0.000000e+00    3.987270e-05    3.811672e-05    3.342700e-05
  -1.015625e-01    2.819938e+04   -1.612049e+05    3.020684e+05   -9.414100e+03   -2.799305e+03    5.460105e+03   -9.083800e-11    0.000000e+00    0.000000e+00    1.325055e+04    7.191916e+05    1.430640e+04   -3.871508e-12    0.000000e+00    0.000000e+00    5.047444e+02    0.000000e+00    9.760046e+02   -1.059310e-06    3.902067e-07   -7.305394e-07    3.881271e-21    0.000000e+00    0.000000e+00    3.987140e-05    3.811672e-05    3.342684e-05
  -1.012500e-01    4.425046e+04   -1.607089e+05    3.153351e+05   -9.266025e+03   -2.790691e+03    5.693536e+03   -9.119958e-11    0.000000e+00    0.000000e+00    1.340859e+04    7.191916e+05    1.400333e+04   -3.917717e-12    0.000000e+00    0.000000e+00    5.178307e+02    0.000000e+00    9.899022e+02   -1.095390e-06    3.890061e-07   -7.626431e-07    3.880865e-21    0.000000e+00    0.000000e+00    3.987007e-05    3.811672e-05    3.342667e-05
  -1.009375e-01    6.029835e+04   -1.602129e+05    3.286080e+05   -9.117971e+03   -2.782078e+03    5.927010e+03   -9.156106e-11    0.000000e+00    0.000000e+00    1.356615e+04    7.191916e+05    1.368724e+04   -3.963784e-12    0.000000e+00    0.000000e+00    5.310719e+02    0.000000e+00    1.003496e+03   -1.131462e-06    3.878055e-07   -7.947623e-07    3.880455e-21    0.000000e+00    0.000000e+00    3.986872e-05    3.811672e-05    3.342649e-05
  -1.006250e-01    7.634304e+04   -1.597169e+05    3.418875e+05   -8.969939e+03   -2.773465e+03    6.160528e+03   -9.192245e-11    0.000000e+00    0.000000e+00    1.372321e+04    7.191916e+05    1.335811e+04   -4.009708e-12    0.000000e+00    0.000000e+00    5.444675e+02    0.000000e+00    1.016773e+03   -1.167526e-06    3.866048e-07   -8.268975e-07    3.880039e-21    0.000000e+00    0.000000e+00    3.986734e-05    3.811672e-05    3.342630e-05
  -1.003125e-01    9.238455e+04   -1.592208e+05    3.551738e+05   -8.821927e+03   -2.764852e+03    6.394091e+03   -9.228375e-11    0.000000e+00    0.000000e+00    1.387978e+04    7.191916e+05    1.301594e+04   -4.055490e-12    0.000000e+00    0.000000e+00    5.580171e+02    0.000000e+00    1.029720e+03   -1.203582e-06    3.854042e-07   -8.590494e-07    3.879619e-21    0.000000e+00    0.000000e+00    3.986593e-05    3.811672e-05    3.342611e-05
  -1.000000e-01    1.084229e+05   -1.587248e+05    3.684672e+05   -8.673937e+03   -2.756238e+03    6.627703e+03   -9.264495e-11    0.000000e+00    0.000000e+00    1.403586e+04    7.191916e+05    1.266073e+04   -4.101129e-12    0.000000e+00    0.000000e+00    5.717202e+02    0.000000e+00    1.042325e+03   -1.239630e-06    3.842036e-07   -8.912187e-07    3.879194e-21    0.000000e+00    0.000000e+00    3.986449e-05    3.811672e-05    3.342591e-05
  -1.000000e-01    4.127542e+02   -6.971740e+02    1.619813e+03   -1.189305e+02   -1.742935e+00    6.655347e+00   -1.611022e-12    0.000000e+00    0.000000e+00    1.403586e+04    1.250617e+04    1.266073e+04   -4.101129e-12    0.000000e+00    0.000000e+00    5.717202e+02    0.000000e+00    1.042325e+03   -1.239630e-06    3.842036e-07   -8.912187e-07    3.879194e-21    0.000000e+00    0.000000e+00    3.986449e-05    3.811672e-05    3.342591e-05
  -9.750000e-02    4.056134e+02   -6.797446e+02    1.564439e+03   -1.157257e+02   -1.699362e+00    6.765379e+00   -1.630187e-12    0.000000e+00    0.000000e+00    1.404345e+04    1.250617e+04    1.264822e+04   -4.107389e-12    0.000000e+00    0.000000e+00    6.819874e+02    0.000000e+00    1.141713e+03   -1.208366e-06    3.745985e-07   -8.605650e-07    3.784100e-21    0.000000e+00    0.000000e+00    3.965959e-05    3.811672e-05    3.343062e-05
  -9.500000e-02    3.982484e+02   -6.623153e+02    1.509650e+03   -1.125214e+02   -1.655788e+00    6.876636e+00   -1.649304e-12    0.000000e+00    0.000000e+00    1.405089e+04    1.250617e+04    1.263615e+04   -4.113490e-12    0.000000e+00    0.000000e+00    7.923136e+02    0.000000e+00    1.241004e+03   -1.176965e-06    3.649934e-07   -8.302348e-07    3.688863e-21    0.000000e+00    0.000000e+00    3.946026e-05    3.811672e-05    3.343576e-05
  -9.250000e-02    3.906649e+02   -6.448859e+02    1.455437e+03   -1.093175e+02   -1.612215e+00    6.989097e+00   -1.668374e-12    0.000000e+00    0.000000e+00    1.405819e+04    1.250617e+04    1.262451e+04   -4.119433e-12    0.000000e+00    0.000000e+00    9.026977e+02    0.000000e+00    1.340202e+03   -1.145434e-06    3.553883e-07   -8.002213e-07    3.593485e-21    0.000000e+00    0.000000e+00    3.926652e-05    3.811672e-05    3.344133e-05
  -9.000000e-02    3.828688e+02   -6.274566e+02    1.401786e+03   -1.061140e+02   -1.568641e+00    7.102741e+00   -1.687398e-12    0.000000e+00    0.000000e+00    1.406536e+04    1.250617e+04    1.261329e+04   -4.125218e-12    0.000000e+00    0.000000e+00    1.013139e+03    0.000000e+00    1.439311e+03   -1.113780e-06    3.457832e-07   -7.705181e-07    3.497973e-21    0.000000e+00    0.000000e+00    3.907835e-05    3.811672e-05    3.344733e-05
  -8.750000e-02    3.748656e+02   -6.100272e+02    1.348686e+03   -1.029109e+02   -1.525068e+00    7.217547e+00   -1.706377e-12    0.000000e+00    0.000000e+00    1.407238e+04    1.250617e+04    1.260249e+04   -4.130844e-12    0.000000e+00    0.000000e+00    1.123635e+03    0.000000e+00    1.538332e+03   -1.082009e-06    3.361781e-07   -7.411188e-07    3.402327e-21    0.000000e+00    0.000000e+00    3.889577e-05    3.811672e-05    3.345376e-05
  -8.500000e-02    3.666613e+02   -5.925979e+02    1.296126e+03   -9.970812e+01   -1.481495e+00    7.333494e+00   -1.725312e-12    0.000000e+00    0.000000e+00    1.407927e+04    1.250617e+04    1.259210e+04   -4.136311e-12    0.000000e+00    0.000000e+00    1.234186e+03    0.000000e+00    1.637271e+03   -1.050128e-06    3.265730e-07   -7.120171e-07    3.306554e-21    0.000000e+00    0.000000e+00    3.871876e-05    3.811672e-05    3.346062e-05
  -8.250000e-02    3.582615e+02   -5.751685e+02    1.244095e+03   -9.650571e+01   -1.437921e+00    7.450562e+00   -1.744205e-12    0.000000e+00    0.000000e+00    1.408602e+04    1.250617e+04    1.258213e+04   -4.141620e-12    0.000000e+00    0.000000e+00    1.344791e+03    0.000000e+00    1.736130e+03   -1.018144e-06    3.169679e-07   -6.832069e-07    3.210655e-21    0.000000e+00    0.000000e+00    3.854734e-05    3.811672e-05    3.346790e-05
  -8.000000e-02    3.496720e+02   -5.577392e+02    1.192582e+03   -9.330364e+01   -1.394348e+00    7.568733e+00   -1.763057e-12    0.000000e+00    0.000000e+00    1.409263e+04    1.250617e+04    1.257256e+04   -4.146771e-12    0.000000e+00    0.000000e+00    1.455449e+03    0.000000e+00    1.834912e+03   -9.860621e-07    3.073629e-07   -6.546819e-07    3.114636e-21    0.000000e+00    0.000000e+00    3.838149e-05    3.811672e-05    3.347562e-05
  -7.750000e-02    3.408986e+02   -5.403098e+02    1.141575e+03   -9.010188e+01   -1.350775e+00    7.687987e+00   -1.781869e-12    0.000000e+00    0.000000e+00    1.409910e+04    1.250617e+04    1.256339e+04   -4.151763e-12    0.000000e+00    0.000000e+00    1.566157e+03    0.000000e+00    1.933620e+03   -9.538903e-07    2.977578e-07   -6.264363e-07    3.018498e-21    0.000000e+00    0.000000e+00    3.822123e-05    3.811672e-05    3.348376e-05
  -7.500000e-02    3.319469e+02   -5.228805e+02    1.091063e+03   -8.690044e+01   -1.307201e+00    7.808304e+00   -1.800643e-12    0.000000e+00    0.000000e+00    1.410543e+04    1.250617e+04    1.255463e+04   -4.156596e-12    0.000000e+00    0.000000e+00    1.676916e+03    0.000000e+00    2.032258e+03   -9.216348e-07    2.881527e-07   -5.984640e-07    2.922247e-21    0.000000e+00    0.000000e+00    3.806655e-05    3.811672e-05    3.349233e-05
  -7.250000e-02    3.228229e+02   -5.054511e+02    1.041038e+03   -8.369928e+01   -1.263628e+00    7.929666e+00   -1.819379e-12    0.000000e+00    0.000000e+00    1.411162e+04    1.250617e+04    1.254625e+04   -4.161272e-12    0.000000e+00    0.000000e+00    1.787724e+03    0.000000e+00    2.130829e+03   -8.893023e-07    2.785476e-07   -5.707593e-07    2.825886e-21    0.000000e+00    0.000000e+00    3.791745e-05    3.811672e-05    3.350133e-05
  -7.000000e-02    3.135321e+02   -4.880218e+02    9.914866e+02   -8.049841e+01   -1.220054e+00    8.052055e+00   -1.838079e-12    0.000000e+00    0.000000e+00    1.411768e+04    1.250617e+04    1.253827e+04   -4.165788e-12    0.000000e+00    0.000000e+00    1.898580e+03    0.000000e+00    2.229335e+03   -8.568993e-07    2.689425e-07   -5.433164e-07    2.729419e-21    0.000000e+00    0.000000e+00    3.777393e-05    3.811672e-05    3.351075e-05
  -6.750000e-02    3.040804e+02   -4.705924e+02    9.424003e+02   -7.729780e+01   -1.176481e+00    8.175452e+00   -1.856744e-12    0.000000e+00    0.000000e+00    1.412359e+04    1.250617e+04    1.253068e+04   -4.170146e-12    0.000000e+00    0.000000e+00    2.009484e+03    0.000000e+00    2.327781e+03   -8.244325e-07    2.593374e-07   -5.161296e-07    2.632848e-21    0.000000e+00    0.000000e+00    3.763600e-05    3.811672e-05    3.352060e-05
  -6.500000e-02    2.944735e+02   -4.531631e+02    8.937685e+02   -7.409744e+01   -1.132908e+00    8.299841e+00   -1.875376e-12    0.000000e+00    0.000000e+00    1.412937e+04    1.250617e+04    1.252347e+04   -4.174346e-12    0.000000e+00    0.000000e+00    2.120433e+03    0.000000e+00    2.426168e+03   -7.919085e-07    2.497323e-07   -4.891933e-07    2.536179e-21    0.000000e+00    0.000000e+00    3.750364e-05    3.811672e-05    3.353088e-05
  -6.250000e-02    2.847172e+02   -4.357337e+02    8.455813e+02   -7.089731e+01   -1.089334e+00    8.425202e+00   -1.893975e-12    0.000000e+00    0.000000e+00    1.413500e+04    1.250617e+04    1.251664e+04   -4.178387e-12    0.000000e+00    0.000000e+00    2.231427e+03    0.000000e+00    2.524500e+03   -7.593339e-07    2.401272e-07   -4.625021e-07    2.439414e-21    0.000000e+00    0.000000e+00    3.737687e-05    3.811672e-05    3.354159e-05
  -6.000000e-02    2.748173e+02   -4.183044e+02    7.978287e+02   -6.769740e+01   -1.045761e+00    8.551521e+00   -1.912543e-12    0.000000e+00    0.000000e+00    1.414050e+04    1.250617e+04    1.251018e+04   -4.182270e-12    0.000000e+00    0.000000e+00    2.342464e+03    0.000000e+00    2.622780e+03   -7.267153e-07    2.305221e-07   -4.360506e-07    2.342557e-21    0.000000e+00    0.000000e+00    3.725568e-05    3.811672e-05    3.355272e-05
  -5.750000e-02    2.647793e+02   -4.008750e+02    7.505011e+02   -6.449770e+01   -1.002188e+00    8.678778e+00   -1.931081e-12    0.000000e+00    0.000000e+00    1.414586e+04    1.250617e+04    1.250410e+04   -4.185994e-12    0.000000e+00    0.000000e+00    2.453545e+03    0.000000e+00    2.721010e+03   -6.940593e-07    2.209171e-07   -4.098333e-07    2.245612e-21    0.000000e+00    0.000000e+00    3.714008e-05    3.811672e-05    3.356427e-05
  -5.500000e-02    2.546093e+02   -3.834457e+02    7.035889e+02   -6.129819e+01   -9.586142e-01    8.806959e+00   -1.949591e-12    0.000000e+00    0.000000e+00    1.415108e+04    1.250617e+04    1.249839e+04   -4.189560e-12    0.000000e+00    0.000000e+00    2.564666e+03    0.000000e+00    2.819195e+03   -6.613726e-07    2.113120e-07   -3.838450e-07    2.148582e-21    0.000000e+00    0.000000e+00    3.703006e-05    3.811672e-05    3.357626e-05
  -5.250000e-02    2.443128e+02   -3.660163e+02    6.570828e+02   -5.809885e+01   -9.150408e-01    8.936046e+00   -1.968073e-12    0.000000e+00    0.000000e+00    1.415616e+04    1.250617e+04    1.249305e+04   -4.192967e-12    0.000000e+00    0.000000e+00    2.675829e+03    0.000000e+00    2.917335e+03   -6.286617e-07    2.017069e-07   -3.580805e-07    2.051472e-21    0.000000e+00    0.000000e+00    3.692562e-05    3.811672e-05    3.358866e-05
  -5.000000e-02    2.338956e+02   -3.485870e+02    6.109735e+02   -5.489968e+01   -8.714675e-01    9.066023e+00   -1.986529e-12    0.000000e+00    0.000000e+00    1.416111e+04    1.250617e+04    1.248807e+04   -4.196216e-12    0.000000e+00    0.000000e+00    2.787030e+03    0.000000e+00    3.015436e+03   -5.959333e-07    1.921018e-07   -3.325347e-07    1.954285e-21    0.000000e+00    0.000000e+00    3.682677e-05    3.811672e-05    3.360149e-05
  -4.750000e-02    2.233636e+02   -3.311576e+02    5.652517e+02   -5.170065e+01   -8.278941e-01    9.196876e+00   -2.004961e-12    0.000000e+00    0.000000e+00    1.416591e+04    1.250617e+04    1.248345e+04   -4.199306e-12    0.000000e+00    0.000000e+00    2.898270e+03    0.000000e+00    3.113499e+03   -5.631940e-07    1.824967e-07   -3.072026e-07    1.857024e-21    0.000000e+00    0.000000e+00    3.673350e-05    3.811672e-05    3.361475e-05
  -4.500000e-02    2.127223e+02   -3.137283e+02    5.199084e+02   -4.850176e+01   -7.843207e-01    9.328587e+00   -2.023368e-12    0.000000e+00    0.000000e+00    1.417058e+04    1.250617e+04    1.247919e+04   -4.202238e-12    0.000000e+00    0.000000e+00    3.009547e+03    0.000000e+00    3.211526e+03   -5.304504e-07    1.728916e-07   -2.820791e-07    1.759693e-21    0.000000e+00    0.000000e+00    3.664581e-05    3.811672e-05    3.362843e-05
  -4.250000e-02    2.019777e+02   -2.962989e+02    4.749348e+02   -4.530298e+01   -7.407473e-01    9.461142e+00   -2.041753e-12    0.000000e+00    0.000000e+00    1.417510e+04    1.250617e+04    1.247529e+04   -4.205012e-12    0.000000e+00    0.000000e+00    3.120861e+03    0.000000e+00    3.309522e+03   -4.977092e-07    1.632865e-07   -2.571594e-07    1.662297e-21    0.000000e+00    0.000000e+00    3.656371e-05    3.811672e-05    3.364254e-05
  -4.000000e-02    1.911354e+02   -2.788696e+02    4.303220e+02   -4.210431e+01   -6.971740e-01    9.594527e+00   -2.060117e-12    0.000000e+00    0.000000e+00    1.417949e+04    1.250617e+04    1.247173e+04   -4.207627e-12    0.000000e+00    0.000000e+00    3.232209e+03    0.000000e+00    3.407489e+03   -4.649768e-07    1.536814e-07   -2.324386e-07    1.564838e-21    0.000000e+00    0.000000e+00    3.648719e-05    3.811672e-05    3.365707e-05
  -3.750000e-02    1.802012e+02   -2.614402e+02    3.860614e+02   -3.890573e+01   -6.536006e-01    9.728725e+00   -2.078462e-12    0.000000e+00    0.000000e+00    1.418374e+04    1.250617e+04    1.246852e+04   -4.210083e-12    0.000000e+00    0.000000e+00    3.343591e+03    0.000000e+00    3.505429e+03   -4.322601e-07    1.440763e-07   -2.079118e-07    1.467320e-21    0.000000e+00    0.000000e+00    3.641626e-05    3.811672e-05    3.367203e-05
  -3.500000e-02    1.691809e+02   -2.440109e+02    3.421443e+02   -3.570722e+01   -6.100272e-01    9.863723e+00   -2.096787e-12    0.000000e+00    0.000000e+00    1.418785e+04    1.250617e+04    1.246567e+04   -4.212381e-12    0.000000e+00    0.000000e+00    3.455006e+03    0.000000e+00    3.603345e+03   -3.995655e-07    1.344712e-07   -1.835745e-07    1.369747e-21    0.000000e+00    0.000000e+00    3.635091e-05    3.811672e-05    3.368741e-05
  -3.250000e-02    1.580802e+02   -2.265815e+02    2.985625e+02   -3.250877e+01   -5.664539e-01    9.999505e+00   -2.115095e-12    0.000000e+00    0.000000e+00    1.419182e+04    1.250617e+04    1.246315e+04   -4.214520e-12    0.000000e+00    0.000000e+00    3.566453e+03    0.000000e+00    3.701240e+03   -3.668996e-07    1.248662e-07   -1.594219e-07    1.272123e-21    0.000000e+00    0.000000e+00    3.629115e-05    3.811672e-05    3.370321e-05
  -3.000000e-02    1.469048e+02   -2.091522e+02    2.553074e+02   -2.931036e+01   -5.228805e-01    1.013606e+01   -2.133387e-12    0.000000e+00    0.000000e+00    1.419565e+04    1.250617e+04    1.246097e+04   -4.216501e-12    0.000000e+00    0.000000e+00    3.677930e+03    0.000000e+00    3.799116e+03   -3.342692e-07    1.152611e-07   -1.354494e-07    1.174451e-21    0.000000e+00    0.000000e+00    3.623698e-05    3.811672e-05    3.371944e-05
  -2.750000e-02    1.356605e+02   -1.917228e+02    2.123710e+02   -2.611199e+01   -4.793071e-01    1.027337e+01   -2.151664e-12    0.000000e+00    0.000000e+00    1.419935e+04    1.250617e+04    1.245914e+04   -4.218324e-12    0.000000e+00    0.000000e+00    3.789437e+03    0.000000e+00    3.896977e+03   -3.016808e-07    1.056560e-07   -1.116525e-07    1.076735e-21    0.000000e+00    0.000000e+00    3.618839e-05    3.811672e-05    3.373609e-05
  -2.500000e-02    1.243531e+02   -1.742935e+02    1.697449e+02   -2.291363e+01   -4.357337e-01    1.041142e+01   -2.169927e-12    0.000000e+00    0.000000e+00    1.420290e+04    1.250617e+04    1.245764e+04   -4.219988e-12    0.000000e+00    0.000000e+00    3.900972e+03    0.000000e+00    3.994825e+03   -2.691410e-07    9.605089e-08   -8.802671e-08    9.789783e-22    0.000000e+00    0.000000e+00    3.614539e-05    3.811672e-05    3.375317e-05
  -2.250000e-02    1.129884e+02   -1.568641e+02    1.274214e+02   -1.971528e+01   -3.921604e-01    1.055021e+01   -2.188178e-12    0.000000e+00    0.000000e+00    1.420632e+04    1.250617e+04    1.245647e+04   -4.221493e-12    0.000000e+00    0.000000e+00    4.012535e+03    0.000000e+00    4.092662e+03   -2.366565e-07    8.644580e-08   -6.456760e-08    8.811852e-22    0.000000e+00    0.000000e+00    3.610797e-05    3.811672e-05    3.377067e-05
  -2.000000e-02    1.015720e+02   -1.394348e+02    8.539228e+01   -1.651691e+01   -3.485870e-01    1.068971e+01   -2.206417e-12    0.000000e+00    0.000000e+00    1.420959e+04    1.250617e+04    1.245564e+04   -4.222840e-12    0.000000e+00    0.000000e+00    4.124124e+03    0.000000e+00    4.190491e+03   -2.042338e-07    7.684071e-08   -4.127080e-08    7.833589e-22    0.000000e+00    0.000000e+00    3.607614e-05    3.811672e-05    3.378860e-05
  -1.750000e-02    9.010966e+01   -1.220054e+02    4.364986e+01   -1.331851e+01   -3.050136e-01    1.082991e+01   -2.224647e-12    0.000000e+00    0.000000e+00    1.421273e+04    1.250617e+04    1.245513e+04   -4.224029e-12    0.000000e+00    0.000000e+00    4.235738e+03    0.000000e+00    4.288316e+03   -1.718796e-07    6.723562e-08   -1.813198e-08    6.855033e-22    0.000000e+00    0.000000e+00    3.604990e-05    3.811672e-05    3.380695e-05
  -1.500000e-02    7.860725e+01   -1.045761e+02    2.186379e+00   -1.012007e+01   -2.614402e-01    1.097081e+01   -2.242868e-12    0.000000e+00    0.000000e+00    1.421573e+04    1.250617e+04    1.245495e+04   -4.225059e-12    0.000000e+00    0.000000e+00    4.347377e+03    0.000000e+00    4.386137e+03   -1.396004e-07    5.763054e-08    4.853119e-09    5.876220e-22    0.000000e+00    0.000000e+00    3.602924e-05    3.811672e-05    3.382572e-05
  -1.250000e-02    6.707046e+01   -8.714675e+01   -3.900582e+01   -6.921570e+00   -2.178669e-01    1.111238e+01   -2.261081e-12    0.000000e+00    0.000000e+00    1.421859e+04    1.250617e+04    1.245509e+04   -4.225931e-12    0.000000e+00    0.000000e+00    4.459038e+03    0.000000e+00    4.483958e+03   -1.074030e-07    4.802545e-08    2.768871e-08    4.897187e-22    0.000000e+00    0.000000e+00    3.601417e-05    3.811672e-05    3.384491e-05
  -1.000000e-02    5.550505e+01   -6.971740e+01   -7.993428e+01   -3.723002e+00   -1.742935e-01    1.125462e+01   -2.279288e-12    0.000000e+00    0.000000e+00    1.422131e+04    1.250617e+04    1.245556e+04   -4.226644e-12    0.000000e+00    0.000000e+00    4.570721e+03    0.000000e+00    4.581782e+03   -7.529393e-08    3.842036e-08    5.037897e-08    3.917970e-22    0.000000e+00    0.000000e+00    3.600469e-05    3.811672e-05    3.386453e-05
  -7.500000e-03    4.391678e+01   -5.228805e+01   -1.206065e+02   -5.243467e-01   -1.307201e-01    1.139751e+01   -2.297490e-12    0.000000e+00    0.000000e+00    1.422389e+04    1.250617e+04    1.245635e+04   -4.227199e-12    0.000000e+00    0.000000e+00    4.682425e+03    0.000000e+00    4.679611e+03   -4.327976e-08    2.881527e-08    7.292801e-08    2.938606e-22    0.000000e+00    0.000000e+00    3.600080e-05    3.811672e-05    3.388458e-05
  -5.000000e-03    3.231139e+01   -3.485870e+01   -1.610298e+02    2.674409e+00   -8.714675e-02    1.154104e+01   -2.315689e-12    0.000000e+00    0.000000e+00    1.422634e+04    1.250617e+04    1.245746e+04   -4.227595e-12    0.000000e+00    0.000000e+00    4.794149e+03    0.000000e+00    4.777447e+03   -1.136715e-08    1.921018e-08    9.533991e-08    1.959132e-22    0.000000e+00    0.000000e+00    3.600250e-05    3.811672e-05    3.390504e-05
  -2.500000e-03    2.069464e+01   -1.742935e+01   -2.012115e+02    5.873280e+00   -4.357337e-02    1.168520e+01   -2.333885e-12    0.000000e+00    0.000000e+00    1.422864e+04    1.250617e+04    1.245888e+04   -4.227833e-12    0.000000e+00    0.000000e+00    4.905891e+03    0.000000e+00    4.875293e+03    2.043730e-08    9.605089e-09    1.176187e-07    9.795842e-23    0.000000e+00    0.000000e+00    3.600978e-05    3.811672e-05    3.392594e-05
   0.000000e+00    9.072280e+00    0.000000e+00   -2.411589e+02    9.072280e+00    0.000000e+00    1.182998e+01   -2.352080e-12    0.000000e+00    0.000000e+00    1.423081e+04    1.250617e+04    1.246062e+04   -4.227912e-12    0.000000e+00    0.000000e+00    5.017651e+03    0.000000e+00    4.973151e+03    5.212697e-08    0.000000e+00    1.397683e-07    5.907600e-35    0.000000e+00    0.000000e+00    3.602265e-05    3.811672e-05    3.394725e-05
   2.500000e-03   -2.549934e+00    1.742935e+01   -2.808791e+02    1.227143e+01    4.357337e-02    1.197536e+01   -2.370274e-12    0.000000e+00    0.000000e+00    1.423283e+04    1.250617e+04    1.246267e+04   -4.227833e-12    0.000000e+00    0.000000e+00    5.129428e+03    0.000000e+00    5.071024e+03    8.369524e-08   -9.605089e-09    1.617928e-07   -9.795842e-23    0.000000e+00    0.000000e+00    3.604112e-05    3.811672e-05    3.396899e-05
   5.000000e-03   -1.416625e+01    3.485870e+01   -3.203791e+02    1.547073e+01    8.714675e-02    1.212134e+01   -2.388470e-12    0.000000e+00    0.000000e+00    1.423472e+04    1.250617e+04    1.246503e+04   -4.227595e-12    0.000000e+00    0.000000e+00    5.241220e+03    0.000000e+00    5.168915e+03    1.151355e-07   -1.921018e-08    1.836959e-07   -1.959132e-22    0.000000e+00    0.000000e+00    3.606517e-05    3.811672e-05    3.399116e-05
   7.500000e-03   -2.577092e+01    5.228805e+01   -3.596659e+02    1.867021e+01    1.307201e-01    1.226790e+01   -2.406669e-12    0.000000e+00    0.000000e+00    1.423647e+04    1.250617e+04    1.246770e+04   -4.227199e-12    0.000000e+00    0.000000e+00    5.353026e+03    0.000000e+00    5.266825e+03    1.464411e-07   -2.881527e-08    2.054816e-07   -2.938606e-22    0.000000e+00    0.000000e+00    3.609481e-05    3.811672e-05    3.401374e-05
   1.000000e-02   -3.735818e+01    6.971740e+01   -3.987466e+02    2.186987e+01    1.742935e-01    1.241503e+01   -2.424871e-12    0.000000e+00    0.000000e+00    1.423808e+04    1.250617e+04    1.247068e+04   -4.226644e-12    0.000000e+00    0.000000e+00    5.464845e+03    0.000000e+00    5.364758e+03    1.776055e-07   -3.842036e-08    2.271537e-07   -3.917970e-22    0.000000e+00    0.000000e+00    3.613004e-05    3.811672e-05    3.403675e-05
   1.250000e-02   -4.892229e+01    8.714675e+01   -4.376278e+02    2.506974e+01    2.178669e-01    1.256272e+01   -2.443078e-12    0.000000e+00    0.000000e+00    1.423955e+04    1.250617e+04    1.247396e+04   -4.225931e-12    0.000000e+00    0.000000e+00    5.576676e+03    0.000000e+00    5.462715e+03    2.086221e-07   -4.802545e-08    2.487160e-07   -4.897187e-22    0.000000e+00    0.000000e+00    3.617086e-05    3.811672e-05    3.406019e-05
   1.500000e-02   -6.045749e+01    1.045761e+02   -4.763164e+02    2.826983e+01    2.614402e-01    1.271096e+01   -2.461291e-12    0.000000e+00    0.000000e+00    1.424089e+04    1.250617e+04    1.247755e+04   -4.225059e-12    0.000000e+00    0.000000e+00    5.688519e+03    0.000000e+00    5.560699e+03    2.394842e-07   -5.763054e-08    2.701721e-07   -5.876220e-22    0.000000e+00    0.000000e+00    3.621727e-05    3.811672e-05    3.408405e-05
   1.750000e-02   -7.195803e+01    1.220054e+02   -5.148192e+02    3.147014e+01    3.050136e-01    1.285973e+01   -2.479512e-12    0.000000e+00    0.000000e+00    1.424208e+04    1.250617e+04    1.248144e+04   -4.224029e-12    0.000000e+00    0.000000e+00    5.800371e+03    0.000000e+00    5.658713e+03    2.701851e-07   -6.723562e-08    2.915258e-07   -6.855033e-22    0.000000e+00    0.000000e+00    3.626927e-05    3.811672e-05    3.410834e-05
   2.000000e-02   -8.341815e+01    1.394348e+02   -5.531427e+02    3.467071e+01    3.485870e-01    1.300904e+01   -2.497742e-12    0.000000e+00    0.000000e+00    1.424313e+04    1.250617e+04    1.248564e+04   -4.222840e-12    0.000000e+00    0.000000e+00    5.912232e+03    0.000000e+00    5.756758e+03    3.007184e-07   -7.684071e-08    3.127809e-07   -7.833589e-22    0.000000e+00    0.000000e+00    3.632686e-05    3.811672e-05    3.413305e-05
   2.250000e-02   -9.483211e+01    1.568641e+02   -5.912936e+02    3.787153e+01    3.921604e-01    1.315886e+01   -2.515981e-12    0.000000e+00    0.000000e+00    1.424405e+04    1.250617e+04    1.249013e+04   -4.221493e-12    0.000000e+00    0.000000e+00    6.024101e+03    0.000000e+00    5.854838e+03    3.310774e-07   -8.644580e-08    3.339408e-07   -8.811852e-22    0.000000e+00    0.000000e+00    3.639004e-05    3.811672e-05    3.415818e-05
   2.500000e-02   -1.061941e+02    1.742935e+02   -6.292784e+02    4.107263e+01    4.357337e-01    1.330919e+01   -2.534232e-12    0.000000e+00    0.000000e+00    1.424483e+04    1.250617e+04    1.249492e+04   -4.219988e-12    0.000000e+00    0.000000e+00    6.135977e+03    0.000000e+00    5.952953e+03    3.612554e-07   -9.605089e-08    3.550092e-07   -9.789783e-22    0.000000e+00    0.000000e+00    3.645882e-05    3.811672e-05    3.418374e-05
   2.750000e-02   -1.174985e+02    1.917228e+02   -6.671036e+02    4.427402e+01    4.793071e-01    1.346001e+01   -2.552495e-12    0.000000e+00    0.000000e+00    1.424547e+04    1.250617e+04    1.250001e+04   -4.218324e-12    0.000000e+00    0.000000e+00    6.247858e+03    0.000000e+00    6.051108e+03    3.912459e-07   -1.056560e-07    3.759898e-07   -1.076735e-21    0.000000e+00    0.000000e+00    3.653318e-05    3.811672e-05    3.420973e-05
   3.000000e-02   -1.287394e+02    2.091522e+02   -7.047756e+02    4.747572e+01    5.228805e-01    1.361132e+01   -2.570772e-12    0.000000e+00    0.000000e+00    1.424597e+04    1.250617e+04    1.250540e+04   -4.216501e-12    0.000000e+00    0.000000e+00    6.359744e+03    0.000000e+00    6.149304e+03    4.210422e-07   -1.152611e-07    3.968860e-07   -1.174451e-21    0.000000e+00    0.000000e+00    3.661314e-05    3.811672e-05    3.423614e-05
   3.250000e-02   -1.399112e+02    2.265815e+02   -7.423008e+02    5.067773e+01    5.664539e-01    1.376311e+01   -2.589064e-12    0.000000e+00    0.000000e+00    1.424633e+04    1.250617e+04    1.251108e+04   -4.214520e-12    0.000000e+00    0.000000e+00    6.471633e+03    0.000000e+00    6.247543e+03    4.506378e-07   -1.248662e-07    4.177013e-07   -1.272123e-21    0.000000e+00    0.000000e+00    3.669869e-05    3.811672e-05    3.426297e-05
   3.500000e-02   -1.510080e+02    2.440109e+02   -7.796854e+02    5.388008e+01    6.100272e-01    1.391536e+01   -2.607372e-12    0.000000e+00    0.000000e+00    1.424655e+04    1.250617e+04    1.251706e+04   -4.212381e-12    0.000000e+00    0.000000e+00    6.583524e+03    0.000000e+00    6.345828e+03    4.800260e-07   -1.344712e-07    4.384392e-07   -1.369747e-21    0.000000e+00    0.000000e+00    3.678983e-05    3.811672e-05    3.429024e-05
   3.750000e-02   -1.620242e+02    2.614402e+02   -8.169359e+02    5.708278e+01    6.536006e-01    1.406806e+01   -2.625698e-12    0.000000e+00    0.000000e+00    1.424663e+04    1.250617e+04    1.252333e+04   -4.210083e-12    0.000000e+00    0.000000e+00    6.695416e+03    0.000000e+00    6.444162e+03    5.092001e-07   -1.440763e-07    4.591033e-07   -1.467320e-21    0.000000e+00    0.000000e+00    3.688656e-05    3.811672e-05    3.431792e-05
   4.000000e-02   -1.729539e+02    2.788696e+02   -8.540583e+02    6.028584e+01    6.971740e-01    1.422122e+01   -2.644042e-12    0.000000e+00    0.000000e+00    1.424658e+04    1.250617e+04    1.252989e+04   -4.207627e-12    0.000000e+00    0.000000e+00    6.807309e+03    0.000000e+00    6.542545e+03    5.381536e-07   -1.536814e-07    4.796969e-07   -1.564838e-21    0.000000e+00    0.000000e+00    3.698889e-05    3.811672e-05    3.434604e-05
   4.250000e-02   -1.837914e+02    2.962989e+02   -8.910590e+02    6.348928e+01    7.407473e-01    1.437481e+01   -2.662406e-12    0.000000e+00    0.000000e+00    1.424638e+04    1.250617e+04    1.253675e+04   -4.205012e-12    0.000000e+00    0.000000e+00    6.919200e+03    0.000000e+00    6.640981e+03    5.668799e-07   -1.632865e-07    5.002234e-07   -1.662297e-21    0.000000e+00    0.000000e+00    3.709681e-05    3.811672e-05    3.437458e-05
   4.500000e-02   -1.945310e+02    3.137283e+02   -9.279439e+02    6.669311e+01    7.843207e-01    1.452882e+01   -2.680791e-12    0.000000e+00    0.000000e+00    1.424605e+04    1.250617e+04    1.254389e+04   -4.202238e-12    0.000000e+00    0.000000e+00    7.031090e+03    0.000000e+00    6.739473e+03    5.953724e-07   -1.728916e-07    5.206862e-07   -1.759693e-21    0.000000e+00    0.000000e+00    3.721032e-05    3.811672e-05    3.440354e-05
   4.750000e-02   -2.051669e+02    3.311576e+02   -9.647192e+02    6.989734e+01    8.278941e-01    1.468325e+01   -2.699198e-12    0.000000e+00    0.000000e+00    1.424557e+04    1.250617e+04    1.255132e+04   -4.199306e-12    0.000000e+00    0.000000e+00    7.142976e+03    0.000000e+00    6.838021e+03    6.236243e-07   -1.824967e-07    5.410888e-07   -1.857024e-21    0.000000e+00    0.000000e+00    3.732943e-05    3.811672e-05    3.443294e-05
   5.000000e-02   -2.156933e+02    3.485870e+02   -1.001391e+03    7.310200e+01    8.714675e-01    1.483810e+01   -2.717630e-12    0.000000e+00    0.000000e+00    1.424496e+04    1.250617e+04    1.255904e+04   -4.196216e-12    0.000000e+00    0.000000e+00    7.254858e+03    0.000000e+00    6.936629e+03    6.516292e-07   -1.921018e-07    5.614343e-07   -1.954285e-21    0.000000e+00    0.000000e+00    3.745413e-05    3.811672e-05    3.446276e-05
   5.250000e-02   -2.261045e+02    3.660163e+02   -1.037965e+03    7.630709e+01    9.150408e-01    1.499333e+01   -2.736086e-12    0.000000e+00    0.000000e+00    1.424421e+04    1.250617e+04    1.256705e+04   -4.192967e-12    0.000000e+00    0.000000e+00    7.366735e+03    0.000000e+00    7.035299e+03    6.793804e-07   -2.017069e-07    5.817262e-07   -2.051472e-21    0.000000e+00    0.000000e+00    3.758442e-05    3.811672e-05    3.449301e-05
   5.500000e-02   -2.363948e+02    3.834457e+02   -1.074448e+03    7.951264e+01    9.586142e-01    1.514896e+01   -2.754568e-12    0.000000e+00    0.000000e+00    1.424332e+04    1.250617e+04    1.257535e+04   -4.189560e-12    0.000000e+00    0.000000e+00    7.478605e+03    0.000000e+00    7.134033e+03    7.068713e-07   -2.113120e-07    6.019677e-07   -2.148582e-21    0.000000e+00    0.000000e+00    3.772031e-05    3.811672e-05    3.452368e-05
   5.750000e-02   -2.465584e+02    4.008750e+02   -1.110845e+03    8.271865e+01    1.002188e+00    1.530497e+01   -2.773078e-12    0.000000e+00    0.000000e+00    1.424230e+04    1.250617e+04    1.258393e+04   -4.185994e-12    0.000000e+00    0.000000e+00    7.590468e+03    0.000000e+00    7.232833e+03    7.340952e-07   -2.209171e-07    6.221621e-07   -2.245612e-21    0.000000e+00    0.000000e+00    3.786179e-05    3.811672e-05    3.455479e-05
   6.000000e-02   -2.565895e+02    4.183044e+02   -1.147162e+03    8.592514e+01    1.045761e+00    1.546135e+01   -2.791616e-12    0.000000e+00    0.000000e+00    1.424113e+04    1.250617e+04    1.259280e+04   -4.182270e-12    0.000000e+00    0.000000e+00    7.702322e+03    0.000000e+00    7.331701e+03    7.610456e-07   -2.305221e-07    6.423127e-07   -2.342557e-21    0.000000e+00    0.000000e+00    3.800887e-05    3.811672e-05    3.458632e-05
   6.250000e-02   -2.664824e+02    4.357337e+02   -1.183406e+03    8.913212e+01    1.089334e+00    1.561809e+01   -2.810184e-12    0.000000e+00    0.000000e+00    1.423982e+04    1.250617e+04    1.260195e+04   -4.178387e-12    0.000000e+00    0.000000e+00    7.814167e+03    0.000000e+00    7.430641e+03    7.877159e-07   -2.401272e-07    6.624227e-07   -2.439414e-21    0.000000e+00    0.000000e+00    3.816154e-05    3.811672e-05    3.461828e-05
   6.500000e-02   -2.762314e+02    4.531631e+02   -1.219582e+03    9.233961e+01    1.132908e+00    1.577518e+01   -2.828783e-12    0.000000e+00    0.000000e+00    1.423838e+04    1.250617e+04    1.261138e+04   -4.174346e-12    0.000000e+00    0.000000e+00    7.926000e+03    0.000000e+00    7.529653e+03    8.140993e-07   -2.497323e-07    6.824954e-07   -2.536179e-21    0.000000e+00    0.000000e+00    3.831981e-05    3.811672e-05    3.465067e-05
   6.750000e-02   -2.858306e+02    4.705924e+02   -1.255695e+03    9.554763e+01    1.176481e+00    1.593261e+01   -2.847415e-12    0.000000e+00    0.000000e+00    1.423680e+04    1.250617e+04    1.262111e+04   -4.170146e-12    0.000000e+00    0.000000e+00    8.037822e+03    0.000000e+00    7.628741e+03    8.401894e-07   -2.593374e-07    7.025340e-07   -2.632848e-21    0.000000e+00    0.000000e+00    3.848367e-05    3.811672e-05    3.468348e-05
   7.000000e-02   -2.952743e+02    4.880218e+02   -1.291752e+03    9.875618e+01    1.220054e+00    1.609038e+01   -2.866080e-12    0.000000e+00    0.000000e+00    1.423507e+04    1.250617e+04    1.263111e+04   -4.165788e-12    0.000000e+00    0.000000e+00    8.149631e+03    0.000000e+00    7.727906e+03    8.659795e-07   -2.689425e-07    7.225416e-07   -2.729419e-21    0.000000e+00    0.000000e+00    3.865313e-05    3.811672e-05    3.471673e-05
   7.250000e-02   -3.045569e+02    5.054511e+02   -1.327759e+03    1.019653e+02    1.263628e+00    1.624848e+01   -2.884780e-12    0.000000e+00    0.000000e+00    1.423321e+04    1.250617e+04    1.264140e+04   -4.161272e-12    0.000000e+00    0.000000e+00    8.261426e+03    0.000000e+00    7.827150e+03    8.914629e-07   -2.785476e-07    7.425214e-07   -2.825886e-21    0.000000e+00    0.000000e+00    3.882819e-05    3.811672e-05    3.475041e-05
   7.500000e-02   -3.136724e+02    5.228805e+02   -1.363721e+03    1.051750e+02    1.307201e+00    1.640689e+01   -2.903516e-12    0.000000e+00    0.000000e+00    1.423121e+04    1.250617e+04    1.265197e+04   -4.156596e-12    0.000000e+00    0.000000e+00    8.373205e+03    0.000000e+00    7.926477e+03    9.166332e-07   -2.881527e-07    7.624767e-07   -2.922247e-21    0.000000e+00    0.000000e+00    3.900884e-05    3.811672e-05    3.478452e-05
   7.750000e-02   -3.226152e+02    5.403098e+02   -1.399644e+03    1.083852e+02    1.350775e+00    1.656561e+01   -2.922290e-12    0.000000e+00    0.000000e+00    1.422907e+04    1.250617e+04    1.266282e+04   -4.151763e-12    0.000000e+00    0.000000e+00    8.484968e+03    0.000000e+00    8.025888e+03    9.414835e-07   -2.977578e-07    7.824106e-07   -3.018498e-21    0.000000e+00    0.000000e+00    3.919508e-05    3.811672e-05    3.481905e-05
   8.000000e-02   -3.313796e+02    5.577392e+02   -1.435533e+03    1.115961e+02    1.394348e+00    1.672463e+01   -2.941102e-12    0.000000e+00    0.000000e+00    1.422680e+04    1.250617e+04    1.267395e+04   -4.146771e-12    0.000000e+00    0.000000e+00    8.596714e+03    0.000000e+00    8.125385e+03    9.660074e-07   -3.073629e-07    8.023262e-07   -3.114636e-21    0.000000e+00    0.000000e+00    3.938693e-05    3.811672e-05    3.485402e-05
   8.250000e-02   -3.399597e+02    5.751685e+02   -1.471395e+03    1.148075e+02    1.437921e+00    1.688394e+01   -2.959954e-12    0.000000e+00    0.000000e+00    1.422438e+04    1.250617e+04    1.268537e+04   -4.141620e-12    0.000000e+00    0.000000e+00    8.708442e+03    0.000000e+00    8.224970e+03    9.901983e-07   -3.169679e-07    8.222267e-07   -3.210655e-21    0.000000e+00    0.000000e+00    3.958437e-05    3.811672e-05    3.488942e-05
   8.500000e-02   -3.483498e+02    5.925979e+02   -1.507235e+03    1.180196e+02    1.481495e+00    1.704353e+01   -2.978847e-12    0.000000e+00    0.000000e+00    1.422182e+04    1.250617e+04    1.269706e+04   -4.136311e-12    0.000000e+00    0.000000e+00    8.820150e+03    0.000000e+00    8.324647e+03    1.014049e-06   -3.265730e-07    8.421153e-07   -3.306554e-21    0.000000e+00    0.000000e+00    3.978741e-05    3.811672e-05    3.492525e-05
   8.750000e-02   -3.565442e+02    6.100272e+02   -1.543058e+03    1.212323e+02    1.525068e+00    1.720339e+01   -2.997782e-12    0.000000e+00    0.000000e+00    1.421913e+04    1.250617e+04    1.270904e+04   -4.130844e-12    0.000000e+00    0.000000e+00    8.931837e+03    0.000000e+00    8.424416e+03    1.037554e-06   -3.361781e-07    8.619950e-07   -3.402327e-21    0.000000e+00    0.000000e+00    3.999605e-05    3.811672e-05    3.496152e-05
   9.000000e-02   -3.645371e+02    6.274566e+02   -1.578871e+03    1.244457e+02    1.568641e+00    1.736352e+01   -3.016761e-12    0.000000e+00    0.000000e+00    1.421630e+04    1.250617e+04    1.272130e+04   -4.125218e-12    0.000000e+00    0.000000e+00    9.043503e+03    0.000000e+00    8.524281e+03    1.060706e-06   -3.457832e-07    8.818690e-07   -3.497973e-21    0.000000e+00    0.000000e+00    4.021028e-05    3.811672e-05    3.499821e-05
   9.250000e-02   -3.723227e+02    6.448859e+02   -1.614679e+03    1.276598e+02    1.612215e+00    1.752391e+01   -3.035785e-12    0.000000e+00    0.000000e+00    1.421333e+04    1.250617e+04    1.273384e+04   -4.119433e-12    0.000000e+00    0.000000e+00    9.155146e+03    0.000000e+00    8.624243e+03    1.083498e-06   -3.553883e-07    9.017404e-07   -3.593485e-21    0.000000e+00    0.000000e+00    4.043011e-05    3.811672e-05    3.503534e-05
   9.500000e-02   -3.798953e+02    6.623153e+02   -1.650488e+03    1.308745e+02    1.655788e+00    1.768454e+01   -3.054855e-12    0.000000e+00    0.000000e+00    1.421021e+04    1.250617e+04    1.274667e+04   -4.113490e-12    0.000000e+00    0.000000e+00    9.266765e+03    0.000000e+00    8.724304e+03    1.105925e-06   -3.649934e-07    9.216123e-07   -3.688863e-21    0.000000e+00    0.000000e+00    4.065555e-05    3.811672e-05    3.507290e-05
   9.750000e-02   -3.872492e+02    6.797446e+02   -1.686303e+03    1.340899e+02    1.699362e+00    1.784541e+01   -3.073972e-12    0.000000e+00    0.000000e+00    1.420697e+04    1.250617e+04    1.275977e+04   -4.107389e-12    0.000000e+00    0.000000e+00    9.378359e+03    0.000000e+00    8.824467e+03    1.127978e-06   -3.745985e-07    9.414879e-07   -3.784100e-21    0.000000e+00    0.000000e+00    4.088657e-05    3.811672e-05    3.511090e-05
   1.000000e-01   -3.943786e+02    6.971740e+02   -1.722130e+03    1.373061e+02    1.742935e+00    1.800651e+01   -3.093137e-12    0.000000e+00    0.000000e+00    1.420358e+04    1.250617e+04    1.277315e+04   -4.101129e-12    0.000000e+00    0.000000e+00    9.489927e+03    0.000000e+00    8.924735e+03    1.149652e-06   -3.842036e-07    9.613702e-07   -3.879194e-21    0.000000e+00    0.000000e+00    4.112320e-05    3.811672e-05    3.514933e-05
   1.000000e-01   -1.064475e+05    1.587248e+05   -3.947633e+05    1.032125e+04    2.756238e+03   -4.891578e+03   -1.778769e-10    0.000000e+00    0.000000e+00    1.420358e+04    7.191916e+05    1.277315e+04   -4.101129e-12    0.000000e+00    0.000000e+00    9.489927e+03    0.000000e+00    8.924735e+03    1.149652e-06   -3.842036e-07    9.613702e-07   -3.879194e-21    0.000000e+00    0.000000e+00    4.112320e-05    3.811672e-05    3.514933e-05
   1.003125e-01   -9.040020e+04    1.592208e+05   -3.807734e+05    1.047669e+04    2.764852e+03   -4.645845e+03   -1.782381e-10    0.000000e+00    0.000000e+00    1.404540e+04    7.191916e+05    1.315384e+04   -4.055490e-12    0.000000e+00    0.000000e+00    9.503793e+03    0.000000e+00    8.937463e+03    1.111912e-06   -3.854042e-07    9.275151e-07   -3.879619e-21    0.000000e+00    0.000000e+00    4.112485e-05    3.811672e-05    3.514983e-05
   1.006250e-01   -7.434976e+04    1.597169e+05   -3.667910e+05    1.063214e+04    2.773465e+03   -4.400161e+03   -1.785994e-10    0.000000e+00    0.000000e+00    1.388673e+04    7.191916e+05    1.352080e+04   -4.009708e-12    0.000000e+00    0.000000e+00    9.517505e+03    0.000000e+00    8.950558e+03    1.074164e-06   -3.866048e-07    8.936783e-07   -3.880039e-21    0.000000e+00    0.000000e+00    4.112647e-05    3.811672e-05    3.515033e-05
   1.009375e-01   -5.829614e+04    1.602129e+05   -3.528158e+05    1.078762e+04    2.782078e+03   -4.154525e+03   -1.789608e-10    0.000000e+00    0.000000e+00    1.372757e+04    7.191916e+05    1.387404e+04   -3.963784e-12    0.000000e+00    0.000000e+00    9.531060e+03    0.000000e+00    8.964006e+03    1.036408e-06   -3.878055e-07    8.598592e-07   -3.880455e-21    0.000000e+00    0.000000e+00    4.112806e-05    3.811672e-05    3.515082e-05
   1.012500e-01   -4.223933e+04    1.607089e+05   -3.388475e+05    1.094312e+04    2.790691e+03   -3.908934e+03   -1.793223e-10    0.000000e+00    0.000000e+00    1.356792e+04    7.191916e+05    1.421356e+04   -3.917717e-12    0.000000e+00    0.000000e+00    9.544458e+03    0.000000e+00    8.977795e+03    9.986438e-07   -3.890061e-07    8.260571e-07   -3.880865e-21    0.000000e+00    0.000000e+00    4.112963e-05    3.811672e-05    3.515130e-05
   1.015625e-01   -2.617931e+04    1.612049e+05   -3.248859e+05    1.109865e+04    2.799305e+03   -3.663386e+03   -1.796838e-10    0.000000e+00    0.000000e+00    1.340778e+04    7.191916e+05    1.453937e+04   -3.871508e-12    0.000000e+00    0.000000e+00    9.557700e+03    0.000000e+00    8.991910e+03    9.608712e-07   -3.902067e-07    7.922713e-07   -3.881271e-21    0.000000e+00    0.000000e+00    4.113117e-05    3.811672e-05    3.515177e-05
   1.018750e-01   -1.011609e+04    1.617009e+05   -3.109306e+05    1.125420e+04    2.807918e+03   -3.417880e+03   -1.800455e-10    0.000000e+00    0.000000e+00    1.324715e+04    7.191916e+05    1.485147e+04   -3.825157e-12    0.000000e+00    0.000000e+00    9.570784e+03    0.000000e+00    9.006338e+03    9.230905e-07   -3.914074e-07    7.585010e-07   -3.881672e-21    0.000000e+00    0.000000e+00    4.113268e-05    3.811672e-05    3.515223e-05
   1.021875e-01    5.950356e+03    1.621969e+05   -2.969814e+05    1.140977e+04    2.816531e+03   -3.172414e+03   -1.804073e-10    0.000000e+00    0.000000e+00    1.308603e+04    7.191916e+05    1.514988e+04   -3.778663e-12    0.000000e+00    0.000000e+00    9.583710e+03    0.000000e+00    9.021066e+03    8.853014e-07   -3.926080e-07    7.247457e-07   -3.882068e-21    0.000000e+00    0.000000e+00    4.113417e-05    3.811672e-05    3.515268e-05
   1.025000e-01    2.202003e+04    1.626929e+05   -2.830380e+05    1.156536e+04    2.825144e+03   -2.926985e+03   -1.807691e-10    0.000000e+00    0.000000e+00    1.292442e+04    7.191916e+05    1.543459e+04   -3.732027e-12    0.000000e+00    0.000000e+00    9.596478e+03    0.000000e+00    9.036081e+03    8.475041e-07   -3.938087e-07    6.910046e-07   -3.882459e-21    0.000000e+00    0.000000e+00    4.113563e-05    3.811672e-05    3.515313e-05
   1.028125e-01    3.809294e+04    1.631890e+05   -2.691002e+05    1.172098e+04    2.833758e+03   -2.681593e+03   -1.811311e-10    0.000000e+00    0.000000e+00    1.276231e+04    7.191916e+05    1.570562e+04   -3.685249e-12    0.000000e+00    0.000000e+00    9.609087e+03    0.000000e+00    9.051368e+03    8.096985e-07   -3.950093e-07    6.572771e-07   -3.882845e-21    0.000000e+00    0.000000e+00    4.113707e-05    3.811672e-05    3.515357e-05
   1.031250e-01    5.416911e+04    1.636850e+05   -2.551676e+05    1.187662e+04    2.842371e+03   -2.436234e+03   -1.814931e-10    0.000000e+00    0.000000e+00    1.259972e+04    7.191916e+05    1.596297e+04   -3.638328e-12    0.000000e+00    0.000000e+00    9.621537e+03    0.000000e+00    9.066914e+03    7.718846e-07   -3.962099e-07    6.235625e-07   -3.883227e-21    0.000000e+00    0.000000e+00    4.113847e-05    3.811672e-05    3.515399e-05
   1.034375e-01    7.024853e+04    1.641810e+05   -2.412399e+05    1.203228e+04    2.850984e+03   -2.190908e+03   -1.818553e-10    0.000000e+00    0.000000e+00    1.243664e+04    7.191916e+05    1.620665e+04   -3.591265e-12    0.000000e+00    0.000000e+00    9.633826e+03    0.000000e+00    9.082707e+03    7.340623e-07   -3.974106e-07    5.898601e-07   -3.883603e-21    0.000000e+00    0.000000e+00    4.113986e-05    3.811672e-05    3.515441e-05
   1.037500e-01    8.633123e+04    1.646770e+05   -2.273170e+05    1.218796e+04    2.859597e+03   -1.945612e+03   -1.822175e-10    0.000000e+00    0.000000e+00    1.227307e+04    7.191916e+05    1.643665e+04   -3.544059e-12    0.000000e+00    0.000000e+00    9.645956e+03    0.000000e+00    9.098731e+03    6.962316e-07   -3.986112e-07    5.561692e-07   -3.883975e-21    0.000000e+00    0.000000e+00    4.114121e-05    3.811672e-05    3.515483e-05
   1.040625e-01    1.024172e+05    1.651730e+05   -2.133985e+05    1.234367e+04    2.868211e+03   -1.700345e+03   -1.825799e-10    0.000000e+00    0.000000e+00    1.210901e+04    7.191916e+05    1.665298e+04   -3.496711e-12    0.000000e+00    0.000000e+00    9.657924e+03    0.000000e+00    9.114975e+03    6.583926e-07   -3.998118e-07    5.224891e-07   -3.884342e-21    0.000000e+00    0.000000e+00    4.114254e-05    3.811672e-05    3.515523e-05
   1.043750e-01    1.185065e+05    1.656690e+05   -1.994841e+05    1.249940e+04    2.876824e+03   -1.455105e+03   -1.829423e-10    0.000000e+00    0.000000e+00    1.194445e+04    7.191916e+05    1.685566e+04   -3.449220e-12    0.000000e+00    0.000000e+00    9.669732e+03    0.000000e+00    9.131425e+03    6.205451e-07   -4.010125e-07    4.888192e-07   -3.884703e-21    0.000000e+00    0.000000e+00    4.114384e-05    3.811672e-05    3.515562e-05
   1.046875e-01    1.345990e+05    1.661651e+05   -1.855736e+05    1.265516e+04    2.885437e+03   -1.209889e+03   -1.833048e-10    0.000000e+00    0.000000e+00    1.177941e+04    7.191916e+05    1.704467e+04   -3.401587e-12    0.000000e+00    0.000000e+00    9.681377e+03    0.000000e+00    9.148067e+03    5.826891e-07   -4.022131e-07    4.551588e-07   -3.885060e-21    0.000000e+00    0.000000e+00    4.114512e-05    3.811672e-05    3.515601e-05
   1.050000e-01    1.506949e+05    1.666611e+05   -1.716666e+05    1.281093e+04    2.894050e+03   -9.646963e+02   -1.836675e-10    0.000000e+00    0.000000e+00    1.161388e+04    7.191916e+05    1.722003e+04   -3.353812e-12    0.000000e+00    0.000000e+00    9.692860e+03    0.000000e+00    9.164888e+03    5.448247e-07   -4.034137e-07    4.215071e-07   -3.885412e-21    0.000000e+00    0.000000e+00    4.114637e-05    3.811672e-05    3.515639e-05
   1.053125e-01    1.667941e+05    1.671571e+05   -1.577630e+05    1.296674e+04    2.902664e+03   -7.195246e+02   -1.840302e-10    0.000000e+00    0.000000e+00    1.144786e+04    7.191916e+05    1.738174e+04   -3.305894e-12    0.000000e+00    0.000000e+00    9.704181e+03    0.000000e+00    9.181874e+03    5.069517e-07   -4.046144e-07    3.878636e-07   -3.885759e-21    0.000000e+00    0.000000e+00    4.114759e-05    3.811672e-05    3.515676e-05
   1.056250e-01    1.828966e+05    1.676531e+05   -1.438624e+05    1.312256e+04    2.911277e+03   -4.743722e+02   -1.843930e-10    0.000000e+00    0.000000e+00    1.128134e+04    7.191916e+05    1.752980e+04   -3.257834e-12    0.000000e+00    0.000000e+00    9.715338e+03    0.000000e+00    9.199012e+03    4.690703e-07   -4.058150e-07    3.542275e-07   -3.886101e-21    0.000000e+00    0.000000e+00    4.114879e-05    3.811672e-05    3.515712e-05
   1.059375e-01    1.990025e+05    1.681491e+05   -1.299646e+05    1.327841e+04    2.919890e+03   -2.292371e+02   -1.847559e-10    0.000000e+00    0.000000e+00    1.111434e+04    7.191916e+05    1.766421e+04   -3.209632e-12    0.000000e+00    0.000000e+00    9.726331e+03    0.000000e+00    9.216289e+03    4.311803e-07   -4.070157e-07    3.205982e-07   -3.886438e-21    0.000000e+00    0.000000e+00    4.114996e-05    3.811672e-05    3.515747e-05
   1.062500e-01    2.151117e+05    1.686451e+05   -1.160693e+05    1.343428e+04    2.928503e+03    1.588243e+01   -1.851189e-10    0.000000e+00    0.000000e+00    1.094684e+04    7.191916e+05    1.778498e+04   -3.161287e-12    0.000000e+00    0.000000e+00    9.737160e+03    0.000000e+00    9.233691e+03    3.932817e-07   -4.082163e-07    2.869750e-07   -3.886769e-21    0.000000e+00    0.000000e+00    4.115110e-05    3.811672e-05    3.515781e-05
   1.065625e-01    2.312242e+05    1.691411e+05   -1.021761e+05    1.359018e+04    2.937117e+03    2.609884e+02   -1.854821e-10    0.000000e+00    0.000000e+00    1.077886e+04    7.191916e+05    1.789212e+04   -3.112800e-12    0.000000e+00    0.000000e+00    9.747825e+03    0.000000e+00    9.251205e+03    3.553745e-07   -4.094169e-07    2.533572e-07   -3.887096e-21    0.000000e+00    0.000000e+00    4.115222e-05    3.811672e-05    3.515815e-05
   1.068750e-01    2.473402e+05    1.696372e+05   -8.828491e+04    1.374610e+04    2.945730e+03    5.060825e+02   -1.858453e-10    0.000000e+00    0.000000e+00    1.061038e+04    7.191916e+05    1.798561e+04   -3.064170e-12    0.000000e+00    0.000000e+00    9.758324e+03    0.000000e+00    9.268818e+03    3.174587e-07   -4.106176e-07    2.197441e-07   -3.887418e-21    0.000000e+00    0.000000e+00    4.115331e-05    3.811672e-05    3.515848e-05
   1.071875e-01    2.634595e+05    1.701332e+05   -7.439535e+04    1.390204e+04    2.954343e+03    7.511667e+02   -1.862086e-10    0.000000e+00    0.000000e+00    1.044142e+04    7.191916e+05    1.806546e+04   -3.015398e-12    0.000000e+00    0.000000e+00    9.768658e+03    0.000000e+00    9.286516e+03    2.795342e-07   -4.118182e-07    1.861351e-07   -3.887735e-21    0.000000e+00    0.000000e+00    4.115437e-05    3.811672e-05    3.515880e-05
   1.075000e-01    2.795822e+05    1.706292e+05   -6.050715e+04    1.405801e+04    2.962956e+03    9.962429e+02   -1.865720e-10    0.000000e+00    0.000000e+00    1.027196e+04    7.191916e+05    1.813168e+04   -2.966483e-12    0.000000e+00    0.000000e+00    9.778826e+03    0.000000e+00    9.304285e+03    2.416010e-07   -4.130188e-07    1.525294e-07   -3.888046e-21    0.000000e+00    0.000000e+00    4.115541e-05    3.811672e-05    3.515911e-05
   1.078125e-01    2.957083e+05    1.711252e+05   -4.662006e+04    1.421400e+04    2.971570e+03    1.241313e+03   -1.869355e-10    0.000000e+00    0.000000e+00    1.010202e+04    7.191916e+05    1.818427e+04   -2.917426e-12    0.000000e+00    0.000000e+00    9.788827e+03    0.000000e+00    9.322113e+03    2.036592e-07   -4.142195e-07    1.189264e-07   -3.888353e-21    0.000000e+00    0.000000e+00    4.115642e-05    3.811672e-05    3.515941e-05
   1.081250e-01    3.118378e+05    1.716212e+05   -3.273378e+04    1.437001e+04    2.980183e+03    1.486378e+03   -1.872991e-10    0.000000e+00    0.000000e+00    9.931582e+03    7.191916e+05    1.822322e+04   -2.868227e-12    0.000000e+00    0.000000e+00    9.798661e+03    0.000000e+00    9.339985e+03    1.657086e-07   -4.154201e-07    8.532546e-08   -3.888654e-21    0.000000e+00    0.000000e+00    4.115740e-05    3.811672e-05    3.515970e-05
   1.084375e-01    3.279707e+05    1.721172e+05   -1.884804e+04    1.452605e+04    2.988796e+03    1.731442e+03   -1.876628e-10    0.000000e+00    0.000000e+00    9.760656e+03    7.191916e+05    1.824854e+04   -2.818885e-12    0.000000e+00    0.000000e+00    9.808327e+03    0.000000e+00    9.357889e+03    1.277493e-07   -4.166207e-07    5.172583e-08   -3.888950e-21    0.000000e+00    0.000000e+00    4.115836e-05    3.811672e-05    3.515999e-05
   1.087500e-01    3.441071e+05    1.726133e+05   -4.962570e+03    1.468211e+04    2.997409e+03    1.976504e+03   -1.880266e-10    0.000000e+00    0.000000e+00    9.589240e+03    7.191916e+05    1.826023e+04   -2.769401e-12    0.000000e+00    0.000000e+00    9.817826e+03    0.000000e+00    9.375812e+03    8.978122e-08   -4.178214e-07    1.812685e-08   -3.889241e-21    0.000000e+00    0.000000e+00    4.115929e-05    3.811672e-05    3.516026e-05
   1.090625e-01    3.602469e+05    1.731093e+05    8.922911e+03    1.483820e+04    3.006023e+03    2.221568e+03   -1.883906e-10    0.000000e+00    0.000000e+00    9.417333e+03    7.191916e+05    1.825829e+04   -2.719775e-12    0.000000e+00    0.000000e+00    9.827155e+03    0.000000e+00    9.393739e+03    5.180433e-08   -4.190220e-07   -1.547215e-08   -3.889527e-21    0.000000e+00    0.000000e+00    4.116020e-05    3.811672e-05    3.516053e-05
   1.093750e-01    3.763901e+05    1.736053e+05    2.280868e+04    1.499431e+04    3.014636e+03    2.466635e+03   -1.887546e-10    0.000000e+00    0.000000e+00    9.244936e+03    7.191916e+05    1.824271e+04   -2.670006e-12    0.000000e+00    0.000000e+00    9.836316e+03    0.000000e+00    9.411657e+03    1.381861e-08   -4.202227e-07   -4.907185e-08   -3.889808e-21    0.000000e+00    0.000000e+00    4.116107e-05    3.811672e-05    3.516079e-05
   1.096875e-01    3.925368e+05    1.741013e+05    3.669501e+04    1.515045e+04    3.023249e+03    2.711706e+03   -1.891187e-10    0.000000e+00    0.000000e+00    9.072049e+03    7.191916e+05    1.821350e+04   -2.620095e-12    0.000000e+00    0.000000e+00    9.845308e+03    0.000000e+00    9.429554e+03   -2.417595e-08   -4.214233e-07   -8.267293e-08   -3.890083e-21    0.000000e+00    0.000000e+00    4.116193e-05    3.811672e-05    3.516105e-05
   1.100000e-01    4.086870e+05    1.745973e+05    5.058218e+04    1.530661e+04    3.031862e+03    2.956785e+03   -1.894829e-10    0.000000e+00    0.000000e+00    8.898672e+03    7.191916e+05    1.817066e+04   -2.570041e-12    0.000000e+00    0.000000e+00    9.854129e+03    0.000000e+00    9.447415e+03   -6.217939e-08   -4.226239e-07   -1.162761e-07   -3.890354e-21    0.000000e+00    0.000000e+00    4.116275e-05    3.811672e-05    3.516129e-05
   1.103125e-01    4.248406e+05    1.750933e+05    6.447047e+04    1.546279e+04    3.040476e+03    3.201872e+03   -1.898472e-10    0.000000e+00    0.000000e+00    8.724804e+03    7.191916e+05    1.811418e+04   -2.519845e-12    0.000000e+00    0.000000e+00    9.862780e+03    0.000000e+00    9.465227e+03   -1.001917e-07   -4.238246e-07   -1.498819e-07   -3.890619e-21    0.000000e+00    0.000000e+00    4.116355e-05    3.811672e-05    3.516152e-05
   1.106250e-01    4.409977e+05    1.755893e+05    7.836016e+04    1.561900e+04    3.049089e+03    3.446970e+03   -1.902116e-10    0.000000e+00    0.000000e+00    8.550446e+03    7.191916e+05    1.804407e+04   -2.469506e-12    0.000000e+00    0.000000e+00    9.871260e+03    0.000000e+00    9.482978e+03   -1.382130e-07   -4.250252e-07   -1.834912e-07   -3.890879e-21    0.000000e+00    0.000000e+00    4.116432e-05    3.811672e-05    3.516175e-05
   1.109375e-01    4.571583e+05    1.760854e+05    9.225151e+04    1.577524e+04    3.057702e+03    3.692080e+03   -1.905762e-10    0.000000e+00    0.000000e+00    8.375598e+03    7.191916e+05    1.796032e+04   -2.419025e-12    0.000000e+00    0.000000e+00    9.879568e+03    0.000000e+00    9.500652e+03   -1.762432e-07   -4.262258e-07   -2.171046e-07   -3.891133e-21    0.000000e+00    0.000000e+00    4.116507e-05    3.811672e-05    3.516197e-05
   1.112500e-01    4.733225e+05    1.765814e+05    1.061448e+05    1.593150e+04    3.066315e+03    3.937205e+03   -1.909408e-10    0.000000e+00    0.000000e+00    8.200259e+03    7.191916e+05    1.786293e+04   -2.368402e-12    0.000000e+00    0.000000e+00    9.887705e+03    0.000000e+00    9.518238e+03   -2.142824e-07   -4.274265e-07   -2.507228e-07   -3.891383e-21    0.000000e+00    0.000000e+00    4.116578e-05    3.811672e-05    3.516218e-05
   1.115625e-01    4.894901e+05    1.770774e+05    1.200403e+05    1.608778e+04    3.074929e+03    4.182345e+03   -1.913055e-10    0.000000e+00    0.000000e+00    8.024431e+03    7.191916e+05    1.775191e+04   -2.317636e-12    0.000000e+00    0.000000e+00    9.895669e+03    0.000000e+00    9.535722e+03   -2.523306e-07   -4.286271e-07   -2.843464e-07   -3.891627e-21    0.000000e+00    0.000000e+00    4.116648e-05    3.811672e-05    3.516238e-05
   1.118750e-01    5.056613e+05    1.775734e+05    1.339384e+05    1.624409e+04    3.083542e+03    4.427504e+03   -1.916703e-10    0.000000e+00    0.000000e+00    7.848112e+03    7.191916e+05    1.762724e+04   -2.266728e-12    0.000000e+00    0.000000e+00    9.903461e+03    0.000000e+00    9.553089e+03   -2.903878e-07   -4.298277e-07   -3.179761e-07   -3.891865e-21    0.000000e+00    0.000000e+00    4.116714e-05    3.811672e-05    3.516257e-05
   1.121875e-01    5.218360e+05    1.780694e+05    1.478392e+05    1.640042e+04    3.092155e+03    4.672682e+03   -1.920353e-10    0.000000e+00    0.000000e+00    7.671302e+03    7.191916e+05    1.748892e+04   -2.215678e-12    0.000000e+00    0.000000e+00    9.911079e+03    0.000000e+00    9.570328e+03   -3.284540e-07   -4.310284e-07   -3.516126e-07   -3.892099e-21    0.000000e+00    0.000000e+00    4.116778e-05    3.811672e-05    3.516276e-05
   1.125000e-01    5.380143e+05    1.785654e+05    1.617430e+05    1.655678e+04    3.100768e+03    4.917882e+03   -1.924003e-10    0.000000e+00    0.000000e+00    7.494003e+03    7.191916e+05    1.733695e+04   -2.164485e-12    0.000000e+00    0.000000e+00    9.918523e+03    0.000000e+00    9.587424e+03   -3.665293e-07   -4.322290e-07   -3.852567e-07   -3.892327e-21    0.000000e+00    0.000000e+00    4.116839e-05    3.811672e-05    3.516293e-05
   1.128125e-01    5.541961e+05    1.790614e+05    1.756502e+05    1.671316e+04    3.109382e+03    5.163106e+03   -1.927655e-10    0.000000e+00    0.000000e+00    7.316213e+03    7.191916e+05    1.717134e+04   -2.113149e-12    0.000000e+00    0.000000e+00    9.925793e+03    0.000000e+00    9.604365e+03   -4.046137e-07   -4.334297e-07   -4.189089e-07   -3.892550e-21    0.000000e+00    0.000000e+00    4.116898e-05    3.811672e-05    3.516310e-05
   1.131250e-01    5.703814e+05    1.795575e+05    1.895610e+05    1.686957e+04    3.117995e+03    5.408355e+03   -1.931307e-10    0.000000e+00    0.000000e+00    7.137933e+03    7.191916e+05    1.699206e+04   -2.061672e-12    0.000000e+00    0.000000e+00    9.932888e+03    0.000000e+00    9.621136e+03   -4.427073e-07   -4.346303e-07   -4.525699e-07   -3.892767e-21    0.000000e+00    0.000000e+00    4.116954e-05    3.811672e-05    3.516326e-05
   1.134375e-01    5.865704e+05    1.800535e+05    2.034757e+05    1.702601e+04    3.126608e+03    5.653631e+03   -1.934961e-10    0.000000e+00    0.000000e+00    6.959162e+03    7.191916e+05    1.679913e+04   -2.010052e-12    0.000000e+00    0.000000e+00    9.939808e+03    0.000000e+00    9.637724e+03   -4.808099e-07   -4.358309e-07   -4.862405e-07   -3.892979e-21    0.000000e+00    0.000000e+00    4.117007e-05    3.811672e-05    3.516341e-05
   1.137500e-01    6.027629e+05    1.805495e+05    2.173945e+05    1.718247e+04    3.135221e+03    5.898937e+03   -1.938615e-10    0.000000e+00    0.000000e+00    6.779902e+03    7.191916e+05    1.659254e+04   -1.958289e-12    0.000000e+00    0.000000e+00    9.946552e+03    0.000000e+00    9.654116e+03   -5.189218e-07   -4.370316e-07   -5.199212e-07   -3.893186e-21    0.000000e+00    0.000000e+00    4.117057e-05    3.811672e-05    3.516356e-05
   1.140625e-01    6.189591e+05    1.810455e+05    2.313178e+05    1.733895e+04    3.143834e+03    6.144273e+03   -1.942271e-10    0.000000e+00    0.000000e+00    6.600151e+03    7.191916e+05    1.637228e+04   -1.906384e-12    0.000000e+00    0.000000e+00    9.953120e+03    0.000000e+00    9.670299e+03   -5.570428e-07   -4.382322e-07   -5.536129e-07   -3.893387e-21    0.000000e+00    0.000000e+00    4.117105e-05    3.811672e-05    3.516369e-05
   1.143750e-01    6.351588e+05    1.815415e+05    2.452458e+05    1.749546e+04    3.152448e+03    6.389643e+03   -1.945927e-10    0.000000e+00    0.000000e+00    6.419910e+03    7.191916e+05    1.613835e+04   -1.854337e-12    0.000000e+00    0.000000e+00    9.959511e+03    0.000000e+00    9.686259e+03   -5.951731e-07   -4.394328e-07   -5.873161e-07   -3.893583e-21    0.000000e+00    0.000000e+00    4.117150e-05    3.811672e-05    3.516382e-05
   1.146875e-01    6.513622e+05    1.820375e+05    2.591788e+05    1.765199e+04    3.161061e+03    6.635047e+03   -1.949585e-10    0.000000e+00    0.000000e+00    6.239178e+03    7.191916e+05    1.589074e+04   -1.802147e-12    0.000000e+00    0.000000e+00    9.965725e+03    0.000000e+00    9.701982e+03   -6.333126e-07   -4.406335e-07   -6.210316e-07   -3.893774e-21    0.000000e+00    0.000000e+00    4.117193e-05    3.811672e-05    3.516393e-05
   1.150000e-01    6.675691e+05    1.825336e+05    2.731171e+05    1.780855e+04    3.169674e+03    6.880488e+03   -1.953244e-10    0.000000e+00    0.000000e+00    6.057957e+03    7.191916e+05    1.562945e+04   -1.749815e-12    0.000000e+00    0.000000e+00    9.971762e+03    0.000000e+00    9.717456e+03   -6.714614e-07   -4.418341e-07   -6.547600e-07   -3.893959e-21    0.000000e+00    0.000000e+00    4.117233e-05    3.811672e-05    3.516404e-05
   1.153125e-01    6.837798e+05    1.830296e+05    2.870609e+05    1.796514e+04    3.178287e+03    7.125967e+03   -1.956904e-10    0.000000e+00    0.000000e+00    5.876245e+03    7.191916e+05    1.535447e+04   -1.697341e-12    0.000000e+00    0.000000e+00    9.977620e+03    0.000000e+00    9.732666e+03   -7.096195e-07   -4.430347e-07   -6.885019e-07   -3.894138e-21    0.000000e+00    0.000000e+00    4.117270e-05    3.811672e-05    3.516414e-05
   1.156250e-01    6.999940e+05    1.835256e+05    3.010106e+05    1.812175e+04    3.186901e+03    7.371486e+03   -1.960565e-10    0.000000e+00    0.000000e+00    5.694042e+03    7.191916e+05    1.506580e+04   -1.644724e-12    0.000000e+00    0.000000e+00    9.983299e+03    0.000000e+00    9.747600e+03   -7.477868e-07   -4.442354e-07   -7.222582e-07   -3.894312e-21    0.000000e+00    0.000000e+00    4.117304e-05    3.811672e-05    3.516423e-05
   1.159375e-01    7.162119e+05    1.840216e+05    3.149663e+05    1.827839e+04    3.195514e+03    7.617048e+03   -1.964227e-10    0.000000e+00    0.000000e+00    5.511350e+03    7.191916e+05    1.476344e+04   -1.591964e-12    0.000000e+00    0.000000e+00    9.988800e+03    0.000000e+00    9.762243e+03   -7.859636e-07   -4.454360e-07   -7.560295e-07   -3.894481e-21    0.000000e+00    0.000000e+00    4.117336e-05    3.811672e-05    3.516432e-05
   1.162500e-01    7.324335e+05    1.845176e+05    3.289285e+05    1.843505e+04    3.204127e+03    7.862654e+03   -1.967890e-10    0.000000e+00    0.000000e+00    5.328167e+03    7.191916e+05    1.444737e+04   -1.539063e-12    0.000000e+00    0.000000e+00    9.994121e+03    0.000000e+00    9.776583e+03   -8.241497e-07   -4.466366e-07   -7.898164e-07   -3.894644e-21    0.000000e+00    0.000000e+00    4.117365e-05    3.811672e-05    3.516439e-05
   1.165625e-01    7.486588e+05    1.850136e+05    3.428973e+05    1.859174e+04    3.212740e+03    8.108306e+03   -1.971554e-10    0.000000e+00    0.000000e+00    5.144494e+03    7.191916e+05    1.411758e+04   -1.486018e-12    0.000000e+00    0.000000e+00    9.999261e+03    0.000000e+00    9.790606e+03   -8.623452e-07   -4.478373e-07   -8.236196e-07   -3.894801e-21    0.000000e+00    0.000000e+00    4.117392e-05    3.811672e-05    3.516446e-05
   1.168750e-01    7.648877e+05    1.855096e+05    3.568730e+05    1.874846e+04    3.221354e+03    8.354005e+03   -1.975219e-10    0.000000e+00    0.000000e+00    4.960331e+03    7.191916e+05    1.377409e+04   -1.432832e-12    0.000000e+00    0.000000e+00    1.000422e+04    0.000000e+00    9.804298e+03   -9.005501e-07   -4.490379e-07   -8.574399e-07   -3.894953e-21    0.000000e+00    0.000000e+00    4.117416e-05    3.811672e-05    3.516452e-05
   1.171875e-01    7.811204e+05    1.860057e+05    3.708560e+05    1.890520e+04    3.229967e+03    8.599754e+03   -1.978885e-10    0.000000e+00    0.000000e+00    4.775677e+03    7.191916e+05    1.341686e+04   -1.379503e-12    0.000000e+00    0.000000e+00    1.000900e+04    0.000000e+00    9.817647e+03   -9.387644e-07   -4.502386e-07   -8.912778e-07   -3.895100e-21    0.000000e+00    0.000000e+00    4.117437e-05    3.811672e-05    3.516457e-05
   1.175000e-01    7.973567e+05    1.865017e+05    3.848465e+05    1.906196e+04    3.238580e+03    8.845555e+03   -1.982553e-10    0.000000e+00    0.000000e+00    4.590533e+03    7.191916e+05    1.304591e+04   -1.326032e-12    0.000000e+00    0.000000e+00    1.001360e+04    0.000000e+00    9.830638e+03   -9.769883e-07   -4.514392e-07   -9.251341e-07   -3.895241e-21    0.000000e+00    0.000000e+00    4.117455e-05    3.811672e-05    3.516461e-05
   1.178125e-01    8.135967e+05    1.869977e+05    3.988447e+05    1.921876e+04    3.247193e+03    9.091409e+03   -1.986221e-10    0.000000e+00    0.000000e+00    4.404899e+03    7.191916e+05    1.266122e+04   -1.272418e-12    0.000000e+00    0.000000e+00    1.001801e+04    0.000000e+00    9.843258e+03   -1.015222e-06   -4.526398e-07   -9.590095e-07   -3.895376e-21    0.000000e+00    0.000000e+00    4.117471e-05    3.811672e-05    3.516464e-05
   1.181250e-01    8.298405e+05    1.874937e+05    4.128510e+05    1.937558e+04    3.255807e+03    9.337319e+03   -1.989891e-10    0.000000e+00    0.000000e+00    4.218775e+03    7.191916e+05    1.226278e+04   -1.218662e-12    0.000000e+00    0.000000e+00    1.002225e+04    0.000000e+00    9.855494e+03   -1.053464e-06   -4.538405e-07   -9.929047e-07   -3.895506e-21    0.000000e+00    0.000000e+00    4.117484e-05    3.811672e-05    3.516466e-05
   1.184375e-01    8.460880e+05    1.879897e+05    4.268656e+05    1.953242e+04    3.264420e+03    9.583285e+03   -1.993561e-10    0.000000e+00    0.000000e+00    4.032160e+03    7.191916e+05    1.185058e+04   -1.164763e-12    0.000000e+00    0.000000e+00    1.002630e+04    0.000000e+00    9.867331e+03   -1.091717e-06   -4.550411e-07   -1.026820e-06   -3.895630e-21    0.000000e+00    0.000000e+00    4.117495e-05    3.811672e-05    3.516468e-05
   1.187500e-01    8.623393e+05    1.884857e+05    4.408888e+05    1.968929e+04    3.273033e+03    9.829311e+03   -1.997233e-10    0.000000e+00    0.000000e+00    3.845055e+03    7.191916e+05    1.142463e+04   -1.110722e-12    0.000000e+00    0.000000e+00    1.003016e+04    0.000000e+00    9.878758e+03   -1.129979e-06   -4.562417e-07   -1.060757e-06   -3.895749e-21    0.000000e+00    0.000000e+00    4.117503e-05    3.811672e-05    3.516468e-05
   1.190625e-01    8.785943e+05    1.889817e+05    4.549210e+05    1.984619e+04    3.281646e+03    1.007540e+04   -2.000906e-10    0.000000e+00    0.000000e+00    3.657460e+03    7.191916e+05    1.098490e+04   -1.056539e-12    0.000000e+00    0.000000e+00    1.003385e+04    0.000000e+00    9.889759e+03   -1.168250e-06   -4.574424e-07   -1.094715e-06   -3.895861e-21    0.000000e+00    0.000000e+00    4.117508e-05    3.811672e-05    3.516468e-05
   1.193750e-01    8.948531e+05    1.894778e+05    4.689623e+05    2.000312e+04    3.290260e+03    1.032155e+04   -2.004580e-10    0.000000e+00    0.000000e+00    3.469374e+03    7.191916e+05    1.053139e+04   -1.002213e-12    0.000000e+00    0.000000e+00    1.003735e+04    0.000000e+00    9.900322e+03   -1.206531e-06   -4.586430e-07   -1.128696e-06   -3.895969e-21    0.000000e+00    0.000000e+00    4.117510e-05    3.811672e-05    3.516467e-05
   1.196875e-01    9.111156e+05    1.899738e+05    4.830130e+05    2.016007e+04    3.298873e+03    1.056776e+04   -2.008255e-10    0.000000e+00    0.000000e+00    3.280799e+03    7.191916e+05    1.006409e+04   -9.477453e-13    0.000000e+00    0.000000e+00    1.004066e+04    0.000000e+00    9.910433e+03   -1.244822e-06   -4.598436e-07   -1.162701e-06   -3.896070e-21    0.000000e+00    0.000000e+00    4.117510e-05    3.811672e-05    3.516465e-05
   1.200000e-01    9.273819e+05    1.904698e+05    4.970735e+05    2.031705e+04    3.307486e+03    1.081404e+04   -2.011931e-10    0.000000e+00    0.000000e+00    3.091733e+03    7.191916e+05    9.582990e+03   -8.931347e-13    0.000000e+00    0.000000e+00    1.004379e+04    0.000000e+00    9.920078e+03   -1.283123e-06   -4.610443e-07   -1.196729e-06   -3.896166e-21    0.000000e+00    0.000000e+00    4.117507e-05    3.811672e-05    3.516462e-05
   1.203125e-01    9.436521e+05    1.909658e+05    5.111440e+05    2.047405e+04    3.316099e+03    1.106039e+04   -2.015609e-10    0.000000e+00    0.000000e+00    2.902176e+03    7.191916e+05    9.088083e+03   -8.383818e-13    0.000000e+00    0.000000e+00    1.004673e+04    0.000000e+00    9.929244e+03   -1.321433e-06   -4.622449e-07   -1.230781e-06   -3.896256e-21    0.000000e+00    0.000000e+00    4.117501e-05    3.811672e-05    3.516458e-05
   1.206250e-01    9.599260e+05    1.914618e+05    5.252248e+05    2.063108e+04    3.324713e+03    1.130681e+04   -2.019287e-10    0.000000e+00    0.000000e+00    2.712130e+03    7.191916e+05    8.579358e+03   -7.834865e-13    0.000000e+00    0.000000e+00    1.004949e+04    0.000000e+00    9.937918e+03   -1.359753e-06   -4.634456e-07   -1.264859e-06   -3.896341e-21    0.000000e+00    0.000000e+00    4.117493e-05    3.811672e-05    3.516454e-05
   1.209375e-01    9.762037e+05    1.919578e+05    5.393161e+05    2.078814e+04    3.333326e+03    1.155330e+04   -2.022966e-10    0.000000e+00    0.000000e+00    2.521593e+03    7.191916e+05    8.056803e+03   -7.284488e-13    0.000000e+00    0.000000e+00    1.005205e+04    0.000000e+00    9.946085e+03   -1.398082e-06   -4.646462e-07   -1.298963e-06   -3.896419e-21    0.000000e+00    0.000000e+00    4.117482e-05    3.811672e-05    3.516448e-05
   1.212500e-01    9.924853e+05    1.924539e+05    5.534183e+05    2.094522e+04    3.341939e+03    1.179987e+04   -2.026647e-10    0.000000e+00    0.000000e+00    2.330566e+03    7.191916e+05    7.520409e+03   -6.732687e-13    0.000000e+00    0.000000e+00    1.005444e+04    0.000000e+00    9.953733e+03   -1.436422e-06   -4.658468e-07   -1.333093e-06   -3.896492e-21    0.000000e+00    0.000000e+00    4.117468e-05    3.811672e-05    3.516442e-05
   1.215625e-01    1.008771e+06    1.929499e+05    5.675317e+05    2.110234e+04    3.350552e+03    1.204651e+04   -2.030329e-10    0.000000e+00    0.000000e+00    2.139049e+03    7.191916e+05    6.970165e+03   -6.179461e-13    0.000000e+00    0.000000e+00    1.005663e+04    0.000000e+00    9.960847e+03   -1.474771e-06   -4.670475e-07   -1.367250e-06   -3.896560e-21    0.000000e+00    0.000000e+00    4.117452e-05    3.811672e-05    3.516435e-05
   1.218750e-01    1.025060e+06    1.934459e+05    5.816564e+05    2.125947e+04    3.359166e+03    1.229323e+04   -2.034012e-10    0.000000e+00    0.000000e+00    1.947041e+03    7.191916e+05    6.406060e+03   -5.624812e-13    0.000000e+00    0.000000e+00    1.005864e+04    0.000000e+00    9.967414e+03   -1.513130e-06   -4.682481e-07   -1.401436e-06   -3.896621e-21    0.000000e+00    0.000000e+00    4.117433e-05    3.811672e-05    3.516427e-05
   1.221875e-01    1.041353e+06    1.939419e+05    5.957929e+05    2.141664e+04    3.367779e+03    1.254003e+04   -2.037696e-10    0.000000e+00    0.000000e+00    1.754543e+03    7.191916e+05    5.828082e+03   -5.068739e-13    0.000000e+00    0.000000e+00    1.006045e+04    0.000000e+00    9.973421e+03   -1.551498e-06   -4.694487e-07   -1.435650e-06   -3.896677e-21    0.000000e+00    0.000000e+00    4.117411e-05    3.811672e-05    3.516417e-05
   1.225000e-01    1.057650e+06    1.944379e+05    6.099413e+05    2.157383e+04    3.376392e+03    1.278691e+04   -2.041381e-10    0.000000e+00    0.000000e+00    1.561555e+03    7.191916e+05    5.236219e+03   -4.511242e-13    0.000000e+00    0.000000e+00    1.006208e+04    0.000000e+00    9.978853e+03   -1.589877e-06   -4.706494e-07   -1.469894e-06   -3.896727e-21    0.000000e+00    0.000000e+00    4.117386e-05    3.811672e-05    3.516408e-05
   1.228125e-01    1.073951e+06    1.949339e+05    6.241020e+05    2.173105e+04    3.385005e+03    1.303387e+04   -2.045067e-10    0.000000e+00    0.000000e+00    1.368076e+03    7.191916e+05    4.630461e+03   -3.952321e-13    0.000000e+00    0.000000e+00    1.006352e+04    0.000000e+00    9.983698e+03   -1.628266e-06   -4.718500e-07   -1.504168e-06   -3.896771e-21    0.000000e+00    0.000000e+00    4.117359e-05    3.811672e-05    3.516397e-05
   1.231250e-01    1.090255e+06    1.954299e+05    6.382752e+05    2.188830e+04    3.393619e+03    1.328092e+04   -2.048754e-10    0.000000e+00    0.000000e+00    1.174108e+03    7.191916e+05    4.010794e+03   -3.391975e-13    0.000000e+00    0.000000e+00    1.006477e+04    0.000000e+00    9.987941e+03   -1.666664e-06   -4.730506e-07   -1.538472e-06   -3.896809e-21    0.000000e+00    0.000000e+00    4.117330e-05    3.811672e-05    3.516385e-05
   1.234375e-01    1.106564e+06    1.959260e+05    6.524613e+05    2.204558e+04    3.402232e+03    1.352806e+04   -2.052443e-10    0.000000e+00    0.000000e+00    9.796488e+02    7.191916e+05    3.377206e+03   -2.830206e-13    0.000000e+00    0.000000e+00    1.006582e+04    0.000000e+00    9.991568e+03   -1.705072e-06   -4.742513e-07   -1.572808e-06   -3.896842e-21    0.000000e+00    0.000000e+00    4.117297e-05    3.811672e-05    3.516372e-05
   1.237500e-01    1.122877e+06    1.964220e+05    6.666604e+05    2.220288e+04    3.410845e+03    1.377529e+04   -2.056133e-10    0.000000e+00    0.000000e+00    7.846996e+02    7.191916e+05    2.729685e+03   -2.267013e-13    0.000000e+00    0.000000e+00    1.006669e+04    0.000000e+00    9.994567e+03   -1.743491e-06   -4.754519e-07   -1.607176e-06   -3.896868e-21    0.000000e+00    0.000000e+00    4.117262e-05    3.811672e-05    3.516359e-05
   1.240625e-01    1.139193e+06    1.969180e+05    6.808730e+05    2.236021e+04    3.419458e+03    1.402260e+04   -2.059823e-10    0.000000e+00    0.000000e+00    5.892601e+02    7.191916e+05    2.068217e+03   -1.702396e-13    0.000000e+00    0.000000e+00    1.006736e+04    0.000000e+00    9.996923e+03   -1.781919e-06   -4.766526e-07   -1.641577e-06   -3.896889e-21    0.000000e+00    0.000000e+00    4.117224e-05    3.811672e-05    3.516345e-05
   1.243750e-01    1.155513e+06    1.974140e+05    6.950992e+05    2.251757e+04    3.428072e+03    1.427002e+04   -2.063515e-10    0.000000e+00    0.000000e+00    3.933303e+02    7.191916e+05    1.392789e+03   -1.136354e-13    0.000000e+00    0.000000e+00    1.006785e+04    0.000000e+00    9.998623e+03   -1.820357e-06   -4.778532e-07   -1.676011e-06   -3.896904e-21    0.000000e+00    0.000000e+00    4.117183e-05    3.811672e-05    3.516329e-05
   1.246875e-01    1.171838e+06    1.979100e+05    7.093394e+05    2.267495e+04    3.436685e+03    1.451752e+04   -2.067209e-10    0.000000e+00    0.000000e+00    1.969103e+02    7.191916e+05    7.033882e+02   -5.688892e-14    0.000000e+00    0.000000e+00    1.006814e+04    0.000000e+00    9.999654e+03   -1.858806e-06   -4.790538e-07   -1.710480e-06   -3.896912e-21    0.000000e+00    0.000000e+00    4.117140e-05    3.811672e-05    3.516313e-05
   1.250000e-01    1.188166e+06    1.984060e+05    7.235938e+05    2.283236e+04    3.445298e+03    1.476512e+04   -2.070903e-10    0.000000e+00    0.000000e+00    6.366241e-07    7.191916e+05    2.251081e-06   -1.825782e-22    0.000000e+00    0.000000e+00    1.006823e+04    0.000000e+00    1.000000e+04   -1.897264e-06   -4.802545e-07   -1.744983e-06   -3.896915e-21    0.000000e+00    0.000000e+00    4.117094e-05    3.811672e-05    3.516296e-05
