# t[s]  s13_iface_CORE_side[Pa]  s13_iface_FACE_side[Pa] -- constitutive TSDT is discontinuous at the interface (step pulse)
0.000000000000000000e+00 0.000000000000000000e+00 0.000000000000000000e+00
1.000000000000000082e-05 2.270866269562752223e+03 6.948850784862019646e+04
2.000000000000000164e-05 9.072031975669362510e+03 2.776041784554824699e+05
3.000000000000000415e-05 2.036946004770599029e+04 6.233054774598032236e+05
4.000000000000000327e-05 3.610729000627975620e+04 1.104883074192160275e+06
5.000000000000000240e-05 5.620911853245120437e+04 1.719999027093006531e+06
6.000000000000000830e-05 8.057975000421241566e+04 2.465740350128899328e+06
7.000000000000000742e-05 1.091073759315969219e+05 3.338685703506865073e+06
8.000000000000000654e-05 1.416661321588717110e+05 4.334983644061473198e+06
9.000000000000000567e-05 1.781189738386703539e+05 5.450440599463311955e+06
1.000000000000000048e-04 2.183208007264286571e+05 6.680616502228716388e+06
1.100000000000000039e-04 2.621217594687689270e+05 8.020925839744327590e+06
1.200000000000000166e-04 3.093706454048861051e+05 9.466741749389512464e+06
1.300000000000000157e-04 3.599183240625243634e+05 1.101350071631324291e+07
1.400000000000000148e-04 4.136210920649103937e+05 1.265680541718625464e+07
1.500000000000000140e-04 4.703438985832015169e+05 1.439252329664596356e+07
1.600000000000000131e-04 5.299633517370711779e+05 1.621687856315437518e+07
1.700000000000000122e-04 5.923704393878733972e+05 1.812653544526892155e+07
1.800000000000000113e-04 6.574729004659113707e+05 2.011867075425688550e+07
1.900000000000000105e-04 7.251971911691457499e+05 2.219103404977585375e+07
2.000000000000000096e-04 7.954899998726660851e+05 2.434199399610357732e+07
2.100000000000000087e-04 8.683192751741039101e+05 2.657056982032757625e+07
2.200000000000000078e-04 9.436747429214396980e+05 2.887644713339605182e+07
2.300000000000000070e-04 1.021567900058750063e+06 3.125997774179774523e+07
2.400000000000000332e-04 1.102031485401108628e+06 3.372216345327391475e+07
2.500000000000000052e-04 1.185118439724403666e+06 3.626462425556674600e+07
2.600000000000000314e-04 1.270900379541250179e+06 3.888955161396224797e+07
2.700000000000000035e-04 1.359465620349457022e+06 4.159964798269337416e+07
2.800000000000000297e-04 1.450916795716874767e+06 4.439805394893636554e+07
2.900000000000000017e-04 1.545368128057700582e+06 4.728826471856562793e+07
3.000000000000000279e-04 1.642942415137782460e+06 5.027403790321613103e+07
3.099999999999999999e-04 1.743767803028069669e+06 5.335929477265892178e+07
3.200000000000000262e-04 1.847974421249194071e+06 5.654801729022532701e+07
3.300000000000000524e-04 1.955690959098261315e+06 5.984414334840678424e+07
3.400000000000000244e-04 2.067041263544658897e+06 6.325146266446655244e+07
3.500000000000000507e-04 2.182141038592353929e+06 6.677351578092602640e+07
3.600000000000000227e-04 2.301094723642563913e+06 7.041349854346244037e+07
3.700000000000000489e-04 2.423992624208251946e+06 7.417417430077250302e+07
3.800000000000000209e-04 2.550908362428267952e+06 7.805779589030499756e+07
3.900000000000000471e-04 2.681896707342192996e+06 8.206603924467109144e+07
4.000000000000000192e-04 2.816991835992524866e+06 8.619995018137125671e+07
4.100000000000000454e-04 2.956206066326840315e+06 9.045990562960129976e+07
4.200000000000000174e-04 3.099529091815560125e+06 9.484559020955611765e+07
4.300000000000000436e-04 3.246927735940098297e+06 9.935598871976698935e+07
4.400000000000000157e-04 3.398346232516822871e+06 1.039893947150147706e+08
4.500000000000000419e-04 3.553707025490505621e+06 1.087434349800094515e+08
4.600000000000000139e-04 3.712912069645503536e+06 1.136151093311523944e+08
4.700000000000000401e-04 3.875844601929937024e+06 1.186008448190560490e+08
4.800000000000000664e-04 4.042371342042835429e+06 1.236965630665107369e+08
4.900000000000000926e-04 4.212345070856158622e+06 1.288977591681984216e+08
5.000000000000000104e-04 4.385607526368921623e+06 1.341995903068889678e+08
5.100000000000000366e-04 4.561992549427929334e+06 1.395969720124946237e+08
5.200000000000000629e-04 4.741329405574037693e+06 1.450846798105655313e+08
5.300000000000000891e-04 4.923446205222602002e+06 1.506574538798115849e+08
5.400000000000000069e-04 5.108173342059486546e+06 1.563101042670202553e+08
5.500000000000000331e-04 5.295346869084783830e+06 1.620376141939943731e+08
5.600000000000000594e-04 5.484811733176133595e+06 1.678352390351896584e+08
5.700000000000000856e-04 5.676424792339203879e+06 1.736985986455796063e+08
5.800000000000000034e-04 5.870057544887264259e+06 1.796237608735502660e+08
5.900000000000000296e-04 6.065598506526955403e+06 1.856073142997248173e+08
6.000000000000000559e-04 6.262955179565331899e+06 1.916464284946991205e+08
6.100000000000000821e-04 6.462055568001773208e+06 1.977389003808542192e+08
6.199999999999999999e-04 6.662849202903684229e+06 2.038831856088526845e+08
6.300000000000000261e-04 6.865307653938098811e+06 2.100784142105057836e+08
6.400000000000000524e-04 7.069424514973763376e+06 2.163243901581971347e+08
6.500000000000000786e-04 7.275214863997895271e+06 2.226215748383355439e+08
6.600000000000001048e-04 7.482714209919376299e+06 2.289710548235328496e+08
6.700000000000000226e-04 7.691976950867284089e+06 2.353744946965388358e+08
6.800000000000000488e-04 7.903074380057541654e+06 2.418340760297607183e+08
6.900000000000000751e-04 8.116092285922694951e+06 2.483524239492344260e+08
7.000000000000001013e-04 8.331128202730883844e+06 2.549325230035649836e+08
7.100000000000000191e-04 8.548288376136461273e+06 2.615776243097756505e+08
7.200000000000000453e-04 8.767684514813255519e+06 2.682911461532855332e+08
7.300000000000000716e-04 8.989430404364664108e+06 2.750765703735587001e+08
7.400000000000000978e-04 9.213638462963661179e+06 2.819373369666879773e+08
7.500000000000000156e-04 9.440416319573672488e+06 2.888767393789543509e+08
7.600000000000000418e-04 9.669863495104623958e+06 2.958978229502014518e+08
7.700000000000000681e-04 9.902068264478180557e+06 3.030032888930322528e+08
7.800000000000000943e-04 1.013710477336779423e+07 3.101954060650544763e+08
7.900000000000000121e-04 1.037503047744017839e+07 3.174759326096693873e+08
8.000000000000000383e-04 1.061588396439414471e+07 3.248460493104607463e+08
8.100000000000000646e-04 1.085968321014612727e+07 3.323063062304714322e+08
8.200000000000000908e-04 1.110642431035837159e+07 3.398565838969660997e+08
8.300000000000001170e-04 1.135608071738301590e+07 3.474960699519202113e+08
8.400000000000000348e-04 1.160860300086366758e+07 3.552232518264281750e+08
8.500000000000000611e-04 1.186391913797214627e+07 3.630359256219475865e+08
8.600000000000000873e-04 1.212193532684942149e+07 3.709312210015922189e+08
8.700000000000001135e-04 1.238253730455671437e+07 3.789056415194354057e+08
8.800000000000000313e-04 1.264559213901278377e+07 3.869551194537911415e+08
8.900000000000000576e-04 1.291095045327394083e+07 3.950750838701825142e+08
9.000000000000000838e-04 1.317844903036479466e+07 4.032605403291626573e+08
9.100000000000001100e-04 1.344791373792865686e+07 4.115061603806168437e+08
9.200000000000000278e-04 1.371916270444635488e+07 4.198063787560583949e+08
9.300000000000000541e-04 1.399200967284802720e+07 4.281554959891495109e+08
9.400000000000000803e-04 1.426626745315313712e+07 4.365477840664858818e+08
9.500000000000001065e-04 1.454175139341901429e+07 4.449775926386217475e+08
9.600000000000001327e-04 1.481828278781292215e+07 4.534394533070753217e+08
9.700000000000000505e-04 1.509569214205873199e+07 4.619281795469971299e+08
9.800000000000001852e-04 1.537382221981428936e+07 4.704389599263172150e+08
9.899999999999999946e-04 1.565253079863232188e+07 4.789674424381489754e+08
1.000000000000000021e-03 1.593169307092794403e+07 4.875098079703950286e+08
1.010000000000000047e-03 1.621120363366117887e+07 4.960628311900319457e+08
1.020000000000000073e-03 1.649097802005091868e+07 5.046239274135580659e+08
1.030000000000000100e-03 1.677095373734167404e+07 5.131911843626551032e+08
1.040000000000000126e-03 1.705109078619696945e+07 5.217633780576271415e+08
1.050000000000000152e-03 1.733137164942333847e+07 5.303399724723541141e+08
1.060000000000000178e-03 1.761180075015150011e+07 5.389211029546357393e+08
1.069999999999999988e-03 1.789240339202746004e+07 5.475075437960401773e+08
1.080000000000000014e-03 1.817322420610351115e+07 5.561006607067673206e+08
1.090000000000000040e-03 1.845432514068387076e+07 5.647023493049263954e+08
1.100000000000000066e-03 1.873578304110110924e+07 5.733149610576938391e+08
1.110000000000000092e-03 1.901768687602537870e+07 5.819412184063764811e+08
1.120000000000000119e-03 1.930013467521413788e+07 5.905841210615525246e+08
1.130000000000000145e-03 1.958323025039925054e+07 5.992468456622170210e+08
1.140000000000000171e-03 1.986707977612283453e+07 6.079326411493586302e+08
1.150000000000000197e-03 2.015178831065091863e+07 6.166447223059179783e+08
1.160000000000000007e-03 2.043745633853847906e+07 6.253861639592772722e+08
1.170000000000000033e-03 2.072417641595378146e+07 6.341597983281855583e+08
1.180000000000000059e-03 2.101202999750642478e+07 6.429681179236965179e+08
1.190000000000000085e-03 2.130108451911497489e+07 6.518131862849181890e+08
1.200000000000000112e-03 2.159139080549499020e+07 6.606965586481466293e+08
1.210000000000000138e-03 2.188298086328526586e+07 6.696192144165290594e+08
1.220000000000000164e-03 2.217586611183498427e+07 6.785815030221502781e+08
1.230000000000000190e-03 2.247003609345781431e+07 6.875831044598089457e+08
1.240000000000000000e-03 2.276545769375856966e+07 6.966230054290121794e+08
1.250000000000000026e-03 2.306207489071642235e+07 7.056994916559224129e+08
1.260000000000000052e-03 2.335980903884331137e+07 7.148101565886052847e+08
1.270000000000000078e-03 2.365855968221803382e+07 7.239519262758717537e+08
1.280000000000000105e-03 2.395820587781598791e+07 7.331210998611690998e+08
1.290000000000000131e-03 2.425860799860419333e+07 7.423134047572880983e+08
1.300000000000000157e-03 2.455960997462800890e+07 7.515240652236169577e+08
1.310000000000000183e-03 2.486104192004620284e+07 7.607478827534136772e+08
1.320000000000000210e-03 2.516272308501246572e+07 7.699793264013813734e+08
1.330000000000000019e-03 2.546446506366908923e+07 7.792126309482740164e+08
1.340000000000000045e-03 2.576607518349016830e+07 7.884419006147990227e+08
1.350000000000000071e-03 2.606735999692906439e+07 7.976612159060292244e+08
1.360000000000000098e-03 2.636812879389039055e+07 8.068647410930458307e+08
1.370000000000000124e-03 2.666819705301558599e+07 8.160468298222768307e+08
1.380000000000000150e-03 2.696738975115991384e+07 8.252021263854931593e+08
1.390000000000000176e-03 2.726554445371250808e+07 8.343256602836025953e+08
1.400000000000000203e-03 2.756251411349685490e+07 8.434129318730036020e+08
1.410000000000000012e-03 2.785816951276678219e+07 8.524599870906633139e+08
1.420000000000000038e-03 2.815240129112622514e+07 8.614634795084623098e+08
1.430000000000000064e-03 2.844512151185513288e+07 8.704207182627668381e+08
1.440000000000000091e-03 2.873626472989409417e+07 8.793297007347590923e+08
1.450000000000000117e-03 2.902578853637541085e+07 8.881891292130873203e+08
1.460000000000000143e-03 2.931367356681583822e+07 8.969984111445645094e+08
1.470000000000000169e-03 2.959992297262181342e+07 9.057576429622272253e+08
1.480000000000000196e-03 2.988456136810719967e+07 9.144675778640800714e+08
1.490000000000000222e-03 3.016763327749405429e+07 9.231295782913179398e+08
1.500000000000000031e-03 3.044920111807076633e+07 9.317455542129652500e+08
1.510000000000000057e-03 3.072934276654643193e+07 9.403178886563206911e+08
1.520000000000000084e-03 3.100814876540897787e+07 9.488493522215145826e+08
1.530000000000000110e-03 3.128571923454165459e+07 9.573430085769745111e+08
1.540000000000000136e-03 3.156216056027580425e+07 9.658021131444394588e+08
1.550000000000000162e-03 3.183758193929919973e+07 9.742300073425552845e+08
1.560000000000000189e-03 3.211209185827190802e+07 9.826300108631201982e+08
1.570000000000000215e-03 3.238579459154601395e+07 9.910053145013078451e+08
1.580000000000000024e-03 3.265878679900541529e+07 9.993588760495655537e+08
1.590000000000000050e-03 3.293115430374298990e+07 1.007693321694535375e+09
1.600000000000000077e-03 3.320296912513035536e+07 1.016010855228988647e+09
1.610000000000000103e-03 3.347428683690463752e+07 1.024313177209281683e+09
1.620000000000000129e-03 3.374514431233563274e+07 1.032601415957470298e+09
1.630000000000000155e-03 3.401555790952180326e+07 1.040876072031367064e+09
1.640000000000000182e-03 3.428552213960444182e+07 1.049136977471895814e+09
1.650000000000000208e-03 3.455500884942491353e+07 1.057383270792402148e+09
1.660000000000000234e-03 3.482396693814397603e+07 1.065613388307205558e+09
1.670000000000000043e-03 3.509232261487381905e+07 1.073825072015138626e+09
1.680000000000000070e-03 3.535998019173477590e+07 1.082015393867084026e+09
1.690000000000000096e-03 3.562682339423466474e+07 1.090180795863580704e+09
1.700000000000000122e-03 3.589271715877126157e+07 1.098317145058400393e+09
1.710000000000000148e-03 3.615750987566158921e+07 1.106419802195244312e+09
1.720000000000000175e-03 3.642103602567113191e+07 1.114483702385536432e+09
1.730000000000000201e-03 3.668311914879584312e+07 1.122503445953152657e+09
1.740000000000000227e-03 3.694357507625690848e+07 1.130473397333461285e+09
1.750000000000000036e-03 3.720221535048441589e+07 1.138387789724822998e+09
1.760000000000000063e-03 3.745885075343619287e+07 1.146240833055147409e+09
1.770000000000000089e-03 3.771329486102794856e+07 1.154026822747455120e+09
1.780000000000000115e-03 3.796536754079946876e+07 1.161740246748463631e+09
1.790000000000000141e-03 3.821489831122624129e+07 1.169375888323522568e+09
1.800000000000000168e-03 3.846172948427682370e+07 1.176928922218870401e+09
1.810000000000000194e-03 3.870571901783989370e+07 1.184395001945900679e+09
1.820000000000000220e-03 3.894674301138458401e+07 1.191770336148368120e+09
1.830000000000000246e-03 3.918469778651658446e+07 1.199051752267407179e+09
1.840000000000000056e-03 3.941950150375823677e+07 1.206236746015002012e+09
1.850000000000000082e-03 3.965109527768649906e+07 1.213323515497206688e+09
1.860000000000000108e-03 3.987944376425791532e+07 1.220310979186291933e+09
1.870000000000000134e-03 4.010453520646179467e+07 1.227198777317730665e+09
1.880000000000000161e-03 4.032638093708246201e+07 1.233987256674723148e+09
1.890000000000000187e-03 4.054501435002634674e+07 1.240677439110805750e+09
1.900000000000000213e-03 4.076048936408168823e+07 1.247270974540899515e+09
1.910000000000000239e-03 4.097287841483899206e+07 1.253770079494072914e+09
1.920000000000000265e-03 4.118227002153075486e+07 1.260177462658840895e+09
1.930000000000000075e-03 4.138876598549398780e+07 1.266496239156115770e+09
1.940000000000000101e-03 4.159247828558144718e+07 1.272729835538792133e+09
1.950000000000000127e-03 4.179352574295139313e+07 1.278881887734312296e+09
1.960000000000000370e-03 4.199203053307883441e+07 1.284956134312211990e+09
1.969999999999999963e-03 4.218811462643102556e+07 1.290956307568789005e+09
1.979999999999999989e-03 4.238189624094902724e+07 1.296886024973039865e+09
1.990000000000000015e-03 4.257348638923601061e+07 1.302748683510621786e+09
2.000000000000000042e-03 4.276298560117694736e+07 1.308547359396014452e+09
2.010000000000000068e-03 4.295048089865251631e+07 1.314284715498766661e+09
2.020000000000000094e-03 4.313604309315754473e+07 1.319962918650620699e+09
2.030000000000000120e-03 4.331972446962606162e+07 1.325583568770557165e+09
2.040000000000000147e-03 4.350155691077719629e+07 1.331147641469782114e+09
2.050000000000000173e-03 4.368155050603628159e+07 1.336655445484709978e+09
2.060000000000000199e-03 4.385969267779381573e+07 1.342106595940490484e+09
2.070000000000000225e-03 4.403594784570453316e+07 1.347500004078558445e+09
2.080000000000000251e-03 4.421025763718049973e+07 1.352833883697722912e+09
2.090000000000000278e-03 4.438254163948856294e+07 1.358105774168349743e+09
2.100000000000000304e-03 4.455269867622212321e+07 1.363312579492396832e+09
2.110000000000000330e-03 4.472060857867345214e+07 1.368450622507407427e+09
2.120000000000000356e-03 4.488613441107309610e+07 1.373515712978836536e+09
2.130000000000000383e-03 4.504912509805604815e+07 1.378503228000514746e+09
2.139999999999999975e-03 4.520941839330904186e+07 1.383408202835256338e+09
2.150000000000000001e-03 4.536684412037006021e+07 1.388225430083323479e+09
2.160000000000000028e-03 4.552122761017305404e+07 1.392949564871295214e+09
2.170000000000000054e-03 4.567239325531396270e+07 1.397575233612607002e+09
2.180000000000000080e-03 4.582016809825956821e+07 1.402097143806742430e+09
2.190000000000000106e-03 4.596438536989786476e+07 1.406510192318874598e+09
2.200000000000000133e-03 4.610488789595651627e+07 1.410809569616269112e+09
2.210000000000000159e-03 4.624153129186704010e+07 1.414990857531131268e+09
2.220000000000000185e-03 4.637418687155899405e+07 1.419050118269705057e+09
2.230000000000000211e-03 4.650274420231307298e+07 1.422983972590779781e+09
2.240000000000000237e-03 4.662711324603425711e+07 1.426789665328647852e+09
2.250000000000000264e-03 4.674722603693030030e+07 1.430465116730067015e+09
2.260000000000000290e-03 4.686303785637606680e+07 1.434008958405107260e+09
2.270000000000000316e-03 4.697452787745644152e+07 1.437420553050166845e+09
2.280000000000000342e-03 4.708169926403911412e+07 1.440699997479596615e+09
2.290000000000000369e-03 4.718457872194297612e+07 1.443848108891454935e+09
2.300000000000000395e-03 4.728321551254345477e+07 1.446866394683829546e+09
2.309999999999999987e-03 4.737767995169374347e+07 1.449757006521828413e+09
2.320000000000000014e-03 4.746806142884869874e+07 1.452522679722769976e+09
2.330000000000000040e-03 4.755446599247556925e+07 1.455166659369752169e+09
2.340000000000000066e-03 4.763701355796089023e+07 1.457692614873603106e+09
2.350000000000000092e-03 4.771583480304010957e+07 1.460104544973026991e+09
2.360000000000000119e-03 4.779106782307981700e+07 1.462406675386242151e+09
2.370000000000000145e-03 4.786285462416002899e+07 1.464603351499296665e+09
2.380000000000000171e-03 4.793133753570526093e+07 1.466698928592580557e+09
2.390000000000000197e-03 4.799665562630964816e+07 1.468697662165074825e+09
2.400000000000000223e-03 4.805894120634634793e+07 1.470603600914197922e+09
2.410000000000000250e-03 4.811831649894847721e+07 1.472420484867823124e+09
2.420000000000000276e-03 4.817489055704136193e+07 1.474151651045465469e+09
2.430000000000000302e-03 4.822875649838744849e+07 1.475799948850655794e+09
2.440000000000000328e-03 4.827998912320588529e+07 1.477367667170099974e+09
2.450000000000000355e-03 4.832864297002393752e+07 1.478856474882732153e+09
2.460000000000000381e-03 4.837475085521119833e+07 1.480267376169462442e+09
2.470000000000000407e-03 4.841832293038044870e+07 1.481600681669641495e+09
2.480000000000000000e-03 4.845934627977198362e+07 1.482855996161022425e+09
2.490000000000000026e-03 4.849778506715323031e+07 1.484032223054888487e+09
2.500000000000000052e-03 4.853358122895518690e+07 1.485127585606028318e+09
2.510000000000000078e-03 4.856665569763195515e+07 1.486139664347537518e+09
2.520000000000000104e-03 4.859691012686403841e+07 1.487065449882039309e+09
2.530000000000000131e-03 4.862422907852066308e+07 1.487901409802731991e+09
2.540000000000000157e-03 4.864848262052347511e+07 1.488643568188018084e+09
2.550000000000000183e-03 4.866952927516435832e+07 1.489287595820029020e+09
2.560000000000000209e-03 4.868721924924852699e+07 1.489828909027004719e+09
2.570000000000000236e-03 4.870139787085153162e+07 1.490262774848056555e+09
2.580000000000000262e-03 4.871190915264735371e+07 1.490584420071008682e+09
2.590000000000000288e-03 4.871859939880085737e+07 1.490789141603305817e+09
2.600000000000000314e-03 4.872132077138591558e+07 1.490872415604408741e+09
2.610000000000000341e-03 4.871993473322044313e+07 1.490830002836545467e+09
2.620000000000000367e-03 4.871431528687466681e+07 1.490658047778364420e+09
2.630000000000000393e-03 4.870435193434688449e+07 1.490353169191014528e+09
2.640000000000000419e-03 4.868995228839901090e+07 1.489912540025009394e+09
2.650000000000000012e-03 4.867104427465108782e+07 1.489333954804322958e+09
2.660000000000000038e-03 4.864757787306358665e+07 1.488615882915745497e+09
2.670000000000000064e-03 4.861952635816164315e+07 1.487757506559746027e+09
2.680000000000000090e-03 4.858688700903249532e+07 1.486758742476393938e+09
2.690000000000000117e-03 4.854968127247858793e+07 1.485620246937844515e+09
2.700000000000000143e-03 4.850795437545006722e+07 1.484343403888771772e+09
2.710000000000000169e-03 4.846177439571256191e+07 1.482930296508804083e+09
2.720000000000000195e-03 4.841123081233114749e+07 1.481383662857332945e+09
2.730000000000000222e-03 4.835643256967405975e+07 1.479706836632025957e+09
2.740000000000000248e-03 4.829750569997790456e+07 1.477903674419323683e+09
2.750000000000000274e-03 4.823459055980544537e+07 1.475978471130046368e+09
2.760000000000000300e-03 4.816783874472703785e+07 1.473935865588647127e+09
2.770000000000000327e-03 4.809740975405792147e+07 1.471780738474172115e+09
2.780000000000000353e-03 4.802346748331101239e+07 1.469518104989316702e+09
2.790000000000000379e-03 4.794617662604267150e+07 1.467153004756905556e+09
2.800000000000000405e-03 4.786569906888164580e+07 1.464690391507778168e+09
2.810000000000000431e-03 4.778219036369399726e+07 1.462135025129035950e+09
2.820000000000000024e-03 4.769579635903923959e+07 1.459491368586600304e+09
2.830000000000000050e-03 4.760665006936333328e+07 1.456763492122517824e+09
2.840000000000000076e-03 4.751486885483402759e+07 1.453954986957921028e+09
2.850000000000000103e-03 4.742055197748528421e+07 1.451068890511049509e+09
2.860000000000000129e-03 4.732377859056848288e+07 1.448107624871395111e+09
2.870000000000000155e-03 4.722460620791140199e+07 1.445072949962088585e+09
2.880000000000000181e-03 4.712306968889982253e+07 1.441965932480334282e+09
2.890000000000000208e-03 4.701918076267956942e+07 1.438786931337994576e+09
2.900000000000000234e-03 4.691292810260956734e+07 1.435535599939852476e+09
2.910000000000000260e-03 4.680427794917286932e+07 1.432210905244689703e+09
2.920000000000000286e-03 4.669317526677067578e+07 1.428811163163182497e+09
2.930000000000000313e-03 4.657954540738178045e+07 1.425334089465882063e+09
2.940000000000000339e-03 4.646329624225866050e+07 1.421776865013114691e+09
2.950000000000000365e-03 4.634432071192391217e+07 1.418136213784871578e+09
2.960000000000000391e-03 4.622249973498418927e+07 1.414408491890515804e+09
2.970000000000000417e-03 4.609770540791802853e+07 1.410589785482291222e+09
2.980000000000000444e-03 4.596980442121582478e+07 1.406676015289204121e+09
2.990000000000000036e-03 4.583866161221043766e+07 1.402663045333639145e+09
3.000000000000000062e-03 4.570414357175545394e+07 1.398546793295716524e+09
3.010000000000000089e-03 4.556612222065665573e+07 1.394323339952093363e+09
3.020000000000000115e-03 4.542447827247191966e+07 1.389989035137640476e+09
3.030000000000000141e-03 4.527910450194672495e+07 1.385540597759569407e+09
3.040000000000000167e-03 4.512990874288722128e+07 1.380975207532348633e+09
3.050000000000000194e-03 4.497681654558243603e+07 1.376290586294822216e+09
3.060000000000000220e-03 4.481977343182526529e+07 1.371485067013852835e+09
3.070000000000000246e-03 4.465874669496382028e+07 1.366557648865892649e+09
3.080000000000000272e-03 4.449372670302041620e+07 1.361508037112424374e+09
3.090000000000000299e-03 4.432472767449843884e+07 1.356336666839651823e+09
3.100000000000000325e-03 4.415178790878745914e+07 1.351044710008896112e+09
3.110000000000000351e-03 4.397496946578704566e+07 1.345634065653083324e+09
3.120000000000000377e-03 4.379435730220369995e+07 1.340107333447432756e+09
3.130000000000000403e-03 4.361005788463474065e+07 1.334467771269822598e+09
3.140000000000000430e-03 4.342219731174095720e+07 1.328719237739273071e+09
3.150000000000000456e-03 4.323091898924430460e+07 1.322866121070875406e+09
3.160000000000000048e-03 4.303638091189943999e+07 1.316913255904122591e+09
3.170000000000000075e-03 4.283875261573801935e+07 1.310865830041583061e+09
3.180000000000000101e-03 4.263821187155691534e+07 1.304729283269641399e+09
3.190000000000000127e-03 4.243494119663851708e+07 1.298509200617138386e+09
3.200000000000000153e-03 4.222912426591362059e+07 1.292211202536956549e+09
3.210000000000000180e-03 4.202094230610490590e+07 1.285840834566809893e+09
3.220000000000000206e-03 4.181057055676968396e+07 1.279403459037152052e+09
3.230000000000000232e-03 4.159817488058452308e+07 1.272904151345886230e+09
3.240000000000000258e-03 4.138390860171949118e+07 1.266347603212616205e+09
3.250000000000000284e-03 4.116790964581720531e+07 1.259738035162006140e+09
3.260000000000000311e-03 4.095029804804671556e+07 1.253079120270229340e+09
3.270000000000000337e-03 4.073117388710919023e+07 1.246373920945540905e+09
3.280000000000000363e-03 4.051061569313077629e+07 1.239624840209801435e+09
3.290000000000000389e-03 4.028867936632280797e+07 1.232833588609477758e+09
3.300000000000000416e-03 4.006539763137444854e+07 1.226001167520057678e+09
3.310000000000000442e-03 3.984078004005008936e+07 1.219127869225532532e+09
3.320000000000000468e-03 3.961481352168273181e+07 1.212213293763491392e+09
3.330000000000000061e-03 3.938746346848181635e+07 1.205256382135543346e+09
3.340000000000000087e-03 3.915867533011178672e+07 1.198255465101420403e+09
3.350000000000000113e-03 3.892837668013104051e+07 1.191208326412009716e+09
3.360000000000000139e-03 3.869647970589147508e+07 1.184112279000278950e+09
3.370000000000000166e-03 3.846288406363852322e+07 1.176964252347338438e+09
3.380000000000000192e-03 3.822748003205375373e+07 1.169760888980844736e+09
3.390000000000000218e-03 3.799015189054124802e+07 1.162498647850561857e+09
3.400000000000000244e-03 3.775078144333916157e+07 1.155173912166178226e+09
3.410000000000000270e-03 3.750925160715902597e+07 1.147783099179066181e+09
3.420000000000000297e-03 3.726544997859653831e+07 1.140322769345053911e+09
3.430000000000000323e-03 3.701927229805150628e+07 1.132789732320375919e+09
3.440000000000000349e-03 3.677062572933062911e+07 1.125181147317517042e+09
3.450000000000000375e-03 3.651943187842604518e+07 1.117494615479836702e+09
3.460000000000000402e-03 3.626562948106513917e+07 1.109728262120593071e+09
3.470000000000000428e-03 3.600917669636948407e+07 1.101880806908905983e+09
3.480000000000000454e-03 3.575005295316199213e+07 1.093951620366756916e+09
3.490000000000000480e-03 3.548826030590703338e+07 1.085940765360755205e+09
3.500000000000000073e-03 3.522382426871359348e+07 1.077849022622635603e+09
3.510000000000000099e-03 3.495679410800970346e+07 1.069677899705096722e+09
3.520000000000000125e-03 3.468724258712353557e+07 1.061429623165979862e+09
3.530000000000000152e-03 3.441526516878703237e+07 1.053107114164883137e+09
3.540000000000000178e-03 3.414097869421479851e+07 1.044713948042972565e+09
3.550000000000000204e-03 3.386451956960856169e+07 1.036254298830021739e+09
3.560000000000000230e-03 3.358604150241153687e+07 1.027732869973792672e+09
3.570000000000000256e-03 3.330571284012114629e+07 1.019154812907706857e+09
3.580000000000000283e-03 3.302371357371671498e+07 1.010525635355731249e+09
3.590000000000000309e-03 3.274023207555670291e+07 1.001851101512034893e+09
3.600000000000000335e-03 3.245546164776708186e+07 9.931371264216724634e+08
3.610000000000000361e-03 3.216959696153288335e+07 9.843896670229060650e+08
3.620000000000000388e-03 3.188283047021929920e+07 9.756146123887103796e+08
3.630000000000000414e-03 3.159534887982765585e+07 9.668176757227261066e+08
3.640000000000000440e-03 3.130732975892235711e+07 9.580042906230239868e+08
3.650000000000000466e-03 3.101893836688068882e+07 9.491795140265489817e+08
3.660000000000000493e-03 3.073032477419398353e+07 9.403479380903357267e+08
3.670000000000000085e-03 3.044162134170893207e+07 9.315136130562931299e+08
3.680000000000000111e-03 3.015294061729811132e+07 9.226799828893220425e+08
3.690000000000000138e-03 2.986437369868987426e+07 9.138498351799099445e+08
3.700000000000000164e-03 2.957598910029327124e+07 9.050252664689738750e+08
3.710000000000000190e-03 2.928783215008312464e+07 8.962076637925434113e+08
3.720000000000000216e-03 2.899992493023412675e+07 8.873977028651641607e+08
3.730000000000000242e-03 2.871226676250272244e+07 8.785953629325830936e+08
3.740000000000000269e-03 2.842483522664722428e+07 8.697999579354048967e+08
3.750000000000000295e-03 2.813758768774595112e+07 8.610101832450258732e+08
3.760000000000000321e-03 2.785046329641097784e+07 8.522241768701757193e+08
3.770000000000000347e-03 2.756338541487713158e+07 8.434395936952400208e+08
3.780000000000000374e-03 2.727626441203030571e+07 8.346536910081272125e+08
3.790000000000000400e-03 2.698900076185511798e+07 8.258634233127664328e+08
3.800000000000000426e-03 2.670148837273099273e+07 8.170655442055681944e+08
3.810000000000000452e-03 2.641361806965082884e+07 8.082567129313153028e+08
3.820000000000000479e-03 2.612528114790243655e+07 7.994336031258144379e+08
3.830000000000000505e-03 2.583637291512122378e+07 7.905930112027091980e+08
3.840000000000000531e-03 2.554679613893045485e+07 7.817319618512717485e+08
3.850000000000000124e-03 2.525646431962642446e+07 7.728478081805684566e+08
3.860000000000000150e-03 2.496530471148372814e+07 7.639383241714019775e+08
3.870000000000000176e-03 2.467326102215806022e+07 7.550017872780364752e+08
3.880000000000000202e-03 2.438029572720698640e+07 7.460370492525336742e+08
3.890000000000000228e-03 2.408639194576204196e+07 7.370435935403183699e+08
3.900000000000000255e-03 2.379155483365136012e+07 7.280215779097315073e+08
3.910000000000000281e-03 2.349581246155559644e+07 7.189718613236011267e+08
3.920000000000000741e-03 2.319921615781404078e+07 7.098960144291094542e+08
3.930000000000000333e-03 2.290184030800346658e+07 7.007963134249060154e+08
3.939999999999999926e-03 2.260378161609533802e+07 6.916757174525172710e+08
3.950000000000000386e-03 2.230515784456340596e+07 6.825378300436401367e+08
3.959999999999999978e-03 2.200610606296835840e+07 6.733868455268316269e+08
3.970000000000000438e-03 2.170678044600529224e+07 6.642274816477618217e+08
3.980000000000000031e-03 2.140734967249974981e+07 6.550648999784922600e+08
3.990000000000000491e-03 2.110799398612675816e+07 6.459046159754787683e+08
4.000000000000000083e-03 2.080890198649760336e+07 6.367524007868264914e+08
4.010000000000000543e-03 2.051026722551918402e+07 6.276141771008868217e+08
4.020000000000000136e-03 2.021228468844168633e+07 6.184959114663153887e+08
4.030000000000000596e-03 1.991514724166243523e+07 6.094035055948704481e+08
4.040000000000000188e-03 1.961904213009144366e+07 6.003426891807980537e+08
4.050000000000000648e-03 1.932414760568348691e+07 5.913189167339146137e+08
4.060000000000000241e-03 1.903062976564051211e+07 5.823372708285995722e+08
4.070000000000000701e-03 1.873863967385121807e+07 5.734023740198471546e+08
4.080000000000000293e-03 1.844831083248467371e+07 5.645183114740308523e+08
4.090000000000000753e-03 1.815975706244305149e+07 5.556885661107572317e+08
4.100000000000000346e-03 1.787307084180212393e+07 5.469159677591449022e+08
4.109999999999999938e-03 1.758832214064505324e+07 5.382026575037385225e+08
4.120000000000000398e-03 1.730555777908444777e+07 5.295500680399839282e+08
4.129999999999999991e-03 1.702480132303268090e+07 5.209589204847999215e+08
4.140000000000000450e-03 1.674605351971348003e+07 5.124292377032324076e+08
4.150000000000000043e-03 1.646929326230055653e+07 5.039603738263969421e+08
4.160000000000000503e-03 1.619447906071343087e+07 4.955510592578308582e+08
4.170000000000000095e-03 1.592155098379061557e+07 4.871994601039927602e+08
4.180000000000000555e-03 1.565043302706631087e+07 4.789032506282290220e+08
4.190000000000000148e-03 1.538103585045837052e+07 4.706596970240260363e+08
4.200000000000000608e-03 1.511325982156257331e+07 4.624657505398146510e+08
4.210000000000000200e-03 1.484699829314331338e+07 4.543181477701853514e+08
4.220000000000000660e-03 1.458214103797503002e+07 4.462135157620358467e+08
4.230000000000000253e-03 1.431857776055547222e+07 4.381484794729973674e+08
4.240000000000000713e-03 1.405620160345608369e+07 4.301197690657560825e+08
4.250000000000000305e-03 1.379491256624600105e+07 4.221243245271275043e+08
4.260000000000000765e-03 1.353462075701168180e+07 4.141593951645573974e+08
4.270000000000000358e-03 1.327524940044975653e+07 4.062226316537624598e+08
4.279999999999999950e-03 1.301673753223961778e+07 3.983121684865322113e+08
4.290000000000000410e-03 1.275904231677291542e+07 3.904266948932511210e+08
4.300000000000000003e-03 1.250214093415272050e+07 3.825655125850731730e+08
4.310000000000000463e-03 1.224603199247202650e+07 3.747285789696439505e+08
4.320000000000000055e-03 1.199073643250187859e+07 3.669165348345574141e+08
4.330000000000000515e-03 1.173629790380022116e+07 3.591307158562867045e+08
4.340000000000000108e-03 1.148278260362236947e+07 3.513731476708444357e+08
4.350000000000000568e-03 1.123027858257463574e+07 3.436465246267837882e+08
4.360000000000000160e-03 1.097889453341906704e+07 3.359541727226234078e+08
4.370000000000000620e-03 1.072875809151106514e+07 3.282999976002385616e+08
4.380000000000000213e-03 1.048001368675544672e+07 3.206884188147166371e+08
4.390000000000000673e-03 1.023281999743099138e+07 3.131242919213882685e+08
4.400000000000000265e-03 9.987347065517419949e+06 3.056128202048329711e+08
4.410000000000000725e-03 9.743773141041235998e+06 2.981594581158617735e+08
4.420000000000000318e-03 9.502281329259810969e+06 2.907698086753501892e+08
4.430000000000000777e-03 9.263056119074434042e+06 2.834495172436776161e+08
4.440000000000000370e-03 9.026279873800756410e+06 2.762041641383031011e+08
4.449999999999999963e-03 8.792129366263123229e+06 2.690391586076515317e+08
4.460000000000000422e-03 8.560772439101625234e+06 2.619596366365096867e+08
4.470000000000000015e-03 8.332364868210080080e+06 2.549703649672284126e+08
4.480000000000000475e-03 8.107047502433474176e+06 2.480756535744642615e+08
4.490000000000000067e-03 7.884943746154830791e+06 2.412792786323377788e+08
4.500000000000000527e-03 7.666157443347513676e+06 2.345844177664338946e+08
4.510000000000000120e-03 7.450771212250324897e+06 2.279935990948598981e+08
4.520000000000000580e-03 7.238845269256399944e+06 2.215086652392458022e+08
4.530000000000000172e-03 7.030416769145898521e+06 2.151307531358644366e+08
4.540000000000000632e-03 6.825499676699919626e+06 2.088602901070174873e+08
4.550000000000000225e-03 6.624085172296206467e+06 2.026970062722638845e+08
4.560000000000000685e-03 6.426142581594321877e+06 1.966399629967862070e+08
4.570000000000000277e-03 6.231620807163956575e+06 1.906875966992170513e+08
4.580000000000000737e-03 6.040450228177718818e+06 1.848377769822381735e+08
4.590000000000000330e-03 5.852545023358662613e+06 1.790878777147750556e+08
4.600000000000000790e-03 5.667805862492021173e+06 1.734348593922558129e+08
4.610000000000000382e-03 5.486122903217087500e+06 1.678753608384428620e+08
4.619999999999999975e-03 5.307379022704380564e+06 1.624057980947540104e+08
4.630000000000000435e-03 5.131453208363862708e+06 1.570224681759341955e+08
4.640000000000000027e-03 4.958224028048367240e+06 1.517216552582800090e+08
4.650000000000000487e-03 4.787573098396583460e+06 1.464997368109354377e+08
4.660000000000000080e-03 4.619388470046584494e+06 1.413532871834254563e+08
4.670000000000000540e-03 4.453567850437338464e+06 1.362791762233825326e+08
4.680000000000000132e-03 4.290021588758874685e+06 1.312746606160215437e+08
4.690000000000000592e-03 4.128675353216266260e+06 1.263374658084177226e+08
4.700000000000000185e-03 3.969472438012007158e+06 1.214658566031673849e+08
4.710000000000000644e-03 3.812375646149368491e+06 1.166586947721706480e+08
4.720000000000000237e-03 3.657368704117875546e+06 1.119154823460069746e+08
4.730000000000000697e-03 3.504457175502391532e+06 1.072363895703731626e+08
4.740000000000000289e-03 3.353668852305578534e+06 1.026222668805506825e+08
4.750000000000000749e-03 3.205053615012206603e+06 9.807464061937350035e+07
4.760000000000000342e-03 3.058682764868082479e+06 9.359569260496330261e+07
4.770000000000000802e-03 2.914647844202292617e+06 8.918822403259013593e+07
4.780000000000000394e-03 2.773058972603567410e+06 8.485560456166914105e+07
4.789999999999999987e-03 2.634042738084950950e+06 8.060170778539948165e+07
4.800000000000000447e-03 2.497739692775405012e+06 7.643083459892737865e+07
4.810000000000000039e-03 2.364301511915582698e+06 7.234762626461681724e+07
4.820000000000000499e-03 2.233887882793837227e+06 6.835696921349139512e+07
4.830000000000000092e-03 2.106663196554337628e+06 6.446389381456272304e+07
4.840000000000000552e-03 1.982793120393604971e+06 6.067346948404429853e+07
4.850000000000000144e-03 1.862441130429864861e+06 5.699069859115385264e+07
4.860000000000000604e-03 1.745765086416090140e+06 5.342041164433234930e+07
4.870000000000000197e-03 1.632913928453407250e+06 4.996716621067425609e+07
4.880000000000000657e-03 1.524024572969562840e+06 4.663515193286861479e+07
4.890000000000000249e-03 1.419219080528455786e+06 4.342810386417073756e+07
4.900000000000000709e-03 1.318602161638515303e+06 4.034922614613856375e+07
4.910000000000000302e-03 1.222259078784295591e+06 3.740112781079943478e+07
4.920000000000000762e-03 1.130253993600110756e+06 3.458577220416337997e+07
4.930000000000000354e-03 1.042628797658011084e+06 3.190444120833513513e+07
4.940000000000000814e-03 9.594024539979845285e+05 2.935771509233831987e+07
4.950000000000000407e-03 8.805708645538201090e+05 2.694546845534688979e+07
4.959999999999999999e-03 8.061072663019843167e+05 2.466688234884071350e+07
4.970000000000000459e-03 7.359631465746910544e+05 2.252047228518554196e+07
4.980000000000000052e-03 6.700696558196935803e+05 2.050413146808262169e+07
4.990000000000000512e-03 6.083394844444404589e+05 1.861518822399987653e+07
5.000000000000000104e-03 5.506691595235344721e+05 1.685047628142015263e+07
5.010000000000000564e-03 4.969417073290782282e+05 1.520641624426979199e+07
5.020000000000000157e-03 4.470296190945210983e+05 1.367910634429234266e+07
5.030000000000000616e-03 4.007980503426860087e+05 1.226442034048618935e+07
5.040000000000000209e-03 3.581081786637827172e+05 1.095811026711174846e+07
5.050000000000000669e-03 3.188206411462003598e+05 9.755911619073729962e+06
5.060000000000000261e-03 2.827989708276387537e+05 8.653648507325744256e+06
5.070000000000000721e-03 2.499129515885181027e+05 7.647336318608652800e+06
5.080000000000000314e-03 2.200418128526153159e+05 6.733279473290027119e+06
5.090000000000000774e-03 1.930771892445547855e+05 5.908161990883375518e+06
5.100000000000000366e-03 1.689257758913560247e+05 5.169128742275494151e+06
5.110000000000000826e-03 1.475116172153259686e+05 4.513855486788974144e+06
5.120000000000000419e-03 1.287779756799358729e+05 3.940606055806037039e+06
5.130000000000000011e-03 1.126887368164271902e+05 3.448275346582671162e+06
5.140000000000000471e-03 9.922931774571444839e+04 3.036417123018861748e+06
5.150000000000000064e-03 8.840705806168001436e+04 2.705255976687408052e+06
5.160000000000000524e-03 8.025108408537783544e+04 2.455683173012561165e+06
5.170000000000000116e-03 7.481164985014549165e+04 2.289236485414451454e+06
5.180000000000000576e-03 7.215897044549329439e+04 2.208064495632094331e+06
5.190000000000000169e-03 7.238157524586320505e+04 2.214876202523414046e+06
5.200000000000000629e-03 7.558421979962053592e+04 2.312877125868387986e+06
5.210000000000000221e-03 8.188540549108214327e+04 2.505693408027113415e+06
5.220000000000000681e-03 9.141456527142647246e+04 2.797285697305649519e+06
5.230000000000000274e-03 1.043089815684564091e+05 3.191854835994765628e+06
5.240000000000000734e-03 1.207105087474486354e+05 3.693741567671927623e+06
5.250000000000000326e-03 1.407621770591461682e+05 4.307322618009871803e+06
5.260000000000000786e-03 1.646047577702788403e+05 5.036905587770531885e+06
5.270000000000000379e-03 1.923733700618752628e+05 5.886625123893382028e+06
5.280000000000000838e-03 2.241942092814936768e+05 6.860342804013705812e+06
5.290000000000000431e-03 2.601814732702590700e+05 7.961553082069925964e+06
5.300000000000000024e-03 3.004345588228459237e+05 9.193297499979084358e+06
5.310000000000000484e-03 3.450355939869468566e+05 1.055808917600057088e+07
5.320000000000000076e-03 3.940473640185114928e+05 1.205784933896644972e+07
5.330000000000000536e-03 4.475116795648426632e+05 1.369385739468418434e+07
5.340000000000000129e-03 5.054482252664009575e+05 1.546671569315186702e+07
5.350000000000000588e-03 5.678539156943215057e+05 1.737632982024623454e+07
5.360000000000000181e-03 6.347027736371856881e+05 1.942190487329787761e+07
5.370000000000000641e-03 7.059463334985673428e+05 2.160195780505615473e+07
5.380000000000000233e-03 7.815145602515700739e+05 2.391434554369804263e+07
5.390000000000000693e-03 8.613172623085250380e+05 2.635630822664086148e+07
5.400000000000000286e-03 9.452459650852939812e+05 2.892452653160998970e+07
5.410000000000000746e-03 1.033176201242355513e+06 3.161519175801607221e+07
5.420000000000000338e-03 1.124970163821404800e+06 3.442408701293498278e+07
5.430000000000000798e-03 1.220479659996330971e+06 3.734667759588772058e+07
5.440000000000000391e-03 1.319549296118623111e+06 4.037820846122986078e+07
5.450000000000000851e-03 1.422019819326297380e+06 4.351380647138468921e+07
5.460000000000000443e-03 1.527731537326888880e+06 4.674858504220279306e+07
5.470000000000000036e-03 1.636527736146477284e+06 5.007774872608219832e+07
5.480000000000000496e-03 1.748258015698266681e+06 5.349669528036694974e+07
5.490000000000000088e-03 1.862781464966809144e+06 5.700111282798434794e+07
5.500000000000000548e-03 1.979969602379053365e+06 6.058706983279902488e+07
5.510000000000000141e-03 2.099709012454424985e+06 6.425109578110539913e+07
5.520000000000000601e-03 2.221903616962472908e+06 6.799025067905166745e+07
5.530000000000000193e-03 2.346476527400084306e+06 7.180218173844255507e+07
5.540000000000000653e-03 2.473371435431679245e+06 7.568516592420937121e+07
5.550000000000000246e-03 2.602553508781224024e+06 7.963813736870543659e+07
5.560000000000000706e-03 2.734009771673248615e+06 8.366069901320138574e+07
5.570000000000000298e-03 2.867748961016339716e+06 8.775311820709997416e+07
5.580000000000000758e-03 3.003800861825312488e+06 9.191630637185454369e+07
5.590000000000000351e-03 3.142215137596469373e+06 9.615178321045194566e+07
5.600000000000000810e-03 3.283059683200925123e+06 1.004616263059482872e+08
5.610000000000000403e-03 3.426418539061583113e+06 1.048484072952844203e+08
5.620000000000000863e-03 3.572389415672412608e+06 1.093151161195758134e+08
5.630000000000000455e-03 3.721080886658058967e+06 1.138650751317365766e+08
5.640000000000000048e-03 3.872609316347119864e+06 1.185018450802218467e+08
5.650000000000000508e-03 4.027095594058872666e+06 1.232291251782014817e+08
5.660000000000000100e-03 4.184661751836178824e+06 1.280506496061870456e+08
5.670000000000000560e-03 4.345427545090005733e+06 1.329700828797541708e+08
5.680000000000000153e-03 4.509507076489499770e+06 1.379909165405786633e+08
5.690000000000000613e-03 4.677005542416050099e+06 1.431163695979311168e+08
5.700000000000000205e-03 4.848016178422602825e+06 1.483492950597316027e+08
5.710000000000000665e-03 5.022617475471175276e+06 1.536920947494179308e+08
5.720000000000000258e-03 5.200870732367129065e+06 1.591466444104341269e+08
5.730000000000000718e-03 5.382818001922649331e+06 1.647142308588330448e+08
5.740000000000000310e-03 5.568480479143636301e+06 1.703955026617952287e+08
5.750000000000000770e-03 5.757857369365123101e+06 1.761904355025727451e+08
5.760000000000000363e-03 5.950925263000166044e+06 1.820983130478050709e+08
5.770000000000000823e-03 6.147638031682468951e+06 1.881177237694835067e+08
5.780000000000000415e-03 6.347927248349799775e+06 1.942465737995038331e+08
5.790000000000000875e-03 6.551703121524404734e+06 2.004821155186467469e+08
5.800000000000000468e-03 6.758855921981210820e+06 2.068209912126250267e+08
5.810000000000000060e-03 6.969257868442716077e+06 2.132592907743470669e+08
5.820000000000000520e-03 7.182765428168292157e+06 2.197926221019496918e+08
5.830000000000000113e-03 7.399221978569446132e+06 2.264161925442250073e+08
5.840000000000000573e-03 7.618460767510458827e+06 2.331248994858199954e+08
5.850000000000000165e-03 7.840308102941752411e+06 2.399134279500175714e+08
5.860000000000000625e-03 8.064586697129626758e+06 2.467763529321665168e+08
5.870000000000000218e-03 8.291119087113655172e+06 2.537082440656778216e+08
5.880000000000000678e-03 8.519731051229754463e+06 2.607037701676304638e+08
5.890000000000000270e-03 8.750254941622504964e+06 2.677578012136485875e+08
5.900000000000000730e-03 8.982532854636514559e+06 2.748655053518773317e+08
5.910000000000000323e-03 9.216419564772581682e+06 2.820224386820409298e+08
5.920000000000000782e-03 9.451785153436116874e+06 2.892246256951451302e+08
5.930000000000000375e-03 9.688517270859440789e+06 2.964686284882988334e+08
5.940000000000000835e-03 9.926522978180851787e+06 3.037516031323339939e+08
5.950000000000000427e-03 1.016573012650755607e+07 3.110713418711311817e+08
5.960000000000000887e-03 1.040608824065039307e+07 3.184263001639019847e+08
5.970000000000000480e-03 1.064756888683469594e+07 3.258156079371415973e+08
5.980000000000000072e-03 1.089016551579881832e+07 3.332390647834437490e+08
5.990000000000000532e-03 1.113389278499893658e+07 3.406971192209674120e+08
6.000000000000000125e-03 1.137878537586184964e+07 3.481908325013725162e+08
6.010000000000000585e-03 1.162489633387908898e+07 3.557218278167001009e+08
6.020000000000000177e-03 1.187229497053433768e+07 3.632922260983506441e+08
6.030000000000000637e-03 1.212106437634604424e+07 3.709045699161888361e+08
6.040000000000000230e-03 1.237129860343831964e+07 3.785617372652124763e+08
6.050000000000000690e-03 1.262309958381991275e+07 3.862668472648892403e+08
6.060000000000000282e-03 1.287657385576302186e+07 3.940231599863483906e+08
6.070000000000000742e-03 1.313182917519283481e+07 4.018339727609006763e+08
6.080000000000000335e-03 1.338897109171017259e+07 4.097025154063311815e+08
6.090000000000000795e-03 1.364809956971898489e+07 4.176318468334008455e+08
6.100000000000000387e-03 1.390930573408805393e+07 4.256247554630943537e+08
6.110000000000000847e-03 1.417266881687414274e+07 4.336836657963486910e+08
6.120000000000000440e-03 1.443825337693431228e+07 4.418105533341898322e+08
6.130000000000000900e-03 1.470610685787117109e+07 4.500068698508577347e+08
6.140000000000000492e-03 1.497625754183323495e+07 4.582734807800969481e+08
6.150000000000000085e-03 1.524871294742263667e+07 4.666106161911326051e+08
6.160000000000000545e-03 1.552345870955553837e+07 4.750178365123993754e+08
6.170000000000000137e-03 1.580045796782686003e+07 4.834940138155018091e+08
6.180000000000000597e-03 1.607965127801025845e+07 4.920373291071138382e+08
6.190000000000000190e-03 1.636095704905689508e+07 5.006452857011408806e+08
6.200000000000000649e-03 1.664427249563364126e+07 5.093147383663893342e+08
6.210000000000000242e-03 1.692947508414507657e+07 5.180419375748392940e+08
6.220000000000000702e-03 1.721642443860494345e+07 5.268225878213111162e+08
6.230000000000000294e-03 1.750496466192715988e+07 5.356519186549710035e+08
6.240000000000000754e-03 1.779492701845218986e+07 5.445247667646369934e+08
6.250000000000000347e-03 1.808613291503531486e+07 5.534356672000805140e+08
6.260000000000000807e-03 1.837839711100521311e+07 5.623789515967594385e+08
6.270000000000000399e-03 1.867153108191085607e+07 5.713488511064721346e+08
6.280000000000000859e-03 1.896534645834763348e+07 5.803396016254374981e+08
6.290000000000000452e-03 1.925965845936712995e+07 5.893455488566341400e+08
6.300000000000000912e-03 1.955428924007827789e+07 5.983612507463952303e+08
6.310000000000000504e-03 1.984907107503375784e+07 6.073815748960328102e+08
6.320000000000000097e-03 2.014384930282215029e+07 6.164017886663577557e+08
6.330000000000000557e-03 2.043848496286062151e+07 6.254176398635349274e+08
6.340000000000000149e-03 2.073285706257920340e+07 6.344254261149235964e+08
6.350000000000000609e-03 2.102686442183346301e+07 6.434220513081037998e+08
6.360000000000000202e-03 2.132042705127684027e+07 6.524050677690712214e+08
6.370000000000000662e-03 2.161348703233890235e+07 6.613727031895703077e+08
6.380000000000000254e-03 2.190600887812770903e+07 6.703238716707077026e+08
6.390000000000000714e-03 2.219797936674088240e+07 6.792581686222708225e+08
6.400000000000000307e-03 2.248940685083480552e+07 6.881758496355448961e+08
6.410000000000000767e-03 2.278032005958352983e+07 6.970777938232558966e+08
6.420000000000000359e-03 2.307076642106586695e+07 7.059654524846154451e+08
6.430000000000000819e-03 2.336080994437306747e+07 7.148407842978156805e+08
6.440000000000000412e-03 2.365052871106570959e+07 7.237061785586105585e+08
6.450000000000000872e-03 2.394001203478697315e+07 7.325643682644811869e+08
6.460000000000000464e-03 2.422935735564010590e+07 7.414183350825871229e+08
6.470000000000000924e-03 2.451866694218280911e+07 7.502712084307938814e+08
6.480000000000000517e-03 2.480804447842906043e+07 7.591261610399291515e+08
6.490000000000000109e-03 2.509759161597628146e+07 7.679863034488741159e+08
6.500000000000000569e-03 2.538740457222412899e+07 7.768545799100581408e+08
6.510000000000000162e-03 2.567757085460551828e+07 7.857336681509287357e+08
6.520000000000000621e-03 2.596816618782828748e+07 7.946258853475455046e+08
6.530000000000000214e-03 2.625925171640055999e+07 8.035331025218569040e+08
6.540000000000000674e-03 2.655087154829103872e+07 8.124566693777055740e+08
6.550000000000000266e-03 2.684305069760730490e+07 8.213973513467833996e+08
6.560000000000000726e-03 2.713579347484988719e+07 8.303552803304064274e+08
6.570000000000000319e-03 2.742908236283016577e+07 8.393299203026028872e+08
6.580000000000000779e-03 2.772287740497582778e+07 8.483200485922601223e+08
6.590000000000000371e-03 2.801711612075192109e+07 8.573237532950086594e+08
6.600000000000000831e-03 2.831171395058001205e+07 8.663384468877481222e+08
6.610000000000000424e-03 2.860656522023038939e+07 8.753608957390497923e+08
6.620000000000000884e-03 2.890154460248745233e+07 8.843872648361158371e+08
6.630000000000000476e-03 2.919650904222392291e+07 8.934131766920518875e+08
6.640000000000000936e-03 2.949130010014924780e+07 9.024337830645668507e+08
6.650000000000000529e-03 2.978574666066436470e+07 9.114438478163294792e+08
6.660000000000000121e-03 3.007966794070202857e+07 9.204378389854818583e+08
6.670000000000000581e-03 3.037287672934910655e+07 9.294100279180824757e+08
6.680000000000000174e-03 3.066518278260781616e+07 9.383545931477988958e+08
6.690000000000000634e-03 3.095639629398429394e+07 9.472657265959192514e+08
6.700000000000000226e-03 3.124633135977658257e+07 9.561377396091632843e+08
6.710000000000000686e-03 3.153480935802180693e+07 9.649651663554670811e+08
6.720000000000000279e-03 3.182166216204364970e+07 9.737428621585355997e+08
6.730000000000000739e-03 3.210673511337913945e+07 9.824660944694014788e+08
6.740000000000000331e-03 3.238988968446095660e+07 9.911306243445050716e+08
6.750000000000000791e-03 3.267100576866615191e+07 9.997327765211840868e+08
6.760000000000000384e-03 3.294998354403587431e+07 1.008269496447497606e+09
6.770000000000000843e-03 3.322674486693164334e+07 1.016738392928108096e+09
6.780000000000000436e-03 3.350123416287728027e+07 1.025137765384044647e+09
6.790000000000000896e-03 3.377341879359631240e+07 1.033466615084046841e+09
6.800000000000000488e-03 3.404328889150854945e+07 1.041724640080161452e+09
6.810000000000000948e-03 3.431085666541543603e+07 1.049912213961712122e+09
6.820000000000000541e-03 3.457615519348695874e+07 1.058030348920700669e+09
6.830000000000000134e-03 3.483923673167651147e+07 1.066080643989301085e+09
6.840000000000000593e-03 3.510017057704777271e+07 1.074065219657661676e+09
6.850000000000000186e-03 3.535904053593866527e+07 1.081986640399723053e+09
6.860000000000000646e-03 3.561594205616446584e+07 1.089847826918632269e+09
6.870000000000000238e-03 3.587097909035478532e+07 1.097651960164856195e+09
6.880000000000000698e-03 3.612426076384964585e+07 1.105402379373798847e+09
6.890000000000000291e-03 3.637589792518895864e+07 1.113102476510781765e+09
6.900000000000000751e-03 3.662599966001987457e+07 1.120755589596607924e+09
6.910000000000000343e-03 3.687466985014159232e+07 1.128364897414332628e+09
6.920000000000000803e-03 3.712200385839247704e+07 1.135933318066809654e+09
6.930000000000000396e-03 3.736808541718013585e+07 1.143463413765712023e+09
6.940000000000000856e-03 3.761298379372731596e+07 1.150957304088055611e+09
6.950000000000000448e-03 3.785675129866670072e+07 1.158416589739200830e+09
6.960000000000000908e-03 3.809942119661720097e+07 1.165842288616486073e+09
6.970000000000000501e-03 3.834100606799392402e+07 1.173234785680613756e+09
6.980000000000000961e-03 3.858149666077125072e+07 1.180593797819600105e+09
6.990000000000000553e-03 3.882086125946990401e+07 1.187918354539778948e+09
7.000000000000000146e-03 3.905904558655089885e+07 1.195206794948457241e+09
7.010000000000000606e-03 3.929597323894585669e+07 1.202456781111742973e+09
7.020000000000000198e-03 3.953154664993431419e+07 1.209665327487989902e+09
7.030000000000000658e-03 3.976564855427824706e+07 1.216828845760914087e+09
7.040000000000000251e-03 3.999814392273820192e+07 1.223943204035788774e+09
7.050000000000000711e-03 4.022888232109397650e+07 1.231003799025475502e+09
7.060000000000000303e-03 4.045770063883633167e+07 1.238005639548391342e+09
7.070000000000000763e-03 4.068442612401906401e+07 1.244943439394983292e+09
7.080000000000000356e-03 4.090887965356217325e+07 1.251811717399002314e+09
7.090000000000000815e-03 4.113087916275238246e+07 1.258604902380222559e+09
7.100000000000000408e-03 4.135024315391989052e+07 1.265317440509948492e+09
7.110000000000000868e-03 4.156679420237677544e+07 1.271943902592729092e+09
7.120000000000000460e-03 4.178036237771967798e+07 1.278479088758222103e+09
7.130000000000000920e-03 4.199078850053674728e+07 1.284918128116424322e+09
7.140000000000000513e-03 4.219792715836245567e+07 1.291256571045890808e+09
7.150000000000000973e-03 4.240164941031505167e+07 1.297490471955640554e+09
7.160000000000000565e-03 4.260184511709197611e+07 1.303616460583014250e+09
7.170000000000000158e-03 4.279842484172485769e+07 1.309631800156780481e+09
7.180000000000000618e-03 4.299132127650497109e+07 1.315534431061051846e+09
7.190000000000000210e-03 4.318049016254217923e+07 1.321322998973790407e+09
7.200000000000000670e-03 4.336591068026800454e+07 1.326996866816200733e+09
7.210000000000000263e-03 4.354758530154832453e+07 1.332556110227378368e+09
7.220000000000000723e-03 4.372553910665537417e+07 1.338001496663654089e+09
7.230000000000000315e-03 4.389981858185847104e+07 1.343334448604868889e+09
7.240000000000000775e-03 4.407048992554476112e+07 1.348556991721669436e+09
7.250000000000000368e-03 4.423763690228190273e+07 1.353671689209825993e+09
7.260000000000000828e-03 4.440135829482418299e+07 1.358681563821619749e+09
7.270000000000000420e-03 4.456176501348464936e+07 1.363590009412630081e+09
7.280000000000000880e-03 4.471897693033653498e+07 1.368400694068297625e+09
7.290000000000000473e-03 4.487311951217189431e+07 1.373117457072459698e+09
7.300000000000000933e-03 4.502432033088658750e+07 1.377744202125129223e+09
7.310000000000000525e-03 4.517270553286451846e+07 1.382284789305654049e+09
7.320000000000000985e-03 4.531839634993399680e+07 1.386742928307980061e+09
7.330000000000000578e-03 4.546150573353678733e+07 1.391122075446225405e+09
7.340000000000000170e-03 4.560213519091371447e+07 1.395425336841959238e+09
7.350000000000000630e-03 4.574037189742629975e+07 1.399655380061244488e+09
7.360000000000000223e-03 4.587628615271875262e+07 1.403814356273193598e+09
7.370000000000000683e-03 4.600992924042239040e+07 1.407903834756924868e+09
7.380000000000000275e-03 4.614133174170380831e+07 1.411924751296136379e+09
7.390000000000000735e-03 4.627050234237727523e+07 1.415877371676744461e+09
7.400000000000000328e-03 4.639742716178832948e+07 1.419761271150722742e+09
7.410000000000000787e-03 4.652206961949737370e+07 1.423575330356619358e+09
7.420000000000000380e-03 4.664437084323288500e+07 1.427317747802926064e+09
7.430000000000000840e-03 4.676425060893949121e+07 1.430986068633548260e+09
7.440000000000000432e-03 4.688160879130798578e+07 1.434577229014024258e+09
7.450000000000000892e-03 4.699632729123786837e+07 1.438087615111878395e+09
7.460000000000000485e-03 4.710827239552236348e+07 1.441513135302983999e+09
7.470000000000000945e-03 4.721729751392655820e+07 1.444849303926152229e+09
7.480000000000000537e-03 4.732324622998494655e+07 1.448091334637539148e+09
7.490000000000000997e-03 4.742595559448451549e+07 1.451234241191226006e+09
7.500000000000000590e-03 4.752525958489432931e+07 1.454272943297766209e+09
7.510000000000000182e-03 4.762099265008871257e+07 1.457202375092714310e+09
7.520000000000000642e-03 4.771299325767777115e+07 1.460017593684939384e+09
7.530000000000000235e-03 4.780110736115733534e+07 1.462713885251414061e+09
7.540000000000000695e-03 4.788519170592164248e+07 1.465286866201201916e+09
7.550000000000000287e-03 4.796511689690437168e+07 1.467732577045273542e+09
7.560000000000000747e-03 4.804077015614324063e+07 1.470047566777982950e+09
7.570000000000000340e-03 4.811205770576696098e+07 1.472228965796468735e+09
7.580000000000000800e-03 4.817890672061979771e+07 1.474274545650965452e+09
7.590000000000000392e-03 4.824126680475864559e+07 1.476182764225614071e+09
7.600000000000000852e-03 4.829911095715257525e+07 1.477952795288868427e+09
7.610000000000000445e-03 4.835243600382310897e+07 1.479584541716986895e+09
7.620000000000000905e-03 4.840126248610813916e+07 1.481078632074908972e+09
7.630000000000000497e-03 4.844563400742366165e+07 1.482436400627163649e+09
7.640000000000000957e-03 4.848561605353882164e+07 1.483659851238287687e+09
7.650000000000000550e-03 4.852129431367510557e+07 1.484751605998457909e+09
7.660000000000001009e-03 4.855277254140341282e+07 1.485714839766944170e+09
7.670000000000000602e-03 4.858017000507122278e+07 1.486553202155179024e+09
7.680000000000001062e-03 4.860361858709345013e+07 1.487270728765059233e+09
7.690000000000000654e-03 4.862325959965974092e+07 1.487871743749587774e+09
7.700000000000000247e-03 4.863924039105869830e+07 1.488360755966395855e+09
7.710000000000000707e-03 4.865171082173547149e+07 1.488742351145105124e+09
7.720000000000000299e-03 4.866081969227141887e+07 1.489021082583505154e+09
7.730000000000000759e-03 4.866671120662956685e+07 1.489201362922864437e+09
7.740000000000000352e-03 4.866952155321932584e+07 1.489287359528511047e+09
7.750000000000000812e-03 4.866937568361644447e+07 1.489282895918663025e+09
7.760000000000000404e-03 4.866638436419255286e+07 1.489191361544291735e+09
7.770000000000000864e-03 4.866064156956882030e+07 1.489015632028805494e+09
7.780000000000000457e-03 4.865222227885735780e+07 1.488758001733034849e+09
7.790000000000000917e-03 4.864118072627776116e+07 1.488420130224099398e+09
7.800000000000000509e-03 4.862754914715220779e+07 1.488003003902857065e+09
7.810000000000000969e-03 4.861133704873788357e+07 1.487506913691378832e+09
7.820000000000000562e-03 4.859253102311985940e+07 1.486931449307467222e+09
7.830000000000000154e-03 4.857109510674379766e+07 1.486275510266360044e+09
7.840000000000001482e-03 4.854697167841564864e+07 1.485537333359518528e+09
7.850000000000001074e-03 4.852008287502620369e+07 1.484714535975801706e+09
7.860000000000000667e-03 4.849033249217157066e+07 1.483804174260449886e+09
7.870000000000000259e-03 4.845760832551410794e+07 1.482802814760731459e+09
7.879999999999999852e-03 4.842178489842833579e+07 1.481706617891906977e+09
7.890000000000001179e-03 4.838272651244412363e+07 1.480511431280789852e+09
7.900000000000000772e-03 4.834029054944512993e+07 1.479212890813020706e+09
7.910000000000000364e-03 4.829433094868066162e+07 1.477806527029628038e+09
7.919999999999999957e-03 4.824470177754343301e+07 1.476287874392828941e+09
7.930000000000001284e-03 4.819126081284882128e+07 1.474652580873173714e+09
7.940000000000000877e-03 4.813387304907649755e+07 1.472896515301740646e+09
7.950000000000000469e-03 4.807241405170875043e+07 1.471015869982287645e+09
7.960000000000000062e-03 4.800677307738479227e+07 1.469007256167974472e+09
7.970000000000001389e-03 4.793685588800107688e+07 1.466867790172832727e+09
7.980000000000000981e-03 4.786258719300092012e+07 1.464595168105828047e+09
7.990000000000000574e-03 4.778391266274512559e+07 1.462187727480000496e+09
8.000000000000000167e-03 4.770080046583961695e+07 1.459644494254691839e+09
8.010000000000001494e-03 4.761324229438054562e+07 1.456965214208044291e+09
8.020000000000001086e-03 4.752125385300785303e+07 1.454150367902040005e+09
8.030000000000000679e-03 4.742487480015205592e+07 1.451201168884652615e+09
8.040000000000000271e-03 4.732416814262939990e+07 1.448119545164459467e+09
8.049999999999999864e-03 4.721921909748590738e+07 1.444908104383068562e+09
8.060000000000001191e-03 4.711013344741572440e+07 1.441570083490921021e+09
8.070000000000000784e-03 4.699703542789418250e+07 1.438109284093561888e+09
8.080000000000000376e-03 4.688006519509268552e+07 1.434529994969835758e+09
8.089999999999999969e-03 4.675937593343077600e+07 1.430836903562981606e+09
8.100000000000001296e-03 4.663513067003449053e+07 1.427034998503055096e+09
8.110000000000000889e-03 4.650749887022192031e+07 1.423129465428790569e+09
8.120000000000000481e-03 4.637665289325780421e+07 1.419125578533688545e+09
8.130000000000000074e-03 4.624276439089588821e+07 1.415028590361413956e+09
8.140000000000001401e-03 4.610600073257999867e+07 1.410843622416947603e+09
8.150000000000000994e-03 4.596652154057131708e+07 1.406575559141482115e+09
8.160000000000000586e-03 4.582447541572490335e+07 1.402228947721181870e+09
8.170000000000000179e-03 4.567999693021104485e+07 1.397807906064457655e+09
8.180000000000001506e-03 4.553320395726820081e+07 1.393316041092406750e+09
8.190000000000001099e-03 4.538419540023316443e+07 1.388756379247134686e+09
8.200000000000000691e-03 4.523304937379506975e+07 1.384131310838128805e+09
8.210000000000000284e-03 4.507982187989056855e+07 1.379442549524651051e+09
8.219999999999999876e-03 4.492454600913154334e+07 1.374691107879425049e+09
8.230000000000001203e-03 4.476723168641159683e+07 1.369877289604194641e+09
8.240000000000000796e-03 4.460786596665544063e+07 1.365000698579656363e+09
8.250000000000000389e-03 4.444641387384948134e+07 1.360060264539793968e+09
8.259999999999999981e-03 4.428281976382693648e+07 1.355054284773103952e+09
8.270000000000001308e-03 4.411700917906659842e+07 1.349980480879437685e+09
8.280000000000000901e-03 4.394889115228991210e+07 1.344836069260071039e+09
8.290000000000000493e-03 4.377836090516981483e+07 1.339617843698195934e+09
8.300000000000000086e-03 4.360530287924741209e+07 1.334322268104970455e+09
8.310000000000001413e-03 4.342959402839668840e+07 1.328945577268938541e+09
8.320000000000001006e-03 4.325110729606913775e+07 1.323483883259715319e+09
8.330000000000000598e-03 4.306971519623169303e+07 1.317933285004689455e+09
8.340000000000000191e-03 4.288529341448093951e+07 1.312289978483116388e+09
8.350000000000001518e-03 4.269772434533368051e+07 1.306550364967210531e+09
8.360000000000001111e-03 4.250690048316968232e+07 1.300711154784991980e+09
8.370000000000000703e-03 4.231272758770013601e+07 1.294769464183624029e+09
8.380000000000000296e-03 4.211512755008108169e+07 1.288722903032480955e+09
8.389999999999999888e-03 4.191404089275678247e+07 1.282569651318357229e+09
8.400000000000001216e-03 4.170942884464550763e+07 1.276308522646152496e+09
8.410000000000000808e-03 4.150127494317070395e+07 1.269939013261023283e+09
8.420000000000000401e-03 4.128958612565883994e+07 1.263461335445160389e+09
8.429999999999999993e-03 4.107439328452401608e+07 1.256876434506434679e+09
8.440000000000001321e-03 4.085575127314902842e+07 1.250185988958359957e+09
8.450000000000000913e-03 4.063373836217311770e+07 1.243392393882497311e+09
8.460000000000000506e-03 4.040845515870249271e+07 1.236498727856296062e+09
8.470000000000000098e-03 4.018002301347599924e+07 1.229508704212365150e+09
8.480000000000001426e-03 3.994858195295020938e+07 1.222426607760276318e+09
8.490000000000001018e-03 3.971428818434175104e+07 1.215257218440857410e+09
8.500000000000000611e-03 3.947731123161616176e+07 1.208005723687454462e+09
8.510000000000000203e-03 3.923783076901539415e+07 1.200677621531870842e+09
8.520000000000001530e-03 3.899603322576609254e+07 1.193278616708442211e+09
8.530000000000001123e-03 3.875210824094397575e+07 1.185814512172885418e+09
8.540000000000000716e-03 3.850624505096265674e+07 1.178291098559457064e+09
8.550000000000000308e-03 3.825862889372804761e+07 1.170714044148077965e+09
8.559999999999999901e-03 3.800943751310960203e+07 1.163088787901153564e+09
8.570000000000001228e-03 3.775883784504329413e+07 1.155420438058324575e+09
8.580000000000000820e-03 3.750698296234901994e+07 1.147713678647879601e+09
8.590000000000000413e-03 3.725400934931414574e+07 1.139972686089012623e+09
8.600000000000000006e-03 3.700003456941112131e+07 1.132201057823980093e+09
8.610000000000001333e-03 3.674515538035352528e+07 1.124401754638817787e+09
8.620000000000000925e-03 3.648944634027027339e+07 1.116577058012270212e+09
8.630000000000000518e-03 3.623295893732984364e+07 1.108728543482292891e+09
8.640000000000000110e-03 3.597572126295024902e+07 1.100857070646277428e+09
8.650000000000001438e-03 3.571773823605904728e+07 1.092962790023406506e+09
8.660000000000001030e-03 3.545899237302829325e+07 1.085045166614665508e+09
8.670000000000000623e-03 3.519944508519084007e+07 1.077103019606839418e+09
8.680000000000000215e-03 3.493903847355358303e+07 1.069134577290739536e+09
8.690000000000001543e-03 3.467769757873545587e+07 1.061137545909304738e+09
8.700000000000001135e-03 3.441533303355295956e+07 1.053109190826720357e+09
8.710000000000000728e-03 3.415184405629589409e+07 1.045046428122654200e+09
8.720000000000000320e-03 3.388712171480087191e+07 1.036945924472906470e+09
8.729999999999999913e-03 3.362105238512276113e+07 1.028804202984756351e+09
8.740000000000001240e-03 3.335352132407712191e+07 1.020617752516759753e+09
8.750000000000000833e-03 3.308441627227774262e+07 1.012383137931698680e+09
8.760000000000000425e-03 3.281363100358914956e+07 1.004097108709827781e+09
8.770000000000000018e-03 3.254106873817227036e+07 9.957567033880712986e+08
8.780000000000001345e-03 3.226664533948529139e+07 9.873593473882497549e+08
8.790000000000000938e-03 3.199029222064505145e+07 9.789029419517383575e+08
8.800000000000000530e-03 3.171195889233473688e+07 9.703859421054427624e+08
8.810000000000000123e-03 3.143161509280475602e+07 9.618074218398253918e+08
8.820000000000001450e-03 3.114925245025674254e+07 9.531671249778561592e+08
8.830000000000001042e-03 3.086488563880654424e+07 9.444655005474801064e+08
8.840000000000000635e-03 3.057855300102504343e+07 9.357037218313660622e+08
8.850000000000000228e-03 3.029031662249162793e+07 9.268836886482436657e+08
8.860000000000001555e-03 3.000026185656613111e+07 9.180080128109233379e+08
8.870000000000001147e-03 2.970849631039717793e+07 9.090799870981534719e+08
8.880000000000000740e-03 2.941514831573685631e+07 9.001035384615476131e+08
8.890000000000000333e-03 2.912036492013648152e+07 8.910831665561761856e+08
8.899999999999999925e-03 2.882430944526620209e+07 8.820238690251456499e+08
8.910000000000001252e-03 2.852715866918271780e+07 8.729310552769910097e+08
8.920000000000000845e-03 2.822909969812219590e+07 8.638104507625390291e+08
8.930000000000000437e-03 2.793032660061905533e+07 8.546679939789428711e+08
8.940000000000000030e-03 2.763103688227695972e+07 8.455097285976748466e+08
8.950000000000001357e-03 2.733142788321549818e+07 8.363416932263940573e+08
8.960000000000000950e-03 2.703169318200337514e+07 8.271698113693031073e+08
8.970000000000000542e-03 2.673201908971924335e+07 8.179997841454087496e+08
8.980000000000000135e-03 2.643258131566362828e+07 8.088369882593069077e+08
8.990000000000001462e-03 2.613354188222769648e+07 7.996863815961673260e+08
9.000000000000001055e-03 2.583504636060025543e+07 7.905524186343677044e+08
9.010000000000000647e-03 2.553722149149904028e+07 7.814389776398705244e+08
9.020000000000000240e-03 2.524017324612652510e+07 7.723493013314715624e+08
9.030000000000001567e-03 2.494398537227396667e+07 7.632859523915832043e+08
9.040000000000001160e-03 2.464871845918010175e+07 7.542507848509110212e+08
9.050000000000000752e-03 2.435440954265080765e+07 7.452449320051145554e+08
9.060000000000000345e-03 2.406107225934863091e+07 7.362688111360679865e+08
9.069999999999999937e-03 2.376869754635614902e+07 7.273221449184980392e+08
9.080000000000001265e-03 2.347725486941042170e+07 7.184039990039588213e+08
9.090000000000000857e-03 2.318669395088512078e+07 7.095128348970845938e+08
9.100000000000000450e-03 2.289694695695523918e+07 7.006465768828302622e+08
9.110000000000000042e-03 2.260793109268854558e+07 6.918026914362694025e+08
9.120000000000001369e-03 2.231955154431019351e+07 6.829782772558917999e+08
9.130000000000000962e-03 2.203170469981351122e+07 6.741701638142933846e+08
9.140000000000000555e-03 2.174428157261813805e+07 6.653750161221148968e+08
9.150000000000000147e-03 2.145717134826881811e+07 6.565894432570257187e+08
9.160000000000001474e-03 2.117026497132021189e+07 6.478101081223983765e+08
9.170000000000001067e-03 2.088345868864283711e+07 6.390338358724707365e+08
9.180000000000000659e-03 2.059665746642677858e+07 6.302577184726593494e+08
9.190000000000000252e-03 2.030977820113046467e+07 6.214792129545921087e+08
9.200000000000001579e-03 2.002275264944975078e+07 6.126962310731621981e+08
9.210000000000001172e-03 1.973553000895984843e+07 6.039072182741712332e+08
9.220000000000000764e-03 1.944807908924756199e+07 5.951112201309752464e+08
9.230000000000000357e-03 1.916039002292048559e+07 5.863079347013667822e+08
9.239999999999999949e-03 1.887247547662543878e+07 5.774977495847383738e+08
9.250000000000001277e-03 1.858437133387937024e+07 5.686817628167085648e+08
9.260000000000000869e-03 1.829613683384327963e+07 5.598617871156042814e+08
9.270000000000000462e-03 1.800785416285950318e+07 5.510403373835006952e+08
9.280000000000000054e-03 1.771962750833830982e+07 5.422206017551522255e+08
9.290000000000001382e-03 1.743158159711034596e+07 5.334063968715764284e+08
9.300000000000000974e-03 1.714385975237932429e+07 5.246021084228072762e+08
9.310000000000000567e-03 1.685662151462131739e+07 5.158126183474122286e+08
9.320000000000000159e-03 1.657003988193106465e+07 5.070432203870904446e+08
9.330000000000001487e-03 1.628429823417082615e+07 4.982995259656271935e+08
9.340000000000001079e-03 1.599958701262744330e+07 4.895873625863996744e+08
9.350000000000000672e-03 1.571610023255828395e+07 4.809126671162834167e+08
9.360000000000000264e-03 1.543403190987748094e+07 4.722813764422508478e+08
9.370000000000001592e-03 1.515357248520323075e+07 4.636993180472187996e+08
9.380000000000001184e-03 1.487490532851869799e+07 4.551721030526720881e+08
9.390000000000000777e-03 1.459820340578460507e+07 4.467050242170088291e+08
9.400000000000000369e-03 1.432362618503550813e+07 4.383029612620864511e+08
9.409999999999999962e-03 1.405131685387239605e+07 4.299702957284952402e+08
9.420000000000001289e-03 1.378139991297344491e+07 4.217108373369873166e+08
9.430000000000000882e-03 1.351397920144858211e+07 4.135277635643265843e+08
9.440000000000000474e-03 1.324913639976565354e+07 4.054235738328289390e+08
9.450000000000000067e-03 1.298693004481861554e+07 3.974000593714495897e+08
9.460000000000001394e-03 1.272739507974602282e+07 3.894582894402282238e+08
9.470000000000000986e-03 1.247054294862434268e+07 3.815986142279048562e+08
9.480000000000000579e-03 1.221636223344400339e+07 3.738206843433864117e+08
9.490000000000000172e-03 1.196481981812857836e+07 3.661234864347344637e+08
9.500000000000001499e-03 1.171586255206562392e+07 3.585053940932080746e+08
9.510000000000001091e-03 1.146941937397804856e+07 3.509642328437282443e+08
9.520000000000000684e-03 1.122540384623975679e+07 3.434973576949364543e+08
9.530000000000000276e-03 1.098371704018790647e+07 3.361017414297498465e+08
9.540000000000001604e-03 1.074425070481889509e+07 3.287740715674581528e+08
9.550000000000001196e-03 1.050689064467451721e+07 3.215108537270401716e+08
9.560000000000000789e-03 1.027152022787805088e+07 3.143085189730682969e+08
9.570000000000000381e-03 1.003802394227881543e+07 3.071635326337317228e+08
9.579999999999999974e-03 9.806290916580250487e+06 3.000725020473556519e+08
9.590000000000001301e-03 9.576218324182104319e+06 2.930322807199723721e+08
9.600000000000000894e-03 9.347714590244768187e+06 2.860400664614898562e+08
9.610000000000000486e-03 9.120702327112562954e+06 2.790934912096443772e+08
9.620000000000000079e-03 8.895120929611494765e+06 2.721907004461117387e+08
9.630000000000001406e-03 8.670928769706666470e+06 2.653304203530239463e+08
9.640000000000000999e-03 8.448104939386749640e+06 2.585120111452344656e+08
9.650000000000000591e-03 8.226650501213656738e+06 2.517355053371378481e+08
9.660000000000000184e-03 8.006589217488793656e+06 2.450016300551570356e+08
9.670000000000001511e-03 7.787967741172157228e+06 2.383118128798679709e+08
9.680000000000001104e-03 7.570855264266798273e+06 2.316681710865639746e+08
9.690000000000000696e-03 7.355342632048072293e+06 2.250734845406709909e+08
9.700000000000000289e-03 7.141540943985813297e+06 2.185311528859658241e+08
9.710000000000001616e-03 6.929579674182352610e+06 2.120451380299799442e+08
9.720000000000001208e-03 6.719604355352469720e+06 2.056198932737855315e+08
9.730000000000000801e-03 6.511773880540665239e+06 1.992602807445443273e+08
9.740000000000000394e-03 6.306257485672974959e+06 1.929714790615929961e+08
9.749999999999999986e-03 6.103231483460824937e+06 1.867588833939011991e+08
9.760000000000001313e-03 5.902875824948038906e+06 1.806280002434099317e+08
9.770000000000000906e-03 5.705370568979221396e+06 1.745843394107641280e+08
9.780000000000000498e-03 5.510892341979358345e+06 1.686333056645683348e+08
9.790000000000000091e-03 5.319610870620720088e+06 1.627800926409940124e+08
9.800000000000001418e-03 5.131685668209543452e+06 1.570295814472120106e+08
9.810000000000001011e-03 4.947262951996716671e+06 1.513862463310994804e+08
9.820000000000000603e-03 4.766472863183881156e+06 1.458540696134267449e+08
9.830000000000000196e-03 4.589427054292296991e+06 1.404364678613442779e+08
9.840000000000001523e-03 4.416216699949214235e+06 1.351362310184459090e+08
9.850000000000001116e-03 4.246910977228983305e+06 1.299554759032068551e+08
9.860000000000000708e-03 4.081556050694897305e+06 1.248956151512638330e+08
9.870000000000000301e-03 3.920174585482935421e+06 1.199573423157777935e+08
9.880000000000001628e-03 3.762765799421090167e+06 1.151406334622853249e+08
9.890000000000001221e-03 3.609306052581789903e+06 1.104447652090027481e+08
9.900000000000000813e-03 3.459749960111634340e+06 1.058683487794159949e+08
9.910000000000000406e-03 3.314032001966321841e+06 1.014093792601694316e+08
9.919999999999999998e-03 3.172068591583497357e+06 9.706529890245500207e+07
9.930000000000001326e-03 3.033760554825681727e+06 9.283307297766584158e+07
9.940000000000000918e-03 2.898995960965621751e+06 8.870927640554800630e+07
9.950000000000000511e-03 2.767653239292113110e+06 8.469018912233863771e+07
9.960000000000000103e-03 2.639604508277817629e+06 8.077189795330120623e+07
9.970000000000001431e-03 2.514719039322015829e+06 7.695040260325366259e+07
9.980000000000001023e-03 2.392866773980056867e+06 7.322172328378973901e+07
9.990000000000000616e-03 2.273921812384535559e+06 6.958200745896677673e+07
1.000000000000000021e-02 2.157765791282871738e+06 6.602763321325585991e+07
1.001000000000000154e-02 2.044291072739327094e+06 6.255530682582339644e+07
1.002000000000000113e-02 1.933403669018627377e+06 5.916215227196998894e+07
1.003000000000000072e-02 1.825025835375718772e+06 5.584579056249698251e+07
1.004000000000000031e-02 1.719098270276594907e+06 5.260440707046379149e+07
1.005000000000000164e-02 1.615581871784632094e+06 4.943680527660973370e+07
1.006000000000000123e-02 1.514459009251720738e+06 4.634244568310264498e+07
1.007000000000000083e-02 1.415734280806658790e+06 4.332146899268375337e+07
1.008000000000000042e-02 1.319434739172213711e+06 4.037470301866973191e+07
1.009000000000000001e-02 1.225609580782961100e+06 3.750365317195860296e+07
1.010000000000000134e-02 1.134329305728113744e+06 3.471047675528027117e+07
1.011000000000000093e-02 1.045684368413925869e+06 3.199794167346612364e+07
1.012000000000000052e-02 9.597833507392060710e+05 2.936937053261969984e+07
1.013000000000000012e-02 8.767507007274867501e+05 2.682857144226108864e+07
1.014000000000000144e-02 7.967240896990553010e+05 2.437975714479108900e+07
1.015000000000000104e-02 7.198514499607133912e+05 2.202745436879782751e+07
1.016000000000000063e-02 6.462877624307889491e+05 1.977640553038213775e+07
1.017000000000000022e-02 5.761916694306256250e+05 1.763146508457713947e+07
1.018000000000000155e-02 5.097219919248388032e+05 1.559749295290006511e+07
1.019000000000000114e-02 4.470342326875003055e+05 1.367924752023750544e+07
1.020000000000000073e-02 3.882771471596011543e+05 1.188128070308379456e+07
1.021000000000000033e-02 3.335894621394550195e+05 1.020783754146732204e+07
1.022000000000000165e-02 2.830968189492326346e+05 8.662762659846518189e+06
1.023000000000000125e-02 2.369090124323166674e+05 7.249415780428889208e+06
1.024000000000000084e-02 1.951175901804288442e+05 5.970598259521121159e+06
1.025000000000000043e-02 1.577938679313657340e+05 4.828492358699790202e+06
1.026000000000000002e-02 1.249874073148057214e+05 3.824614663833054248e+06
1.027000000000000135e-02 9.672499128504106193e+04 2.959784733322256245e+06
1.028000000000000094e-02 7.301012091955725919e+04 2.234109700138451532e+06
1.029000000000000054e-02 5.382304505338169838e+04 1.646985178633479634e+06
1.030000000000000013e-02 3.912132174826937990e+04 1.197112445497042732e+06
1.031000000000000145e-02 2.884089815377732884e+04 8.825314835055860458e+05
1.032000000000000105e-02 2.289768319588300437e+04 7.006691057940197643e+05
1.033000000000000064e-02 2.118957601121108746e+04 6.484010259430591250e+05
1.034000000000000023e-02 2.359890240053375601e+04 7.221264134563328698e+05
1.035000000000000156e-02 2.999520205244523095e+04 9.178531828048238531e+05
1.036000000000000115e-02 4.023830110959138983e+04 1.231292013953496236e+06
1.037000000000000074e-02 5.418159800620309397e+04 1.657956898989814334e+06
1.038000000000000034e-02 7.167548555172875058e+04 2.193269857882899232e+06
1.039000000000000166e-02 9.257082908647428849e+04 2.832667370046112686e+06
1.040000000000000126e-02 1.167224192639647226e+05 3.571706029477319680e+06
1.041000000000000085e-02 1.439923186505219783e+05 4.406164950705971569e+06
1.042000000000000044e-02 1.742530238593997783e+05 5.332142530097631738e+06
1.043000000000000003e-02 2.073903692947627278e+05 6.346145300419738516e+06
1.044000000000000136e-02 2.433061046674586250e+05 7.445166802824232727e+06
1.045000000000000095e-02 2.819200861160039785e+05 8.626754635149721056e+06
1.046000000000000055e-02 3.231720298433460994e+05 9.889064113206388429e+06
1.047000000000000014e-02 3.670227874482056941e+05 1.123089729591509141e+07
1.048000000000000147e-02 4.134551133501296863e+05 1.265172646851396561e+07
1.049000000000000106e-02 4.624739066150534782e+05 1.415170154242063314e+07
1.050000000000000065e-02 5.141059218053421937e+05 1.573164120724346861e+07
1.051000000000000024e-02 5.683989559155914467e+05 1.739300805101709813e+07
1.052000000000000157e-02 6.254205307227032026e+05 1.913786824011471495e+07
1.053000000000000116e-02 6.852561016872797627e+05 2.096883671163075790e+07
1.054000000000000076e-02 7.480068356188458856e+05 2.288900916993668303e+07
1.055000000000000035e-02 8.137870093988516601e+05 2.490188248760485649e+07
1.056000000000000168e-02 8.827210909084945451e+05 2.701126538179992512e+07
1.057000000000000127e-02 9.549405707258583279e+05 2.922118146421125904e+07
1.058000000000000086e-02 1.030580618965797359e+06 3.153576694035339355e+07
1.059000000000000045e-02 1.109776645699824207e+06 3.395916535841462016e+07
1.060000000000000005e-02 1.192660845619899919e+06 3.649542187596892565e+07
1.061000000000000137e-02 1.279358807945508277e+06 3.914837952313254774e+07
1.062000000000000097e-02 1.369986271011666162e+06 4.192157989295697957e+07
1.063000000000000056e-02 1.464646097554590320e+06 4.481817058517045528e+07
1.064000000000000015e-02 1.563425541510760318e+06 4.784082157022925466e+07
1.065000000000000148e-02 1.666393870287813013e+06 5.099165243080706894e+07
1.066000000000000107e-02 1.773600398112864699e+06 5.427217218225365132e+07
1.067000000000000066e-02 1.885072976412019925e+06 5.768323307820779830e+07
1.068000000000000026e-02 2.000816976448850706e+06 6.122499947933481634e+07
1.069000000000000158e-02 2.120814787904430646e+06 6.489693250987556577e+07
1.070000000000000118e-02 2.245025844983818475e+06 6.869779085650482774e+07
1.071000000000000077e-02 2.373387179271169472e+06 7.262564768569777906e+07
1.072000000000000036e-02 2.505814486213413533e+06 7.667792327813044190e+07
1.073000000000000169e-02 2.642203680084429681e+06 8.085143261058352888e+07
1.074000000000000128e-02 2.782432900845546275e+06 8.514244676587370038e+07
1.075000000000000087e-02 2.926364925743933301e+06 8.954676672776435316e+07
1.076000000000000047e-02 3.073849929024371784e+06 9.405980782814575732e+07
1.077000000000000006e-02 3.224728524995161220e+06 9.867669286485192180e+07
1.078000000000000139e-02 3.378835023072464857e+06 1.033923517060174048e+08
1.079000000000000098e-02 3.536000818487341050e+06 1.082016250457126200e+08
1.080000000000000057e-02 3.696057839189589955e+06 1.130993698792014420e+08
1.081000000000000016e-02 3.858841968193749432e+06 1.180805642267287076e+08
1.082000000000000149e-02 4.024196361219537910e+06 1.231404086533178240e+08
1.083000000000000108e-02 4.191974581961939577e+06 1.282744222080353349e+08
1.084000000000000068e-02 4.362043481629214250e+06 1.334785305378539413e+08
1.085000000000000027e-02 4.534285755407699384e+06 1.387491441154755652e+08
1.086000000000000160e-02 4.708602116110605188e+06 1.440832247529844940e+08
1.087000000000000119e-02 4.884913034261859953e+06 1.494783388484128714e+08
1.088000000000000078e-02 5.063160004049452022e+06 1.549326961239132285e+08
1.089000000000000037e-02 5.243306305711624213e+06 1.604451729547756612e+08
1.090000000000000170e-02 5.425337246735978872e+06 1.660153197501209080e+08
1.091000000000000129e-02 5.609259876477688551e+06 1.716433522202172279e+08
1.092000000000000089e-02 5.795102181152805686e+06 1.773301267432758212e+08
1.093000000000000048e-02 5.982911778343490325e+06 1.830771004173107743e+08
1.094000000000000007e-02 6.172754141884597018e+06 1.888862767416686118e+08
1.095000000000000140e-02 6.364710399003404193e+06 1.947601382095041573e+08
1.096000000000000099e-02 6.558874751604488119e+06 2.007015673990972936e+08
1.097000000000000058e-02 6.755351582391368225e+06 2.067137584211758375e+08
1.098000000000000018e-02 6.954252313891507685e+06 2.128001208050801158e+08
1.099000000000000150e-02 7.155692094229649752e+06 2.189641780834272206e+08
1.100000000000000110e-02 7.359786387537618168e+06 2.252094634586510658e+08
1.101000000000000069e-02 7.566647549108030275e+06 2.315394150027056932e+08
1.102000000000000028e-02 7.776381465737072751e+06 2.379572728515543938e+08
1.103000000000000161e-02 7.989084340154637583e+06 2.444659808087318540e+08
1.104000000000000120e-02 8.204839695043058135e+06 2.510680946683175266e+08
1.105000000000000079e-02 8.423715666980206966e+06 2.577656994095942676e+08
1.106000000000000039e-02 8.645762653826249763e+06 2.645603372070831954e+08
1.107000000000000171e-02 8.871011370772736147e+06 2.714529479456456900e+08
1.108000000000000131e-02 9.099471360676309094e+06 2.784438236366950274e+08
1.109000000000000090e-02 9.331129993635781109e+06 2.855325778052548170e+08
1.110000000000000049e-02 9.565951979289921001e+06 2.927181305662715435e+08
1.111000000000000008e-02 9.803879403284763917e+06 2.999987097405137420e+08
1.112000000000000141e-02 1.004483228706203401e+07 3.073718679840981960e+08
1.113000000000000100e-02 1.028870965784726478e+07 3.148345155301262140e+08
1.114000000000000060e-02 1.053539110375299864e+07 3.223829677748416662e+08
1.115000000000000019e-02 1.078473877753676474e+07 3.300130065926249027e+08
1.116000000000000152e-02 1.103659980203896202e+07 3.377199539423921704e+08
1.117000000000000111e-02 1.129080902091049775e+07 3.454987560398612022e+08
1.118000000000000070e-02 1.154719203015242331e+07 3.533440761226640940e+08
1.119000000000000029e-02 1.180556841941090487e+07 3.612503936339736581e+08
1.120000000000000162e-02 1.206575514706436545e+07 3.692121075001695156e+08
1.121000000000000121e-02 1.232756997001192532e+07 3.772236410823648572e+08
1.122000000000000081e-02 1.259083484780107625e+07 3.852795463427128792e+08
1.123000000000000040e-02 1.285537924134562723e+07 3.933746047851760983e+08
1.124000000000000173e-02 1.312104322897047922e+07 4.015039228064966202e+08
1.125000000000000132e-02 1.338768036681331694e+07 4.096630192244874239e+08
1.126000000000000091e-02 1.365516022662217356e+07 4.178479029346384406e+08
1.127000000000000050e-02 1.392337055156342126e+07 4.260551388778406382e+08
1.128000000000000010e-02 1.419221897962335497e+07 4.342819007764745951e+08
1.129000000000000142e-02 1.446163429433780350e+07 4.425260094067367315e+08
1.130000000000000102e-02 1.473156717367790267e+07 4.507859555145437121e+08
1.131000000000000061e-02 1.500199041969739646e+07 4.590609068427402377e+08
1.132000000000000020e-02 1.527289866373092495e+07 4.673506991101662517e+08
1.133000000000000153e-02 1.554430755423997715e+07 4.756558111597432494e+08
1.134000000000000112e-02 1.581625244653953984e+07 4.839773248641098142e+08
1.135000000000000071e-02 1.608878662532718666e+07 4.923168707350118160e+08
1.136000000000000031e-02 1.636197910189578682e+07 5.006765605180109739e+08
1.137000000000000163e-02 1.663591203788893856e+07 5.090589083594014645e+08
1.138000000000000123e-02 1.691067785621903092e+07 5.174667424003022909e+08
1.139000000000000082e-02 1.718637610710766166e+07 5.259031088774943352e+08
1.140000000000000041e-02 1.746311016294948012e+07 5.343711709862539768e+08
1.141000000000000174e-02 1.774098381971879303e+07 5.428741048833949566e+08
1.142000000000000133e-02 1.802009788482766971e+07 5.514149952757265568e+08
1.143000000000000092e-02 1.830054683166440576e+07 5.599967330489307642e+08
1.144000000000000052e-02 1.858241559947342798e+07 5.686219173438868523e+08
1.145000000000000011e-02 1.886577661383070424e+07 5.772927643832194805e+08
1.146000000000000144e-02 1.915068709779295325e+07 5.860110251924642324e+08
1.147000000000000103e-02 1.943718673697851971e+07 5.947779141515426636e+08
1.148000000000000062e-02 1.972529575353709608e+07 6.035940500582350492e+08
1.149000000000000021e-02 2.001501343437129632e+07 6.124594110917615891e+08
1.150000000000000154e-02 2.030631714831700549e+07 6.213733047385002375e+08
1.151000000000000113e-02 2.059916187551780790e+07 6.303343533908448219e+08
1.152000000000000073e-02 2.089348026021362096e+07 6.393404959625366926e+08
1.153000000000000032e-02 2.118918318588006124e+07 6.483890054879297018e+08
1.154000000000000165e-02 2.148616085940203443e+07 6.574765222977020741e+08
1.155000000000000124e-02 2.178428437901904061e+07 6.665991019979825020e+08
1.156000000000000083e-02 2.208340774942734092e+07 6.757522771324764490e+08
1.157000000000000042e-02 2.238337029692925885e+07 6.849311310860352516e+08
1.158000000000000175e-02 2.268399942813145742e+07 6.941303825008224249e+08
1.159000000000000134e-02 2.298511366762561724e+07 7.033444782293437719e+08
1.160000000000000094e-02 2.328652590353655443e+07 7.125676926482183933e+08
1.161000000000000053e-02 2.358804676493627205e+07 7.217942310070497990e+08
1.162000000000000012e-02 2.388948805202165991e+07 7.310183343918626308e+08
1.163000000000000145e-02 2.419066613870729133e+07 7.402343838444429636e+08
1.164000000000000104e-02 2.449140526792176068e+07 7.494370011984057426e+08
1.165000000000000063e-02 2.479154066240605339e+07 7.586211442696251869e+08
1.166000000000000023e-02 2.509092137812820077e+07 7.677821941707227230e+08
1.167000000000000155e-02 2.538941283346071467e+07 7.769160327038977146e+08
1.168000000000000115e-02 2.568689895486425981e+07 7.860191080188461542e+08
1.169000000000000074e-02 2.598328388880974799e+07 7.950884869975781441e+08
1.170000000000000033e-02 2.627849323984046280e+07 8.041218931391179562e+08
1.171000000000000166e-02 2.657247480578830838e+07 8.131177290571221113e+08
1.172000000000000125e-02 2.686519879294904321e+07 8.220750830642405748e+08
1.173000000000000084e-02 2.715665750622129440e+07 8.309937196903715134e+08
1.174000000000000044e-02 2.744686452153016627e+07 8.398740543588229418e+08
1.175000000000000176e-02 2.773585336000312865e+07 8.487171128160955906e+08
1.176000000000000136e-02 2.802367569505944476e+07 8.575244762688188553e+08
1.177000000000000095e-02 2.831039913453867286e+07 8.662982135168832541e+08
1.178000000000000054e-02 2.859610462996914238e+07 8.750408016770555973e+08
1.179000000000000013e-02 2.888088357383763790e+07 8.837550373594315052e+08
1.180000000000000146e-02 2.916483465305219591e+07 8.924439403833969831e+08
1.181000000000000105e-02 2.944806053252263367e+07 9.011106522951924801e+08
1.182000000000000065e-02 2.973066444678681344e+07 9.097583320716763735e+08
1.183000000000000024e-02 3.001274677978309244e+07 9.183900514613624811e+08
1.184000000000000156e-02 3.029440171316628158e+07 9.270086924228880405e+08
1.185000000000000116e-02 3.057571402197480574e+07 9.356168490724288225e+08
1.186000000000000075e-02 3.085675609302021936e+07 9.442167364464185238e+08
1.187000000000000034e-02 3.113758523616098613e+07 9.528101082265260220e+08
1.188000000000000167e-02 3.141824135177269578e+07 9.613981853642443419e+08
1.189000000000000126e-02 3.169874500938512012e+07 9.699815972871845961e+08
1.190000000000000085e-02 3.197909598282833397e+07 9.785603370745468140e+08
1.191000000000000045e-02 3.225927227653111890e+07 9.871337316618521214e+08
1.192000000000000177e-02 3.253922966610629112e+07 9.957004277828522921e+08
1.193000000000000137e-02 3.281890176429967582e+07 1.004258393987569928e+09
1.194000000000000096e-02 3.309820061106003076e+07 1.012804938698436737e+09
1.195000000000000055e-02 3.337701777419310436e+07 1.021336743890308738e+09
1.196000000000000014e-02 3.365522593508470058e+07 1.029849913613591790e+09
1.197000000000000147e-02 3.393268092259124666e+07 1.038340036231292009e+09
1.198000000000000106e-02 3.420922414767475426e+07 1.046802258918847322e+09
1.199000000000000066e-02 3.448468538194637001e+07 1.055231372687558770e+09
1.200000000000000025e-02 3.475888581519603729e+07 1.063621905944998622e+09
1.201000000000000158e-02 3.503164132042545825e+07 1.071968224405018687e+09
1.202000000000000117e-02 3.530276585000835359e+07 1.080264635010255337e+09
1.203000000000000076e-02 3.557207488350460678e+07 1.088505491435240746e+09
1.204000000000000035e-02 3.583938884641244262e+07 1.096685298700220585e+09
1.205000000000000168e-02 3.610453641980030388e+07 1.104798814445888996e+09
1.206000000000000127e-02 3.636735766328731179e+07 1.112841144496591568e+09
1.207000000000000087e-02 3.662770687819259614e+07 1.120807830472693205e+09
1.208000000000000046e-02 3.688545514373793453e+07 1.128694927398380756e+09
1.209000000000000179e-02 3.714049246683024615e+07 1.136499069485005379e+09
1.210000000000000138e-02 3.739272949498761445e+07 1.144217522546620846e+09
1.211000000000000097e-02 3.764209875219724327e+07 1.151848221817235470e+09
1.212000000000000056e-02 3.788855536866039783e+07 1.159389794281008005e+09
1.213000000000000016e-02 3.813207728723575920e+07 1.166841564989414215e+09
1.214000000000000148e-02 3.837266494165176153e+07 1.174203547214543581e+09
1.215000000000000108e-02 3.861034041394026577e+07 1.181476416666571856e+09
1.216000000000000067e-02 3.884514609075364470e+07 1.188661470377061129e+09
1.217000000000000026e-02 3.907714284998086840e+07 1.195760571209414482e+09
1.218000000000000159e-02 3.930640782010165602e+07 1.202776079295110464e+09
1.219000000000000118e-02 3.953303176474685967e+07 1.209710772001253605e+09
1.220000000000000077e-02 3.975711615374001861e+07 1.216567754304444313e+09
1.221000000000000037e-02 3.997876998926731199e+07 1.223350361671579361e+09
1.222000000000000169e-02 4.019810646158868819e+07 1.230062057724613667e+09
1.223000000000000129e-02 4.041523951272883266e+07 1.236706329089502096e+09
1.224000000000000088e-02 4.063028038877519965e+07 1.243286579896520853e+09
1.225000000000000047e-02 4.084333426170828938e+07 1.249806028408273458e+09
1.226000000000000180e-02 4.105449700009524822e+07 1.256267608202914238e+09
1.227000000000000139e-02 4.126385216451975703e+07 1.262673876234304428e+09
1.228000000000000098e-02 4.147146829838830233e+07 1.269026929930681705e+09
1.229000000000000058e-02 4.167739657785775512e+07 1.275328335282447100e+09
1.230000000000000017e-02 4.188166887624291331e+07 1.281579067613032818e+09
1.231000000000000150e-02 4.208429628857227415e+07 1.287779466430311203e+09
1.232000000000000109e-02 4.228526815119671822e+07 1.293929205426619291e+09
1.233000000000000068e-02 4.248455157977195084e+07 1.300027278341021299e+09
1.234000000000000027e-02 4.268209153679712862e+07 1.306072001025991917e+09
1.235000000000000160e-02 4.287781142748992890e+07 1.312061029681191683e+09
1.236000000000000119e-02 4.307161421039713919e+07 1.317991394838152170e+09
1.237000000000000079e-02 4.326338399707388878e+07 1.323859550310460806e+09
1.238000000000000038e-02 4.345298810369206965e+07 1.329661435972977161e+09
1.239000000000000171e-02 4.364027950683424622e+07 1.335392552909127712e+09
1.240000000000000130e-02 4.382509964623645693e+07 1.341048049174835443e+09
1.241000000000000089e-02 4.400728150908738375e+07 1.346622814178073645e+09
1.242000000000000048e-02 4.418665292386366427e+07 1.352111579470227718e+09
1.243000000000000181e-02 4.436303998673810810e+07 1.357509023594185829e+09
1.244000000000000140e-02 4.453627054045245051e+07 1.362809878537844658e+09
1.245000000000000100e-02 4.470617762427902967e+07 1.368009035302937984e+09
1.246000000000000059e-02 4.487260281433083117e+07 1.373101646118523121e+09
1.247000000000000018e-02 4.503539937600712478e+07 1.378083220905817747e+09
1.248000000000000151e-02 4.519443515472210199e+07 1.382949715734495878e+09
1.249000000000000110e-02 4.534959513715437055e+07 1.387697611196923494e+09
1.250000000000000069e-02 4.550078362293767929e+07 1.392323978861892700e+09
1.251000000000000029e-02 4.564792595580171049e+07 1.396826534247532129e+09
1.252000000000000161e-02 4.579096977346357703e+07 1.401203675067985058e+09
1.253000000000000121e-02 4.592988574681571126e+07 1.405454503852560520e+09
1.254000000000000080e-02 4.606466779089824110e+07 1.409578834401485920e+09
1.255000000000000039e-02 4.619533274250065535e+07 1.413577181920519590e+09
1.256000000000000172e-02 4.632191951172174513e+07 1.417450737058685064e+09
1.257000000000000131e-02 4.644448772713392228e+07 1.421201324450297832e+09
1.258000000000000090e-02 4.656311590606264770e+07 1.424831346725516796e+09
1.259000000000000050e-02 4.667789919262275845e+07 1.428343715294256210e+09
1.260000000000000182e-02 4.678894671629235893e+07 1.431741769518545866e+09
1.261000000000000142e-02 4.689637863271358609e+07 1.435029186161035538e+09
1.262000000000000101e-02 4.700032291587776691e+07 1.438209881225859404e+09
1.263000000000000060e-02 4.710091197670547664e+07 1.441287906487187147e+09
1.264000000000000019e-02 4.719827918713310361e+07 1.444267343126272678e+09
1.265000000000000152e-02 4.729255539106854051e+07 1.447152194966696978e+09
1.266000000000000111e-02 4.738386548392572999e+07 1.449946283808127165e+09
1.267000000000000071e-02 4.747232514088466763e+07 1.452653149311070681e+09
1.268000000000000030e-02 4.755803777058219910e+07 1.455275955779814959e+09
1.269000000000000163e-02 4.764109176570216566e+07 1.457817408030486107e+09
1.270000000000000122e-02 4.772155811502125859e+07 1.460279678319650173e+09
1.271000000000000081e-02 4.779948843304131180e+07 1.462664346051063776e+09
1.272000000000000040e-02 4.787491345359461010e+07 1.464972351679994822e+09
1.273000000000000173e-02 4.794784202297600359e+07 1.467203965903065443e+09
1.274000000000000132e-02 4.801826061648429185e+07 1.469358774864419222e+09
1.275000000000000092e-02 4.808613339002078027e+07 1.471435681734635592e+09
1.276000000000000051e-02 4.815140276587855816e+07 1.473432924635883570e+09
1.277000000000000184e-02 4.821399053935733438e+07 1.475348110504333973e+09
1.278000000000000143e-02 4.827379948064509779e+07 1.477178264107739687e+09
1.279000000000000102e-02 4.833071539480687678e+07 1.478919891081090212e+09
1.280000000000000061e-02 4.838460959198375046e+07 1.480569053514702559e+09
1.281000000000000021e-02 4.843534171028222889e+07 1.482121456334635735e+09
1.282000000000000153e-02 4.848276282555287331e+07 1.483572542461917639e+09
1.283000000000000113e-02 4.852671877550979704e+07 1.484917594530599594e+09
1.284000000000000072e-02 4.856705362058971822e+07 1.486151840790045023e+09
1.285000000000000031e-02 4.860361316070813686e+07 1.487270562717668772e+09
1.286000000000000164e-02 4.863624842571875453e+07 1.488269201826993704e+09
1.287000000000000123e-02 4.866481905795110017e+07 1.489143463173303366e+09
1.288000000000000082e-02 4.868919650768166780e+07 1.489889413135058880e+09
1.289000000000000042e-02 4.870926696672273427e+07 1.490503569181715250e+09
1.290000000000000174e-02 4.872493397139741480e+07 1.490982979524760723e+09
1.291000000000000134e-02 4.873612061386016756e+07 1.491325290784120798e+09
1.292000000000000093e-02 4.874277130984683335e+07 1.491528802081312895e+09
1.293000000000000052e-02 4.874485308127933741e+07 1.491592504287147284e+09
1.294000000000000185e-02 4.874235632346936315e+07 1.491516103498162270e+09
1.295000000000000144e-02 4.873529503869708627e+07 1.491300028184130430e+09
1.296000000000000103e-02 4.872370653040437400e+07 1.490945419830373526e+09
1.297000000000000063e-02 4.870765056484705955e+07 1.490454107284319639e+09
1.298000000000000022e-02 4.868720801950045675e+07 1.489828565396713734e+09
1.299000000000000155e-02 4.866247904951855540e+07 1.489071858915267467e+09
1.300000000000000114e-02 4.863358081482652575e+07 1.488187572933691263e+09
1.301000000000000073e-02 4.860064482071632892e+07 1.487179731513919353e+09
1.302000000000000032e-02 4.856381393387415260e+07 1.486052706376548767e+09
1.303000000000000165e-02 4.852323914338400215e+07 1.484811117787550211e+09
1.304000000000000124e-02 4.847907614224655181e+07 1.483459729952744246e+09
1.305000000000000084e-02 4.843148180918338150e+07 1.482003343361011028e+09
1.306000000000000043e-02 4.838061067286628485e+07 1.480446686589708090e+09
1.307000000000000176e-02 4.832661144116264582e+07 1.478794310099576712e+09
1.308000000000000135e-02 4.826962367650771141e+07 1.477050484501135588e+09
1.309000000000000094e-02 4.820977469514117390e+07 1.475219105671319723e+09
1.310000000000000053e-02 4.814717676275097579e+07 1.473303608940179586e+09
1.311000000000000186e-02 4.808192465217704326e+07 1.471306894356617212e+09
1.312000000000000145e-02 4.801409362040011585e+07 1.469231264784243345e+09
1.313000000000000105e-02 4.794373785227120668e+07 1.467078378279498577e+09
1.314000000000000064e-02 4.787088940755560994e+07 1.464849215871201515e+09
1.315000000000000023e-02 4.779555769612322003e+07 1.462544065501370192e+09
1.316000000000000156e-02 4.771772949379020929e+07 1.460162522509980202e+09
1.317000000000000115e-02 4.763736949869132787e+07 1.457703506659954309e+09
1.318000000000000074e-02 4.755442141543462873e+07 1.455165295312299490e+09
1.319000000000000034e-02 4.746880954195413738e+07 1.452545571983796120e+09
1.320000000000000166e-02 4.738044082222059369e+07 1.449841489159950018e+09
1.321000000000000126e-02 4.728920731707008928e+07 1.447049743902344465e+09
1.322000000000000085e-02 4.719498903561946005e+07 1.444166664489955187e+09
1.323000000000000044e-02 4.709765706128804386e+07 1.441188306075413942e+09
1.324000000000000177e-02 4.699707689953038841e+07 1.438110553125629663e+09
1.325000000000000136e-02 4.689311196917168051e+07 1.434929226256653070e+09
1.326000000000000095e-02 4.678562715584452450e+07 1.431640190968842268e+09
1.327000000000000055e-02 4.667449234453676641e+07 1.428239465742824793e+09
1.328000000000000187e-02 4.655958584870649129e+07 1.424723326970418215e+09
1.329000000000000146e-02 4.644079765579504520e+07 1.421088408267328262e+09
1.330000000000000106e-02 4.631803241321880370e+07 1.417331791844495058e+09
1.331000000000000065e-02 4.619121208494167775e+07 1.413451089799215078e+09
1.332000000000000024e-02 4.606027821638818085e+07 1.409444513421478033e+09
1.333000000000000157e-02 4.592519375457220525e+07 1.405310928889909267e+09
1.334000000000000116e-02 4.578594438067374378e+07 1.401049898048616171e+09
1.335000000000000075e-02 4.564253932365696877e+07 1.396661703303902864e+09
1.336000000000000035e-02 4.549501163562402129e+07 1.392147356050094843e+09
1.337000000000000167e-02 4.534341792215138674e+07 1.387508588417832136e+09
1.338000000000000127e-02 4.518783753357596695e+07 1.382747828527424335e+09
1.339000000000000086e-02 4.502837123577915877e+07 1.377868159814841986e+09
1.340000000000000045e-02 4.486513939117528498e+07 1.372873265369963408e+09
1.341000000000000178e-02 4.469827969205266237e+07 1.367767358576811314e+09
1.342000000000000137e-02 4.452794449888136238e+07 1.362555101665769339e+09
1.343000000000000096e-02 4.435429784544070065e+07 1.357241514070485115e+09
1.344000000000000056e-02 4.417751218042159826e+07 1.351831872720900536e+09
1.345000000000000188e-02 4.399776492133475095e+07 1.346331606592843056e+09
1.346000000000000148e-02 4.381523490096653253e+07 1.340746187969575644e+09
1.347000000000000107e-02 4.363009878916236013e+07 1.335081022948367834e+09
1.348000000000000066e-02 4.344252757332617790e+07 1.329341343743780851e+09
1.349000000000000025e-02 4.325268317968542874e+07 1.323532105298373699e+09
1.350000000000000158e-02 4.306071531411756575e+07 1.317657888611997128e+09
1.351000000000000117e-02 4.286675859624115378e+07 1.311722813044979095e+09
1.352000000000000077e-02 4.267093005365764350e+07 1.305730459641923666e+09
1.353000000000000036e-02 4.247332703485312313e+07 1.299683807266505480e+09
1.354000000000000169e-02 4.227402558952058852e+07 1.293585183039329767e+09
1.355000000000000128e-02 4.207307935417526215e+07 1.287436228237762928e+09
1.356000000000000087e-02 4.187051896916105598e+07 1.281237880456328154e+09
1.357000000000000046e-02 4.166635204075471312e+07 1.274990372447093964e+09
1.358000000000000179e-02 4.146056364936409146e+07 1.268693247670541048e+09
1.359000000000000138e-02 4.125311739207506925e+07 1.262345392197496891e+09
1.360000000000000098e-02 4.104395693533045053e+07 1.255945082221111774e+09
1.361000000000000057e-02 4.083300804161629081e+07 1.249490046073458195e+09
1.362000000000000190e-02 4.062018102295880020e+07 1.242977539302539110e+09
1.363000000000000149e-02 4.040537356406238675e+07 1.236404431060308695e+09
1.364000000000000108e-02 4.018847384927608073e+07 1.229767299787847757e+09
1.365000000000000067e-02 3.996936392046687752e+07 1.223062535966286182e+09
1.366000000000000027e-02 3.974792318746624142e+07 1.216286449536466599e+09
1.367000000000000159e-02 3.952403200917083770e+07 1.209435379480627537e+09
1.368000000000000119e-02 3.929757526170433313e+07 1.202505803008152246e+09
1.369000000000000078e-02 3.906844581031854451e+07 1.195494441795747280e+09
1.370000000000000037e-02 3.883654780393333733e+07 1.188398362800359964e+09
1.371000000000000170e-02 3.860179971532167494e+07 1.181215071288842916e+09
1.372000000000000129e-02 3.836413705585543066e+07 1.173942593909175873e+09
1.373000000000000088e-02 3.812351470129276067e+07 1.166579549859558344e+09
1.374000000000000048e-02 3.787990877414055169e+07 1.159125208488700628e+09
1.375000000000000180e-02 3.763331803844646364e+07 1.151579531976461649e+09
1.376000000000000140e-02 3.738376477423284948e+07 1.143943202091525078e+09
1.377000000000000099e-02 3.713129511090618372e+07 1.136217630393728971e+09
1.378000000000000058e-02 3.687597881158708036e+07 1.128404951634564638e+09
1.379000000000000191e-02 3.661790851310311258e+07 1.120508000500954866e+09
1.380000000000000150e-02 3.635719843907982111e+07 1.112530272235842466e+09
1.381000000000000109e-02 3.609398261585530639e+07 1.104475868045172215e+09
1.382000000000000069e-02 3.582841263254114985e+07 1.096349426555758953e+09
1.383000000000000028e-02 3.556065499718970060e+07 1.088156042914004564e+09
1.384000000000000161e-02 3.529088815045884997e+07 1.079901177404040575e+09
1.385000000000000120e-02 3.501929920616204292e+07 1.071590555708558321e+09
1.386000000000000079e-02 3.474608049447462708e+07 1.063230063130923510e+09
1.387000000000000038e-02 3.447142598818723112e+07 1.054825635238528967e+09
1.388000000000000171e-02 3.419552769513767958e+07 1.046383147471212745e+09
1.389000000000000130e-02 3.391857210076213628e+07 1.037908306283321142e+09
1.390000000000000090e-02 3.364073674355215579e+07 1.029406544352695823e+09
1.391000000000000049e-02 3.336218700312619284e+07 1.020882922295661211e+09
1.392000000000000182e-02 3.308307317568067461e+07 1.012342039175828457e+09
1.393000000000000141e-02 3.280352790490326658e+07 1.003787953890039802e+09
1.394000000000000100e-02 3.252366402815517783e+07 9.952241192615482807e+08
1.395000000000000059e-02 3.224357288806340471e+07 9.866533303747400045e+08
1.396000000000000192e-02 3.196332314882088825e+07 9.780776883539189100e+08
1.397000000000000151e-02 3.168296014473658428e+07 9.694985804289393425e+08
1.398000000000000111e-02 3.140250577617378160e+07 9.609166767509175539e+08
1.399000000000000070e-02 3.112195895526028425e+07 9.523319440309644938e+08
1.400000000000000029e-02 3.084129659093726799e+07 9.437436756826802492e+08
1.401000000000000162e-02 3.056047509034243971e+07 9.351505377644785643e+08
1.402000000000000121e-02 3.027943234148221835e+07 9.265506296493556499e+08
1.403000000000000080e-02 2.999809013092728332e+07 9.179415580063747168e+08
1.404000000000000040e-02 2.971635694011712074e+07 9.093205223675836325e+08
1.405000000000000172e-02 2.943413105502674729e+07 9.006844102838182449e+08
1.406000000000000132e-02 2.915130391663862392e+07 8.920298998491418362e+08
1.407000000000000091e-02 2.886776363403839990e+07 8.833535672015749216e+08
1.408000000000000050e-02 2.858339857815309241e+07 8.746519964914845228e+08
1.409000000000000183e-02 2.829810097226318344e+07 8.659218897512532473e+08
1.410000000000000142e-02 2.801177039548340812e+07 8.571601741017920971e+08
1.411000000000000101e-02 2.772431711742589995e+07 8.483641037932323217e+08
1.412000000000000061e-02 2.743566518618750945e+07 8.395313546973376274e+08
1.413000000000000193e-02 2.714575519754137099e+07 8.306601090447658300e+08
1.414000000000000153e-02 2.685454668063762784e+07 8.217491284275113344e+08
1.415000000000000112e-02 2.656202004444732517e+07 8.127978133600879908e+08
1.416000000000000071e-02 2.626817803941835091e+07 8.038062480062013865e+08
1.417000000000000030e-02 2.597304670010346547e+07 7.947752290231658220e+08
1.418000000000000163e-02 2.567667574661479145e+07 7.857062778464124203e+08
1.419000000000000122e-02 2.537913843536924943e+07 7.766016361222988367e+08
1.420000000000000082e-02 2.508053086242020875e+07 7.674642443900582790e+08
1.421000000000000041e-02 2.478097073543045297e+07 7.582977045041717291e+08
1.422000000000000174e-02 2.448059564272148162e+07 7.491062266672770977e+08
1.423000000000000133e-02 2.417956085955716297e+07 7.398945623024489880e+08
1.424000000000000092e-02 2.387803674260286614e+07 7.306679243236474991e+08
1.425000000000000051e-02 2.357620577310191095e+07 7.214318966569184065e+08
1.426000000000000184e-02 2.327425931749642268e+07 7.121923351153904200e+08
1.427000000000000143e-02 2.297239418080496043e+07 7.029552619326317310e+08
1.428000000000000103e-02 2.267080903290215135e+07 6.937267564068057537e+08
1.429000000000000062e-02 2.236970079080515727e+07 6.845128441986377239e+08
1.430000000000000195e-02 2.206926104109772295e+07 6.753193878575901985e+08
1.431000000000000154e-02 2.176967258568862826e+07 6.661519811220718622e+08
1.432000000000000113e-02 2.147110619122491032e+07 6.570158494514821768e+08
1.433000000000000072e-02 2.117371761773346364e+07 6.479157591026438475e+08
1.434000000000000032e-02 2.087764499555848911e+07 6.388559368640896082e+08
1.435000000000000164e-02 2.058300661154233292e+07 6.298400023131953478e+08
1.436000000000000124e-02 2.028989915586092323e+07 6.208709141693440676e+08
1.437000000000000083e-02 1.999839647018715367e+07 6.119509319877268076e+08
1.438000000000000042e-02 1.970854882617492974e+07 6.030815940809527636e+08
1.439000000000000175e-02 1.942038275089467317e+07 5.942637121773768663e+08
1.440000000000000134e-02 1.913390140310786664e+07 5.854973829351005554e+08
1.441000000000000093e-02 1.884908549143003300e+07 5.767820160377589464e+08
1.442000000000000053e-02 1.856589471280835196e+07 5.681163782119354010e+08
1.443000000000000185e-02 1.828426967761433497e+07 5.594986521349985600e+08
1.444000000000000145e-02 1.800413427631812170e+07 5.509265088553344011e+08
1.445000000000000104e-02 1.772539843242271245e+07 5.423971920321348906e+08
1.446000000000000063e-02 1.744796117734393105e+07 5.339076120267241597e+08
1.447000000000000196e-02 1.717171397542298213e+07 5.254544476479431987e+08
1.448000000000000155e-02 1.689654422143989056e+07 5.170342531760604978e+08
1.449000000000000114e-02 1.662233882898222283e+07 5.086435681668559313e+08
1.450000000000000074e-02 1.634898782591880858e+07 5.002790274731154442e+08
1.451000000000000033e-02 1.607638787307037227e+07 4.919374689159532785e+08
1.452000000000000166e-02 1.580444562396934070e+07 4.836160360934617519e+08
1.453000000000000125e-02 1.553308084731733054e+07 4.753122739279102087e+08
1.454000000000000084e-02 1.526222923928735219e+07 4.670242147221929431e+08
1.455000000000000043e-02 1.499184486005609855e+07 4.587504527177165151e+08
1.456000000000000176e-02 1.472190213772052713e+07 4.504902054142480493e+08
1.457000000000000135e-02 1.445239739284144156e+07 4.422433602209479809e+08
1.458000000000000095e-02 1.418334984803596325e+07 4.340105053499003649e+08
1.459000000000000054e-02 1.391480209904971160e+07 4.257929442309210896e+08
1.460000000000000187e-02 1.364682003629132733e+07 4.175926931105145812e+08
1.461000000000000146e-02 1.337949221862349845e+07 4.094124618898789883e+08
1.462000000000000105e-02 1.311292871396804601e+07 4.012556186474221349e+08
1.463000000000000064e-02 1.284725943370938487e+07 3.931261386715070605e+08
1.464000000000000197e-02 1.258263199967117421e+07 3.850285391899378300e+08
1.465000000000000156e-02 1.231920919332993403e+07 3.769678013158959150e+08
1.466000000000000116e-02 1.205716604665509053e+07 3.689492810276457071e+08
1.467000000000000075e-02 1.179668664230867848e+07 3.609786112546454668e+08
1.468000000000000034e-02 1.153796069769617729e+07 3.530615973495029807e+08
1.469000000000000167e-02 1.128118001238446869e+07 3.452041083789646626e+08
1.470000000000000126e-02 1.102653486157113872e+07 3.374119667640767694e+08
1.471000000000000085e-02 1.077421041952811554e+07 3.296908388375602961e+08
1.472000000000000045e-02 1.052438329622849450e+07 3.220461288645918369e+08
1.473000000000000177e-02 1.027721826770725846e+07 3.144828789918420911e+08
1.474000000000000137e-02 1.003286527617307380e+07 3.070056774508960247e+08
1.475000000000000096e-02 9.791456769585490227e+06 2.996185771493159533e+08
1.476000000000000055e-02 9.553105442481622100e+06 2.923250265399375558e+08
1.477000000000000188e-02 9.317902430469034240e+06 2.851278143723523617e+08
1.478000000000000147e-02 9.085916000216623768e+06 2.780290296066285968e+08
1.479000000000000106e-02 8.857190765213547274e+06 2.710300374155344963e+08
1.480000000000000066e-02 8.631747445303799585e+06 2.641314718262962103e+08
1.481000000000000198e-02 8.409583175326287746e+06 2.573332451649843454e+08
1.482000000000000157e-02 8.190672355388059281e+06 2.506345740748745799e+08
1.483000000000000117e-02 7.974968022675408982e+06 2.440340214938674867e+08
1.484000000000000076e-02 7.762403712558337487e+06 2.375295536042850912e+08
1.485000000000000035e-02 7.552895765345686115e+06 2.311186104195779562e+08
1.486000000000000168e-02 7.346346024674281478e+06 2.247981883550329804e+08
1.487000000000000127e-02 7.142644864402635023e+06 2.185649328507206142e+08
1.488000000000000086e-02 6.941674473240162246e+06 2.124152388811489344e+08
1.489000000000000046e-02 6.743312320359356701e+06 2.063453570029962659e+08
1.490000000000000178e-02 6.547434721041692421e+06 2.003515024638757706e+08
1.491000000000000138e-02 6.353920419104424305e+06 1.944299648245953321e+08
1.492000000000000097e-02 6.162654102490403689e+06 1.885772155362063050e+08
1.493000000000000056e-02 5.973529769992064685e+06 1.827900109617571235e+08
1.494000000000000189e-02 5.786453870577909052e+06 1.770654884396839738e+08
1.495000000000000148e-02 5.601348142120963894e+06 1.714012531489014626e+08
1.496000000000000107e-02 5.418152083362518810e+06 1.657954537508930564e+08
1.497000000000000067e-02 5.236825001522270031e+06 1.602468450465814471e+08
1.498000000000000199e-02 5.057347587880989537e+06 1.547548361891582310e+08
1.499000000000000159e-02 4.879722984686950222e+06 1.493195233314206600e+08
1.500000000000000118e-02 4.703977318615195341e+06 1.439417059496249557e+08
1.501000000000000077e-02 4.530159688457272016e+06 1.386228864667924941e+08
1.502000000000000036e-02 4.358341607452544384e+06 1.333652531880478263e+08
1.503000000000000169e-02 4.188615913393033668e+06 1.281716469498267919e+08
1.504000000000000128e-02 4.021095172041160520e+06 1.230455122644594908e+08
1.505000000000000088e-02 3.855909611208484974e+06 1.179908341029796153e+08
1.506000000000000047e-02 3.693204633778530639e+06 1.130120617936230302e+08
1.507000000000000180e-02 3.533137967758195475e+06 1.081140218134007603e+08
1.508000000000000139e-02 3.375876519888537470e+06 1.033018215085892230e+08
1.509000000000000098e-02 3.221593006234151311e+06 9.858074599076502025e+07
1.510000000000000057e-02 3.070462438346524257e+06 9.395615061340363324e+07
1.511000000000000190e-02 2.922658546934083104e+06 8.943335153618292511e+07
1.512000000000000149e-02 2.778350226399346720e+06 8.501751692781999707e+07
1.513000000000000109e-02 2.637698083083353937e+06 8.071356134235061705e+07
1.514000000000000068e-02 2.500851167607507203e+06 7.652604572878970206e+07
1.515000000000000201e-02 2.367943967375356704e+06 7.245908540168589354e+07
1.516000000000000160e-02 2.239093729198735673e+06 6.851626811348129809e+07
1.517000000000000119e-02 2.114398174282402266e+06 6.470058413304149359e+07
1.518000000000000078e-02 1.993933658624225529e+06 6.101436995390128344e+07
1.519000000000000038e-02 1.877753821474082535e+06 5.745926693710691482e+07
1.520000000000000170e-02 1.765888753091805149e+06 5.403619584460922331e+07
1.521000000000000130e-02 1.658344700915730326e+06 5.074534784802133590e+07
1.522000000000000089e-02 1.555104320685355226e+06 4.758619221297185868e+07
1.523000000000000048e-02 1.456127466344046406e+06 4.455750047012781352e+07
1.524000000000000181e-02 1.361352499980385881e+06 4.165738649939979613e+07
1.525000000000000140e-02 1.270698090942843817e+06 3.888336158285101503e+07
1.526000000000000099e-02 1.184065461862186203e+06 3.623240313298289478e+07
1.527000000000000059e-02 1.101341028907865286e+06 3.370103548458067328e+07
1.528000000000000191e-02 1.022399374431055505e+06 3.128542085759029165e+07
1.529000000000000151e-02 9.471064824191625230e+05 2.898145836202636734e+07
1.530000000000000110e-02 8.753231610870134318e+05 2.678488872926260531e+07
1.531000000000000069e-02 8.069085725998007692e+05 2.469140232155389711e+07
1.532000000000000202e-02 7.417237874606696423e+05 2.269674789629648626e+07
1.533000000000000161e-02 6.796352805611738004e+05 2.079683958517191559e+07
1.534000000000000120e-02 6.205182872947311262e+05 1.898785959121876583e+07
1.535000000000000080e-02 5.642599414407430450e+05 1.726635420808673277e+07
1.536000000000000212e-02 5.107621216593528516e+05 1.562932092277619429e+07
1.537000000000000172e-02 4.599439402761343517e+05 1.407428457244970836e+07
1.538000000000000131e-02 4.117438164195622085e+05 1.259936078243860230e+07
1.539000000000000090e-02 3.661210853076610947e+05 1.120330521041442826e+07
1.540000000000000049e-02 3.230571063336887164e+05 9.885547453810872510e+06
1.541000000000000182e-02 2.825558443222655915e+05 8.646208836261326447e+06
1.542000000000000141e-02 2.446439106415613496e+05 7.486103665631775744e+06
1.543000000000000101e-02 2.093700634765197465e+05 6.406723942381503060e+06
1.544000000000000060e-02 1.768041791984644369e+05 5.410207883473010734e+06
1.545000000000000193e-02 1.470357191115644528e+05 4.499293004813871346e+06
1.546000000000000152e-02 1.201717276295226475e+05 3.677254865463392343e+06
1.547000000000000111e-02 9.633440886137780035e+04 2.947832911158160307e+06
1.548000000000000070e-02 7.565833840822285856e+04 2.315145155291618779e+06
1.549000000000000203e-02 5.828737566473092011e+04 1.783593695340765873e+06
1.550000000000000162e-02 4.437134888257518469e+04 1.357763275806800462e+06
1.551000000000000122e-02 3.406259052470949973e+04 1.042315270056110574e+06
1.552000000000000081e-02 2.751240389856886395e+04 8.418795592962070368e+05
1.553000000000000214e-02 2.486754362166928331e+04 7.609468348230799893e+05
1.554000000000000173e-02 2.626679210956681709e+04 8.037638385527444771e+05
1.555000000000000132e-02 3.183771199298668216e+04 9.742339869853922864e+05
1.556000000000000091e-02 4.169365022209511517e+04 1.275825696796110133e+06
1.557000000000000051e-02 5.593106369949827786e+04 1.711490549204647075e+06
1.558000000000000183e-02 7.462722873824086855e+04 2.283593199390170164e+06
1.559000000000000143e-02 9.783838764400007494e+04 2.993854661906402092e+06
1.560000000000000102e-02 1.255983754829916579e+05 3.843310289779543877e+06
1.561000000000000061e-02 1.579177588577645074e+05 4.832283421047592536e+06
1.562000000000000194e-02 1.947835065362519526e+05 5.960375300009308383e+06
1.563000000000000153e-02 2.361591993441865197e+05 7.226471499932105653e+06
1.564000000000000112e-02 2.819857741291908314e+05 8.628764688353238627e+06
1.565000000000000072e-02 3.321827841297684354e+05 1.016479319437091239e+07
1.566000000000000031e-02 3.866501460270816460e+05 1.183149446842869557e+07
1.566999999999999990e-02 4.452703326017027721e+05 1.362527217761210166e+07
1.568000000000000296e-02 5.079109595281357178e+05 1.554207536156095006e+07
1.569000000000000256e-02 5.744277056572773727e+05 1.757748779311268404e+07
1.570000000000000215e-02 6.446674983778751921e+05 1.972682545036297664e+07
1.571000000000000174e-02 7.184718894896802958e+05 2.198523981838421151e+07
1.572000000000000133e-02 7.956805426102512283e+05 2.434782460387368128e+07
1.573000000000000093e-02 8.761347505733852740e+05 2.680972336754558608e+07
1.574000000000000052e-02 9.596809006215637783e+05 2.936623555901984498e+07
1.575000000000000011e-02 1.046173806459613726e+06 3.201291847766417265e+07
1.575999999999999970e-02 1.135479829394230386e+06 3.474568277946344763e+07
1.577000000000000277e-02 1.227479715757042170e+06 3.756087930216548592e+07
1.578000000000000236e-02 1.322071084481626982e+06 4.045537518513777852e+07
1.579000000000000195e-02 1.419170506920912303e+06 4.342661751177990437e+07
1.580000000000000154e-02 1.518715130556429503e+06 4.647268299502673000e+07
1.581000000000000114e-02 1.620663808942204341e+06 4.959231255363144726e+07
1.582000000000000073e-02 1.724997711792719550e+06 5.278492998085720837e+07
1.583000000000000032e-02 1.831720401294879615e+06 5.605064427962330729e+07
1.583999999999999991e-02 1.940857373214352410e+06 5.939023562035917491e+07
1.585000000000000298e-02 2.052455073884269688e+06 6.280512526085864007e+07
1.586000000000000257e-02 2.166579416416055989e+06 6.629733014233130217e+07
1.587000000000000216e-02 2.283313831173948478e+06 6.986940323392280936e+07
1.588000000000000175e-02 2.402756896427679341e+06 7.352436103068697453e+07
1.589000000000000135e-02 2.525019604896250647e+06 7.726559990982525051e+07
1.590000000000000094e-02 2.650222330382736400e+06 8.109680330971170962e+07
1.591000000000000053e-02 2.778491565683260094e+06 8.502184190990774333e+07
1.592000000000000012e-02 2.909956508267412893e+06 8.904466915298281610e+07
1.592999999999999972e-02 3.044745573750721756e+06 9.316921455677206814e+07
1.594000000000000278e-02 3.182982918827632908e+06 9.739927731612555683e+07
1.595000000000000237e-02 3.324785055072462186e+06 1.017384226852173209e+08
1.596000000000000196e-02 3.470257632849555928e+06 1.061898835651963949e+08
1.597000000000000156e-02 3.619492470553902443e+06 1.107564695989494026e+08
1.598000000000000115e-02 3.772564898627697024e+06 1.154404858980075121e+08
1.599000000000000074e-02 3.929531480399744119e+06 1.202436633002321422e+08
1.600000000000000033e-02 4.090428162946592085e+06 1.251671017861656845e+08
1.600999999999999993e-02 4.255268901088322513e+06 1.302112283733026385e+08
1.602000000000000299e-02 4.424044786539923400e+06 1.353757704681216478e+08
1.603000000000000258e-02 4.596723702403778210e+06 1.406597452935555875e+08
1.604000000000000217e-02 4.773250510887382552e+06 1.460614656331538856e+08
1.605000000000000177e-02 4.953547769648910500e+06 1.515785617512566149e+08
1.606000000000000136e-02 5.137516959805801511e+06 1.572080189700574875e+08
1.607000000000000095e-02 5.325040196677519009e+06 1.629462300183320642e+08
1.608000000000000054e-02 5.515982383050745353e+06 1.687890609213527739e+08
1.609000000000000014e-02 5.710193754419726320e+06 1.747319288852435946e+08
1.609999999999999973e-02 5.907512756506239064e+06 1.807698903490908742e+08
1.611000000000000279e-02 6.107769187616509385e+06 1.868977371410651505e+08
1.612000000000000238e-02 6.310787532228334807e+06 1.931100984861870110e+08
1.613000000000000198e-02 6.516390407761822455e+06 1.994015464775117040e+08
1.614000000000000157e-02 6.724402043876687065e+06 2.057667025426265895e+08
1.615000000000000116e-02 6.934651712918751873e+06 2.122003424153137505e+08
1.616000000000000075e-02 7.146977031321647577e+06 2.186974971584423780e+08
1.617000000000000035e-02 7.361227054830511101e+06 2.252535478778136075e+08
1.617999999999999994e-02 7.577265095280728303e+06 2.318643119155902565e+08
1.619000000000000300e-02 7.794971193217854947e+06 2.385261185124663115e+08
1.620000000000000259e-02 8.014244188736769371e+06 2.452358721753450930e+08
1.621000000000000218e-02 8.235003342354411259e+06 2.519911022760449350e+08
1.622000000000000178e-02 8.457189468288775533e+06 2.587899977296364605e+08
1.623000000000000137e-02 8.680765553955221549e+06 2.656314259510296881e+08
1.624000000000000096e-02 8.905716851536048576e+06 2.725149356570030451e+08
1.625000000000000056e-02 9.132050439848685637e+06 2.794407434593697190e+08
1.626000000000000015e-02 9.359794267147090286e+06 2.864097045747008920e+08
1.626999999999999974e-02 9.588995697643131018e+06 2.934232683478797674e+08
1.628000000000000280e-02 9.819719596149388701e+06 3.004834196421712041e+08
1.629000000000000239e-02 1.005204599604809470e+07 3.075926074790716767e+08
1.630000000000000199e-02 1.028606740553455241e+07 3.147536626093572378e+08
1.631000000000000158e-02 1.052188581552878022e+07 3.219697059551805854e+08
1.632000000000000117e-02 1.075960947961565293e+07 3.292440500762389302e+08
1.633000000000000076e-02 1.099934954168222845e+07 3.365800959754761457e+08
1.634000000000000036e-02 1.124121659045852162e+07 3.439812276680306792e+08
1.634999999999999995e-02 1.148531722184786014e+07 3.514507069885444641e+08
1.636000000000000301e-02 1.173175068971745484e+07 3.589915711053540707e+08
1.637000000000000260e-02 1.198060572371558100e+07 3.666065351456967592e+08
1.638000000000000220e-02 1.223195758873644099e+07 3.742979022153350711e+08
1.639000000000000179e-02 1.248586545496249385e+07 3.820674829218522310e+08
1.640000000000000138e-02 1.274237014011123590e+07 3.899165262874037623e+08
1.641000000000000097e-02 1.300149227676757425e+07 3.978456636690876484e+08
1.642000000000000057e-02 1.326323094770225137e+07 4.058548669996888638e+08
1.643000000000000016e-02 1.352756282109618746e+07 4.139434223255432248e+08
1.643999999999999975e-02 1.379444180586199649e+07 4.221099192593770623e+08
1.645000000000000281e-02 1.406379923506169021e+07 4.303522565928876400e+08
1.646000000000000241e-02 1.433554457303938642e+07 4.386676639350051284e+08
1.647000000000000200e-02 1.460956662961903401e+07 4.470527388663423061e+08
1.648000000000000159e-02 1.488573525283699483e+07 4.555034987368119955e+08
1.649000000000000118e-02 1.516390346047957055e+07 4.640154458906747699e+08
1.650000000000000078e-02 1.544390996042167395e+07 4.725836447889031172e+08
1.651000000000000037e-02 1.572558200067203492e+07 4.812028092205641866e+08
1.651999999999999996e-02 1.600873848232197762e+07 4.898673975590524077e+08
1.653000000000000302e-02 1.629319326245735399e+07 4.985717138311949372e+08
1.654000000000000262e-02 1.657875856966469809e+07 5.073100122317396402e+08
1.655000000000000221e-02 1.686524845215385035e+07 5.160766026359077096e+08
1.656000000000000180e-02 1.715248217777637392e+07 5.248659546399569511e+08
1.657000000000000139e-02 1.744028750637953728e+07 5.336727976952137947e+08
1.658000000000000099e-02 1.772850375795171037e+07 5.424922149933221340e+08
1.659000000000000058e-02 1.801698460482838750e+07 5.513197289077485800e+08
1.660000000000000017e-02 1.830560052272048965e+07 5.601513759952468872e+08
1.660999999999999976e-02 1.859424084334539250e+07 5.689837698063689470e+08
1.662000000000000283e-02 1.888281536080166698e+07 5.778141500405309200e+08
1.663000000000000242e-02 1.917125545430267602e+07 5.866404169016617537e+08
1.664000000000000201e-02 1.945951470124002174e+07 5.954611498579444885e+08
1.665000000000000160e-02 1.974756896650142223e+07 6.042756103749433756e+08
1.666000000000000120e-02 2.003541596625624970e+07 6.130837285674411058e+08
1.667000000000000079e-02 2.032307431674303859e+07 6.218860740923368931e+08
1.668000000000000038e-02 2.061058209066931903e+07 6.306838119744809866e+08
1.668999999999999997e-02 2.089799491537134349e+07 6.394786444103629589e+08
1.670000000000000304e-02 2.118538365762117878e+07 6.482727399232079983e+08
1.671000000000000263e-02 2.147283174964827672e+07 6.570686515392371416e+08
1.672000000000000222e-02 2.176043221934521571e+07 6.658692259119634628e+08
1.673000000000000181e-02 2.204828449454557151e+07 6.746775055330944061e+08
1.674000000000000141e-02 2.233649105654814839e+07 6.834966263303731680e+08
1.675000000000000100e-02 2.262515402157512307e+07 6.923297130601986647e+08
1.676000000000000059e-02 2.291437173052700981e+07 7.011797749541263580e+08
1.677000000000000018e-02 2.320423542718281597e+07 7.100496040717940331e+08
1.677999999999999978e-02 2.349482610290272161e+07 7.189416787488231659e+08
1.679000000000000284e-02 2.378621158196820319e+07 7.278580744082269669e+08
1.680000000000000243e-02 2.407844391603448614e+07 7.368003838306552172e+08
1.681000000000000202e-02 2.437155714890887588e+07 7.457696487566114664e+08
1.682000000000000162e-02 2.466556550416479632e+07 7.547663044274426699e+08
1.683000000000000121e-02 2.496046203817915916e+07 7.637901383682820797e+08
1.684000000000000080e-02 2.525621779025168344e+07 7.728402643817013502e+08
1.685000000000000039e-02 2.555278144980099052e+07 7.819151123639101982e+08
1.685999999999999999e-02 2.585007954849828780e+07 7.910124341840474606e+08
1.687000000000000305e-02 2.614801717288686708e+07 8.001293254903380871e+08
1.688000000000000264e-02 2.644647918082283437e+07 8.092622629331785440e+08
1.689000000000000223e-02 2.674533189326146245e+07 8.184071559338005781e+08
1.690000000000000183e-02 2.704442522176190093e+07 8.275594117859140635e+08
1.691000000000000142e-02 2.734359518187123910e+07 8.367140125652598143e+08
1.692000000000000101e-02 2.764266673350064084e+07 8.458656020451194048e+08
1.693000000000000060e-02 2.794145688174566254e+07 8.550085805814170837e+08
1.694000000000000020e-02 2.823977796549827605e+07 8.641372057442470789e+08
1.694999999999999979e-02 2.853744105680414662e+07 8.732456963382066488e+08
1.696000000000000285e-02 2.883425939132786170e+07 8.823283373746323586e+08
1.697000000000000244e-02 2.913005174956776947e+07 8.913795835367735624e+08
1.698000000000000204e-02 2.942464570962666348e+07 9.003941587145756483e+08
1.699000000000000163e-02 2.971788069536479563e+07 9.093671492781625986e+08
1.700000000000000122e-02 3.000961074856867641e+07 9.182940889062013626e+08
1.701000000000000081e-02 3.029970696025168151e+07 9.271710329837013483e+08
1.702000000000000041e-02 3.058805950420327857e+07 9.359946208286200762e+08
1.703000000000000000e-02 3.087457922524038330e+07 9.447621242923555374e+08
1.704000000000000306e-02 3.115919874506487325e+07 9.534714815989849567e+08
1.705000000000000265e-02 3.144187305995021015e+07 9.621213156344761848e+08
1.706000000000000225e-02 3.172257961640758067e+07 9.707109362620717287e+08
1.707000000000000184e-02 3.200131786322447285e+07 9.792403266146687269e+08
1.708000000000000143e-02 3.227810829055968672e+07 9.877101136911262274e+08
1.709000000000000102e-02 3.255299097880959511e+07 9.961215239515734911e+08
1.710000000000000062e-02 3.282602369146279991e+07 1.004476324958761573e+09
1.711000000000000021e-02 3.309727955685745925e+07 1.012776754439838052e+09
1.711999999999999980e-02 3.336684439340153709e+07 1.021025438438086867e+09
1.713000000000000286e-02 3.363481374117761850e+07 1.029225300480034947e+09
1.714000000000000246e-02 3.390128966974443197e+07 1.037379463894179463e+09
1.715000000000000205e-02 3.416637743719717860e+07 1.045491149578233480e+09
1.716000000000000164e-02 3.443018207903680205e+07 1.053563571618525863e+09
1.717000000000000123e-02 3.469280500704681873e+07 1.061599833215632558e+09
1.718000000000000083e-02 3.495434069814263284e+07 1.069602825363164306e+09
1.719000000000000042e-02 3.521487355104543269e+07 1.077575130661989927e+09
1.720000000000000001e-02 3.547447498469936848e+07 1.085518934531800270e+09
1.721000000000000307e-02 3.573320084667847306e+07 1.093435945908360958e+09
1.722000000000000267e-02 3.599108919255804271e+07 1.101327329292275906e+09
1.723000000000000226e-02 3.624815848852425069e+07 1.109193649748841763e+09
1.724000000000000185e-02 3.650440627956541628e+07 1.117034832154701471e+09
1.725000000000000144e-02 3.675980835466584563e+07 1.124850135652774572e+09
1.726000000000000104e-02 3.701431842876347154e+07 1.132638143920161963e+09
1.727000000000000063e-02 3.726786834910701960e+07 1.140396771482674599e+09
1.728000000000000022e-02 3.752036882134405524e+07 1.148123285933127880e+09
1.728999999999999981e-02 3.777171063847494125e+07 1.155814345537333012e+09
1.730000000000000288e-02 3.802176638400605321e+07 1.163466051350584984e+09
1.731000000000000247e-02 3.827039256950663775e+07 1.171074012626902819e+09
1.732000000000000206e-02 3.851743215657472610e+07 1.178633423991186380e+09
1.733000000000000165e-02 3.876271740419206768e+07 1.186139152568277121e+09
1.734000000000000125e-02 3.900607297480648011e+07 1.193585833029078245e+09
1.735000000000000084e-02 3.924731922639992088e+07 1.200967968327837229e+09
1.736000000000000043e-02 3.948627561342620105e+07 1.208280033770841599e+09
1.737000000000000002e-02 3.972276411693868041e+07 1.215516581978323460e+09
1.738000000000000309e-02 3.995661262352872640e+07 1.222672346279978752e+09
1.739000000000000268e-02 4.018765817388634384e+07 1.229742340120921850e+09
1.740000000000000227e-02 4.041575000484035164e+07 1.236721950148114681e+09
1.741000000000000186e-02 4.064075231356652081e+07 1.243607020795135498e+09
1.742000000000000146e-02 4.086254667915936559e+07 1.250393928382276297e+09
1.743000000000000105e-02 4.108103408479040116e+07 1.257079642994585991e+09
1.744000000000000064e-02 4.129613649303397536e+07 1.263661776686839581e+09
1.745000000000000023e-02 4.150779793741705269e+07 1.270138616884961605e+09
1.745999999999999983e-02 4.171598510459022224e+07 1.276509144200460434e+09
1.747000000000000289e-02 4.192068739346199483e+07 1.282773034239936829e+09
1.748000000000000248e-02 4.212191644990413636e+07 1.288930643367066383e+09
1.749000000000000207e-02 4.231970518794000149e+07 1.294982978750963926e+09
1.750000000000000167e-02 4.251410632037144154e+07 1.300931653403365850e+09
1.751000000000000126e-02 4.270519043331628293e+07 1.306778827259478092e+09
1.752000000000000085e-02 4.289304364983083308e+07 1.312527135684823275e+09
1.753000000000000044e-02 4.307776493744169921e+07 1.318179607085715771e+09
1.754000000000000004e-02 4.325946312277508527e+07 1.323739571556917429e+09
1.755000000000000310e-02 4.343825368335603178e+07 1.329210562710694313e+09
1.756000000000000269e-02 4.361425539189300686e+07 1.334596214991925716e+09
1.757000000000000228e-02 4.378758689184011519e+07 1.339900158890307188e+09
1.758000000000000188e-02 4.395836328465896100e+07 1.345125916510564089e+09
1.759000000000000147e-02 4.412669280894813687e+07 1.350276799953812599e+09
1.760000000000000106e-02 4.429267368947158009e+07 1.355355814897830009e+09
1.761000000000000065e-02 4.445639123015138507e+07 1.360365571642632246e+09
1.762000000000000025e-02 4.461791521938794106e+07 1.365308205713270664e+09
1.762999999999999984e-02 4.477729770875987411e+07 1.370185309888051987e+09
1.764000000000000290e-02 4.493457121741665155e+07 1.374997879252949238e+09
1.765000000000000249e-02 4.508974740450402349e+07 1.379746270577822924e+09
1.766000000000000208e-02 4.524281624099757522e+07 1.384430176974525690e+09
1.767000000000000168e-02 4.539374570061323047e+07 1.389048618438764572e+09
1.768000000000000127e-02 4.554248197729543597e+07 1.393599948505239964e+09
1.769000000000000086e-02 4.568895022443355620e+07 1.398081876867666483e+09
1.770000000000000046e-02 4.583305579871969670e+07 1.402491507440822601e+09
1.771000000000000005e-02 4.597468597971872985e+07 1.406825390979393005e+09
1.772000000000000311e-02 4.611371212505493313e+07 1.411079591026680708e+09
1.773000000000000270e-02 4.624999221088909358e+07 1.415249761653205872e+09
1.774000000000000229e-02 4.638337369830804318e+07 1.419331235168225765e+09
1.775000000000000189e-02 4.651369665858236700e+07 1.423319117752620220e+09
1.776000000000000148e-02 4.664079708415552229e+07 1.427208390775158644e+09
1.777000000000000107e-02 4.676451030784486979e+07 1.430994015420052767e+09
1.778000000000000067e-02 4.688467445016881078e+07 1.434671038175165176e+09
1.779000000000000026e-02 4.700113381402553618e+07 1.438234694709181070e+09
1.779999999999999985e-02 4.711374214715199172e+07 1.441680509702850819e+09
1.781000000000000291e-02 4.722236569586213678e+07 1.445004390293381214e+09
1.782000000000000250e-02 4.732688597842594236e+07 1.448202710939833641e+09
1.783000000000000210e-02 4.742720221299759299e+07 1.451272387717725992e+09
1.784000000000000169e-02 4.752323334307134151e+07 1.454210940297982931e+09
1.785000000000000128e-02 4.761491961285808682e+07 1.457016540153457165e+09
1.786000000000000087e-02 4.770222365550523251e+07 1.459688043858459949e+09
1.787000000000000047e-02 4.778513106848773360e+07 1.462225010695724249e+09
1.788000000000000006e-02 4.786365046250706911e+07 1.464627704152716160e+09
1.789000000000000312e-02 4.793781298257000744e+07 1.466897077266641855e+09
1.790000000000000271e-02 4.800767131228903681e+07 1.469034742156044245e+09
1.791000000000000231e-02 4.807329818456233293e+07 1.471042924447607040e+09
1.792000000000000190e-02 4.813478443336836249e+07 1.472924403661071539e+09
1.793000000000000149e-02 4.819223663217938691e+07 1.474682440944688797e+09
1.794000000000000108e-02 4.824577437420330942e+07 1.476320695850620985e+09
1.795000000000000068e-02 4.829552725807914883e+07 1.477843134097221851e+09
1.796000000000000027e-02 4.834163164958036691e+07 1.479253928477159023e+09
1.796999999999999986e-02 4.838422729515721649e+07 1.480557355231810570e+09
1.798000000000000292e-02 4.842345386665275693e+07 1.481757688319573879e+09
1.799000000000000252e-02 4.845944751817242056e+07 1.482859094056075811e+09
1.800000000000000211e-02 4.849233753583605587e+07 1.483865528596582890e+09
1.801000000000000170e-02 4.852224315899775922e+07 1.484780640665331125e+09
1.802000000000000129e-02 4.854927064753507823e+07 1.485607681814573050e+09
1.803000000000000089e-02 4.857351066407393664e+07 1.486349426320662022e+09
1.804000000000000048e-02 4.859503603266590089e+07 1.487008102599576235e+09
1.805000000000000007e-02 4.861389992664036155e+07 1.487585337755194664e+09
1.806000000000000313e-02 4.863013452832048386e+07 1.488082116566606522e+09
1.807000000000000273e-02 4.864375019225514680e+07 1.488498755883007288e+09
1.808000000000000232e-02 4.865473513183481991e+07 1.488834895034145355e+09
1.809000000000000191e-02 4.866305563690634817e+07 1.489089502489334106e+09
1.810000000000000150e-02 4.866865681756296009e+07 1.489260898617426157e+09
1.811000000000000110e-02 4.867146385695624352e+07 1.489346794022860765e+09
1.812000000000000069e-02 4.867138374404359609e+07 1.489344342567733765e+09
1.813000000000000028e-02 4.866830744592614472e+07 1.489250207845339775e+09
1.813999999999999987e-02 4.866211246911496669e+07 1.489060641554917812e+09
1.815000000000000294e-02 4.865266574992753565e+07 1.488771571947782278e+09
1.816000000000000253e-02 4.863982680647691339e+07 1.488378700278193474e+09
1.817000000000000212e-02 4.862345107855436206e+07 1.487877603003763199e+09
1.818000000000000171e-02 4.860339337726885825e+07 1.487263837344426870e+09
1.819000000000000131e-02 4.857951136369536072e+07 1.486533047729077816e+09
1.820000000000000090e-02 4.855166897506347299e+07 1.485681070636941910e+09
1.821000000000000049e-02 4.851973971820436418e+07 1.484704035377053261e+09
1.822000000000000008e-02 4.848360975304035097e+07 1.483598458443034410e+09
1.823000000000000315e-02 4.844318069377782196e+07 1.482361329229600906e+09
1.824000000000000274e-02 4.839837206203633547e+07 1.480990185098311663e+09
1.825000000000000233e-02 4.834912333426065743e+07 1.479483174028375864e+09
1.826000000000000192e-02 4.829539553523217142e+07 1.477839103378104210e+09
1.827000000000000152e-02 4.823717234009590000e+07 1.476057473606934071e+09
1.828000000000000111e-02 4.817446065880547464e+07 1.474138496159447193e+09
1.829000000000000070e-02 4.810729068899006397e+07 1.472083095083095551e+09
1.830000000000000029e-02 4.803571543568311632e+07 1.469892892331902981e+09
1.830999999999999989e-02 4.795980970882979035e+07 1.467570177090191364e+09
1.832000000000000295e-02 4.787966862171870470e+07 1.465117859824592113e+09
1.833000000000000254e-02 4.779540562517605722e+07 1.462539412130387068e+09
1.834000000000000213e-02 4.770715012324131280e+07 1.459838793771183968e+09
1.835000000000000173e-02 4.761504472586332262e+07 1.457020368611417532e+09
1.836000000000000132e-02 4.751924220267663151e+07 1.454088811401904821e+09
1.837000000000000091e-02 4.741990220894572139e+07 1.451049007593738794e+09
1.838000000000000050e-02 4.731718786013275385e+07 1.447905948520062208e+09
1.839000000000000010e-02 4.721126223512427509e+07 1.444664624394802570e+09
1.840000000000000316e-02 4.710228488986256719e+07 1.441329917629794359e+09
1.841000000000000275e-02 4.699040846292462200e+07 1.437906498965493202e+09
1.842000000000000234e-02 4.687577545248124748e+07 1.434398728845925808e+09
1.843000000000000194e-02 4.675851524009899795e+07 1.430810566347028971e+09
1.844000000000000153e-02 4.663874143110981584e+07 1.427145487791960239e+09
1.845000000000000112e-02 4.651654957390158623e+07 1.423406416961388350e+09
1.846000000000000071e-02 4.639201531164864451e+07 1.419595668536448240e+09
1.847000000000000031e-02 4.626519300991094857e+07 1.415714906103274584e+09
1.847999999999999990e-02 4.613611489241919667e+07 1.411765115708027363e+09
1.849000000000000296e-02 4.600479070549029857e+07 1.407746595588002920e+09
1.850000000000000255e-02 4.587120791916099191e+07 1.403658962326326132e+09
1.851000000000000215e-02 4.573533246057443321e+07 1.399501173293577433e+09
1.852000000000000174e-02 4.559710996270223707e+07 1.395271564858688116e+09
1.853000000000000133e-02 4.545646749941916019e+07 1.390967905482225895e+09
1.854000000000000092e-02 4.531331576655508578e+07 1.386587462456585407e+09
1.855000000000000052e-02 4.516755165809679776e+07 1.382127080737761736e+09
1.856000000000000011e-02 4.501906117744050920e+07 1.377583272029679537e+09
1.857000000000000317e-02 4.486772261572828889e+07 1.372952312041285515e+09
1.858000000000000276e-02 4.471340992301800847e+07 1.368230343644350767e+09
1.859000000000000236e-02 4.455599619348508865e+07 1.363413483520643473e+09
1.860000000000000195e-02 4.439535718314700574e+07 1.358497929804298162e+09
1.861000000000000154e-02 4.423137477779445052e+07 1.353480068200510025e+09
1.862000000000000113e-02 4.406394032993284613e+07 1.348356574095944643e+09
1.863000000000000073e-02 4.389295778655777127e+07 1.343124508268667698e+09
1.864000000000000032e-02 4.371834653443354368e+07 1.337781403953666210e+09
1.864999999999999991e-02 4.354004389611006528e+07 1.332325343220967770e+09
1.866000000000000297e-02 4.335800721804144233e+07 1.326755020872067928e+09
1.867000000000000257e-02 4.317221550167374313e+07 1.321069794351216078e+09
1.868000000000000216e-02 4.298267053902404755e+07 1.315269718494135618e+09
1.869000000000000175e-02 4.278939752583811432e+07 1.309355564290646076e+09
1.870000000000000134e-02 4.259244513760593534e+07 1.303328821210741282e+09
1.871000000000000094e-02 4.239188506626301259e+07 1.297191683027647972e+09
1.872000000000000053e-02 4.218781102800777555e+07 1.290947017457037687e+09
1.873000000000000012e-02 4.198033726502993703e+07 1.284598320309915781e+09
1.874000000000000318e-02 4.176959657578366995e+07 1.278149655218980074e+09
1.875000000000000278e-02 4.155573791947466880e+07 1.271605580335924625e+09
1.876000000000000237e-02 4.133892365039999038e+07 1.264971063702239513e+09
1.877000000000000196e-02 4.111932644646105170e+07 1.258251389261708021e+09
1.878000000000000155e-02 4.089712600334407389e+07 1.251452055702328444e+09
1.879000000000000115e-02 4.067250557137519121e+07 1.244578670484080553e+09
1.880000000000000074e-02 4.044564841577088088e+07 1.237636841522588730e+09
1.881000000000000033e-02 4.021673428283387423e+07 1.230632069054716349e+09
1.881999999999999992e-02 3.998593595454540849e+07 1.223569640209089279e+09
1.883000000000000299e-02 3.975341597198124230e+07 1.216454528742625713e+09
1.884000000000000258e-02 3.951932360407237709e+07 1.209291302284614563e+09
1.885000000000000217e-02 3.928379213253615797e+07 1.202084039255606174e+09
1.886000000000000176e-02 3.904693651645416766e+07 1.194836257403497458e+09
1.887000000000000136e-02 3.880885149113082886e+07 1.187550855628602982e+09
1.888000000000000095e-02 3.856961014575201273e+07 1.180230070460011482e+09
1.889000000000000054e-02 3.832926301319649816e+07 1.172875448203812599e+09
1.890000000000000013e-02 3.808783769340742379e+07 1.165487833418267012e+09
1.891000000000000320e-02 3.784533901927690208e+07 1.158067373989872932e+09
1.892000000000000279e-02 3.760174976133076102e+07 1.150613542696721077e+09
1.893000000000000238e-02 3.735703185491065681e+07 1.143125174760265827e+09
1.894000000000000197e-02 3.711112812134394795e+07 1.135600520513124704e+09
1.895000000000000157e-02 3.686396444303671271e+07 1.128037311956923246e+09
1.896000000000000116e-02 3.661545234180689603e+07 1.120432841659290791e+09
1.897000000000000075e-02 3.636549190033295006e+07 1.112784052150188208e+09
1.898000000000000034e-02 3.611397495855225623e+07 1.105087633731698990e+09
1.898999999999999994e-02 3.586078851039005816e+07 1.097340128417935610e+09
1.900000000000000300e-02 3.560581822148770094e+07 1.089538037577523470e+09
1.901000000000000259e-02 3.534895198573482782e+07 1.081677930763485432e+09
1.902000000000000218e-02 3.509008343746705353e+07 1.073756553186491728e+09
1.903000000000000178e-02 3.482911533718665689e+07 1.065770929317911625e+09
1.904000000000000137e-02 3.456596275157820433e+07 1.057718460198292971e+09
1.905000000000000096e-02 3.430055595335718244e+07 1.049597012172729731e+09
1.906000000000000055e-02 3.403284297299711406e+07 1.041404994973711371e+09
1.907000000000000015e-02 3.376279174247387797e+07 1.033141427319700599e+09
1.908000000000000321e-02 3.349039178066610545e+07 1.024805988488382697e+09
1.909000000000000280e-02 3.321565538072367758e+07 1.016399054650144339e+09
1.910000000000000239e-02 3.293861827132413164e+07 1.007921719102518201e+09
1.911000000000000199e-02 3.265933973600629345e+07 9.993757959217923880e+08
1.912000000000000158e-02 3.237790218740728870e+07 9.907638069346629381e+08
1.913000000000000117e-02 3.209441020595443994e+07 9.820889523022056818e+08
1.914000000000000076e-02 3.180898906506188959e+07 9.733550653908936977e+08
1.915000000000000036e-02 3.152178277687670663e+07 9.645665529724270105e+08
1.915999999999999995e-02 3.123295170382101089e+07 9.557283221369227171e+08
1.917000000000000301e-02 3.094266979132733122e+07 9.468456956146161556e+08
1.918000000000000260e-02 3.065112148602776229e+07 9.379243174724493027e+08
1.919000000000000219e-02 3.035849841101871431e+07 9.289700513771724701e+08
1.920000000000000179e-02 3.006499587552601472e+07 9.199888737910959721e+08
1.921000000000000138e-02 2.977080930018302053e+07 9.109867645856002569e+08
1.922000000000000097e-02 2.947613064113838226e+07 9.019695976188343763e+08
1.923000000000000057e-02 2.918114489626795426e+07 8.929430338257992268e+08
1.924000000000000016e-02 2.888602677488111332e+07 8.839124193113619089e+08
1.925000000000000322e-02 2.859093760852853581e+07 8.748826908209730387e+08
1.926000000000000281e-02 2.829602257492058724e+07 8.658582907925697565e+08
1.927000000000000240e-02 2.800140829968841001e+07 8.568430939704651833e+08
1.928000000000000200e-02 2.770720089192835987e+07 8.478403472930076122e+08
1.929000000000000159e-02 2.741348445936988294e+07 8.388526244567182064e+08
1.930000000000000118e-02 2.712032013783499226e+07 8.298817962177506685e+08
1.931000000000000077e-02 2.682774565767319500e+07 8.209290171247996092e+08
1.932000000000000037e-02 2.653577545733533427e+07 8.119947289944610596e+08
1.932999999999999996e-02 2.624440134149365127e+07 8.030786810497056246e+08
1.934000000000000302e-02 2.595359366840943694e+07 7.941799662533286810e+08
1.935000000000000261e-02 2.566330303890156373e+07 7.852970729903876781e+08
1.936000000000000221e-02 2.537346244755903259e+07 7.764279508953062296e+08
1.937000000000000180e-02 2.508398984604710713e+07 7.675700892890414000e+08
1.938000000000000139e-02 2.479479105872918665e+07 7.587206063971129656e+08
1.939000000000000098e-02 2.450576298258901015e+07 7.498763472672235966e+08
1.940000000000000058e-02 2.421679699678703398e+07 7.410339881016830206e+08
1.941000000000000017e-02 2.392778250227215141e+07 7.321901445695276260e+08
1.942000000000000323e-02 2.363861050881218165e+07 7.233414815696526766e+08
1.943000000000000282e-02 2.334917718567705527e+07 7.144848218817176819e+08
1.944000000000000242e-02 2.305938729302773252e+07 7.056172511666485071e+08
1.945000000000000201e-02 2.276915741382761300e+07 6.967362168631248474e+08
1.946000000000000160e-02 2.247841891071536765e+07 6.878396186678901911e+08
1.947000000000000119e-02 2.218712053867423162e+07 6.789258884834313393e+08
1.948000000000000079e-02 2.189523065233812481e+07 6.699940579615464211e+08
1.949000000000000038e-02 2.160273895621070638e+07 6.610438120600475073e+08
1.949999999999999997e-02 2.130965775671774521e+07 6.520755273555628061e+08
1.951000000000000303e-02 2.101602268661627918e+07 6.430902942104580402e+08
1.952000000000000263e-02 2.072189288458247483e+07 6.340899222682235241e+08
1.953000000000000222e-02 2.042735062549387664e+07 6.250769291401125193e+08
1.954000000000000181e-02 2.013250040973252431e+07 6.160545125378150940e+08
1.955000000000000140e-02 1.983746753244687617e+07 6.070265064928742647e+08
1.956000000000000100e-02 1.954239616584220529e+07 5.979973226747713089e+08
1.957000000000000059e-02 1.924744699892797694e+07 5.889718781671959162e+08
1.958000000000000018e-02 1.895279448948139697e+07 5.799555113781306744e+08
1.959000000000000324e-02 1.865862379203606769e+07 5.709538880363035202e+08
1.960000000000000284e-02 1.836512743327406794e+07 5.619728994581863880e+08
1.961000000000000243e-02 1.807250181210157275e+07 5.530185554503079653e+08
1.962000000000000202e-02 1.778094360579513013e+07 5.440968743373309374e+08
1.963000000000000161e-02 1.749064616580772772e+07 5.352137726737163067e+08
1.964000000000000121e-02 1.720179598708660156e+07 5.263749572048498392e+08
1.965000000000000080e-02 1.691456933305428922e+07 5.175858215914611220e+08
1.966000000000000039e-02 1.662912909479392879e+07 5.088513503006941080e+08
1.966999999999999998e-02 1.634562195753477328e+07 5.001760319005639553e+08
1.968000000000000305e-02 1.606417594038462080e+07 4.915637837757692933e+08
1.969000000000000264e-02 1.578489836656887457e+07 4.830178900170074701e+08
1.970000000000000223e-02 1.550787431140829064e+07 4.745409539290935993e+08
1.971000000000000182e-02 1.523316556414619088e+07 4.661348662628733516e+08
1.972000000000000142e-02 1.496081012775976956e+07 4.578007899094488621e+08
1.973000000000000101e-02 1.469082226835878938e+07 4.495391614117788672e+08
1.974000000000000060e-02 1.442319311296648160e+07 4.413497092567742467e+08
1.975000000000000019e-02 1.415789178169796802e+07 4.332314885199577808e+08
1.976000000000000326e-02 1.389486702789310925e+07 4.251829310535290241e+08
1.977000000000000285e-02 1.363404934792289324e+07 4.172019100464404821e+08
1.978000000000000244e-02 1.337535351143371873e+07 4.092858174498717189e+08
1.979000000000000203e-02 1.311868145299443789e+07 4.014316524616296887e+08
1.980000000000000163e-02 1.286392545767895691e+07 3.936361190049759746e+08
1.981000000000000122e-02 1.261097156626281142e+07 3.858957299276419282e+08
1.982000000000000081e-02 1.235970312058456242e+07 3.782069154898875356e+08
1.983000000000000040e-02 1.211000436635266989e+07 3.705661336103916764e+08
1.984000000000000000e-02 1.186176402932979539e+07 3.629699792974916697e+08
1.985000000000000306e-02 1.161487878144235164e+07 3.554152907121359110e+08
1.986000000000000265e-02 1.136925651592212543e+07 3.478992493872169852e+08
1.987000000000000224e-02 1.112481935503108054e+07 3.404194722639510036e+08
1.988000000000000184e-02 1.088150632014882751e+07 3.329740933965540528e+08
1.989000000000000143e-02 1.063927560186694562e+07 3.255618334171285033e+08
1.990000000000000102e-02 1.039810637705167010e+07 3.181820551377810240e+08
1.991000000000000061e-02 1.015800013039310463e+07 3.108348039900289774e+08
1.992000000000000021e-02 9.918981449504528195e+06 3.035208323548384905e+08
1.993000000000000327e-02 9.681098274902977049e+06 2.962416072120310068e+08
1.994000000000000286e-02 9.444421598906666040e+06 2.889993009265439510e+08
1.995000000000000245e-02 9.209044620324438438e+06 2.817967653819277287e+08
1.996000000000000205e-02 8.975081374500306323e+06 2.746374900597093105e+08
1.997000000000000164e-02 8.742664870498288423e+06 2.675255450372475684e+08
1.998000000000000123e-02 8.511944778702335432e+06 2.604655102282913923e+08
1.999000000000000082e-02 8.283084722582949325e+06 2.534623925110381842e+08
2.000000000000000042e-02 8.056259237608147785e+06 2.465215326708092988e+08
