# t[s]  s13_iface_CORE_side[Pa]  s13_iface_FACE_side[Pa] -- constitutive TSDT is discontinuous at the interface (blast pulse)
0.000000000000000000e+00 0.000000000000000000e+00 0.000000000000000000e+00
1.000000000000000082e-05 2.268369956274952528e+03 6.941212066201353446e+04
2.000000000000000164e-05 9.052093019024921887e+03 2.769940463821625453e+05
3.000000000000000415e-05 2.030230598646447834e+04 6.212505631858129054e+05
4.000000000000000327e-05 3.594851948404134600e+04 1.100024696211665170e+06
5.000000000000000240e-05 5.589996780552651035e+04 1.710539014849110972e+06
6.000000000000000830e-05 8.004742348982077965e+04 2.449451158788515255e+06
7.000000000000000742e-05 1.082654340985293384e+05 3.312922283414996695e+06
8.000000000000000654e-05 1.404149287534751347e+05 4.296696819856338203e+06
9.000000000000000567e-05 1.763461333174481406e+05 5.396191679513911717e+06
1.000000000000000048e-04 2.159017258590187412e+05 6.606592811285971664e+06
1.100000000000000039e-04 2.589201584029211954e+05 7.922956847129386850e+06
1.200000000000000166e-04 3.052390670640322496e+05 9.340315452159384266e+06
1.300000000000000157e-04 3.546986905865089502e+05 1.085377993194717169e+07
1.400000000000000148e-04 4.071452171092204517e+05 1.245864364354214258e+07
1.500000000000000140e-04 4.624339806591221131e+05 1.415047980816913396e+07
1.600000000000000131e-04 5.204324323960183538e+05 1.592523243131815828e+07
1.700000000000000122e-04 5.810228169131673640e+05 1.777929819754292071e+07
1.800000000000000113e-04 6.441044908142546192e+05 1.970959741891618818e+07
1.900000000000000105e-04 7.095958291768073104e+05 2.171363237281030044e+07
2.000000000000000096e-04 7.774356751779421465e+05 2.378953166044502705e+07
2.100000000000000087e-04 8.475842988744055619e+05 2.593607954555680603e+07
2.200000000000000078e-04 9.200238426434634021e+05 2.815272958488997445e+07
2.300000000000000070e-04 9.947582428348663962e+05 3.043960223074690625e+07
2.400000000000000332e-04 1.071812629473908804e+06 3.279746646190160513e+07
2.500000000000000052e-04 1.151232218103917316e+06 3.522770587397986650e+07
2.600000000000000314e-04 1.233080719775525853e+06 3.773227002513108402e+07
2.700000000000000035e-04 1.317438306500802515e+06 4.031361217892455310e+07
2.800000000000000297e-04 1.404399179926894838e+06 4.297461490576297790e+07
2.900000000000000017e-04 1.494068800301914569e+06 4.571850528923857957e+07
3.000000000000000279e-04 1.586560840786260786e+06 4.854876172805957496e+07
3.099999999999999999e-04 1.681993938618461369e+06 5.146901452172490954e+07
3.200000000000000262e-04 1.780488319424096029e+06 5.448294257437732816e+07
3.300000000000000524e-04 1.882162373947275802e+06 5.759416864278662950e+07
3.400000000000000244e-04 1.987129267615834484e+06 6.080615558904452622e+07
3.500000000000000507e-04 2.095493662597482791e+06 6.412210607548296452e+07
3.600000000000000227e-04 2.207348629381514154e+06 6.754486805907431245e+07
3.700000000000000489e-04 2.322772820490767714e+06 7.107684830701749027e+07
3.800000000000000209e-04 2.441827972795130219e+06 7.471993596753096581e+07
3.900000000000000471e-04 2.564556797203886788e+06 7.847543799443891644e+07
4.000000000000000192e-04 2.690981305440573022e+06 8.234402794648152590e+07
4.100000000000000454e-04 2.821101613362472970e+06 8.632570936889165640e+07
4.200000000000000174e-04 2.954895249118025880e+06 9.041979462301157415e+07
4.300000000000000436e-04 3.092316982600334100e+06 9.462489966757020354e+07
4.400000000000000157e-04 3.233299180431701709e+06 9.893895492121005058e+07
4.500000000000000419e-04 3.377752678388471715e+06 1.033592319586872160e+08
4.600000000000000139e-04 3.525568151037041098e+06 1.078823854217334390e+08
4.700000000000000401e-04 3.676617946684949100e+06 1.125045091685594171e+08
4.800000000000000664e-04 3.830758344829298090e+06 1.172212053517764956e+08
4.900000000000000926e-04 3.987832183364594821e+06 1.220276648109565824e+08
5.000000000000000104e-04 4.147671794126207940e+06 1.269187569002619386e+08
5.100000000000000366e-04 4.310102178097909316e+06 1.318891266497960091e+08
5.200000000000000629e-04 4.474944345972923562e+06 1.369332969867714345e+08
5.300000000000000891e-04 4.642018745859577321e+06 1.420457736233030260e+08
5.400000000000000069e-04 4.811148697857586667e+06 1.472211501544421315e+08
5.500000000000000331e-04 4.982163755047378130e+06 1.524542109044497609e+08
5.600000000000000594e-04 5.154902912137834355e+06 1.577400291114177108e+08
5.700000000000000856e-04 5.329217586568096653e+06 1.630740581489837170e+08
5.800000000000000034e-04 5.504974302173228003e+06 1.684522136465007365e+08
5.900000000000000296e-04 5.682057012478411198e+06 1.738709445818393528e+08
6.000000000000000559e-04 5.860369009118316695e+06 1.793272916790204346e+08
6.100000000000000821e-04 6.039834370591198094e+06 1.848189317400906384e+08
6.199999999999999999e-04 6.220398917322592810e+06 1.903442068700713217e+08
6.300000000000000261e-04 6.402030650580397807e+06 1.959021379077601433e+08
6.400000000000000524e-04 6.584719664879566990e+06 2.014924217453147173e+08
6.500000000000000786e-04 6.768477535858250223e+06 2.071154125972624421e+08
6.600000000000001048e-04 6.953336197907883674e+06 2.127720876559811831e+08
6.700000000000000226e-04 7.139346337809874676e+06 2.184639979369821250e+08
6.800000000000000488e-04 7.326575341989740729e+06 2.241932054648860097e+08
6.900000000000000751e-04 7.515104845480199903e+06 2.299622082716940939e+08
7.000000000000001013e-04 7.705027940041238442e+06 2.357738549652618468e+08
7.100000000000000191e-04 7.896446106898407452e+06 2.416312508710912168e+08
7.200000000000000453e-04 8.089465946041887626e+06 2.475376579488817155e+08
7.300000000000000716e-04 8.284195778826404363e+06 2.534963908320879340e+08
7.400000000000000978e-04 8.480742203612115234e+06 2.595107114305306971e+08
7.500000000000000156e-04 8.679206685319025069e+06 2.655837245707621276e+08
7.600000000000000418e-04 8.879682259004695341e+06 2.717182771255435944e+08
7.700000000000000681e-04 9.082250424934091046e+06 2.779168630029831529e+08
7.800000000000000943e-04 9.286978308153480291e+06 2.841815362294964194e+08
7.900000000000000121e-04 9.493916149409733713e+06 2.905138341719378233e+08
8.000000000000000383e-04 9.703095186517873779e+06 2.969147127074468732e+08
8.100000000000000646e-04 9.914525976152420044e+06 3.033844948702639937e+08
8.200000000000000908e-04 1.012819719573672675e+07 3.099228341895437837e+08
8.300000000000001170e-04 1.034407495386916772e+07 3.165286935883964300e+08
8.400000000000000348e-04 1.056210262581882812e+07 3.232003403500560522e+08
8.500000000000000611e-04 1.078220121832539514e+07 3.299353572807570100e+08
8.600000000000000873e-04 1.100427025553555600e+07 3.367306698193879724e+08
8.700000000000001135e-04 1.122818916569249891e+07 3.435825884701904058e+08
8.800000000000000313e-04 1.145381913645185903e+07 3.504868655754268169e+08
8.900000000000000576e-04 1.168100539570253529e+07 3.574387651084975004e+08
9.000000000000000838e-04 1.190957986478113197e+07 3.644331438623025417e+08
9.100000000000001100e-04 1.213936412222005054e+07 3.714645421399334669e+08
9.200000000000000278e-04 1.237017260886543803e+07 3.785272818312823176e+08
9.300000000000000541e-04 1.260181599951523542e+07 3.856155695851661563e+08
9.400000000000000803e-04 1.283410466229225881e+07 3.927236026661430597e+08
9.500000000000001065e-04 1.306685212487619929e+07 3.998456750212116241e+08
9.600000000000001327e-04 1.329987846652086824e+07 4.069762810755385160e+08
9.700000000000000505e-04 1.353301355648434348e+07 4.141102148284208775e+08
9.800000000000001852e-04 1.376610006306138448e+07 4.212426619296782613e+08
9.899999999999999946e-04 1.399899616274579242e+07 4.283692825800211430e+08
1.000000000000000021e-03 1.423157788604229689e+07 4.354862833128942251e+08
1.010000000000000047e-03 1.446374104492879473e+07 4.425904759748210311e+08
1.020000000000000073e-03 1.469540269674321637e+07 4.496793225203422904e+08
1.030000000000000100e-03 1.492650211010614224e+07 4.567509645692478418e+08
1.040000000000000126e-03 1.515700121013712883e+07 4.638042370301960707e+08
1.050000000000000152e-03 1.538688449240772054e+07 4.708386654676761627e+08
1.060000000000000178e-03 1.561615840751136094e+07 4.778544472698475718e+08
1.069999999999999988e-03 1.584485023052973300e+07 4.848524170542097092e+08
1.080000000000000014e-03 1.607300644174490497e+07 4.918339971173940301e+08
1.090000000000000040e-03 1.630069065640595183e+07 4.988011340860220194e+08
1.100000000000000066e-03 1.652798115193679370e+07 5.057562232492657900e+08
1.110000000000000092e-03 1.675496805042310245e+07 5.127020223429468274e+08
1.120000000000000119e-03 1.698175022231652588e+07 5.196415568028856516e+08
1.130000000000000145e-03 1.720843198385514691e+07 5.265780187059674263e+08
1.140000000000000171e-03 1.743511966556569934e+07 5.335146617663103342e+08
1.150000000000000197e-03 1.766191813226995245e+07 5.404546948474605083e+08
1.160000000000000007e-03 1.788892733619424328e+07 5.474011764875438213e+08
1.170000000000000033e-03 1.811623898404695094e+07 5.543569129118366241e+08
1.180000000000000059e-03 1.834393339630227908e+07 5.613243619268496037e+08
1.190000000000000085e-03 1.857207663246845081e+07 5.683055449535344839e+08
1.200000000000000112e-03 1.880071794993034750e+07 5.753019692678685188e+08
1.210000000000000138e-03 1.902988765618211403e+07 5.823145622791726589e+08
1.220000000000000164e-03 1.925959540508835763e+07 5.893436193957036734e+08
1.230000000000000190e-03 1.948982897744505480e+07 5.963887667098186016e+08
1.240000000000000000e-03 1.972055357479661331e+07 6.034489393887761831e+08
1.250000000000000026e-03 1.995171164346804097e+07 6.105223762901219130e+08
1.260000000000000052e-03 2.018322323337015882e+07 6.176066309411268234e+08
1.270000000000000078e-03 2.041498688362326100e+07 6.246985986388716698e+08
1.280000000000000105e-03 2.064688101471088082e+07 6.317945590501528978e+08
1.290000000000000131e-03 2.087876579501153901e+07 6.388902333273530006e+08
1.300000000000000157e-03 2.111048543843809888e+07 6.459808544162056446e+08
1.310000000000000183e-03 2.134187087980381399e+07 6.530612489219965935e+08
1.320000000000000210e-03 2.157274276566759497e+07 6.601259286294282675e+08
1.330000000000000019e-03 2.180291469099586084e+07 6.671691895444731712e+08
1.340000000000000045e-03 2.203219660619045421e+07 6.741852161494277716e+08
1.350000000000000071e-03 2.226039831500553340e+07 6.811681884391691685e+08
1.360000000000000098e-03 2.248733298170778528e+07 6.881123892402580976e+08
1.370000000000000124e-03 2.271282056557437778e+07 6.950123093065757751e+08
1.380000000000000150e-03 2.293669110247887671e+07 7.018627477358534336e+08
1.390000000000000176e-03 2.315878775684957579e+07 7.086589053595969677e+08
1.400000000000000203e-03 2.337896957261464372e+07 7.153964689220079184e+08
1.410000000000000012e-03 2.359711385875096917e+07 7.220716840777795315e+08
1.420000000000000038e-03 2.381311815356554091e+07 7.286814154991053343e+08
1.430000000000000064e-03 2.402690172166057304e+07 7.352231926828134060e+08
1.440000000000000091e-03 2.423840654843852669e+07 7.416952403822187185e+08
1.450000000000000117e-03 2.444759780873442814e+07 7.480964929472733736e+08
1.460000000000000143e-03 2.465446379844817892e+07 7.544265922325141430e+08
1.470000000000000169e-03 2.485901533060090244e+07 7.606858691163874865e+08
1.480000000000000196e-03 2.506128460976279899e+07 7.668753090587414503e+08
1.490000000000000222e-03 2.526132361100491136e+07 7.729965024967501163e+08
1.500000000000000031e-03 2.545920200112497061e+07 7.790515812344238758e+08
1.510000000000000057e-03 2.565500465061916411e+07 7.850431423089462519e+08
1.520000000000000084e-03 2.584882879446505010e+07 7.909741611106303930e+08
1.530000000000000110e-03 2.604078090802132711e+07 7.968478957854524851e+08
1.540000000000000136e-03 2.623097337104401365e+07 8.026677851539466381e+08
1.550000000000000162e-03 2.641952099780983478e+07 8.084373425329807997e+08
1.560000000000000189e-03 2.660653751450718567e+07 8.141600479439196587e+08
1.570000000000000215e-03 2.679213206632946432e+07 8.198392412296814919e+08
1.580000000000000024e-03 2.697640583605312929e+07 8.254780185832256079e+08
1.590000000000000050e-03 2.715944885331853107e+07 8.310791349115469456e+08
1.600000000000000077e-03 2.734133706941450387e+07 8.366449143240835667e+08
1.610000000000000103e-03 2.752212976619959623e+07 8.421771708457075357e+08
1.620000000000000129e-03 2.770186736001811177e+07 8.476771412165540457e+08
1.630000000000000155e-03 2.788056965226796269e+07 8.531454313593994379e+08
1.640000000000000182e-03 2.805823456786450744e+07 8.585819777766537666e+08
1.650000000000000208e-03 2.823483741146294773e+07 8.639860247907660007e+08
1.660000000000000234e-03 2.841033065921663493e+07 8.693561181720288992e+08
1.670000000000000043e-03 2.858464429134286195e+07 8.746901153150913715e+08
1.680000000000000070e-03 2.875768665813182294e+07 8.799852117388336658e+08
1.690000000000000096e-03 2.892934585956575349e+07 8.852379833027118444e+08
1.700000000000000122e-03 2.909949160670328513e+07 8.904444431651203632e+08
1.710000000000000148e-03 2.926797752171089500e+07 8.956001121643532515e+08
1.720000000000000175e-03 2.943464382315250859e+07 9.007001009884666204e+08
1.730000000000000201e-03 2.959932033411948755e+07 9.057392022240562439e+08
1.740000000000000227e-03 2.976182974320920184e+07 9.107119901422014236e+08
1.750000000000000036e-03 2.992199104241774976e+07 9.156129258979829550e+08
1.760000000000000063e-03 3.007962306184079126e+07 9.204364656923280954e+08
1.770000000000000089e-03 3.023454801877436042e+07 9.251771693744951487e+08
1.780000000000000115e-03 3.038659499843011424e+07 9.298298069519613981e+08
1.790000000000000141e-03 3.053560328503444046e+07 9.343894605220537186e+08
1.800000000000000168e-03 3.068142546553511918e+07 9.388516192453745604e+08
1.810000000000000194e-03 3.082393023341129348e+07 9.432122651423854828e+08
1.820000000000000220e-03 3.096300482704999298e+07 9.474679477077295780e+08
1.830000000000000246e-03 3.109855704565478489e+07 9.516158455970362425e+08
1.840000000000000056e-03 3.123051679548903555e+07 9.556538139419642687e+08
1.850000000000000082e-03 3.135883713020092249e+07 9.595804161841480732e+08
1.860000000000000108e-03 3.148349476077256352e+07 9.633949396796402931e+08
1.870000000000000134e-03 3.160449002300779149e+07 9.670973947040382624e+08
1.880000000000000161e-03 3.172184630313251540e+07 9.706884968758547306e+08
1.890000000000000187e-03 3.183560893473291770e+07 9.741696334028271437e+08
1.900000000000000213e-03 3.194584359260531515e+07 9.775428139337224960e+08
1.910000000000000239e-03 3.205263422084713727e+07 9.808106071579221487e+08
1.920000000000000265e-03 3.215608054340844229e+07 9.839760646282981634e+08
1.930000000000000075e-03 3.225629521509148180e+07 9.870426335817991495e+08
1.940000000000000101e-03 3.235340067940391228e+07 9.900140607897595167e+08
1.950000000000000127e-03 3.244752580654317141e+07 9.928942896802208424e+08
1.960000000000000370e-03 3.253880238995265216e+07 9.956873531325509548e+08
1.969999999999999963e-03 3.262736158322455734e+07 9.983972644466712475e+08
1.979999999999999989e-03 3.271333036055115238e+07 1.001027909032865047e+09
1.990000000000000015e-03 3.279682808341048285e+07 1.003582939352360606e+09
2.000000000000000042e-03 3.287796325372728705e+07 1.006065675564054728e+09
2.010000000000000068e-03 3.295683052942988649e+07 1.008479014200554371e+09
2.020000000000000094e-03 3.303350807223023474e+07 1.010825347010245085e+09
2.030000000000000120e-03 3.310805528972834721e+07 1.013106491865687251e+09
2.040000000000000147e-03 3.318051102476363629e+07 1.015323637357766986e+09
2.050000000000000173e-03 3.325089223451876640e+07 1.017477302376274109e+09
2.060000000000000199e-03 3.331919319046786055e+07 1.019567311628316402e+09
2.070000000000000225e-03 3.338538521811781824e+07 1.021592787674405098e+09
2.080000000000000251e-03 3.344941698290124163e+07 1.023552159676777840e+09
2.090000000000000278e-03 3.351121531583635136e+07 1.025443188664592147e+09
2.100000000000000304e-03 3.357068655997016281e+07 1.027263008735086918e+09
2.110000000000000330e-03 3.362771840646094084e+07 1.029008183237704515e+09
2.120000000000000356e-03 3.368218217771779001e+07 1.030674774638164163e+09
2.130000000000000383e-03 3.373393550456658751e+07 1.032258426439737320e+09
2.139999999999999975e-03 3.378282533519684523e+07 1.033754455257023335e+09
2.150000000000000001e-03 3.382869120587876439e+07 1.035157950899889946e+09
2.160000000000000028e-03 3.387136869730468839e+07 1.036463882137523174e+09
2.170000000000000054e-03 3.391069299604962021e+07 1.037667205679118156e+09
2.180000000000000080e-03 3.394650247816229612e+07 1.038762975831766009e+09
2.190000000000000106e-03 3.397864223135042936e+07 1.039746452279322982e+09
2.200000000000000133e-03 3.400696743362533301e+07 1.040613203468935013e+09
2.210000000000000159e-03 3.403134650958878547e+07 1.041359203193416595e+09
2.220000000000000185e-03 3.405166399070287496e+07 1.041980918115507841e+09
2.230000000000000211e-03 3.406782301276149601e+07 1.042475384190501571e+09
2.240000000000000237e-03 3.407974739222018421e+07 1.042840270201937437e+09
2.250000000000000264e-03 3.408738323284263164e+07 1.043073926924984455e+09
2.260000000000000290e-03 3.409070002505915612e+07 1.043175420766810060e+09
2.270000000000000316e-03 3.408969121225030720e+07 1.043144551094859123e+09
2.280000000000000342e-03 3.408437421059108526e+07 1.042981850844087005e+09
2.290000000000000369e-03 3.407478988182970881e+07 1.042688570383988976e+09
2.300000000000000395e-03 3.406100147113064677e+07 1.042266645016597629e+09
2.309999999999999987e-03 3.404309303458935022e+07 1.041718646858433962e+09
2.320000000000000014e-03 3.402116739293221384e+07 1.041047722223725557e+09
2.330000000000000040e-03 3.399534365897388756e+07 1.040257515964600682e+09
2.340000000000000066e-03 3.396575439635565132e+07 1.039352084528482676e+09
2.350000000000000092e-03 3.393254247570120543e+07 1.038335799756456614e+09
2.360000000000000119e-03 3.389585770139926672e+07 1.037213245662817359e+09
2.370000000000000145e-03 3.385585328758856654e+07 1.035989110600210071e+09
2.380000000000000171e-03 3.381268226545745134e+07 1.034668077322997808e+09
2.390000000000000197e-03 3.376649390559143573e+07 1.033254713511097789e+09
2.400000000000000223e-03 3.371743023877172172e+07 1.031753365306414485e+09
2.410000000000000250e-03 3.366562275635207444e+07 1.030168056344373226e+09
2.420000000000000276e-03 3.361118936717294157e+07 1.028502394635491848e+09
2.430000000000000302e-03 3.355423168200851232e+07 1.026759489469460249e+09
2.440000000000000328e-03 3.349483268892102689e+07 1.024941880280983329e+09
2.450000000000000355e-03 3.343305487379734591e+07 1.023051479138198495e+09
2.460000000000000381e-03 3.336893882997389883e+07 1.021089528197201133e+09
2.470000000000000407e-03 3.330250238946339116e+07 1.019056573117579579e+09
2.480000000000000000e-03 3.323374029614153877e+07 1.016952453061930895e+09
2.490000000000000026e-03 3.316262442862070724e+07 1.014776307515793443e+09
2.500000000000000052e-03 3.308910456772357598e+07 1.012526599772341251e+09
2.510000000000000078e-03 3.301310969077101722e+07 1.010201156537592888e+09
2.520000000000000104e-03 3.293454976261314750e+07 1.007797222735962152e+09
2.530000000000000131e-03 3.285331798174531013e+07 1.005311530241406322e+09
2.540000000000000157e-03 3.276929342923268676e+07 1.002740378934520006e+09
2.550000000000000183e-03 3.268234405876655132e+07 1.000079728198256254e+09
2.560000000000000209e-03 3.259232995821082592e+07 9.973252967212510109e+08
2.570000000000000236e-03 3.249910680665480345e+07 9.944726682836368084e+08
2.580000000000000262e-03 3.240252944641694799e+07 9.915174010603584051e+08
2.590000000000000288e-03 3.230245548674941808e+07 9.884551378945319653e+08
2.600000000000000314e-03 3.219874885523986816e+07 9.852817149703397751e+08
2.610000000000000341e-03 3.209128321411061287e+07 9.819932663517845869e+08
2.620000000000000367e-03 3.197994516175049916e+07 9.785863219495650530e+08
2.630000000000000393e-03 3.186463714480714127e+07 9.750578966310982704e+08
2.640000000000000419e-03 3.174528001290076971e+07 9.714055683947633505e+08
2.650000000000000012e-03 3.162181515633996576e+07 9.676275437840027809e+08
2.660000000000000038e-03 3.149420617692814022e+07 9.637227090140008926e+08
2.670000000000000064e-03 3.136244005282464996e+07 9.596906656164340973e+08
2.680000000000000090e-03 3.122652777020853013e+07 9.555317497683807611e+08
2.690000000000000117e-03 3.108650440691557899e+07 9.512470348516165018e+08
2.700000000000000143e-03 3.094242866598749161e+07 9.468383171792171001e+08
2.710000000000000169e-03 3.079438186989040300e+07 9.423080852186461687e+08
2.720000000000000195e-03 3.064246643872793019e+07 9.376594730250744820e+08
2.730000000000000222e-03 3.048680388780050352e+07 9.328961989666953087e+08
2.740000000000000248e-03 3.032753239106459916e+07 9.280224911665766239e+08
2.750000000000000274e-03 3.016480396716481075e+07 9.230430013952430487e+08
2.760000000000000300e-03 2.999878135350951925e+07 9.179627094173910618e+08
2.770000000000000327e-03 2.982963464113339409e+07 9.127868200186816454e+08
2.780000000000000353e-03 2.965753774866826087e+07 9.075206551092485189e+08
2.790000000000000379e-03 2.948266481749530882e+07 9.021695434153562784e+08
2.800000000000000405e-03 2.930518661199187860e+07 8.967387103269513845e+08
2.810000000000000431e-03 2.912526700866897404e+07 8.912331704652704000e+08
2.820000000000000024e-03 2.894305965592681244e+07 8.856576254713602066e+08
2.830000000000000050e-03 2.875870488218059391e+07 8.800163693947260380e+08
2.840000000000000076e-03 2.857232692432226241e+07 8.743132038842611313e+08
2.850000000000000103e-03 2.838403154101897404e+07 8.685513651551804543e+08
2.860000000000000129e-03 2.819390406638172269e+07 8.627334644312806129e+08
2.870000000000000155e-03 2.800200794927434996e+07 8.568614432477949858e+08
2.880000000000000181e-03 2.780838381221577525e+07 8.509365446538025141e+08
2.890000000000000208e-03 2.761304905171920359e+07 8.449593009826074839e+08
2.900000000000000234e-03 2.741599798929347098e+07 8.389295384723800421e+08
2.910000000000000260e-03 2.721720256949865073e+07 8.328463986266585588e+08
2.920000000000000286e-03 2.701661358869901672e+07 8.267083758141897917e+08
2.930000000000000313e-03 2.681416242578907311e+07 8.205133702291455269e+08
2.940000000000000339e-03 2.660976323447033390e+07 8.142587549747920036e+08
2.950000000000000365e-03 2.640331554590153322e+07 8.079414557045867443e+08
2.960000000000000391e-03 2.619470722098262236e+07 8.015580409620680809e+08
2.970000000000000417e-03 2.598381768338724598e+07 7.951048211116496325e+08
2.980000000000000444e-03 2.577052135791775957e+07 7.885779535522832870e+08
2.990000000000000036e-03 2.555469123397549242e+07 7.819735517596498728e+08
3.000000000000000062e-03 2.533620247102683783e+07 7.752877956134210825e+08
3.010000000000000089e-03 2.511493596197083965e+07 7.685170404363075495e+08
3.020000000000000115e-03 2.489078177130012959e+07 7.616579222017838955e+08
3.030000000000000141e-03 2.466364236786896735e+07 7.547074564567902088e+08
3.040000000000000167e-03 2.443343557687409222e+07 7.476631286523470879e+08
3.050000000000000194e-03 2.420009718220223859e+07 7.405229737753883600e+08
3.060000000000000220e-03 2.396358311845011264e+07 7.332856434245733023e+08
3.070000000000000246e-03 2.372387120149008185e+07 7.259504587655962706e+08
3.080000000000000272e-03 2.348096235721084103e+07 7.185174481306515932e+08
3.090000000000000299e-03 2.323488131976050884e+07 7.109873683846714497e+08
3.100000000000000325e-03 2.298567678298298642e+07 7.033617095592792034e+08
3.110000000000000351e-03 2.273342100148232281e+07 6.956426826453589201e+08
3.120000000000000377e-03 2.247820885057382658e+07 6.878331908275589943e+08
3.130000000000000403e-03 2.222015636698871478e+07 6.799367848298544884e+08
3.140000000000000430e-03 2.195939880429486185e+07 6.719576034114227295e+08
3.150000000000000456e-03 2.169608824829961732e+07 6.639003003979681730e+08
3.160000000000000048e-03 2.143039084794681147e+07 6.557699599471724033e+08
3.170000000000000075e-03 2.116248372617120296e+07 6.475720020208387375e+08
3.180000000000000101e-03 2.089255164262130484e+07 6.393120802642117739e+08
3.190000000000000127e-03 2.062078348593041301e+07 6.309959746694705486e+08
3.200000000000000153e-03 2.034736867717525735e+07 6.226294815215626955e+08
3.210000000000000180e-03 2.007249356821525469e+07 6.142183031873866320e+08
3.220000000000000206e-03 1.979633791870964691e+07 6.057679403125151396e+08
3.230000000000000232e-03 1.951907153375948593e+07 5.972835889330401421e+08
3.240000000000000258e-03 1.924085114036165550e+07 5.887700448950664997e+08
3.250000000000000284e-03 1.896181757528078929e+07 5.802316178035920858e+08
3.260000000000000311e-03 1.868209334967115894e+07 5.716720564999372959e+08
3.270000000000000337e-03 1.840178064698629826e+07 5.630944877977806330e+08
3.280000000000000363e-03 1.812095980060269684e+07 5.545013698984423876e+08
3.290000000000000389e-03 1.783968828639284149e+07 5.458944615636208057e+08
3.300000000000000416e-03 1.755800025347196311e+07 5.372748077562420368e+08
3.310000000000000442e-03 1.727590660379388183e+07 5.286427420760926604e+08
3.320000000000000468e-03 1.699339561847525463e+07 5.199979059253426790e+08
3.330000000000000061e-03 1.671043411598451622e+07 5.113392839491261244e+08
3.340000000000000087e-03 1.642696911493743397e+07 5.026652549170854092e+08
3.350000000000000113e-03 1.614292996248546988e+07 4.939736568520553112e+08
3.360000000000000139e-03 1.585823087843989208e+07 4.852618648802605867e+08
3.370000000000000166e-03 1.557277385559558310e+07 4.765268799812247753e+08
3.380000000000000192e-03 1.528645184843076393e+07 4.677654265619813204e+08
3.390000000000000218e-03 1.499915217565365508e+07 4.589740565750017762e+08
3.400000000000000244e-03 1.471076005710196868e+07 4.501492577473201156e+08
3.410000000000000270e-03 1.442116220238987543e+07 4.412875633931300640e+08
3.420000000000000297e-03 1.413025036751383170e+07 4.323856612459231615e+08
3.430000000000000323e-03 1.383792479639806412e+07 4.234404987697806954e+08
3.440000000000000349e-03 1.354409746706656180e+07 4.144493824922367334e+08
3.450000000000000375e-03 1.324869506670579687e+07 4.054100690411973000e+08
3.460000000000000402e-03 1.295166162622473389e+07 3.963208457624768019e+08
3.470000000000000428e-03 1.265296075287748873e+07 3.871805990380510688e+08
3.480000000000000454e-03 1.235257740890265442e+07 3.779888687124211192e+08
3.490000000000000480e-03 1.205051919473372772e+07 3.687458873588519692e+08
3.500000000000000073e-03 1.174681710689818487e+07 3.594526034710844159e+08
3.510000000000000099e-03 1.144152575297946297e+07 3.501106880411714911e+08
3.520000000000000125e-03 1.113472301868067868e+07 3.407225243716287017e+08
3.530000000000000152e-03 1.082650919480461627e+07 3.312911813610211611e+08
3.540000000000000178e-03 1.051700558455471508e+07 3.218203708873742223e+08
3.550000000000000204e-03 1.020635262367183156e+07 3.123143902843579650e+08
3.560000000000000230e-03 9.894707557269595563e+06 3.027780512524495721e+08
3.570000000000000256e-03 9.582241727552691475e+06 2.932165968631122708e+08
3.580000000000000283e-03 9.269137535656860098e+06 2.836356085910998583e+08
3.590000000000000309e-03 8.955585148425666615e+06 2.740409055418253541e+08
3.600000000000000335e-03 8.641779026862032712e+06 2.644384382219781578e+08
3.610000000000000361e-03 8.327914357122446410e+06 2.548341793279468119e+08
3.620000000000000388e-03 8.014183467165160924e+06 2.452340140952538550e+08
3.630000000000000414e-03 7.700772312467148528e+06 2.356436327614947259e+08
3.640000000000000440e-03 7.387857112582408823e+06 2.260684276450216472e+08
3.650000000000000466e-03 7.075601216765292920e+06 2.165133972330179214e+08
3.660000000000000493e-03 6.764152271509760991e+06 2.069830595081986487e+08
3.670000000000000085e-03 6.453639755786081776e+06 1.974813765270540714e+08
3.680000000000000111e-03 6.144172941153853200e+06 1.880116919993078709e+08
3.690000000000000138e-03 5.835839323998589069e+06 1.785766833143568039e+08
3.700000000000000164e-03 5.528703566106461920e+06 1.691783291228577197e+08
3.710000000000000190e-03 5.222806967921538278e+06 1.598178932183990180e+08
3.720000000000000216e-03 4.918167486393056810e+06 1.504959250836274922e+08
3.730000000000000242e-03 4.614780296612511389e+06 1.412122770763428211e+08
3.740000000000000269e-03 4.312618883755085990e+06 1.319661378429055959e+08
3.750000000000000295e-03 4.011636639474572614e+06 1.227560811679219007e+08
3.760000000000000321e-03 3.711768925143662374e+06 1.135801291093960404e+08
3.770000000000000347e-03 3.412935553455689922e+06 1.044358279357440919e+08
3.780000000000000374e-03 3.115043630165023729e+06 9.532033508304969966e+07
3.790000000000000400e-03 2.817990689365310594e+06 8.623051509457847476e+07
3.800000000000000426e-03 2.521668048885582946e+06 7.716304229589881003e+07
3.810000000000000452e-03 2.225964307280414738e+06 6.811450780278068781e+07
3.820000000000000479e-03 1.930768900621264940e+06 5.908152835901069641e+07
3.830000000000000505e-03 1.635975635937296087e+06 5.006085445968125015e+07
3.840000000000000531e-03 1.341486118735815631e+06 4.104947523331595212e+07
3.850000000000000124e-03 1.047212994542052620e+06 3.204471763298680633e+07
3.860000000000000150e-03 7.530829287737489212e+05 2.304433762047671154e+07
3.870000000000000176e-03 4.590392554079822148e+05 1.404660121548425220e+07
3.880000000000000202e-03 1.650442326580370427e+05 5.050353519335933030e+06
3.890000000000000228e-03 -1.289191469200533320e+05 -3.944925895753631368e+06
3.900000000000000255e-03 -4.228458340490381815e+05 -1.293908252190056629e+07
3.910000000000000281e-03 -7.167079188339642715e+05 -2.193126231631930172e+07
3.920000000000000741e-03 -1.010454363985433127e+06 -3.091990353795424476e+07
3.930000000000000333e-03 -1.304011281254144618e+06 -3.990274520637682080e+07
3.939999999999999926e-03 -1.597282744485903531e+06 -4.887685198126864433e+07
3.950000000000000386e-03 -1.890152120182290440e+06 -5.783865487757807225e+07
3.959999999999999978e-03 -2.182483884380858392e+06 -6.678400686205425858e+07
3.970000000000000438e-03 -2.474125883331293240e+06 -7.570825202993755043e+07
3.980000000000000031e-03 -2.764911985101990867e+06 -8.460630674412091076e+07
3.990000000000000491e-03 -3.054665060152287129e+06 -9.347275084065996110e+07
4.000000000000000083e-03 -3.343200221253111027e+06 -1.023019267703451663e+08
4.010000000000000543e-03 -3.630328247118680738e+06 -1.110880443618316054e+08
4.020000000000000136e-03 -3.915859109858305193e+06 -1.198252887616641223e+08
4.030000000000000596e-03 -4.199605523972918279e+06 -1.285079290335712731e+08
4.040000000000000188e-03 -4.481386434156714939e+06 -1.371304248851954341e+08
4.050000000000000648e-03 -4.761030360635476187e+06 -1.456875290354455411e+08
4.060000000000000241e-03 -5.038378524137821048e+06 -1.541743828386172950e+08
4.070000000000000701e-03 -5.313287677781300619e+06 -1.625866029401077926e+08
4.080000000000000293e-03 -5.585632580034473911e+06 -1.709203569490548670e+08
4.090000000000000753e-03 -5.855308051331490278e+06 -1.791724263707435727e+08
4.100000000000000346e-03 -6.122230566666126251e+06 -1.873402553399834335e+08
4.109999999999999938e-03 -6.386339347354740836e+06 -1.954219840290550292e+08
4.120000000000000398e-03 -6.647596926870686002e+06 -2.034164659622429609e+08
4.129999999999999991e-03 -6.905989177950358018e+06 -2.113232688452809155e+08
4.140000000000000450e-03 -7.161524800759413280e+06 -2.191426589032379985e+08
4.150000000000000043e-03 -7.414234284494940192e+06 -2.268755691055451334e+08
4.160000000000000503e-03 -7.664168367093787529e+06 -2.345235520330698788e+08
4.170000000000000095e-03 -7.911396029425968416e+06 -2.420887185004345775e+08
4.180000000000000555e-03 -8.156002071208485402e+06 -2.495736633789796233e+08
4.190000000000000148e-03 -8.398084325620239601e+06 -2.569813803639792800e+08
4.200000000000000608e-03 -8.637750578009722754e+06 -2.643151676870974898e+08
4.210000000000000200e-03 -8.875115260964287445e+06 -2.715785269855071306e+08
4.220000000000000660e-03 -9.110296003197880462e+06 -2.787750576978550553e+08
4.230000000000000253e-03 -9.343410113086104393e+06 -2.859083494604347348e+08
4.240000000000000713e-03 -9.574571079163115472e+06 -2.929818750223912597e+08
4.250000000000000305e-03 -9.803885169452453032e+06 -2.999988861852449775e+08
4.260000000000000765e-03 -1.003144820915160887e+07 -3.069623152000392079e+08
4.270000000000000358e-03 -1.025734261197840795e+07 -3.138746839265392423e+08
4.279999999999999950e-03 -1.048163473451935686e+07 -3.207380228762922883e+08
4.290000000000000410e-03 -1.070437261533269845e+07 -3.275538020291805267e+08
4.300000000000000003e-03 -1.092558415153411403e+07 -3.343228750369438529e+08
4.310000000000000463e-03 -1.114527575533847883e+07 -3.410454381133573651e+08
4.320000000000000055e-03 -1.136343152178909071e+07 -3.477210045667461157e+08
4.330000000000000515e-03 -1.158001292694084905e+07 -3.543483955643899441e+08
4.340000000000000108e-03 -1.179495906335155293e+07 -3.609257473385574818e+08
4.350000000000000568e-03 -1.200818740717239864e+07 -3.674505346594753265e+08
4.360000000000000160e-03 -1.221959509870213084e+07 -3.739196100202851295e+08
4.370000000000000620e-03 -1.242906070627508126e+07 -3.803292576120173931e+08
4.380000000000000213e-03 -1.263644643206794560e+07 -3.866752608212791085e+08
4.390000000000000673e-03 -1.284160070809946209e+07 -3.929529816678434610e+08
4.400000000000000265e-03 -1.304436112159967050e+07 -3.991574503209498525e+08
4.410000000000000725e-03 -1.324455760125626624e+07 -4.052834625984416604e+08
4.420000000000000318e-03 -1.344201578977956809e+07 -4.113256831672546864e+08
4.430000000000000777e-03 -1.363656052390960045e+07 -4.172787520316336751e+08
4.440000000000000370e-03 -1.382801934051620774e+07 -4.231373918197958469e+08
4.449999999999999963e-03 -1.401622592687474564e+07 -4.288965133623670936e+08
4.460000000000000422e-03 -1.420102343454646878e+07 -4.345513170971218944e+08
4.470000000000000015e-03 -1.438226757952416316e+07 -4.400973879334393144e+08
4.480000000000000475e-03 -1.455982945634069853e+07 -4.455307813640252948e+08
4.490000000000000067e-03 -1.473359800056488812e+07 -4.508480988172854781e+08
4.500000000000000527e-03 -1.490348204236578196e+07 -4.560465504963928461e+08
4.510000000000000120e-03 -1.506941190341934189e+07 -4.611240042446317673e+08
4.520000000000000580e-03 -1.523134050013731979e+07 -4.660790193042019010e+08
4.530000000000000172e-03 -1.538924392776298709e+07 -4.709108641895473003e+08
4.540000000000000632e-03 -1.554312151203466579e+07 -4.756195182682607174e+08
4.550000000000000225e-03 -1.569299532757837325e+07 -4.802056570238981247e+08
4.560000000000000685e-03 -1.583890919466587529e+07 -4.846706213567757010e+08
4.570000000000000277e-03 -1.598092717816990800e+07 -4.890163716519991159e+08
4.580000000000000737e-03 -1.611913162418244407e+07 -4.932454276999827027e+08
4.590000000000000330e-03 -1.625362078055810742e+07 -4.973607958850779533e+08
4.600000000000000790e-03 -1.638450605735629052e+07 -5.013658853551024199e+08
4.610000000000000382e-03 -1.651190899155043252e+07 -5.052644151414431334e+08
4.619999999999999975e-03 -1.663595798725918122e+07 -5.090603144101308584e+08
4.630000000000000435e-03 -1.675678490796958655e+07 -5.127576181838692427e+08
4.640000000000000027e-03 -1.687452160064545274e+07 -5.163603609797507524e+08
4.650000000000000487e-03 -1.698929643316694722e+07 -5.198724708549084067e+08
4.660000000000000080e-03 -1.710123092619248107e+07 -5.232976663414898515e+08
4.670000000000000540e-03 -1.721043655828270316e+07 -5.266393586834506392e+08
4.680000000000000132e-03 -1.731701181902965158e+07 -5.299005616623072624e+08
4.690000000000000592e-03 -1.742103957909179106e+07 -5.330838111202087402e+08
4.700000000000000185e-03 -1.752258483858105540e+07 -5.361910960605801344e+08
4.710000000000000644e-03 -1.762169290636130795e+07 -5.392238029346560240e+08
4.720000000000000237e-03 -1.771838805270217732e+07 -5.421826744126864672e+08
4.730000000000000697e-03 -1.781267266662978753e+07 -5.450677835988713503e+08
4.740000000000000289e-03 -1.790452693748361245e+07 -5.478785242869985104e+08
4.750000000000000749e-03 -1.799390906790575013e+07 -5.506136174779158831e+08
4.760000000000000342e-03 -1.808075601304132864e+07 -5.532711339990645647e+08
4.770000000000000802e-03 -1.816498472841042280e+07 -5.558485326893588305e+08
4.780000000000000394e-03 -1.824649389700750262e+07 -5.583427132484294176e+08
4.789999999999999987e-03 -1.832516609497681260e+07 -5.607500825062903166e+08
4.800000000000000447e-03 -1.840087034495913982e+07 -5.630666325557495356e+08
4.810000000000000039e-03 -1.847346499715005606e+07 -5.652880289127916098e+08
4.820000000000000499e-03 -1.854280087046167627e+07 -5.674097066361272335e+08
4.830000000000000092e-03 -1.860872458011800423e+07 -5.694269721516107321e+08
4.840000000000000552e-03 -1.867108197367992252e+07 -5.713351083946055174e+08
4.850000000000000144e-03 -1.872972159499017149e+07 -5.731294808066991568e+08
4.860000000000000604e-03 -1.878449809490906447e+07 -5.748056417042173147e+08
4.870000000000000197e-03 -1.883527550899248198e+07 -5.763594305751698017e+08
4.880000000000000657e-03 -1.888193032541394979e+07 -5.777870679576667547e+08
4.890000000000000249e-03 -1.892435427137719095e+07 -5.790852407041418552e+08
4.900000000000000709e-03 -1.896245675288966671e+07 -5.802511766384236813e+08
4.910000000000000302e-03 -1.899616689091325551e+07 -5.812827068619455099e+08
4.920000000000000762e-03 -1.902543510638631135e+07 -5.821783142554210424e+08
4.930000000000000354e-03 -1.905023421719744429e+07 -5.829371670462416410e+08
4.940000000000000814e-03 -1.907056002163894475e+07 -5.835591366621515751e+08
4.950000000000000407e-03 -1.908643135490676761e+07 -5.840447994601469040e+08
4.959999999999999999e-03 -1.909788961756355688e+07 -5.843954222974447012e+08
4.970000000000000459e-03 -1.910499778725108132e+07 -5.846129322898830175e+08
4.980000000000000052e-03 -1.910783893703938648e+07 -5.846998714734051228e+08
4.990000000000000512e-03 -1.910651429534849524e+07 -5.846593374376639128e+08
5.000000000000000104e-03 -1.910114089310418814e+07 -5.844949113289880753e+08
5.010000000000000564e-03 -1.909184885344140977e+07 -5.842105749153070450e+08
5.020000000000000157e-03 -1.907877838762146980e+07 -5.838106186612168550e+08
5.030000000000000616e-03 -1.906207656768713146e+07 -5.832995429712262154e+08
5.040000000000000209e-03 -1.904189395158277452e+07 -5.826819549184327126e+08
5.050000000000000669e-03 -1.901838113989367336e+07 -5.819624628807463646e+08
5.060000000000000261e-03 -1.899168534492982551e+07 -5.811455715548524857e+08
5.070000000000000721e-03 -1.896194705255812407e+07 -5.802355798082784414e+08
5.080000000000000314e-03 -1.892929685498240590e+07 -5.792364837624615431e+08
5.090000000000000774e-03 -1.889385252863365039e+07 -5.781518873761895895e+08
5.100000000000000366e-03 -1.885571642555973679e+07 -5.769849226221277714e+08
5.110000000000000826e-03 -1.881497323932985589e+07 -5.757381811234935522e+08
5.120000000000000419e-03 -1.877168819766753539e+07 -5.744136588486264944e+08
5.130000000000000011e-03 -1.872590572400351986e+07 -5.730127151545075178e+08
5.140000000000000471e-03 -1.867764859913210571e+07 -5.715360471334424019e+08
5.150000000000000064e-03 -1.862691764241910726e+07 -5.699836798580245972e+08
5.160000000000000524e-03 -1.857369191982186958e+07 -5.683549727465491295e+08
5.170000000000000116e-03 -1.851792947362807393e+07 -5.666486418930189610e+08
5.180000000000000576e-03 -1.845956855658889189e+07 -5.648627978316199780e+08
5.190000000000000169e-03 -1.839852934130094573e+07 -5.629949978438088894e+08
5.200000000000000629e-03 -1.833471606455676630e+07 -5.610423115754369497e+08
5.210000000000000221e-03 -1.826801955619635433e+07 -5.590013984196083546e+08
5.220000000000000681e-03 -1.819832009299074486e+07 -5.568685948455166817e+08
5.230000000000000274e-03 -1.812549051048403978e+07 -5.546400096208114624e+08
5.240000000000000734e-03 -1.804939949968937412e+07 -5.523116246904947758e+08
5.250000000000000326e-03 -1.796991501121974736e+07 -5.498793993433241844e+08
5.260000000000000786e-03 -1.788690768693503737e+07 -5.473393752202119827e+08
5.270000000000000379e-03 -1.780025423856225237e+07 -5.446877797000048161e+08
5.280000000000000838e-03 -1.770984069400930777e+07 -5.419211252366846800e+08
5.290000000000000431e-03 -1.761556543521469459e+07 -5.390363023175696135e+08
5.300000000000000024e-03 -1.751734195628207177e+07 -5.360306638622312546e+08
5.310000000000000484e-03 -1.741510127722506225e+07 -5.329020990830867887e+08
5.320000000000000076e-03 -1.730879395673820376e+07 -5.296490950761889815e+08
5.330000000000000536e-03 -1.719839165682567656e+07 -5.262707846988656521e+08
5.340000000000000129e-03 -1.708388822263953462e+07 -5.227669796127697229e+08
5.350000000000000588e-03 -1.696530025225486979e+07 -5.191381877189989090e+08
5.360000000000000181e-03 -1.684266714307723194e+07 -5.153856145781632066e+08
5.370000000000000641e-03 -1.671605061385262385e+07 -5.115111487838901877e+08
5.380000000000000233e-03 -1.658553371354940906e+07 -5.075173316346117854e+08
5.390000000000000693e-03 -1.645121934041196667e+07 -5.034073118166061044e+08
5.400000000000000286e-03 -1.631322830596877262e+07 -4.991847861626443267e+08
5.410000000000000746e-03 -1.617169698944212310e+07 -4.948539278769288659e+08
5.420000000000000338e-03 -1.602677463760427758e+07 -4.904193039106907845e+08
5.430000000000000798e-03 -1.587862037342850864e+07 -4.858857834269122481e+08
5.440000000000000391e-03 -1.572739998370203935e+07 -4.812584395012823343e+08
5.450000000000000851e-03 -1.557328256093801185e+07 -4.765424463647030592e+08
5.460000000000000443e-03 -1.541643707832753658e+07 -4.717429745968225598e+08
5.470000000000000036e-03 -1.525702897802844085e+07 -4.668650867276701927e+08
5.480000000000000496e-03 -1.509521685276101716e+07 -4.619136356944870353e+08
5.490000000000000088e-03 -1.493114929847745784e+07 -4.568931685334101319e+08
5.500000000000000548e-03 -1.476496201184629090e+07 -4.518078375624964237e+08
5.510000000000000141e-03 -1.459677520053774677e+07 -4.466613211364549994e+08
5.520000000000000601e-03 -1.442669136694692262e+07 -4.414567558285757303e+08
5.530000000000000193e-03 -1.425479351722239703e+07 -4.361966816270052791e+08
5.540000000000000653e-03 -1.408114383748112805e+07 -4.308830014269224405e+08
5.550000000000000246e-03 -1.390578286812518165e+07 -4.255169557646304369e+08
5.560000000000000706e-03 -1.372872919548420794e+07 -4.200991133818166852e+08
5.570000000000000298e-03 -1.354997966786804423e+07 -4.146293778367620707e+08
5.580000000000000758e-03 -1.336951013080778345e+07 -4.091070100027181506e+08
5.590000000000000351e-03 -1.318727666408326291e+07 -4.035306659209477305e+08
5.600000000000000810e-03 -1.300321729136063531e+07 -3.978984491156353354e+08
5.610000000000000403e-03 -1.281725412217888050e+07 -3.922079761386736631e+08
5.620000000000000863e-03 -1.262929587587987259e+07 -3.864564538019240499e+08
5.630000000000000455e-03 -1.243924072811955027e+07 -3.806407662804582119e+08
5.640000000000000048e-03 -1.224697941303076595e+07 -3.747575700387413502e+08
5.650000000000000508e-03 -1.205239850811333582e+07 -3.688033943482680321e+08
5.660000000000000100e-03 -1.185538382464197092e+07 -3.627747450340442657e+08
5.670000000000000560e-03 -1.165582382390957512e+07 -3.566682090116329193e+08
5.680000000000000153e-03 -1.145361297901915014e+07 -3.504805571579859257e+08
5.690000000000000613e-03 -1.124865500321673416e+07 -3.442088430984319448e+08
5.700000000000000205e-03 -1.104086586889062263e+07 -3.378504955880529881e+08
5.710000000000000665e-03 -1.083017654627351090e+07 -3.314034023159694076e+08
5.720000000000000258e-03 -1.061653539746224321e+07 -3.248659831623445749e+08
5.730000000000000718e-03 -1.039991016945545562e+07 -3.182372511853368878e+08
5.740000000000000310e-03 -1.018028953931824490e+07 -3.115168599031382203e+08
5.750000000000000770e-03 -9.957684175089832395e+06 -3.047051357577487826e+08
5.760000000000000363e-03 -9.732127287411840633e+06 -2.978030949948022366e+08
5.770000000000000823e-03 -9.503674658802362159e+06 -2.908124445593522191e+08
5.780000000000000415e-03 -9.272404149757383391e+06 -2.837355669825758934e+08
5.790000000000000875e-03 -9.038414693134227768e+06 -2.765754896099073291e+08
5.800000000000000468e-03 -8.801824800279404968e+06 -2.693358388885497451e+08
5.810000000000000060e-03 -8.562770613818718120e+06 -2.620207807828527093e+08
5.820000000000000520e-03 -8.321403552665404044e+06 -2.546349487115613222e+08
5.830000000000000113e-03 -8.077887604372168891e+06 -2.471833606937883496e+08
5.840000000000000573e-03 -7.832396328228689730e+06 -2.396713276437978745e+08
5.850000000000000165e-03 -7.585109639297762886e+06 -2.321043549625115097e+08
5.860000000000000625e-03 -7.336210448726177216e+06 -2.244880397310209870e+08
5.870000000000000218e-03 -7.085881239044140093e+06 -2.168279659147506654e+08
5.880000000000000678e-03 -6.834300654697478749e+06 -2.091296000337428153e+08
5.890000000000000270e-03 -6.581640187706671655e+06 -2.013981897438241243e+08
5.900000000000000730e-03 -6.328061036119930446e+06 -1.936386677052698433e+08
5.910000000000000323e-03 -6.073711208881542087e+06 -1.858555629917751551e+08
5.920000000000000782e-03 -5.818722944961067289e+06 -1.780529221158086360e+08
5.930000000000000375e-03 -5.563210507222712040e+06 -1.702342415210149586e+08
5.940000000000000835e-03 -5.307268402727440000e+06 -1.624024131234596372e+08
5.950000000000000427e-03 -5.050970071161834523e+06 -1.545596841775521338e+08
5.960000000000000887e-03 -4.794367072107084095e+06 -1.467076324064767659e+08
5.970000000000000480e-03 -4.537488790163033642e+06 -1.388471569789887965e+08
5.980000000000000072e-03 -4.280342664791974239e+06 -1.309784855426343679e+08
5.990000000000000532e-03 -4.022914939437753987e+06 -1.231011971467952579e+08
6.000000000000000125e-03 -3.765171912290581036e+06 -1.152142605160917491e+08
6.010000000000000585e-03 -3.507061659294107929e+06 -1.073160867743996829e+08
6.020000000000000177e-03 -3.248516188908314798e+06 -9.940459538059440255e+07
6.030000000000000637e-03 -2.989453978002428077e+06 -9.147729172687427700e+07
6.040000000000000230e-03 -2.729782829303010833e+06 -8.353135457667210698e+07
6.050000000000000690e-03 -2.469402983265244402e+06 -7.556373128791646659e+07
6.060000000000000282e-03 -2.208210411255247891e+06 -6.757123858441057801e+07
6.070000000000000742e-03 -1.946100212660999736e+06 -5.955066650742658228e+07
6.080000000000000335e-03 -1.682970036097747507e+06 -5.149888310459106416e+07
6.090000000000000795e-03 -1.418723444289559964e+06 -4.341293739526052028e+07
6.100000000000000387e-03 -1.153273143514581490e+06 -3.529015819154618680e+07
6.110000000000000847e-03 -8.865440016601433745e+05 -2.712824645080038160e+07
6.120000000000000440e-03 -6.184757838764765766e+05 -1.892535898662018031e+07
6.130000000000000900e-03 -3.490255414252727060e+05 -1.068018156761334278e+07
6.140000000000000492e-03 -7.816959744091305765e+04 -2.391989681691939477e+06
6.150000000000000085e-03 1.940949172378677467e+05 5.939304467478751205e+06
6.160000000000000545e-03 4.677490144633450545e+05 1.431311984257835522e+07
6.170000000000000137e-03 7.427513103041466093e+05 2.272819009530688077e+07
6.180000000000000597e-03 1.019038010619890178e+06 3.118256312496863306e+07
6.190000000000000190e-03 1.296523421315050218e+06 3.967361669224052876e+07
6.200000000000000649e-03 1.575100971597034018e+06 4.819808973086923361e+07
6.210000000000000242e-03 1.854644726525883190e+06 5.675212863169201463e+07
6.220000000000000702e-03 2.135011353661465459e+06 6.533134742204083502e+07
6.230000000000000294e-03 2.416042497952848673e+06 7.393090043735715747e+07
6.240000000000000754e-03 2.697567509427173063e+06 8.254556578847149014e+07
6.250000000000000347e-03 2.979406459943639114e+06 9.116983767427533865e+07
6.260000000000000807e-03 3.261373378481751774e+06 9.979802538154159486e+07
6.270000000000000399e-03 3.543279629284282215e+06 1.084243566560990214e+08
6.280000000000000859e-03 3.824937353804319631e+06 1.170430830264121592e+08
6.290000000000000452e-03 4.106162895883021411e+06 1.256485846140204370e+08
6.300000000000000912e-03 4.386780129953780212e+06 1.342354719765856564e+08
6.310000000000000504e-03 4.666623614316262305e+06 1.427986825980775952e+08
6.320000000000000097e-03 4.945541495601321571e+06 1.513335697654004395e+08
6.330000000000000557e-03 5.223398096356770024e+06 1.598359817485171258e+08
6.340000000000000149e-03 5.500076125093147159e+06 1.683023294278502762e+08
6.350000000000000609e-03 5.775478456960206851e+06 1.767296407829822898e+08
6.360000000000000202e-03 6.049529443274310790e+06 1.851156009641938806e+08
6.370000000000000662e-03 6.322175719151419587e+06 1.934585770060334206e+08
6.380000000000000254e-03 6.593386490255065262e+06 2.017576266018049717e+08
6.390000000000000714e-03 6.863153291877136566e+06 2.100124907314403355e+08
6.400000000000000307e-03 7.131489225936481729e+06 2.182235703136563003e+08
6.410000000000000767e-03 7.398427693723842502e+06 2.263918874279495180e+08
6.420000000000000359e-03 7.664020654049520381e+06 2.345190320139152706e+08
6.430000000000000819e-03 7.928336447588388808e+06 2.426070952962046564e+08
6.440000000000000412e-03 8.191457238400606439e+06 2.506585914950585067e+08
6.450000000000000872e-03 8.453476132602112368e+06 2.586763696576246023e+08
6.460000000000000464e-03 8.714494041748370975e+06 2.666635176775000989e+08
6.470000000000000924e-03 8.974616364506587386e+06 2.746232607539014816e+08
6.480000000000000517e-03 9.233949564479097724e+06 2.825588566730603576e+08
6.490000000000000109e-03 9.492597724506305531e+06 2.904734903698928952e+08
6.500000000000000569e-03 9.750659158359544352e+06 2.983701702458019853e+08
6.510000000000000162e-03 1.000822315942305513e+07 3.062516286783454418e+08
6.520000000000000621e-03 1.026536696278435737e+07 3.141202290612012744e+08
6.530000000000000214e-03 1.052215299218208902e+07 3.219778815607718825e+08
6.540000000000000674e-03 1.077862645661375485e+07 3.298259695723808408e+08
6.550000000000000266e-03 1.103481335323658958e+07 3.376652886090396047e+08
6.560000000000000726e-03 1.129071892369809560e+07 3.454959990651616454e+08
6.570000000000000319e-03 1.154632660042442195e+07 3.533175939729872346e+08
6.580000000000000779e-03 1.180159746792924032e+07 3.611288825186346769e+08
6.590000000000000371e-03 1.205647025214636885e+07 3.689279897156788707e+08
6.600000000000000831e-03 1.231086183842195943e+07 3.767123722557119131e+08
6.610000000000000424e-03 1.256466830641251989e+07 3.844788501762230396e+08
6.620000000000000884e-03 1.281776645801924914e+07 3.922236536153889298e+08
6.630000000000000476e-03 1.307001580292278156e+07 3.999424835694370270e+08
6.640000000000000936e-03 1.332126095554675907e+07 4.076305852397307754e+08
6.650000000000000529e-03 1.357133438761463389e+07 4.152828322610077262e+08
6.660000000000000121e-03 1.382005947210904956e+07 4.228938198465368748e+08
6.670000000000000581e-03 1.406725374758414179e+07 4.304579646760746837e+08
6.680000000000000174e-03 1.431273232658535801e+07 4.379696091935118437e+08
6.690000000000000634e-03 1.455631136852017604e+07 4.454231278767173290e+08
6.700000000000000226e-03 1.479781153577306867e+07 4.528130329946557879e+08
6.710000000000000686e-03 1.503706135221352614e+07 4.601340773777338266e+08
6.720000000000000279e-03 1.527390038549084775e+07 4.673813517960198522e+08
6.730000000000000739e-03 1.550818217860066332e+07 4.745503746651802063e+08
6.740000000000000331e-03 1.573977686204193905e+07 4.816371719784832597e+08
6.750000000000000791e-03 1.596857338533242419e+07 4.886383455911720991e+08
6.760000000000000384e-03 1.619448131553277932e+07 4.955511282553029656e+08
6.770000000000000843e-03 1.641743216054587811e+07 5.023734241127038002e+08
6.780000000000000436e-03 1.663738018606349640e+07 5.091038336935428977e+08
6.790000000000000896e-03 1.685430270687628165e+07 5.157416628304141760e+08
6.800000000000000488e-03 1.706819984556006640e+07 5.222869152741379738e+08
6.810000000000000948e-03 1.727909376402031630e+07 5.287402691790215969e+08
6.820000000000000541e-03 1.748702738572110981e+07 5.351030380030658245e+08
6.830000000000000134e-03 1.769206263835960627e+07 5.413771167338038683e+08
6.840000000000000593e-03 1.789427825798809156e+07 5.475649146944354773e+08
6.850000000000000186e-03 1.809376720587398484e+07 5.536692764997438192e+08
6.860000000000000646e-03 1.829063375848033279e+07 5.596933930094980001e+08
6.870000000000000238e-03 1.848499033863004297e+07 5.656407043620791435e+08
6.880000000000000698e-03 1.867695416201198474e+07 5.715147973575665951e+08
6.890000000000000291e-03 1.886664377754442766e+07 5.773192995928593874e+08
6.900000000000000751e-03 1.905417558263672888e+07 5.830577728286838531e+08
6.910000000000000343e-03 1.923966039501744136e+07 5.887336080875335932e+08
6.920000000000000803e-03 1.942320016151333973e+07 5.943499249423080683e+08
6.930000000000000396e-03 1.960488488099975884e+07 5.999094773585925102e+08
6.940000000000000856e-03 1.978478981376734376e+07 6.054145683012806177e+08
6.950000000000000448e-03 1.996297304288322106e+07 6.108669751122263670e+08
6.960000000000000908e-03 2.013947344491994381e+07 6.162678874145501852e+08
6.970000000000000501e-03 2.031430911787229776e+07 6.216178590068922043e+08
6.980000000000000961e-03 2.048747630340800434e+07 6.269167748842847347e+08
6.990000000000000553e-03 2.065894882904659212e+07 6.321638341688256264e+08
7.000000000000000146e-03 2.082867808370768279e+07 6.373575493614549637e+08
7.010000000000000606e-03 2.099659352759353817e+07 6.424957619443621635e+08
7.020000000000000198e-03 2.116260372486819327e+07 6.475756739809665680e+08
7.030000000000000658e-03 2.132659787535456195e+07 6.525938949858494997e+08
7.040000000000000251e-03 2.148844780978241563e+07 6.575465029793417454e+08
7.050000000000000711e-03 2.164801040225386992e+07 6.624291183089683056e+08
7.060000000000000303e-03 2.180513034380654246e+07 6.672369885204801559e+08
7.070000000000000763e-03 2.195964321247603744e+07 6.719650823017666340e+08
7.080000000000000356e-03 2.211137876828682795e+07 6.766081903095767498e+08
7.090000000000000815e-03 2.226016439630094171e+07 6.811610305268086195e+08
7.100000000000000408e-03 2.240582861734688282e+07 6.856183556908144951e+08
7.110000000000000868e-03 2.254820458442550525e+07 6.899750602834203243e+08
7.120000000000000460e-03 2.268713348307860643e+07 6.942262845822051764e+08
7.130000000000000920e-03 2.282246775620844588e+07 6.983675133399783373e+08
7.140000000000000513e-03 2.295407407789773494e+07 7.023946667836705446e+08
7.150000000000000973e-03 2.308183600660916790e+07 7.063041818022403717e+08
7.160000000000000565e-03 2.320565625560303777e+07 7.100930814214528799e+08
7.170000000000000158e-03 2.332545852732852474e+07 7.137590309362527132e+08
7.180000000000000618e-03 2.344118886871162802e+07 7.173003793825756311e+08
7.190000000000000210e-03 2.355281651544056460e+07 7.207161853724811077e+08
7.200000000000000670e-03 2.366033420528114960e+07 7.240062266816030741e+08
7.210000000000000263e-03 2.376375795285626873e+07 7.271709933574017286e+08
7.220000000000000723e-03 2.386312629091120511e+07 7.302116645018826723e+08
7.230000000000000315e-03 2.395849899555945769e+07 7.331300692641192675e+08
7.240000000000000775e-03 2.404995532507769018e+07 7.359286329473772049e+08
7.250000000000000368e-03 2.413759181320244446e+07 7.386103094839946032e+08
7.260000000000000828e-03 2.422151966831793264e+07 7.411785018505285978e+08
7.270000000000000420e-03 2.430186183916097507e+07 7.436369722783256769e+08
7.280000000000000880e-03 2.437874981549514085e+07 7.459897443541511297e+08
7.290000000000000473e-03 2.445232023843533173e+07 7.482409992961211205e+08
7.300000000000000933e-03 2.452271139959032089e+07 7.503949688274636269e+08
7.310000000000000525e-03 2.459005971082857996e+07 7.524558271513544321e+08
7.320000000000000985e-03 2.465449622720071673e+07 7.544275845523418188e+08
7.330000000000000578e-03 2.471614330434946716e+07 7.563139851130936146e+08
7.340000000000000170e-03 2.477511146863632649e+07 7.581184109402714968e+08
7.350000000000000630e-03 2.483149657328043506e+07 7.598437951423811913e+08
7.360000000000000223e-03 2.488537730715790391e+07 7.614925455990316868e+08
7.370000000000000683e-03 2.493681311470102146e+07 7.630664813098510504e+08
7.380000000000000275e-03 2.498584257575859874e+07 7.645667828182129860e+08
7.390000000000000735e-03 2.503248228355404362e+07 7.659939578767535686e+08
7.400000000000000328e-03 2.507672624725754932e+07 7.673478231660808325e+08
7.410000000000000787e-03 2.511854583344263211e+07 7.686275025033444166e+08
7.420000000000000380e-03 2.515789024811237678e+07 7.698314415922386646e+08
7.430000000000000840e-03 2.519468754835122079e+07 7.709574389795472622e+08
7.440000000000000432e-03 2.522884616027677059e+07 7.720026925044690371e+08
7.450000000000000892e-03 2.526025686812629178e+07 7.729638601646643877e+08
7.460000000000000485e-03 2.528879522828632593e+07 7.738371339855614901e+08
7.470000000000000945e-03 2.531432435212408751e+07 7.746183251749968529e+08
7.480000000000000537e-03 2.533669799283422157e+07 7.753029585807271004e+08
7.490000000000000997e-03 2.535576386438103765e+07 7.758863742500596046e+08
7.500000000000000590e-03 2.537136711515759304e+07 7.763638337238221169e+08
7.510000000000000182e-03 2.538335387533099577e+07 7.767306285851283073e+08
7.520000000000000642e-03 2.539157479508114606e+07 7.769821887294830084e+08
7.530000000000000235e-03 2.539588849111141637e+07 7.771141878280092478e+08
7.540000000000000695e-03 2.539616482091103122e+07 7.771226435198774338e+08
7.550000000000000287e-03 2.539228790823117644e+07 7.770040099918738604e+08
7.560000000000000747e-03 2.538415884900891781e+07 7.767552607796727419e+08
7.570000000000000340e-03 2.537169803439996392e+07 7.763739598526388407e+08
7.580000000000000800e-03 2.535484703649045154e+07 7.758583193166075945e+08
7.590000000000000392e-03 2.533357001244264096e+07 7.752072423807445765e+08
7.600000000000000852e-03 2.530785459405097738e+07 7.744203505779597759e+08
7.610000000000000445e-03 2.527771224168287218e+07 7.734979945954957008e+08
7.620000000000000905e-03 2.524317805407246575e+07 7.724412484546172619e+08
7.630000000000000497e-03 2.520431003813384846e+07 7.712518871668956280e+08
7.640000000000000957e-03 2.516118785556665808e+07 7.699323483803396225e+08
7.650000000000000550e-03 2.511391107524707913e+07 7.684856789025604725e+08
7.660000000000001009e-03 2.506259697194513679e+07 7.669154673415210247e+08
7.670000000000000602e-03 2.500737792251603678e+07 7.652257644289904833e+08
7.680000000000001062e-03 2.494839846012939513e+07 7.634209928799593449e+08
7.690000000000000654e-03 2.488581205510748178e+07 7.615058488862888813e+08
7.700000000000000247e-03 2.481977769735182822e+07 7.594851975389658213e+08
7.710000000000000707e-03 2.475045635999977589e+07 7.573639646159930229e+08
7.720000000000000299e-03 2.467800742675589025e+07 7.551470272587301731e+08
7.730000000000000759e-03 2.460258516622428969e+07 7.528391060864630938e+08
7.740000000000000352e-03 2.452433533550373092e+07 7.504446612664139271e+08
7.750000000000000812e-03 2.444339199232351407e+07 7.479677949650993347e+08
7.760000000000000404e-03 2.435987459016155824e+07 7.454121624589434862e+08
7.770000000000000864e-03 2.427388542421123385e+07 7.427808939808635712e+08
7.780000000000000457e-03 2.418550748790234327e+07 7.400765291298116446e+08
7.790000000000000917e-03 2.409480279012254626e+07 7.373009653777496815e+08
7.800000000000000509e-03 2.400181117255495861e+07 7.344554218801815510e+08
7.810000000000000969e-03 2.390654965489063039e+07 7.315404194396531582e+08
7.820000000000000562e-03 2.380901232336826622e+07 7.285557770950688124e+08
7.830000000000000154e-03 2.370917076541976258e+07 7.255006254218446016e+08
7.840000000000001482e-03 2.360697504045898095e+07 7.223734362380446196e+08
7.850000000000001074e-03 2.350235516433658451e+07 7.191720680286993980e+08
7.860000000000000667e-03 2.339522307299032435e+07 7.158938260335037708e+08
7.870000000000000259e-03 2.328547501962631941e+07 7.125355356005653143e+08
7.879999999999999852e-03 2.317299434963474795e+07 7.090936270988230705e+08
7.890000000000001179e-03 2.305765458861015737e+07 7.055642304114706516e+08
7.900000000000000772e-03 2.293932277151810750e+07 7.019432768084539175e+08
7.910000000000000364e-03 2.281786293539679796e+07 6.982266058231419325e+08
7.919999999999999957e-03 2.269313969414098933e+07 6.944100746407141685e+08
7.930000000000001284e-03 2.256502181196944043e+07 6.904896674462647438e+08
7.940000000000000877e-03 2.243338569217942655e+07 6.864616021806902885e+08
7.950000000000000469e-03 2.229811869973712042e+07 6.823224322119556665e+08
7.960000000000000062e-03 2.215912224010115489e+07 6.780691405470952988e+08
7.970000000000001389e-03 2.201631452233412117e+07 6.736992243834240437e+08
7.980000000000000981e-03 2.186963294189581648e+07 6.692107680220118761e+08
7.990000000000000574e-03 2.171903602736001834e+07 6.646025024372164011e+08
8.000000000000000167e-03 2.156450490544778854e+07 6.598738501067022085e+08
8.010000000000001494e-03 2.140604424998724461e+07 6.550249540496095419e+08
8.020000000000001086e-03 2.124368269243420660e+07 6.500566903884866238e+08
8.030000000000000679e-03 2.107747268413517252e+07 6.449706641345361471e+08
8.040000000000000271e-03 2.090748981329534575e+07 6.397691882868374586e+08
8.049999999999999864e-03 2.073383159232946858e+07 6.344552467252817154e+08
8.060000000000001191e-03 2.055661574362586066e+07 6.290324417549512386e+08
8.070000000000000784e-03 2.037597802345634252e+07 6.235049275177639723e+08
8.080000000000000376e-03 2.019206963454347476e+07 6.178773308170301914e+08
8.089999999999999969e-03 2.000505428740041330e+07 6.121546611944525242e+08
8.100000000000001296e-03 1.981510497876139358e+07 6.063422123500984907e+08
8.110000000000000889e-03 1.962240056203510612e+07 6.004454571982741356e+08
8.120000000000000481e-03 1.942712218957857415e+07 5.944699390011043549e+08
8.130000000000000074e-03 1.922944970959710330e+07 5.884211611136713028e+08
8.140000000000001401e-03 1.902955810155264661e+07 5.823044779075108767e+08
8.150000000000000994e-03 1.882761403308389708e+07 5.761249894123671055e+08
8.160000000000000586e-03 1.862377261862599477e+07 5.698874421299554110e+08
8.170000000000000179e-03 1.841817445523444936e+07 5.635961383301740885e+08
8.180000000000001506e-03 1.821094300466925651e+07 5.572548559428790808e+08
8.190000000000001099e-03 1.800218238273847848e+07 5.508667809117972851e+08
8.200000000000000691e-03 1.779197560741696507e+07 5.444344535869590044e+08
8.210000000000000284e-03 1.758038334657258913e+07 5.379597304051210880e+08
8.219999999999999876e-03 1.736744319449145347e+07 5.314437617514383793e+08
8.230000000000001203e-03 1.715316949407186732e+07 5.248869865185989738e+08
8.240000000000000796e-03 1.693755370884007215e+07 5.182891434905061722e+08
8.250000000000000389e-03 1.672056533612263761e+07 5.116492992853526473e+08
8.259999999999999981e-03 1.650215334009435959e+07 5.049658922068873048e+08
8.270000000000001308e-03 1.628224807129754126e+07 4.982367909817047119e+08
8.280000000000000901e-03 1.606076362788228318e+07 4.914593670131977797e+08
8.290000000000000493e-03 1.583760060351210460e+07 4.846305784674702883e+08
8.300000000000000086e-03 1.561264915785844438e+07 4.777470642304683328e+08
8.310000000000001413e-03 1.538579233807560056e+07 4.708052455451132655e+08
8.320000000000001006e-03 1.515690957378669083e+07 4.638014329578726292e+08
8.330000000000000598e-03 1.492588026405464672e+07 4.567319360800721049e+08
8.340000000000000191e-03 1.469258737265599892e+07 4.495931736032735109e+08
8.350000000000001518e-03 1.445692094776802510e+07 4.423817810017014742e+08
8.360000000000001111e-03 1.421878148393132165e+07 4.350947134082983732e+08
8.370000000000000703e-03 1.397808304781259596e+07 4.277293412630653381e+08
8.380000000000000296e-03 1.373475609478810430e+07 4.202835365005158782e+08
8.389999999999999888e-03 1.348874991056419164e+07 4.127557472632641792e+08
8.400000000000001216e-03 1.324003462078142352e+07 4.051450593959115148e+08
8.410000000000000808e-03 1.298860272161114216e+07 3.974512432813009024e+08
8.420000000000000401e-03 1.273447009550915100e+07 3.896747849225799441e+08
8.429999999999999993e-03 1.247767648828804120e+07 3.818169005416139960e+08
8.440000000000001321e-03 1.221828543621783517e+07 3.738795343482657075e+08
8.450000000000000913e-03 1.195638364468091168e+07 3.658653395272358060e+08
8.460000000000000506e-03 1.169207983268715441e+07 3.577776428802268505e+08
8.470000000000000098e-03 1.142550307000367343e+07 3.496203939421123862e+08
8.480000000000001426e-03 1.115680064547695220e+07 3.413980997515946627e+08
8.490000000000001018e-03 1.088613551605371386e+07 3.331157467912435532e+08
8.500000000000000611e-03 1.061368339577813819e+07 3.247787119108109474e+08
8.510000000000000203e-03 1.033962955243606493e+07 3.163926643045434952e+08
8.520000000000001530e-03 1.006416538633162715e+07 3.079634608217477202e+08
8.530000000000001123e-03 9.787484870760926977e+06 2.994970370452842712e+08
8.540000000000000716e-03 9.509780936971008778e+06 2.909992966713128090e+08
8.550000000000000308e-03 9.231241887690072879e+06 2.824760017633161545e+08
8.559999999999999901e-03 8.952047922647913918e+06 2.739326664330261350e+08
8.570000000000001228e-03 8.672367856897247955e+06 2.653744564210557342e+08
8.580000000000000820e-03 8.392356108255300671e+06 2.568060969126121402e+08
8.590000000000000413e-03 8.112150023911658674e+06 2.482317907316966951e+08
8.600000000000000006e-03 7.831867608345868066e+06 2.396551488153835237e+08
8.610000000000001333e-03 7.551605705345471390e+06 2.310791345835713744e+08
8.620000000000000925e-03 7.271438676332474686e+06 2.225060234957736731e+08
8.630000000000000518e-03 6.991417605638792738e+06 2.139373787325470150e+08
8.640000000000000110e-03 6.711570051093508489e+06 2.053740435634613335e+08
8.650000000000001438e-03 6.431900345573971979e+06 1.968161505745635033e+08
8.660000000000001030e-03 6.152390442335719243e+06 1.882631475354729593e+08
8.670000000000000623e-03 5.873001284262560308e+06 1.797138392984343171e+08
8.680000000000000215e-03 5.593674664973028935e+06 1.711664447481746376e+08
8.690000000000001543e-03 5.314335538256759755e+06 1.626186674706568122e+08
8.700000000000001135e-03 5.034894721870373935e+06 1.540677784892334044e+08
8.710000000000000728e-03 4.755251932536084205e+06 1.455107091356041431e+08
8.720000000000000320e-03 4.475299081272557378e+06 1.369441518869402111e+08
8.729999999999999913e-03 4.194923752124779858e+06 1.283646668150182366e+08
8.740000000000001240e-03 3.914012783093576320e+06 1.197687911626634151e+08
8.750000000000000833e-03 3.632455865689416416e+06 1.111531494900961220e+08
8.760000000000000425e-03 3.350149079107516911e+06 1.025145618206899911e+08
8.770000000000000018e-03 3.066998276554949582e+06 9.385014726258143783e+07
8.780000000000001345e-03 2.782922244711292908e+06 8.515742068816556036e+07
8.790000000000000938e-03 2.497855562600198667e+06 7.643438021556606889e+07
8.800000000000000530e-03 2.211751093161867000e+06 6.767958345075312257e+07
8.810000000000000123e-03 1.924582049383599544e+06 5.889221071113813668e+07
8.820000000000001450e-03 1.636343586765232030e+06 5.007211375501608849e+07
8.830000000000001042e-03 1.347053884942490840e+06 4.121984887924021482e+07
8.840000000000000635e-03 1.056754693198323017e+06 3.233669361186867952e+07
8.850000000000000228e-03 7.655113270904653473e+05 2.342464660896823555e+07
8.860000000000001555e-03 4.734121162160488311e+05 1.448641075621109083e+07
8.870000000000001147e-03 1.805673159247369331e+05 5.525359867296949029e+06
8.880000000000000740e-03 -1.128924917190683191e+05 -3.454510246603489853e+06
8.890000000000000333e-03 -4.068184705229938845e+05 -1.244864519800361060e+07
8.899999999999999925e-03 -7.010460280736491550e+05 -2.145200845905366167e+07
8.910000000000001252e-03 -9.953976808291563066e+05 -3.045916903337217867e+07
8.920000000000000845e-03 -1.289686219716580352e+06 -3.946439832332734764e+07
8.930000000000000437e-03 -1.583718102561653359e+06 -4.846177393838658184e+07
8.940000000000000030e-03 -1.877296994404902216e+06 -5.744528802878999710e+07
8.950000000000001357e-03 -2.170227373328149784e+06 -6.640895762384137511e+07
8.960000000000000950e-03 -2.462318117902263999e+06 -7.534693440780925751e+07
8.970000000000000542e-03 -2.753385992814254947e+06 -8.425361138011617959e+07
8.980000000000000135e-03 -3.043258951620438136e+06 -9.312372391958537698e+07
8.990000000000001462e-03 -3.331779179851777852e+06 -1.019524429034643769e+08
9.000000000000001055e-03 -3.618805807765450329e+06 -1.107354577176227570e+08
9.010000000000000647e-03 -3.904217229752851650e+06 -1.194690472304372340e+08
9.020000000000000240e-03 -4.187912976593433879e+06 -1.281501370837590545e+08
9.030000000000001567e-03 -4.469815097180834040e+06 -1.367763419737334847e+08
9.040000000000001160e-03 -4.749869017789636739e+06 -1.453459919443628490e+08
9.050000000000000752e-03 -5.028043859136426821e+06 -1.538581420895746350e+08
9.060000000000000345e-03 -5.304332204130930826e+06 -1.623125654464064538e+08
9.069999999999999937e-03 -5.578749322019930929e+06 -1.707097292538098693e+08
9.080000000000001265e-03 -5.851331867293944582e+06 -1.790507551391946673e+08
9.090000000000000857e-03 -6.122136083965884522e+06 -1.873373641693560481e+08
9.100000000000000450e-03 -6.391235557352798991e+06 -1.955718080549956262e+08
9.110000000000000042e-03 -6.658718566025563516e+06 -2.037567881203822196e+08
9.120000000000001369e-03 -6.924685095899550244e+06 -2.118953639345261753e+08
9.130000000000000962e-03 -7.189243586295181885e+06 -2.199908537406325340e+08
9.140000000000000555e-03 -7.452507484027292579e+06 -2.280467290112350881e+08
9.150000000000000147e-03 -7.714591686032041907e+06 -2.360665055925804377e+08
9.160000000000001474e-03 -7.975608953616905957e+06 -2.440536339806772768e+08
9.170000000000001067e-03 -8.235666382054115646e+06 -2.520113912908559144e+08
9.180000000000000659e-03 -8.494862007921736687e+06 -2.599427774424051046e+08
9.190000000000000252e-03 -8.753281633358737454e+06 -2.678504179807773232e+08
9.200000000000001579e-03 -9.010995941318992525e+06 -2.757364758043611050e+08
9.210000000000001172e-03 -9.268057969098450616e+06 -2.836025738544125557e+08
9.220000000000000764e-03 -9.524500999035948887e+06 -2.914497305704999566e+08
9.230000000000000357e-03 -9.780336915540294722e+06 -2.992783096155329943e+08
9.239999999999999949e-03 -1.003555506670640223e+07 -3.070879850412158370e+08
9.250000000000001277e-03 -1.029012165700483508e+07 -3.148777227043478489e+08
9.260000000000000869e-03 -1.054397968513524532e+07 -3.226457783651384711e+08
9.270000000000000462e-03 -1.079704942841816880e+07 -3.303897125095958710e+08
9.280000000000000054e-03 -1.104922946235125512e+07 -3.381064215479483604e+08
9.290000000000001382e-03 -1.130039819148317911e+07 -3.457921846593852043e+08
9.300000000000000974e-03 -1.155041585583932325e+07 -3.534427251886832118e+08
9.310000000000000567e-03 -1.179912696605805866e+07 -3.610532851613764763e+08
9.320000000000000159e-03 -1.204636311041337624e+07 -3.686187111786492467e+08
9.330000000000001487e-03 -1.229194606824737601e+07 -3.761335496883696318e+08
9.340000000000001079e-03 -1.253569115721350349e+07 -3.835921494107331634e+08
9.350000000000000672e-03 -1.277741073630589433e+07 -3.909887685309603214e+08
9.360000000000000264e-03 -1.301691778304335847e+07 -3.983176841611266732e+08
9.370000000000001592e-03 -1.325402946147969551e+07 -4.055733015212785602e+08
9.380000000000001184e-03 -1.348857059795566648e+07 -4.127502602974433303e+08
9.390000000000000777e-03 -1.372037698369301669e+07 -4.198435357010062337e+08
9.400000000000000369e-03 -1.394929842739853822e+07 -4.268485318783951998e+08
9.409999999999999962e-03 -1.417520148690913059e+07 -4.337611654994193316e+08
9.420000000000001289e-03 -1.439797181642227992e+07 -4.405779375825216770e+08
9.430000000000000882e-03 -1.461751607484744303e+07 -4.472959918903316855e+08
9.440000000000000474e-03 -1.483376335107462667e+07 -4.539131585428835154e+08
9.450000000000000067e-03 -1.504666607324160449e+07 -4.604279818411930203e+08
9.460000000000001394e-03 -1.525620038113201968e+07 -4.668397316626396775e+08
9.470000000000000986e-03 -1.546236595336883888e+07 -4.731483981730864048e+08
9.480000000000000579e-03 -1.566518529379053228e+07 -4.793546699899902344e+08
9.490000000000000172e-03 -1.586470249400984496e+07 -4.854598963167011738e+08
9.500000000000001499e-03 -1.606098150137023628e+07 -4.914660339419291615e+08
9.510000000000001091e-03 -1.625410393303906918e+07 -4.973755803509954214e+08
9.520000000000000684e-03 -1.644416648754966818e+07 -5.031914945190197825e+08
9.530000000000000276e-03 -1.663127801447067410e+07 -5.089171072428025603e+08
9.540000000000001604e-03 -1.681555631083248183e+07 -5.145560231114737988e+08
9.550000000000001196e-03 -1.699712471928367764e+07 -5.201120164100803733e+08
9.560000000000000789e-03 -1.717610860754189640e+07 -5.255889233907819390e+08
9.570000000000000381e-03 -1.735263181143696606e+07 -5.309905334299710989e+08
9.579999999999999974e-03 -1.752681312465418875e+07 -5.363204816144180298e+08
9.590000000000001301e-03 -1.769876291715725511e+07 -5.415821452650119066e+08
9.600000000000000894e-03 -1.786857996122687310e+07 -5.467785468135422468e+08
9.610000000000000486e-03 -1.803634853916911408e+07 -5.519122652985748053e+08
9.620000000000000079e-03 -1.820213590013547614e+07 -5.569853585441454649e+08
9.630000000000001406e-03 -1.836599012531699240e+07 -5.619992978346998692e+08
9.640000000000000999e-03 -1.852793845121248811e+07 -5.669549166071020365e+08
9.650000000000000591e-03 -1.868798608995391801e+07 -5.718523743525897264e+08
9.660000000000000184e-03 -1.884611557404865697e+07 -5.766911365658887625e+08
9.670000000000001511e-03 -1.900228664064341411e+07 -5.814699712036883831e+08
9.680000000000001104e-03 -1.915643665780946612e+07 -5.861869617289695740e+08
9.690000000000000696e-03 -1.930848158269412816e+07 -5.908395364304401875e+08
9.700000000000000289e-03 -1.945831742896923050e+07 -5.954245133264584541e+08
9.710000000000001616e-03 -1.960582220912665129e+07 -5.999381595992754698e+08
9.720000000000001208e-03 -1.975085830610005558e+07 -6.043762641666615009e+08
9.730000000000000801e-03 -1.989327521868946776e+07 -6.087342216918975115e+08
9.740000000000000394e-03 -2.003291261656204239e+07 -6.130071260667984486e+08
9.749999999999999986e-03 -2.016960363340578228e+07 -6.171898711822168827e+08
9.760000000000001313e-03 -2.030317832128498331e+07 -6.212772566313203573e+08
9.770000000000000906e-03 -2.043346718551944196e+07 -6.252640958768948317e+08
9.780000000000000498e-03 -2.056030471756795794e+07 -6.291453243575793505e+08
9.790000000000000091e-03 -2.068353284348281100e+07 -6.329161050105738640e+08
9.800000000000001418e-03 -2.080300420751478150e+07 -6.365719287499521971e+08
9.810000000000001011e-03 -2.091858521433642507e+07 -6.401087075586944818e+08
9.820000000000000603e-03 -2.103015875902701914e+07 -6.435228580262266397e+08
9.830000000000000196e-03 -2.113762658128954098e+07 -6.468113733874597549e+08
9.840000000000001523e-03 -2.124091118917783350e+07 -6.499718823888415098e+08
9.850000000000001116e-03 -2.133995730769399181e+07 -6.530026936154359579e+08
9.860000000000000708e-03 -2.143473281873606890e+07 -6.559028242533236742e+08
9.870000000000000301e-03 -2.152522917077298090e+07 -6.586720126256530285e+08
9.880000000000001628e-03 -2.161146124902113527e+07 -6.613107142200466394e+08
9.890000000000001221e-03 -2.169346670950371772e+07 -6.638200813108136654e+08
9.900000000000000813e-03 -2.177130479289455712e+07 -6.662019266625733376e+08
9.910000000000000406e-03 -2.184505464619271830e+07 -6.684586721734970808e+08
9.919999999999999998e-03 -2.191481319175671414e+07 -6.705932836677552462e+08
9.930000000000001326e-03 -2.198069259378024191e+07 -6.726091933696752787e+08
9.940000000000000918e-03 -2.204281738166986778e+07 -6.745102118790978193e+08
9.950000000000000511e-03 -2.210132129776914045e+07 -6.763004317117354870e+08
9.960000000000000103e-03 -2.215634394327756017e+07 -6.779841246642932892e+08
9.970000000000001431e-03 -2.220802730088838935e+07 -6.795656354071846008e+08
9.980000000000001023e-03 -2.225651221550692990e+07 -6.810492737945119143e+08
9.990000000000000616e-03 -2.230193491534653679e+07 -6.824392084096039534e+08
1.000000000000000021e-02 -2.234442365471001342e+07 -6.837393638341262341e+08
1.001000000000000154e-02 -2.238409555687620863e+07 -6.849533240404119492e+08
1.002000000000000113e-02 -2.242105373079112917e+07 -6.860842441622084379e+08
1.003000000000000072e-02 -2.245538472882248834e+07 -6.871347727019680738e+08
1.004000000000000031e-02 -2.248715640482737124e+07 -6.881069859877173901e+08
1.005000000000000164e-02 -2.251641622239200771e+07 -6.890023364051953554e+08
1.006000000000000123e-02 -2.254319005255141854e+07 -6.898216156080732346e+08
1.007000000000000083e-02 -2.256748148883164302e+07 -6.905649335582481623e+08
1.008000000000000042e-02 -2.258927169534676149e+07 -6.912317138776108027e+08
1.009000000000000001e-02 -2.260851979121065885e+07 -6.918207056110460758e+08
1.010000000000000134e-02 -2.262516376198145747e+07 -6.923300111166324615e+08
1.011000000000000093e-02 -2.263912187653690204e+07 -6.927571294220291376e+08
1.012000000000000052e-02 -2.265029457597146928e+07 -6.930990140247268677e+08
1.013000000000000012e-02 -2.265856679008429497e+07 -6.933521437765792608e+08
1.014000000000000144e-02 -2.266381062705074623e+07 -6.935126051877527237e+08
1.015000000000000104e-02 -2.266588837317039073e+07 -6.935761842190138102e+08
1.016000000000000063e-02 -2.266465573236477003e+07 -6.935384654103618860e+08
1.017000000000000022e-02 -2.265996522952641547e+07 -6.933949360235081911e+08
1.018000000000000155e-02 -2.265166969802698866e+07 -6.931410927596257925e+08
1.019000000000000114e-02 -2.263962576976403967e+07 -6.927725485547795296e+08
1.020000000000000073e-02 -2.262369728610734642e+07 -6.922851369548846483e+08
1.021000000000000033e-02 -2.260375854999704659e+07 -6.916750116299095154e+08
1.022000000000000165e-02 -2.257969734320075810e+07 -6.909387387019431591e+08
1.023000000000000125e-02 -2.255141763826843724e+07 -6.900733797310140133e+08
1.024000000000000084e-02 -2.251884194189962372e+07 -6.890765634221283197e+08
1.025000000000000043e-02 -2.248191321509177238e+07 -6.879465443818080425e+08
1.026000000000000002e-02 -2.244059632536523417e+07 -6.866822475561760664e+08
1.027000000000000135e-02 -2.239487899732891098e+07 -6.852832973182646036e+08
1.028000000000000094e-02 -2.234477223960294202e+07 -6.837500305318498611e+08
1.029000000000000054e-02 -2.229031023837578669e+07 -6.820834932942990065e+08
1.030000000000000013e-02 -2.223154972035579383e+07 -6.802854214428871870e+08
1.031000000000000145e-02 -2.216856880028932914e+07 -6.783582052888532877e+08
1.032000000000000105e-02 -2.210146534026938677e+07 -6.763048394122431278e+08
1.033000000000000064e-02 -2.203035485946658254e+07 -6.741288586996772289e+08
1.034000000000000023e-02 -2.195536804341447726e+07 -6.718342621284828186e+08
1.035000000000000156e-02 -2.187664791132560000e+07 -6.694254260865632296e+08
1.036000000000000115e-02 -2.179434670788657293e+07 -6.669070092613289356e+08
1.037000000000000074e-02 -2.170862259239412472e+07 -6.642838513272601366e+08
1.038000000000000034e-02 -2.161963620279924944e+07 -6.615608678056569099e+08
1.039000000000000166e-02 -2.152754717511376366e+07 -6.587429435584810972e+08
1.040000000000000126e-02 -2.143251069963799417e+07 -6.558348274089224339e+08
1.041000000000000085e-02 -2.133467419456370175e+07 -6.528410303536491394e+08
1.042000000000000044e-02 -2.123417417471846193e+07 -6.497657297463848591e+08
1.043000000000000003e-02 -2.113113338861003518e+07 -6.466126816914670467e+08
1.044000000000000136e-02 -2.102565829061101377e+07 -6.433851436926969290e+08
1.045000000000000095e-02 -2.091783690724489093e+07 -6.400858093616935015e+08
1.046000000000000055e-02 -2.080773714727744460e+07 -6.367167567066897154e+08
1.047000000000000014e-02 -2.069540559490258619e+07 -6.332794112040190697e+08
1.048000000000000147e-02 -2.058086681397977099e+07 -6.297745245077809095e+08
1.049000000000000106e-02 -2.046412317929999158e+07 -6.262021692865796089e+08
1.050000000000000065e-02 -2.034515523850778863e+07 -6.225617502983381748e+08
1.051000000000000024e-02 -2.022392259587812051e+07 -6.188520314338703156e+08
1.052000000000000157e-02 -2.010036529692850262e+07 -6.150711780860121250e+08
1.053000000000000116e-02 -1.997440568112787977e+07 -6.112168138425129652e+08
1.054000000000000076e-02 -1.984595065901386738e+07 -6.072860901658242941e+08
1.055000000000000035e-02 -1.971489436011001095e+07 -6.032757674193662405e+08
1.056000000000000168e-02 -1.958112108937272429e+07 -5.991823053348052502e+08
1.057000000000000127e-02 -1.944450852269840986e+07 -5.950019607945711613e+08
1.058000000000000086e-02 -1.930493106645055488e+07 -5.907308906333868504e+08
1.059000000000000045e-02 -1.916226330215794966e+07 -5.863652570460331440e+08
1.060000000000000005e-02 -1.901638343557196856e+07 -5.819013331285021305e+08
1.061000000000000137e-02 -1.886717666920276731e+07 -5.773356060776045322e+08
1.062000000000000097e-02 -1.871453841928067058e+07 -5.726648756299884319e+08
1.063000000000000056e-02 -1.855837730176481977e+07 -5.678863454340034723e+08
1.064000000000000015e-02 -1.839861781746279076e+07 -5.629977052143613100e+08
1.065000000000000148e-02 -1.823520267340144888e+07 -5.579972018060841560e+08
1.066000000000000107e-02 -1.806809468613610789e+07 -5.528836973957647085e+08
1.067000000000000066e-02 -1.789727822249983624e+07 -5.476567136084948778e+08
1.068000000000000026e-02 -1.772276014415057376e+07 -5.423164604110074043e+08
1.069000000000000158e-02 -1.754457023391012475e+07 -5.368638491576496363e+08
1.070000000000000118e-02 -1.736276109404032305e+07 -5.313004894776338339e+08
1.071000000000000077e-02 -1.717740751897555217e+07 -5.256286700806517601e+08
1.072000000000000036e-02 -1.698860535734518990e+07 -5.198513239347626567e+08
1.073000000000000169e-02 -1.679646989007844403e+07 -5.139719786364003420e+08
1.074000000000000128e-02 -1.660113376271245629e+07 -5.079946931390010715e+08
1.075000000000000087e-02 -1.640274452045611478e+07 -5.019239823259570599e+08
1.076000000000000047e-02 -1.620146180385192484e+07 -4.957647311978687644e+08
1.077000000000000006e-02 -1.599745427080849558e+07 -4.895221006867398620e+08
1.078000000000000139e-02 -1.579089631716492400e+07 -4.832014273052465916e+08
1.079000000000000098e-02 -1.558196467264194414e+07 -4.768081189828433990e+08
1.080000000000000057e-02 -1.537083495192564465e+07 -4.703475495289246440e+08
1.081000000000000016e-02 -1.515767824165356718e+07 -4.638249541945990324e+08
1.082000000000000149e-02 -1.494265780319986306e+07 -4.572453287779157162e+08
1.083000000000000108e-02 -1.472592596841393411e+07 -4.506133346334663033e+08
1.084000000000000068e-02 -1.450762130091617815e+07 -4.439332118080349565e+08
1.085000000000000027e-02 -1.428786608930437639e+07 -4.372087023327138424e+08
1.086000000000000160e-02 -1.406676423081901856e+07 -4.304429854630618691e+08
1.087000000000000119e-02 -1.384439955484409258e+07 -4.236386263782291412e+08
1.088000000000000078e-02 -1.362083462528978102e+07 -4.167975395338672400e+08
1.089000000000000037e-02 -1.339611004966455139e+07 -4.099209675197351575e+08
1.090000000000000170e-02 -1.317024431075469963e+07 -4.030094759090936780e+08
1.091000000000000129e-02 -1.294323412457131408e+07 -3.960629642118821144e+08
1.092000000000000089e-02 -1.271505531588273123e+07 -3.890806926660115123e+08
1.093000000000000048e-02 -1.248566419051883928e+07 -3.820613242298763990e+08
1.094000000000000007e-02 -1.225499937198881619e+07 -3.750029807828577161e+08
1.095000000000000140e-02 -1.202298405907696299e+07 -3.679033122077550292e+08
1.096000000000000099e-02 -1.178952865122059174e+07 -3.607595767273500562e+08
1.097000000000000058e-02 -1.155453367986442894e+07 -3.535687306038514376e+08
1.098000000000000018e-02 -1.131789297682742774e+07 -3.463275250909191966e+08
1.099000000000000150e-02 -1.107949700517624430e+07 -3.390326083583930135e+08
1.100000000000000110e-02 -1.083923627430968173e+07 -3.316806299938762188e+08
1.101000000000000069e-02 -1.059700475900061429e+07 -3.242683456254187822e+08
1.102000000000000028e-02 -1.035270324207013473e+07 -3.167927192073460221e+08
1.103000000000000161e-02 -1.010624250217788480e+07 -3.092510205666431785e+08
1.104000000000000120e-02 -9.857546271863283589e+06 -3.016409159190164208e+08
1.105000000000000079e-02 -9.606553896376231685e+06 -2.939605492291126251e+08
1.106000000000000039e-02 -9.353222630870731547e+06 -2.862086125046443343e+08
1.107000000000000171e-02 -9.097529522027604282e+06 -2.783844033740446568e+08
1.108000000000000131e-02 -8.839472829931005836e+06 -2.704878685958887339e+08
1.109000000000000090e-02 -8.579072956815486774e+06 -2.625196324785538316e+08
1.110000000000000049e-02 -8.316372860872793943e+06 -2.544810095427074432e+08
1.111000000000000008e-02 -8.051437945388244465e+06 -2.463740011288802624e+08
1.112000000000000141e-02 -7.784355425785719417e+06 -2.382012760290429890e+08
1.113000000000000100e-02 -7.515233189404494129e+06 -2.299661355957774818e+08
1.114000000000000060e-02 -7.244198174725433812e+06 -2.216724641465982497e+08
1.115000000000000019e-02 -6.971394308033273555e+06 -2.133246658258181214e+08
1.116000000000000152e-02 -6.696980045872974209e+06 -2.049275894037129879e+08
1.117000000000000111e-02 -6.421125580898672342e+06 -1.964864427754993439e+08
1.118000000000000070e-02 -6.144009776597610675e+06 -1.880066991638868451e+08
1.119000000000000029e-02 -5.865816902723469771e+06 -1.794939972233381271e+08
1.120000000000000162e-02 -5.586733247934765182e+06 -1.709540373868037760e+08
1.121000000000000121e-02 -5.306943689003915526e+06 -1.623924768835197985e+08
1.122000000000000081e-02 -5.026628296969817020e+06 -1.538148258872763813e+08
1.123000000000000040e-02 -4.745959059729311615e+06 -1.452263472277169228e+08
1.124000000000000173e-02 -4.465096797819055617e+06 -1.366319620132630765e+08
1.125000000000000132e-02 -4.184188345599615015e+06 -1.280361633753481954e+08
1.126000000000000091e-02 -3.903364063816050068e+06 -1.194429403527711034e+08
1.127000000000000050e-02 -3.622735741728774272e+06 -1.108557136969004720e+08
1.128000000000000010e-02 -3.342394937862076797e+06 -1.022772850985795259e+08
1.129000000000000142e-02 -3.062411798121728469e+06 -9.370980102252487838e+07
1.130000000000000102e-02 -2.782834378829449881e+06 -8.515473199218115211e+07
1.131000000000000061e-02 -2.503688490373484325e+06 -7.661286780542860925e+07
1.132000000000000020e-02 -2.224978064958632924e+06 -6.808432878773416579e+07
1.133000000000000153e-02 -1.946686039640728617e+06 -5.956859281300628185e+07
1.134000000000000112e-02 -1.668775733743313700e+06 -5.106453745254538953e+07
1.135000000000000071e-02 -1.391192688153786818e+06 -4.257049625750586390e+07
1.136000000000000031e-02 -1.113866923162359744e+06 -3.408432784876819700e+07
1.137000000000000163e-02 -8.367155616886810167e+05 -2.560349618767363578e+07
1.138000000000000123e-02 -5.596457561700636288e+05 -1.712516013880394399e+07
1.139000000000000082e-02 -2.825578502614630852e+05 -8.646270218000769615e+06
1.140000000000000041e-02 -5.348700992560460691e+03 -1.636702503723500704e+05
1.141000000000000174e-02 2.720849167386683985e+05 8.325798452203252353e+06
1.142000000000000133e-02 5.498429033846944803e+05 1.682519284357164800e+07
1.143000000000000092e-02 8.280185057833002647e+05 2.533736627696898207e+07
1.144000000000000052e-02 1.106695144283073489e+06 3.386487141506204009e+07
1.145000000000000011e-02 1.385943470574109117e+06 4.240987019956773520e+07
1.146000000000000144e-02 1.665818725424898788e+06 5.097405299800189584e+07
1.147000000000000103e-02 1.946358458489031997e+06 5.955856882976436615e+07
1.148000000000000062e-02 2.227580663852778263e+06 6.816396831389500201e+07
1.149000000000000021e-02 2.509482375239516143e+06 7.679016068232917786e+07
1.150000000000000154e-02 2.792038754003129434e+06 8.543638587249574065e+07
1.151000000000000113e-02 3.075202691480799112e+06 9.410120235931243002e+07
1.152000000000000073e-02 3.358904935208674986e+06 1.027824910173854232e+08
1.153000000000000032e-02 3.643054736209654715e+06 1.114774749280154109e+08
1.154000000000000165e-02 3.927541002338474616e+06 1.201827546715573072e+08
1.155000000000000124e-02 4.212233930792895146e+06 1.288943582822625786e+08
1.156000000000000083e-02 4.496987081654817797e+06 1.376078046986373961e+08
1.157000000000000042e-02 4.781639843973512761e+06 1.463181792255894542e+08
1.158000000000000175e-02 5.066020236690088175e+06 1.550202192427166700e+08
1.159000000000000134e-02 5.349947978838285431e+06 1.637084081524515152e+08
1.160000000000000094e-02 5.633237757134632207e+06 1.723770753683196902e+08
1.161000000000000053e-02 5.915702614430623129e+06 1.810205000015770197e+08
1.162000000000000012e-02 6.197157379656133242e+06 1.896330158174776435e+08
1.163000000000000145e-02 6.477422058901166543e+06 1.982091150023756623e+08
1.164000000000000104e-02 6.756325108184286393e+06 2.067435483104391396e+08
1.165000000000000063e-02 7.033706511223987676e+06 2.152314192434539795e+08
1.166000000000000023e-02 7.309420590091534890e+06 2.236682700568009317e+08
1.167000000000000155e-02 7.583338482883745804e+06 2.320501575762425661e+08
1.168000000000000115e-02 7.855350230355990119e+06 2.403737170488932431e+08
1.169000000000000074e-02 8.125366422621683218e+06 2.486362125322234631e+08
1.170000000000000033e-02 8.393319367338070646e+06 2.568355726405449212e+08
1.171000000000000166e-02 8.659163752019912004e+06 2.649704108118092716e+08
1.172000000000000125e-02 8.922876784984156489e+06 2.730400296205151081e+08
1.173000000000000084e-02 9.184457811659814790e+06 2.810444090367902517e+08
1.174000000000000044e-02 9.443927415303312242e+06 2.889841789082812667e+08
1.175000000000000176e-02 9.701326023257305846e+06 2.968605763116735220e+08
1.176000000000000136e-02 9.956712051494598389e+06 3.046753887757346630e+08
1.177000000000000095e-02 1.021015963102737442e+07 3.124308847094376087e+08
1.178000000000000054e-02 1.046175596957724541e+07 3.201297326690636277e+08
1.179000000000000013e-02 1.071159841047047637e+07 3.277749113603965044e+08
1.180000000000000146e-02 1.095979125783741102e+07 3.353696124898247123e+08
1.181000000000000105e-02 1.120644244269029237e+07 3.429171387463228703e+08
1.182000000000000065e-02 1.145166010820375942e+07 3.504207993110349774e+08
1.183000000000000024e-02 1.169554919443337992e+07 3.578838053496613503e+08
1.184000000000000156e-02 1.193820810273839161e+07 3.653091679437947273e+08
1.185000000000000116e-02 1.217972551832344942e+07 3.726996008606975079e+08
1.186000000000000075e-02 1.242017746562380530e+07 3.800574304480883479e+08
1.187000000000000034e-02 1.265962466581186093e+07 3.873845147738428712e+08
1.188000000000000167e-02 1.289811025863513537e+07 3.946821739142350554e+08
1.189000000000000126e-02 1.313565794226281531e+07 4.019511330332421064e+08
1.190000000000000085e-02 1.337227057502828725e+07 4.091914795958655477e+08
1.191000000000000045e-02 1.360792927212912962e+07 4.164026357271512747e+08
1.192000000000000177e-02 1.384259301874708384e+07 4.235833463736606836e+08
1.193000000000000137e-02 1.407619880894170888e+07 4.307316835536162257e+08
1.194000000000000096e-02 1.430866230734146759e+07 4.378450666046487689e+08
1.195000000000000055e-02 1.453987901839212142e+07 4.449202979627988338e+08
1.196000000000000014e-02 1.476972593601378798e+07 4.519536136420218349e+08
1.197000000000000147e-02 1.499806363524041139e+07 4.589407472383565307e+08
1.198000000000000106e-02 1.522473875703772902e+07 4.658770059653543830e+08
1.199000000000000066e-02 1.544958682825961523e+07 4.727573569447441101e+08
1.200000000000000025e-02 1.567243535082174465e+07 4.795765217351453304e+08
1.201000000000000158e-02 1.589310708783833124e+07 4.863290768878528476e+08
1.202000000000000117e-02 1.611142346982253529e+07 4.930095581765695214e+08
1.203000000000000076e-02 1.632720804121124186e+07 4.996125660610638857e+08
1.204000000000000035e-02 1.654028986649910361e+07 5.061328699148724675e+08
1.205000000000000168e-02 1.675050681618852727e+07 5.125655085753688216e+08
1.206000000000000127e-02 1.695770865554947034e+07 5.189058848598136902e+08
1.207000000000000087e-02 1.716175986378072947e+07 5.251498518316901922e+08
1.208000000000000046e-02 1.736254211745827273e+07 5.312937887942230701e+08
1.209000000000000179e-02 1.755995638000305742e+07 5.373346652280935049e+08
1.210000000000000138e-02 1.775392454811628535e+07 5.432700911723581553e+08
1.211000000000000097e-02 1.794439061649880186e+07 5.490983528648632765e+08
1.212000000000000056e-02 1.813132133344819024e+07 5.548184328035145998e+08
1.213000000000000016e-02 1.831470633185378462e+07 5.604300137547256947e+08
1.214000000000000148e-02 1.849455773240010440e+07 5.659334666114430428e+08
1.215000000000000108e-02 1.867090922816093639e+07 5.713298223817245960e+08
1.216000000000000067e-02 1.884381467192554101e+07 5.766207289609214067e+08
1.217000000000000026e-02 1.901334619926264137e+07 5.818083936974368095e+08
1.218000000000000159e-02 1.917959193122313544e+07 5.868955130954278708e+08
1.219000000000000118e-02 1.934265331045121327e+07 5.918851912998069525e+08
1.220000000000000077e-02 1.950264213308765367e+07 5.967808492724821568e+08
1.221000000000000037e-02 1.965967734600324556e+07 6.015861267876992226e+08
1.222000000000000169e-02 1.981388168442729861e+07 6.063047795434752703e+08
1.223000000000000129e-02 1.996537822880705446e+07 6.109405738014957905e+08
1.224000000000000088e-02 2.011428696165878698e+07 6.154971810267587900e+08
1.225000000000000047e-02 2.026072140520246699e+07 6.199780749991953373e+08
1.226000000000000180e-02 2.040478541871307418e+07 6.243864338126199245e+08
1.227000000000000139e-02 2.054657023080959916e+07 6.287250490627737045e+08
1.228000000000000098e-02 2.068615177642913163e+07 6.329962443587312698e+08
1.229000000000000058e-02 2.082358840112048015e+07 6.372018050742864609e+08
1.230000000000000017e-02 2.095891898671184853e+07 6.413429209933824539e+08
1.231000000000000150e-02 2.109216154255445302e+07 6.454201432021660805e+08
1.232000000000000109e-02 2.122331229565252364e+07 6.494333562469670773e+08
1.233000000000000068e-02 2.135234530131489784e+07 6.533817662202357054e+08
1.234000000000000027e-02 2.147921258377422392e+07 6.572639050634911060e+08
1.235000000000000160e-02 2.160384480380641669e+07 6.610776509964761734e+08
1.236000000000000119e-02 2.172615243803245202e+07 6.648202646037929058e+08
1.237000000000000079e-02 2.184602744258853048e+07 6.684884397432088852e+08
1.238000000000000038e-02 2.196334536248807609e+07 6.720783680921350718e+08
1.239000000000000171e-02 2.207796783753902838e+07 6.755858158286941051e+08
1.240000000000000130e-02 2.218974544636536390e+07 6.790062106587799788e+08
1.241000000000000089e-02 2.229852082213219255e+07 6.823347371572450399e+08
1.242000000000000048e-02 2.240413196717629209e+07 6.855664381955944300e+08
1.243000000000000181e-02 2.250641568904890120e+07 6.886963200848963261e+08
1.244000000000000140e-02 2.260521107759424299e+07 6.917194589743837118e+08
1.245000000000000100e-02 2.270036294168675691e+07 6.946311060156146288e+08
1.246000000000000059e-02 2.279172512515295669e+07 6.974267888296803236e+08
1.247000000000000018e-02 2.287916362419312820e+07 7.001024069003095627e+08
1.248000000000000151e-02 2.296255943322716281e+07 7.026543186567510366e+08
1.249000000000000110e-02 2.304181105241112411e+07 7.050794182037802935e+08
1.250000000000000069e-02 2.311683659796022251e+07 7.073751998975827694e+08
1.251000000000000029e-02 2.318757546568321809e+07 7.095398092499063015e+08
1.252000000000000161e-02 2.325398950857001171e+07 7.115720789622422457e+08
1.253000000000000121e-02 2.331606370063157752e+07 7.134715492393261194e+08
1.254000000000000080e-02 2.337380627120452374e+07 7.152384718988583088e+08
1.255000000000000039e-02 2.342724830632204190e+07 7.168737981734544039e+08
1.256000000000000172e-02 2.347644282622709125e+07 7.183791504825489521e+08
1.257000000000000131e-02 2.352146336037093773e+07 7.197567788273504972e+08
1.258000000000000090e-02 2.356240205301432312e+07 7.210095028222382069e+08
1.259000000000000050e-02 2.359936734355238080e+07 7.221406407127027512e+08
1.260000000000000182e-02 2.363248127566073462e+07 7.231539270352183580e+08
1.261000000000000142e-02 2.366187649807535112e+07 7.240534208411055803e+08
1.262000000000000101e-02 2.368769302706746385e+07 7.248434066282641888e+08
1.263000000000000060e-02 2.371007484628711641e+07 7.255282902963856459e+08
1.264000000000000019e-02 2.372916642349313572e+07 7.261124925588898659e+08
1.265000000000000152e-02 2.374510922567206621e+07 7.266003423055651188e+08
1.266000000000000111e-02 2.375803831412651762e+07 7.269959724122712612e+08
1.267000000000000071e-02 2.376807909928305075e+07 7.273032204380612373e+08
1.268000000000000030e-02 2.377534433127128705e+07 7.275255365369012356e+08
1.269000000000000163e-02 2.377993139684647322e+07 7.276659007435020208e+08
1.270000000000000122e-02 2.378191998609418795e+07 7.277267515744820833e+08
1.271000000000000081e-02 2.378137018373432383e+07 7.277099276222701073e+08
1.272000000000000040e-02 2.377832102993322164e+07 7.276166235159565210e+08
1.273000000000000173e-02 2.377278958456884325e+07 7.274473612878063917e+08
1.274000000000000132e-02 2.376477051713032275e+07 7.272019778241877556e+08
1.275000000000000092e-02 2.375423623214536160e+07 7.268796287036479712e+08
1.276000000000000051e-02 2.374113752750278264e+07 7.264788083415850401e+08
1.277000000000000184e-02 2.372540477056793496e+07 7.259973859793787003e+08
1.278000000000000143e-02 2.370694956486513093e+07 7.254326566848728657e+08
1.279000000000000102e-02 2.368566686860956997e+07 7.247814061794526577e+08
1.280000000000000061e-02 2.366143751577912271e+07 7.240399879828410149e+08
1.281000000000000021e-02 2.363413108097242191e+07 7.232044110777560472e+08
1.282000000000000153e-02 2.360360902122575045e+07 7.222704360495078564e+08
1.283000000000000113e-02 2.356972802144602686e+07 7.212336774562482834e+08
1.284000000000000072e-02 2.353234346531437337e+07 7.200897100386196375e+08
1.285000000000000031e-02 2.349131295053701848e+07 7.188341762864326239e+08
1.286000000000000164e-02 2.344649976623901352e+07 7.174628928469135761e+08
1.287000000000000123e-02 2.339777625113558397e+07 7.159719532847487926e+08
1.288000000000000082e-02 2.334502695385992527e+07 7.143578247881135941e+08
1.289000000000000042e-02 2.328815152140924335e+07 7.126174365551227331e+08
1.290000000000000174e-02 2.322706724798729271e+07 7.107482577884110212e+08
1.291000000000000134e-02 2.316171122442543879e+07 7.087483634674183130e+08
1.292000000000000093e-02 2.309204203766981512e+07 7.066164863526962996e+08
1.293000000000000052e-02 2.301804098031385243e+07 7.043520539976037741e+08
1.294000000000000185e-02 2.293971274158774316e+07 7.019552098925848007e+08
1.295000000000000144e-02 2.285708556332249194e+07 6.994268182376681566e+08
1.296000000000000103e-02 2.277021085690408200e+07 6.967684522212648392e+08
1.297000000000000063e-02 2.267916228982961923e+07 6.939823660687862635e+08
1.298000000000000022e-02 2.258403436287930608e+07 6.910714515041066408e+08
1.299000000000000155e-02 2.248494051083412021e+07 6.880391796315239668e+08
1.300000000000000114e-02 2.238201077082139626e+07 6.848895295871345997e+08
1.301000000000000073e-02 2.227538907249816507e+07 6.816269056184437275e+08
1.302000000000000032e-02 2.216523021314701438e+07 6.782560445222985744e+08
1.303000000000000165e-02 2.205169658815420419e+07 6.747819155975185633e+08
1.304000000000000124e-02 2.193495475309194252e+07 6.712096154446133375e+08
1.305000000000000084e-02 2.181517189759904146e+07 6.675442600665305853e+08
1.306000000000000043e-02 2.169251231335552037e+07 6.637908767886787653e+08
1.307000000000000176e-02 2.156713393862476945e+07 6.599542985219178200e+08
1.308000000000000135e-02 2.143918506008860096e+07 6.560390628387110233e+08
1.309000000000000094e-02 2.130880124906350300e+07 6.520493182213431597e+08
1.310000000000000053e-02 2.117610260374901816e+07 6.479887396747198105e+08
1.311000000000000186e-02 2.104119136204179749e+07 6.438604556784788370e+08
1.312000000000000145e-02 2.090414994082259387e+07 6.396669881891711950e+08
1.313000000000000105e-02 2.076503944768602774e+07 6.354102070991923809e+08
1.314000000000000064e-02 2.062389870006709918e+07 6.310913002220531702e+08
1.315000000000000023e-02 2.048074377488008142e+07 6.267107595113303661e+08
1.316000000000000156e-02 2.033556809940312058e+07 6.222683838417353630e+08
1.317000000000000115e-02 2.018834308150158823e+07 6.177632982939484119e+08
1.318000000000000074e-02 2.003901926468203589e+07 6.131939894992702007e+08
1.319000000000000034e-02 1.988752798120206967e+07 6.085583562247831821e+08
1.320000000000000166e-02 1.973378346481228247e+07 6.038537740232557058e+08
1.321000000000000126e-02 1.957768537395190820e+07 5.990771724429283142e+08
1.322000000000000085e-02 1.941912166660711914e+07 5.942251229981777668e+08
1.323000000000000044e-02 1.925797175979952514e+07 5.892939358498653173e+08
1.324000000000000177e-02 1.909410989999029413e+07 5.842797629397028685e+08
1.325000000000000136e-02 1.892740866572437808e+07 5.791787051711658239e+08
1.326000000000000095e-02 1.875774252071117982e+07 5.739869211337620020e+08
1.327000000000000055e-02 1.858499133432221040e+07 5.687007348302595615e+08
1.328000000000000187e-02 1.840904378720541298e+07 5.633167398884855509e+08
1.329000000000000146e-02 1.822980058235859498e+07 5.578318978201729059e+08
1.330000000000000106e-02 1.804717738651012257e+07 5.522436280272096395e+08
1.331000000000000065e-02 1.786110743291464075e+07 5.465498874471879005e+08
1.332000000000000024e-02 1.767154372454379126e+07 5.407492379710398912e+08
1.333000000000000157e-02 1.747846078595400229e+07 5.348409000501923561e+08
1.334000000000000116e-02 1.728185592262395099e+07 5.288247912322928309e+08
1.335000000000000075e-02 1.708174995803280175e+07 5.227015487158035636e+08
1.336000000000000035e-02 1.687818743092915788e+07 5.164725353864321709e+08
1.337000000000000167e-02 1.667123624783130549e+07 5.101398291836378574e+08
1.338000000000000127e-02 1.646098679851338640e+07 5.037061960345095396e+08
1.339000000000000086e-02 1.624755055476857349e+07 4.971750469759182334e+08
1.340000000000000045e-02 1.603105818481034040e+07 4.905503804551963210e+08
1.341000000000000178e-02 1.581165722698948346e+07 4.838367111458780766e+08
1.342000000000000137e-02 1.558950937680874020e+07 4.770389869303473830e+08
1.343000000000000096e-02 1.536478745026248880e+07 4.701624959780320525e+08
1.344000000000000056e-02 1.513767209411026351e+07 4.632127660797739625e+08
1.345000000000000188e-02 1.490834831962504610e+07 4.561954585805262923e+08
1.346000000000000148e-02 1.467700194050879776e+07 4.491162593795691133e+08
1.347000000000000107e-02 1.444381599793428928e+07 4.419807695367891788e+08
1.348000000000000066e-02 1.420896725600728579e+07 4.347943980338228941e+08
1.349000000000000025e-02 1.397262284933005460e+07 4.275622591894995570e+08
1.350000000000000158e-02 1.373493716083053872e+07 4.202890771214144230e+08
1.351000000000000117e-02 1.349604900267827325e+07 4.129790994819551110e+08
1.352000000000000077e-02 1.325607916606222093e+07 4.056360224815039039e+08
1.353000000000000036e-02 1.301512839702581987e+07 3.982629289489899874e+08
1.354000000000000169e-02 1.277327584563299827e+07 3.908622408763696551e+08
1.355000000000000128e-02 1.253057802471221983e+07 3.834356875561938286e+08
1.356000000000000087e-02 1.228706830255211890e+07 3.759842900580947995e+08
1.357000000000000046e-02 1.204275694146949984e+07 3.685083624089666605e+08
1.358000000000000179e-02 1.179763168144312873e+07 3.610075294521597028e+08
1.359000000000000138e-02 1.155165885528753139e+07 3.534807609717983603e+08
1.360000000000000098e-02 1.130478500943551771e+07 3.459264212887268066e+08
1.361000000000000057e-02 1.105693899259601533e+07 3.383423331734380126e+08
1.362000000000000190e-02 1.080803446362300031e+07 3.307258545868637562e+08
1.363000000000000149e-02 1.055797276013737172e+07 3.230739664602034688e+08
1.364000000000000108e-02 1.030664606100617535e+07 3.153833694667888880e+08
1.365000000000000067e-02 1.005394076890864410e+07 3.076505875286044478e+08
1.366000000000000027e-02 9.799741034057453275e+06 2.998720756421580315e+08
1.367000000000000159e-02 9.543932336826143786e+06 2.920443295068799257e+08
1.368000000000000119e-02 9.286405045632421970e+06 2.841639943963520527e+08
1.369000000000000078e-02 9.027057866975368932e+06 2.762279707294462919e+08
1.370000000000000037e-02 8.765801107015499845e+06 2.682335138746742308e+08
1.371000000000000170e-02 8.502559668453212827e+06 2.601783258546682596e+08
1.372000000000000129e-02 8.237275712612630799e+06 2.520606368059464693e+08
1.373000000000000088e-02 7.969910924421207048e+06 2.438792742872889042e+08
1.374000000000000048e-02 7.700448327219671570e+06 2.356337188129219115e+08
1.375000000000000180e-02 7.428893604815517552e+06 2.273241443073547781e+08
1.376000000000000140e-02 7.155275899673114531e+06 2.189514425299972594e+08
1.377000000000000099e-02 6.879648068337345496e+06 2.105172308911227286e+08
1.378000000000000058e-02 6.602086387840784155e+06 2.020238434679279625e+08
1.379000000000000191e-02 6.322689719641393982e+06 1.934743054210266173e+08
1.380000000000000150e-02 6.041578150287502445e+06 1.848722913987975419e+08
1.381000000000000109e-02 5.758891140214247629e+06 1.762220688905559480e+08
1.382000000000000069e-02 5.474785223549311049e+06 1.675284278406088948e+08
1.383000000000000028e-02 5.189431312284561805e+06 1.587965981559075713e+08
1.384000000000000161e-02 4.903011667409171350e+06 1.500321570227206051e+08
1.385000000000000120e-02 4.615716607377056032e+06 1.412409281857379079e+08
1.386000000000000079e-02 4.327741030421526171e+06 1.324288755308986604e+08
1.387000000000000038e-02 4.039280831589622423e+06 1.236019934466424137e+08
1.388000000000000171e-02 3.750529297838308848e+06 1.147661965138522238e+08
1.389000000000000130e-02 3.461673565066588111e+06 1.059272110910375863e+08
1.390000000000000090e-02 3.172891219529522583e+06 9.709047131760336459e+07
1.391000000000000049e-02 2.884347122734442819e+06 8.826102195567393303e+07
1.392000000000000182e-02 2.596190533723327797e+06 7.944343033193381131e+07
1.393000000000000141e-02 2.308552595729866996e+06 7.064170942933392525e+07
1.394000000000000100e-02 2.021544245716748992e+06 6.185925391893251240e+07
1.395000000000000059e-02 1.735254595455263974e+06 5.309879062093106657e+07
1.396000000000000192e-02 1.449749821823742008e+06 4.436234454780649394e+07
1.397000000000000151e-02 1.165072592140673194e+06 3.565122131950459629e+07
1.398000000000000111e-02 8.812420378793785349e+05 2.696600635910897702e+07
1.399000000000000070e-02 5.982542773340656422e+05 1.830658088642240688e+07
1.400000000000000029e-02 3.160834750089819427e+05 9.672154335274845362e+06
1.401000000000000162e-02 3.468341299263877590e+04 1.061312437574746320e+06
1.402000000000000121e-02 -2.460104623603607761e+05 -7.527920148227038793e+06
1.403000000000000080e-02 -5.260785661982418969e+05 -1.609800412566620111e+07
1.404000000000000040e-02 -8.056143311242647469e+05 -2.465179853240249678e+07
1.405000000000000172e-02 -1.084721059692077804e+06 -3.319246442657757550e+07
1.406000000000000132e-02 -1.363508546883270843e+06 -4.172336153462807834e+07
1.407000000000000091e-02 -1.642089551378638484e+06 -5.024794027218633145e+07
1.408000000000000050e-02 -1.920576197968370048e+06 -5.876963165783211589e+07
1.409000000000000183e-02 -2.199076395058597904e+06 -6.729173768879307806e+07
1.410000000000000142e-02 -2.477690350891447160e+06 -7.581732473727826774e+07
1.411000000000000101e-02 -2.756507269803983159e+06 -8.434912245600186288e+07
1.412000000000000061e-02 -3.035602305661428720e+06 -9.288943055323968828e+07
1.413000000000000193e-02 -3.315033843616727274e+06 -1.014400356146718413e+08
1.414000000000000153e-02 -3.594841173700856045e+06 -1.100021399152461737e+08
1.415000000000000112e-02 -3.875042610624475870e+06 -1.185763038851089329e+08
1.416000000000000071e-02 -4.155634103773922659e+06 -1.271624035754820108e+08
1.417000000000000030e-02 -4.436588369966925122e+06 -1.357596041209878922e+08
1.418000000000000163e-02 -4.717854569351375103e+06 -1.443663498221520483e+08
1.419000000000000122e-02 -4.999358532174224034e+06 -1.529803710845312178e+08
1.420000000000000082e-02 -5.281003531312062405e+06 -1.615987080581490695e+08
1.421000000000000041e-02 -5.562671582733363844e+06 -1.702177504316408932e+08
1.422000000000000174e-02 -5.844225243761585094e+06 -1.788332924591044784e+08
1.423000000000000133e-02 -6.125509867404093035e+06 -1.874406019425652027e+08
1.424000000000000092e-02 -6.406356260384506546e+06 -1.960345015677658617e+08
1.425000000000000051e-02 -6.686583683103843592e+06 -2.046094607029775679e+08
1.426000000000000184e-02 -6.966003121788177639e+06 -2.131596955267181993e+08
1.427000000000000143e-02 -7.244420756736145355e+06 -2.216792751561259925e+08
1.428000000000000103e-02 -7.521641546006225049e+06 -2.301622313077904582e+08
1.429000000000000062e-02 -7.797472841194824316e+06 -2.386026689405615628e+08
1.430000000000000195e-02 -8.071727951207558624e+06 -2.469948753069512546e+08
1.431000000000000154e-02 -8.344229571135764010e+06 -2.553334248767543137e+08
1.432000000000000113e-02 -8.614812996495727450e+06 -2.636132776927692294e+08
1.433000000000000072e-02 -8.883329048090424389e+06 -2.718298688715669513e+08
1.434000000000000032e-02 -9.149646639495259151e+06 -2.799791871685549021e+08
1.435000000000000164e-02 -9.413654927500812337e+06 -2.880578407815247774e+08
1.436000000000000124e-02 -9.675264995562741533e+06 -2.960631088642198443e+08
1.437000000000000083e-02 -9.934411031194124371e+06 -3.039929775545401573e+08
1.438000000000000042e-02 -1.019105097002602555e+07 -3.118461596827962995e+08
1.439000000000000175e-02 -1.044516659169329330e+07 -3.196220977058147192e+08
1.440000000000000134e-02 -1.069676306547402963e+07 -3.273209498035052419e+08
1.441000000000000093e-02 -1.094586795643482916e+07 -3.349435594669057131e+08
1.442000000000000053e-02 -1.119252971540098637e+07 -3.424914092912700772e+08
1.443000000000000185e-02 -1.143681568809931539e+07 -3.499665600558390021e+08
1.444000000000000145e-02 -1.167880969002010673e+07 -3.573715765146151781e+08
1.445000000000000104e-02 -1.191860920366187766e+07 -3.647094416320533752e+08
1.446000000000000063e-02 -1.215632226361381821e+07 -3.719834612665827870e+08
1.447000000000000196e-02 -1.239206410220061801e+07 -3.791971615273388028e+08
1.448000000000000155e-02 -1.262595363398400322e+07 -3.863541811999104023e+08
1.449000000000000114e-02 -1.285810986116335168e+07 -3.934581617515985370e+08
1.450000000000000074e-02 -1.308864828374891169e+07 -4.005126374827166200e+08
1.451000000000000033e-02 -1.331767739826131612e+07 -4.075209283867961764e+08
1.452000000000000166e-02 -1.354529536663722806e+07 -4.144860382190991044e+08
1.453000000000000125e-02 -1.377158693304171972e+07 -4.214105601510765553e+08
1.454000000000000084e-02 -1.399662066050150245e+07 -4.282965922113458514e+08
1.455000000000000043e-02 -1.422044655180963874e+07 -4.351456644853748679e+08
1.456000000000000176e-02 -1.444309411018535681e+07 -4.419586797716718316e+08
1.457000000000000135e-02 -1.466457088491743058e+07 -4.487358690784732699e+08
1.458000000000000095e-02 -1.488486153590942733e+07 -4.554767629988284111e+08
1.459000000000000054e-02 -1.510392743894446082e+07 -4.621801796317003965e+08
1.460000000000000187e-02 -1.532170684088356793e+07 -4.688442293310371041e+08
1.461000000000000146e-02 -1.553811556119125150e+07 -4.754663361724522114e+08
1.462000000000000105e-02 -1.575304822345118597e+07 -4.820432756376062036e+08
1.463000000000000064e-02 -1.596637998818287812e+07 -4.885712276383959651e+08
1.464000000000000197e-02 -1.617796874659371935e+07 -4.950458436457677484e+08
1.465000000000000156e-02 -1.638765772416302934e+07 -5.014623263593885899e+08
1.466000000000000116e-02 -1.659527843341366760e+07 -5.078155200624581575e+08
1.467000000000000075e-02 -1.680065390709748119e+07 -5.141000095571827888e+08
1.468000000000000034e-02 -1.700360213650007546e+07 -5.203102253769022226e+08
1.469000000000000167e-02 -1.720393963480318338e+07 -5.264405528249772787e+08
1.470000000000000126e-02 -1.740148504254423827e+07 -5.324854423018535972e+08
1.471000000000000085e-02 -1.759606269124935195e+07 -5.384395183522300720e+08
1.472000000000000045e-02 -1.778750604230661318e+07 -5.442976848945822716e+08
1.473000000000000177e-02 -1.797566092107368633e+07 -5.500552241848546267e+08
1.474000000000000137e-02 -1.816038847100366279e+07 -5.557078872127120495e+08
1.475000000000000096e-02 -1.834156775911456719e+07 -5.612519734289056063e+08
1.476000000000000055e-02 -1.851909797227098048e+07 -5.666843979514918327e+08
1.477000000000000188e-02 -1.869290015329840034e+07 -5.720027446909309626e+08
1.478000000000000147e-02 -1.886291843668660149e+07 -5.772053041626099348e+08
1.479000000000000106e-02 -1.902912075531391054e+07 -5.822910951126055717e+08
1.480000000000000066e-02 -1.919149900196023658e+07 -5.872598694599831104e+08
1.481000000000000198e-02 -1.935006864208801463e+07 -5.921121004478931427e+08
1.482000000000000157e-02 -1.950486778716226295e+07 -5.968489542871650457e+08
1.483000000000000117e-02 -1.965595575035233423e+07 -6.014722459607813358e+08
1.484000000000000076e-02 -1.980341111851580814e+07 -6.059843802265836000e+08
1.485000000000000035e-02 -1.994732938563151658e+07 -6.103882792003242970e+08
1.486000000000000168e-02 -2.008782020305701718e+07 -6.146872982135446072e+08
1.487000000000000127e-02 -2.022500431090067327e+07 -6.188851319135605097e+08
1.488000000000000086e-02 -2.035901022221297771e+07 -6.229857127997169495e+08
1.489000000000000046e-02 -2.048997073743923753e+07 -6.269931045656404495e+08
1.490000000000000178e-02 -2.061801937050930038e+07 -6.309113927375844717e+08
1.491000000000000138e-02 -2.074328676997165009e+07 -6.347445751611323357e+08
1.492000000000000097e-02 -2.086589721866771206e+07 -6.384964548912318945e+08
1.493000000000000056e-02 -2.098596529358099401e+07 -6.421705379835783243e+08
1.494000000000000189e-02 -2.110359276373415813e+07 -6.457699385702650547e+08
1.495000000000000148e-02 -2.121886579842796549e+07 -6.492972934318956137e+08
1.496000000000000107e-02 -2.133185255085497722e+07 -6.527546880561621189e+08
1.497000000000000067e-02 -2.144260117334307358e+07 -6.561435959042979479e+08
1.498000000000000199e-02 -2.155113831039898098e+07 -6.594648322982087135e+08
1.499000000000000159e-02 -2.165746810456267744e+07 -6.627185239996178150e+08
1.500000000000000118e-02 -2.176157173811029643e+07 -6.659040951861749887e+08
1.501000000000000077e-02 -2.186340752113861591e+07 -6.690202701468415260e+08
1.502000000000000036e-02 -2.196291152381676435e+07 -6.720650926287928820e+08
1.503000000000000169e-02 -2.205999873789919913e+07 -6.750359613797153234e+08
1.504000000000000128e-02 -2.215456474025518447e+07 -6.779296810518084764e+08
1.505000000000000088e-02 -2.224648781947120652e+07 -6.807425272758188248e+08
1.506000000000000047e-02 -2.233563151579458266e+07 -6.834703243833140135e+08
1.507000000000000180e-02 -2.242184751506501436e+07 -6.861085339609893560e+08
1.508000000000000139e-02 -2.250497882904471457e+07 -6.886523521687681675e+08
1.509000000000000098e-02 -2.258486318790339306e+07 -6.910968135498436689e+08
1.510000000000000057e-02 -2.266133656569263712e+07 -6.934368989101945162e+08
1.511000000000000190e-02 -2.273423675657266378e+07 -6.956676447511233091e+08
1.512000000000000149e-02 -2.280340691840161011e+07 -6.977842517030891180e+08
1.513000000000000109e-02 -2.286869900109112263e+07 -6.997821894333882332e+08
1.514000000000000068e-02 -2.292997697985163331e+07 -7.016572955834598541e+08
1.515000000000000201e-02 -2.298711981803422794e+07 -7.034058664318473339e+08
1.516000000000000160e-02 -2.304002409061279148e+07 -7.050247371727513075e+08
1.517000000000000119e-02 -2.308860620729501545e+07 -7.065113499432272911e+08
1.518000000000000078e-02 -2.313280418361492828e+07 -7.078638080186166763e+08
1.519000000000000038e-02 -2.317257891892571747e+07 -7.090809149191267490e+08
1.520000000000000170e-02 -2.320791495173223689e+07 -7.101621975230063200e+08
1.521000000000000130e-02 -2.323882067500806972e+07 -7.111079126552468538e+08
1.522000000000000089e-02 -2.326532800674739107e+07 -7.119190370064699650e+08
1.523000000000000048e-02 -2.328749152371369675e+07 -7.125972406256390810e+08
1.524000000000000181e-02 -2.330538707886747271e+07 -7.131448446133445501e+08
1.525000000000000140e-02 -2.331910993499211594e+07 -7.135647640107586384e+08
1.526000000000000099e-02 -2.332877245831063017e+07 -7.138604372243051529e+08
1.527000000000000059e-02 -2.333450142613225803e+07 -7.140357436396470070e+08
1.528000000000000191e-02 -2.333643501154872030e+07 -7.140949113533906937e+08
1.529000000000000151e-02 -2.333471951570628211e+07 -7.140424171806120872e+08
1.530000000000000110e-02 -2.332950592403656244e+07 -7.138828812755187750e+08
1.531000000000000069e-02 -2.332094636690045148e+07 -7.136209588271536827e+08
1.532000000000000202e-02 -2.330919056729145348e+07 -7.132612313591183424e+08
1.533000000000000161e-02 -2.329438235850594565e+07 -7.128081001702817678e+08
1.534000000000000120e-02 -2.327665635301448032e+07 -7.122656844022428989e+08
1.535000000000000080e-02 -2.325613484019839391e+07 -7.116377261100707054e+08
1.536000000000000212e-02 -2.323292498523521423e+07 -7.109275045481973886e+08
1.537000000000000172e-02 -2.320711639435029775e+07 -7.101377616671190262e+08
1.538000000000000131e-02 -2.317877910306640342e+07 -7.092706405538318157e+08
1.539000000000000090e-02 -2.314796203417945281e+07 -7.083276382458910942e+08
1.540000000000000049e-02 -2.311469196119809896e+07 -7.073095740126616955e+08
1.541000000000000182e-02 -2.307897300116482377e+07 -7.062165738356435299e+08
1.542000000000000141e-02 -2.304078664840375260e+07 -7.050480714411547184e+08
1.543000000000000101e-02 -2.300009234810307249e+07 -7.038028258519538641e+08
1.544000000000000060e-02 -2.295682859603479505e+07 -7.024789550386645794e+08
1.545000000000000193e-02 -2.291091453843459487e+07 -7.010739848760985136e+08
1.546000000000000152e-02 -2.286225203439655155e+07 -6.995849122525343895e+08
1.547000000000000111e-02 -2.281072813235509396e+07 -6.980082808500657082e+08
1.548000000000000070e-02 -2.275621790257913247e+07 -6.963402678189213276e+08
1.549000000000000203e-02 -2.269858755931665376e+07 -6.945767793150894642e+08
1.550000000000000162e-02 -2.263769779949643090e+07 -6.927135526645905972e+08
1.551000000000000122e-02 -2.257340727987067029e+07 -6.907462627640423775e+08
1.552000000000000081e-02 -2.250557615128707513e+07 -6.886706302293843031e+08
1.553000000000000214e-02 -2.243406956748492643e+07 -6.864825287650386095e+08
1.554000000000000173e-02 -2.235876108644479886e+07 -6.841780892452107668e+08
1.555000000000000132e-02 -2.227953588487139344e+07 -6.817537980770645142e+08
1.556000000000000091e-02 -2.219629371079400927e+07 -6.792065875502965450e+08
1.557000000000000051e-02 -2.210895150542220846e+07 -6.765339160659193993e+08
1.558000000000000183e-02 -2.201744563315545768e+07 -6.737338363745568991e+08
1.559000000000000143e-02 -2.192173366782887280e+07 -6.708050502355633974e+08
1.560000000000000102e-02 -2.182179569366929308e+07 -6.677469482262803316e+08
1.561000000000000061e-02 -2.171763509079427645e+07 -6.645596337783048153e+08
1.562000000000000194e-02 -2.160927878714285046e+07 -6.612439308865710497e+08
1.563000000000000153e-02 -2.149677697120130435e+07 -6.578013753187597990e+08
1.564000000000000112e-02 -2.138020227248713747e+07 -6.542341895381062031e+08
1.565000000000000072e-02 -2.125964842918576673e+07 -6.505452419330842495e+08
1.566000000000000031e-02 -2.113522847430591285e+07 -6.467379913137607574e+08
1.566999999999999990e-02 -2.100707248295306414e+07 -6.428164179783636332e+08
1.568000000000000296e-02 -2.087532493355180323e+07 -6.387849429666850567e+08
1.569000000000000256e-02 -2.074014174484155700e+07 -6.346483373921514750e+08
1.570000000000000215e-02 -2.060168705801141262e+07 -6.304116239751490355e+08
1.571000000000000174e-02 -2.046012983926015720e+07 -6.260799730813606977e+08
1.572000000000000133e-02 -2.031564038222149760e+07 -6.216585956959778070e+08
1.573000000000000093e-02 -2.016838679199283198e+07 -6.171526358349804878e+08
1.574000000000000052e-02 -2.001853153288971633e+07 -6.125670649064252377e+08
1.575000000000000011e-02 -1.986622812051556259e+07 -6.079065804877761602e+08
1.575999999999999970e-02 -1.971161803531650081e+07 -6.031755118806847334e+08
1.577000000000000277e-02 -1.955482792957284674e+07 -5.983777346449289322e+08
1.578000000000000236e-02 -1.939596719287890196e+07 -5.935165961020942926e+08
1.579000000000000195e-02 -1.923512593274546042e+07 -5.885948535420110226e+08
1.580000000000000154e-02 -1.907237341722367331e+07 -5.836146265670442581e+08
1.581000000000000114e-02 -1.890775701562021673e+07 -5.785773646779785156e+08
1.582000000000000073e-02 -1.874130166170679033e+07 -5.734838308482276201e+08
1.583000000000000032e-02 -1.857300985159661248e+07 -5.683341014588562250e+08
1.583999999999999991e-02 -1.840286217594997957e+07 -5.631275825840692520e+08
1.585000000000000298e-02 -1.823081837367548048e+07 -5.578630422344696522e+08
1.586000000000000257e-02 -1.805681888210438937e+07 -5.525386577923941612e+08
1.587000000000000216e-02 -1.788078684701503441e+07 -5.471520775186599493e+08
1.588000000000000175e-02 -1.770263054515131935e+07 -5.417004946816302538e+08
1.589000000000000135e-02 -1.752224616225209832e+07 -5.361807325649141669e+08
1.590000000000000094e-02 -1.733952086132429168e+07 -5.305893383565232754e+08
1.591000000000000053e-02 -1.715433606913580745e+07 -5.249226837155556083e+08
1.592000000000000012e-02 -1.696657090383708477e+07 -5.191770696574147344e+08
1.592999999999999972e-02 -1.677610566335657984e+07 -5.133488332987112403e+08
1.594000000000000278e-02 -1.658282529283633269e+07 -5.074344539607916474e+08
1.595000000000000237e-02 -1.638662274990343302e+07 -5.014306561470449567e+08
1.596000000000000196e-02 -1.618740218900417536e+07 -4.953345069835276604e+08
1.597000000000000156e-02 -1.598508189030128717e+07 -4.891435058432192802e+08
1.598000000000000115e-02 -1.577959686464646459e+07 -4.828556640581817627e+08
1.599000000000000074e-02 -1.557090107375290617e+07 -4.764695728568388820e+08
1.600000000000000033e-02 -1.535896921372720413e+07 -4.699844579400523901e+08
1.600999999999999993e-02 -1.514379802036005445e+07 -4.634002194230175614e+08
1.602000000000000299e-02 -1.492540706578636914e+07 -4.567174562130628228e+08
1.603000000000000258e-02 -1.470383902804172784e+07 -4.499374742580767870e+08
1.604000000000000217e-02 -1.447915942738382146e+07 -4.430622784779448509e+08
1.605000000000000177e-02 -1.425145583572899923e+07 -4.360945485733073354e+08
1.606000000000000136e-02 -1.402083657788012363e+07 -4.290375992831317186e+08
1.607000000000000095e-02 -1.378742895510417782e+07 -4.218953260261877775e+08
1.608000000000000054e-02 -1.355137703278190084e+07 -4.146721372031260729e+08
1.609000000000000014e-02 -1.331283904403223842e+07 -4.073728747473864555e+08
1.609999999999999973e-02 -1.307198447017624229e+07 -4.000027247873929143e+08
1.611000000000000279e-02 -1.282899086643862538e+07 -3.925671205130218863e+08
1.612000000000000238e-02 -1.258404050721306726e+07 -3.850716395207197666e+08
1.613000000000000198e-02 -1.233731692940466665e+07 -3.775218980397827625e+08
1.614000000000000157e-02 -1.208900145471007377e+07 -3.699234445141282082e+08
1.615000000000000116e-02 -1.183926977214766107e+07 -3.622816550277183652e+08
1.616000000000000075e-02 -1.158828866070051864e+07 -3.546016330174357891e+08
1.617000000000000035e-02 -1.133621292861584201e+07 -3.468881156156446934e+08
1.617999999999999994e-02 -1.108318264079278521e+07 -3.391453888082591891e+08
1.619000000000000300e-02 -1.082932069891367480e+07 -3.313772133867583871e+08
1.620000000000000259e-02 -1.057473083068068326e+07 -3.235867634188288450e+08
1.621000000000000218e-02 -1.031949603491362371e+07 -3.157765786683568358e+08
1.622000000000000178e-02 -1.006367751856948435e+07 -3.079485320682261586e+08
1.623000000000000137e-02 -9.807314150205437094e+06 -3.001038129962862730e+08
1.624000000000000096e-02 -9.550422442301113158e+06 -2.922429267344139814e+08
1.625000000000000056e-02 -9.292997062466461211e+06 -2.843657101114736795e+08
1.626000000000000015e-02 -9.035011861171839759e+06 -2.764713629518582225e+08
1.626999999999999974e-02 -8.776421391546532512e+06 -2.685584945813238621e+08
1.628000000000000280e-02 -8.517162885276423767e+06 -2.606251842894585431e+08
1.629000000000000239e-02 -8.257158637965371832e+06 -2.526690543217403293e+08
1.630000000000000199e-02 -7.996318747750701383e+06 -2.446873536811714172e+08
1.631000000000000158e-02 -7.734544142717969604e+06 -2.366770507671698332e+08
1.632000000000000117e-02 -7.471729825917256065e+06 -2.286349326730680168e+08
1.633000000000000076e-02 -7.207768261719034053e+06 -2.205577088086023927e+08
1.634000000000000036e-02 -6.942552823967468925e+06 -2.124421164134044945e+08
1.634999999999999995e-02 -6.675981224974516779e+06 -2.042850254842201769e+08
1.636000000000000301e-02 -6.407958844880721532e+06 -1.960835406533500254e+08
1.637000000000000260e-02 -6.138401883274685591e+06 -1.878350976282053590e+08
1.638000000000000220e-02 -5.867240259160204791e+06 -1.795375519303022325e+08
1.639000000000000179e-02 -5.594420191285680048e+06 -1.711892578533417881e+08
1.640000000000000138e-02 -5.319906398365729488e+06 -1.627891357899912894e+08
1.641000000000000097e-02 -5.043683867655837908e+06 -1.543367263502686024e+08
1.642000000000000057e-02 -4.765759150475314818e+06 -1.458322300045446157e+08
1.643000000000000016e-02 -4.486161154372860678e+06 -1.372765313238095045e+08
1.643999999999999975e-02 -4.204941413438500836e+06 -1.286712072512181103e+08
1.645000000000000281e-02 -3.922173830498664174e+06 -1.200185192132591009e+08
1.646000000000000241e-02 -3.637953897311697714e+06 -1.113213892577379197e+08
1.647000000000000200e-02 -3.352397411109386943e+06 -1.025833607799472213e+08
1.648000000000000159e-02 -3.065638717630277853e+06 -9.380854475948648155e+07
1.649000000000000118e-02 -2.777828521872005425e+06 -8.500155276928335428e+07
1.650000000000000078e-02 -2.489131317910977639e+06 -7.616741832807590067e+07
1.651000000000000037e-02 -2.199722498043942265e+06 -6.731150844014461339e+07
1.651999999999999996e-02 -1.909785209002605174e+06 -5.843942739547970891e+07
1.653000000000000302e-02 -1.619507028896382777e+06 -4.955691508422930539e+07
1.654000000000000262e-02 -1.329076542716164608e+06 -4.066974220711462945e+07
1.655000000000000221e-02 -1.038679896579713561e+06 -3.178360483533922955e+07
1.656000000000000180e-02 -7.484974113764180802e+05 -2.290402078811838850e+07
1.657000000000000139e-02 -4.587003350440450595e+05 -1.403623025234777667e+07
1.658000000000000099e-02 -1.694478094378279638e+05 -5.185102968797534704e+06
1.659000000000000058e-02 1.191158773041828681e+05 3.644945845507994760e+06
1.660000000000000017e-02 4.068636887112075929e+05 1.245002887456294894e+07
1.660999999999999976e-02 6.936878322745456826e+05 2.122684766760109365e+07
1.662000000000000283e-02 9.795012996460957220e+05 2.997273976917052642e+07
1.663000000000000242e-02 1.264238918909848901e+06 3.868571091864136606e+07
1.664000000000000201e-02 1.547857894550957484e+06 4.736445157325929403e+07
1.665000000000000160e-02 1.830337822761333082e+06 5.600833737649678439e+07
1.666000000000000120e-02 2.111680182029821444e+06 6.461741357011252642e+07
1.667000000000000079e-02 2.391907311266079079e+06 7.319236372474201024e+07
1.668000000000000038e-02 2.671060899722721428e+06 8.173446353151525557e+07
1.668999999999999997e-02 2.949200024418582674e+06 9.024552074720861018e+07
1.670000000000000304e-02 3.226398781370182522e+06 9.872780270992757380e+07
1.671000000000000263e-02 3.502743566449269187e+06 1.071839531333476156e+08
1.672000000000000222e-02 3.778330069888760336e+06 1.156169001385960430e+08
1.673000000000000181e-02 4.053260055155003443e+06 1.240297576877430826e+08
1.674000000000000141e-02 4.327637997948276810e+06 1.324257227372172475e+08
1.675000000000000100e-02 4.601567664350923151e+06 1.408079705291382372e+08
1.676000000000000059e-02 4.875148708554203622e+06 1.491795504817585945e+08
1.677000000000000018e-02 5.148473370115497150e+06 1.575432851255342066e+08
1.677999999999999978e-02 5.421623348345529288e+06 1.659016744593731761e+08
1.679000000000000284e-02 5.694666927253739908e+06 1.742568079739644229e+08
1.680000000000000243e-02 5.967656418586337008e+06 1.826102864087418616e+08
1.681000000000000202e-02 6.240625983019587584e+06 1.909631550803993642e+08
1.682000000000000162e-02 6.513589880683381110e+06 1.993158503489114344e+08
1.683000000000000121e-02 6.786541192114810459e+06 2.076681604787131548e+08
1.684000000000000080e-02 7.059451039695600979e+06 2.160192018146853745e+08
1.685000000000000039e-02 7.332268327882783487e+06 2.243674108332131207e+08
1.685999999999999999e-02 7.604920008368262090e+06 2.327105522560687661e+08
1.687000000000000305e-02 7.877311863989609294e+06 2.410457430380820036e+08
1.688000000000000264e-02 8.149329793043049984e+06 2.493694916671172678e+08
1.689000000000000223e-02 8.420841563917770982e+06 2.576777518558837175e+08
1.690000000000000183e-02 8.691698998937554657e+06 2.659659893674891293e+08
1.691000000000000142e-02 8.961740536235803738e+06 2.742292604088155627e+08
1.692000000000000101e-02 9.230794109626287594e+06 2.824622997545643449e+08
1.693000000000000060e-02 9.498680278981596231e+06 2.906596165368368030e+08
1.694000000000000020e-02 9.765215537760017440e+06 2.988155954554564953e+08
1.694999999999999979e-02 1.003021572017661296e+07 3.069246010374042988e+08
1.696000000000000285e-02 1.029349942818382010e+07 3.149810825024248362e+08
1.697000000000000244e-02 1.055489139797044359e+07 3.229796767778955102e+08
1.698000000000000204e-02 1.081422572711566836e+07 3.309153072497393489e+08
1.699000000000000163e-02 1.107134888681011647e+07 3.387832759363895059e+08
1.700000000000000122e-02 1.132612244860505126e+07 3.465793469273145199e+08
1.701000000000000081e-02 1.157842546185477637e+07 3.542998191327561140e+08
1.702000000000000041e-02 1.182815642621629499e+07 3.619415866422185302e+08
1.703000000000000000e-02 1.207523481307485141e+07 3.695021852800903916e+08
1.704000000000000306e-02 1.231960210034953058e+07 3.769798242706955671e+08
1.705000000000000265e-02 1.256122229655098729e+07 3.843734022744601369e+08
1.706000000000000225e-02 1.280008194195016660e+07 3.916825074236750603e+08
1.707000000000000184e-02 1.303618958698012866e+07 3.989074013615918159e+08
1.708000000000000143e-02 1.326957476026264578e+07 4.060489876640368700e+08
1.709000000000000102e-02 1.350028645062187500e+07 4.131087653890293241e+08
1.710000000000000062e-02 1.372839113884991594e+07 4.200887688488073349e+08
1.711000000000000021e-02 1.395397042555090599e+07 4.269914950218576789e+08
1.711999999999999980e-02 1.417711831086696684e+07 4.338198203125290871e+08
1.713000000000000286e-02 1.439793819005317241e+07 4.405769086156269908e+08
1.714000000000000246e-02 1.461653963553627953e+07 4.472661128474100828e+08
1.715000000000000205e-02 1.483303504110025987e+07 4.538908722576678395e+08
1.716000000000000164e-02 1.504753620707430877e+07 4.604546079364737272e+08
1.717000000000000123e-02 1.526015094678440131e+07 4.669606189716026187e+08
1.718000000000000083e-02 1.547097979403087497e+07 4.734119816973446608e+08
1.719000000000000042e-02 1.568011288898247480e+07 4.798114544028636217e+08
1.720000000000000001e-02 1.588762711569441296e+07 4.861613897402489781e+08
1.721000000000000307e-02 1.609358355855359696e+07 4.924636568917399645e+08
1.722000000000000267e-02 1.629802533747257106e+07 4.987195753266605735e+08
1.723000000000000226e-02 1.650097587276914902e+07 5.049298617067358494e+08
1.724000000000000185e-02 1.670243762058692612e+07 5.110945911899598241e+08
1.725000000000000144e-02 1.690239130867257342e+07 5.172131740453806520e+08
1.726000000000000104e-02 1.710079569058676064e+07 5.232843481319547892e+08
1.727000000000000063e-02 1.729758782426045835e+07 5.293061874223698974e+08
1.728000000000000022e-02 1.749268386850477755e+07 5.352761263762460947e+08
1.728999999999999981e-02 1.768598037892750651e+07 5.411909995951815844e+08
1.730000000000000288e-02 1.787735607298851013e+07 5.470470958334482908e+08
1.731000000000000247e-02 1.806667402291518077e+07 5.528402251012043953e+08
1.732000000000000206e-02 1.825378422515369207e+07 5.585657972897028923e+08
1.733000000000000165e-02 1.843852648619046807e+07 5.642189104774281979e+08
1.734000000000000125e-02 1.862073355714792386e+07 5.697944468487263918e+08
1.735000000000000084e-02 1.880023444371150061e+07 5.752871739775718451e+08
1.736000000000000043e-02 1.897685781382072344e+07 5.806918491029140949e+08
1.737000000000000002e-02 1.915043542325296253e+07 5.860033239515404701e+08
1.738000000000000309e-02 1.932080547879469022e+07 5.912166476511174440e+08
1.739000000000000268e-02 1.948781586014829949e+07 5.963271653205378056e+08
1.740000000000000227e-02 1.965132712502351403e+07 6.013306100257195234e+08
1.741000000000000186e-02 1.981121522693565115e+07 6.062231859442307949e+08
1.742000000000000146e-02 1.996737388196146488e+07 6.110016407880207300e+08
1.743000000000000105e-02 2.011971652892803401e+07 6.156633257851977348e+08
1.744000000000000064e-02 2.026817783703599870e+07 6.202062418133014441e+08
1.745000000000000023e-02 2.041271472552859038e+07 6.246290706011747122e+08
1.745999999999999983e-02 2.055330687145673484e+07 6.289311902665760517e+08
1.747000000000000289e-02 2.068995669359437004e+07 6.331126748239876032e+08
1.748000000000000248e-02 2.082268881284376606e+07 6.371742776730190516e+08
1.749000000000000207e-02 2.095154900175217539e+07 6.411173994536163807e+08
1.750000000000000167e-02 2.107660264774485305e+07 6.449440410209923983e+08
1.751000000000000126e-02 2.119793276609398797e+07 6.486567426424759626e+08
1.752000000000000085e-02 2.131563760921032727e+07 6.522585108418358564e+08
1.753000000000000044e-02 2.142982792832345515e+07 6.557527346066975594e+08
1.754000000000000004e-02 2.154062395178236067e+07 6.591430929245401621e+08
1.755000000000000310e-02 2.164815215086836368e+07 6.624334558165717125e+08
1.756000000000000269e-02 2.175254186901307479e+07 6.656277811917999983e+08
1.757000000000000228e-02 2.185392189353425428e+07 6.687300099421480894e+08
1.758000000000000188e-02 2.195241705036904663e+07 6.717439617412927151e+08
1.759000000000000147e-02 2.204814490176393837e+07 6.746732339939763546e+08
1.760000000000000106e-02 2.214121262448418885e+07 6.775211063092161417e+08
1.761000000000000065e-02 2.223171414189041033e+07 6.802904527418464422e+08
1.762000000000000025e-02 2.231972757729364559e+07 6.829836638651854992e+08
1.762999999999999984e-02 2.240531308848104626e+07 6.856025805075198412e+08
1.764000000000000290e-02 2.248851113437950611e+07 6.881484407120127678e+08
1.765000000000000249e-02 2.256934121470184624e+07 6.906218411698763371e+08
1.766000000000000208e-02 2.264780111233706027e+07 6.930227140375139713e+08
1.767000000000000168e-02 2.272386665646185726e+07 6.953503196877326965e+08
1.768000000000000127e-02 2.279749201214271039e+07 6.976032555715668201e+08
1.769000000000000086e-02 2.286861048984915018e+07 6.997794809893838167e+08
1.770000000000000046e-02 2.293713585610339791e+07 7.018763571967637539e+08
1.771000000000000005e-02 2.300296411473053321e+07 7.038907019107542038e+08
1.772000000000000311e-02 2.306597571712647751e+07 7.058188569440701008e+08
1.773000000000000270e-02 2.312603814988446236e+07 7.076567673864644766e+08
1.774000000000000229e-02 2.318300883925405890e+07 7.094000704811741114e+08
1.775000000000000189e-02 2.323673830445361510e+07 7.110441921162805557e+08
1.776000000000000148e-02 2.328707348599848524e+07 7.125844486715534925e+08
1.777000000000000107e-02 2.333386117107552662e+07 7.140161518349109888e+08
1.778000000000000067e-02 2.337695143569026887e+07 7.153347139321221113e+08
1.779000000000000026e-02 2.341620102288981527e+07 7.165357513004281521e+08
1.779999999999999985e-02 2.345147657783279940e+07 7.176151832816834450e+08
1.781000000000000291e-02 2.348265766380375251e+07 7.185693245123946667e+08
1.782000000000000250e-02 2.350963948837556317e+07 7.193949683442921638e+08
1.783000000000000210e-02 2.353233527569148690e+07 7.200894594361593723e+08
1.784000000000000169e-02 2.355067822910867631e+07 7.206507538107253313e+08
1.785000000000000128e-02 2.356462303802613169e+07 7.210774649635994434e+08
1.786000000000000087e-02 2.357414689338620752e+07 7.213688949376178980e+08
1.787000000000000047e-02 2.357924998784115538e+07 7.215250496279392242e+08
1.788000000000000006e-02 2.357995548864565417e+07 7.215466379525568485e+08
1.789000000000000312e-02 2.357630898368974403e+07 7.214350549009060860e+08
1.790000000000000271e-02 2.356837741343490407e+07 7.211923488511079550e+08
1.791000000000000231e-02 2.355624751356986910e+07 7.208211739152377844e+08
1.792000000000000190e-02 2.354002380467961356e+07 7.203247284231959581e+08
1.793000000000000149e-02 2.351982617585130781e+07 7.197066809810498953e+08
1.794000000000000108e-02 2.349578711867630109e+07 7.189710858314946890e+08
1.795000000000000068e-02 2.346804867632265389e+07 7.181222894954731464e+08
1.796000000000000027e-02 2.343675917905611917e+07 7.171648308791171312e+08
1.796999999999999986e-02 2.340206984262089804e+07 7.161033371841993332e+08
1.798000000000000292e-02 2.336413130913644657e+07 7.149424180595750809e+08
1.799000000000000252e-02 2.332309021154633909e+07 7.136865604733178616e+08
1.800000000000000211e-02 2.327908584213681147e+07 7.123400267693862915e+08
1.801000000000000170e-02 2.323224700323789939e+07 7.109067582990795374e+08
1.802000000000000129e-02 2.318268911398327351e+07 7.093902868878880739e+08
1.803000000000000089e-02 2.313051164103690535e+07 7.077936562157291174e+08
1.804000000000000048e-02 2.307579591363187134e+07 7.061193549571350813e+08
1.805000000000000007e-02 2.301860337428842485e+07 7.043692632532256842e+08
1.806000000000000313e-02 2.295897430639136210e+07 7.025446137755756378e+08
1.807000000000000273e-02 2.289692706865279377e+07 7.006459683007752895e+08
1.808000000000000232e-02 2.283245785462211818e+07 6.986732103514367342e+08
1.809000000000000191e-02 2.276554098311232775e+07 6.966255540832370520e+08
1.810000000000000150e-02 2.269612971297433972e+07 6.945015692170146704e+08
1.811000000000000110e-02 2.262415756336411461e+07 6.922992214389417171e+08
1.812000000000000069e-02 2.254954010879429802e+07 6.900159273291053772e+08
1.813000000000000028e-02 2.247217720712578297e+07 6.876486225380488634e+08
1.813999999999999987e-02 2.239195560849098116e+07 6.851938416198239326e+08
1.815000000000000294e-02 2.230875188419198617e+07 6.826478076562746763e+08
1.816000000000000253e-02 2.222243560709138587e+07 6.800065295769963264e+08
1.817000000000000212e-02 2.213287270908810943e+07 6.772659048980960846e+08
1.818000000000000171e-02 2.203992893708561361e+07 6.744218254748195410e+08
1.819000000000000131e-02 2.194347332651301473e+07 6.714702837912981510e+08
1.820000000000000090e-02 2.184338161100700870e+07 6.684074772968143225e+08
1.821000000000000049e-02 2.173953948831559718e+07 6.652299083424570560e+08
1.822000000000000008e-02 2.163184566581033915e+07 6.619344773737962246e+08
1.823000000000000315e-02 2.152021461411445960e+07 6.585185671919023991e+08
1.824000000000000274e-02 2.140457896415189281e+07 6.549801163030477762e+08
1.825000000000000233e-02 2.128489149123585969e+07 6.513176796318171024e+08
1.826000000000000192e-02 2.116112663945684209e+07 6.475304751673792601e+08
1.827000000000000152e-02 2.103328155036495999e+07 6.436184154411677122e+08
1.828000000000000111e-02 2.090137657152881101e+07 6.395821230887814760e+08
1.829000000000000070e-02 2.076545523271489516e+07 6.354229301210757494e+08
1.830000000000000029e-02 2.062558368988730386e+07 6.311428609105514288e+08
1.830999999999999989e-02 2.048184964968310669e+07 6.267445992803030014e+08
1.832000000000000295e-02 2.033436079918633401e+07 6.222314404551017284e+08
1.833000000000000254e-02 2.018324277741348743e+07 6.176072289888526201e+08
1.834000000000000213e-02 2.002863673566760495e+07 6.128762841114284992e+08
1.835000000000000173e-02 1.987069654356497899e+07 6.080433142330882549e+08
1.836000000000000132e-02 1.970958570585844293e+07 6.031133225992683172e+08
1.837000000000000091e-02 1.954547406198188290e+07 5.980915062966455221e+08
1.838000000000000050e-02 1.937853434536315501e+07 5.929831509681124687e+08
1.839000000000000010e-02 1.920893868287126720e+07 5.877935236958606243e+08
1.840000000000000316e-02 1.903685511620625854e+07 5.825277665559114218e+08
1.841000000000000275e-02 1.886244422656812891e+07 5.771907933329846859e+08
1.842000000000000234e-02 1.868585594156476855e+07 5.717871918118817806e+08
1.843000000000000194e-02 1.850722659909570217e+07 5.663211339323283434e+08
1.844000000000000153e-02 1.832667633697348088e+07 5.607962959113883972e+08
1.845000000000000112e-02 1.814430686945715174e+07 5.552157902053887844e+08
1.846000000000000071e-02 1.796019970285190642e+07 5.495821109072682858e+08
1.847000000000000031e-02 1.777441483208217472e+07 5.438970938617143631e+08
1.847999999999999990e-02 1.758698994891465083e+07 5.381618924367882013e+08
1.849000000000000296e-02 1.739794018055278435e+07 5.323769695249150991e+08
1.850000000000000255e-02 1.720725836492680013e+07 5.265421059667600393e+08
1.851000000000000215e-02 1.701491585644900426e+07 5.206564252073394656e+08
1.852000000000000174e-02 1.682086384359490871e+07 5.147184336140040755e+08
1.853000000000000133e-02 1.662503514768429287e+07 5.087260755191392899e+08
1.854000000000000092e-02 1.642734646096633561e+07 5.026768017055697441e+08
1.855000000000000052e-02 1.622770097181417048e+07 4.965676497375135422e+08
1.856000000000000011e-02 1.602599131575129926e+07 4.903953342619896531e+08
1.857000000000000317e-02 1.582210278338016942e+07 4.841563451714330912e+08
1.858000000000000276e-02 1.561591671023627184e+07 4.778470513332298398e+08
1.859000000000000236e-02 1.540731396929611824e+07 4.714638074604611397e+08
1.860000000000000195e-02 1.519617848442530818e+07 4.650030616234143376e+08
1.861000000000000154e-02 1.498240068251777068e+07 4.584614608850436807e+08
1.862000000000000113e-02 1.476588080346578360e+07 4.518359525860528946e+08
1.863000000000000073e-02 1.454653199038294517e+07 4.451238789057180285e+08
1.864000000000000032e-02 1.432428308759564161e+07 4.383230624804265499e+08
1.864999999999999991e-02 1.409908108071307838e+07 4.314318810698201060e+08
1.866000000000000297e-02 1.387089312141735852e+07 4.244493295153710842e+08
1.867000000000000257e-02 1.363970808929339983e+07 4.173750675323779583e+08
1.868000000000000216e-02 1.340553765381198376e+07 4.102094522066466212e+08
1.869000000000000175e-02 1.316841681124806032e+07 4.029535544241905808e+08
1.870000000000000134e-02 1.292840388357106410e+07 3.956091588372744918e+08
1.871000000000000094e-02 1.268557997891468368e+07 3.881787473547891974e+08
1.872000000000000053e-02 1.244004792581635527e+07 3.806654665299804211e+08
1.873000000000000012e-02 1.219193070572115295e+07 3.730730795950672030e+08
1.874000000000000318e-02 1.194136941998277418e+07 3.654059042514728308e+08
1.875000000000000278e-02 1.168852083849199489e+07 3.576687376578549743e+08
1.876000000000000237e-02 1.143355458686057292e+07 3.498667703579334617e+08
1.877000000000000196e-02 1.117665003756835312e+07 3.420054911495915651e+08
1.878000000000000155e-02 1.091799297742656991e+07 3.340905851092529893e+08
1.879000000000000115e-02 1.065777212897625752e+07 3.261278271466734409e+08
1.880000000000000074e-02 1.039617560689111613e+07 3.181229735708680749e+08
1.881000000000000033e-02 1.013338739201354049e+07 3.100816541956142783e+08
1.881999999999999992e-02 9.869583905280053616e+06 3.020092675015695691e+08
1.883000000000000299e-02 9.604930761501500383e+06 2.939108813019458652e+08
1.884000000000000258e-02 9.339579778798628598e+06 2.857911412312380075e+08
1.885000000000000217e-02 9.073666313558105379e+06 2.776541891948779821e+08
1.886000000000000176e-02 8.807306983206016943e+06 2.695035936861040592e+08
1.887000000000000136e-02 8.540597830062435940e+06 2.613422935999104977e+08
1.888000000000000095e-02 8.273612969266862608e+06 2.531725568595659435e+08
1.889000000000000054e-02 8.006403752474473789e+06 2.449959548257188499e+08
1.890000000000000013e-02 7.738998466992325149e+06 2.368133530899651051e+08
1.891000000000000320e-02 7.471402577526547015e+06 2.286249188723123074e+08
1.892000000000000279e-02 7.203599505042478442e+06 2.204301448542998135e+08
1.893000000000000238e-02 6.935551924688559026e+06 2.122278888954698741e+08
1.894000000000000197e-02 6.667203552608645521e+06 2.040164287098245323e+08
1.895000000000000157e-02 6.398481380029666238e+06 1.957935302289077342e+08
1.896000000000000116e-02 6.129298302549439482e+06 1.875565280580128133e+08
1.897000000000000075e-02 5.859556083294364624e+06 1.793024161488075256e+08
1.898000000000000034e-02 5.589148580791620538e+06 1.710279465722235441e+08
1.898999999999999994e-02 5.317965166186211631e+06 1.627297340852980614e+08
1.900000000000000300e-02 5.045894249977303669e+06 1.544043640493054688e+08
1.901000000000000259e-02 4.772826835852772929e+06 1.460485011770948172e+08
1.902000000000000218e-02 4.498660018531042151e+06 1.376589965670498610e+08
1.903000000000000178e-02 4.223300343788546510e+06 1.292329905199294984e+08
1.904000000000000137e-02 3.946666952029909939e+06 1.207680087321152240e+08
1.905000000000000096e-02 3.668694431776805781e+06 1.122620496123702228e+08
1.906000000000000055e-02 3.389335316190261859e+06 1.037136606754219979e+08
1.907000000000000015e-02 3.108562164042614866e+06 9.512200221970400214e+07
1.908000000000000321e-02 2.826369176232509781e+06 8.648689679271477461e+07
1.909000000000000280e-02 2.542773309754015412e+06 7.780886327847285569e+07
1.910000000000000239e-02 2.257814862744509708e+06 6.908913479998198152e+07
1.911000000000000199e-02 1.971557516572902910e+06 6.032966000713081658e+07
1.912000000000000158e-02 1.684087833592016483e+06 5.153308770791569352e+07
1.913000000000000117e-02 1.395514221887395252e+06 4.270273518975428492e+07
1.914000000000000076e-02 1.105965390795738436e+06 3.384254095834959298e+07
1.915000000000000036e-02 8.155883328623041743e+05 2.495700298558650166e+07
1.915999999999999995e-02 5.245458789723825175e+05 1.605110389655490033e+07
1.917000000000000301e-02 2.330138833717394737e+05 7.130224831175226718e+06
1.918000000000000260e-02 -5.882189604801196401e+04 -1.799950019069165690e+06
1.919000000000000219e-02 -3.507691496893313015e+05 -1.073353598049353436e+07
1.920000000000000179e-02 -6.426325224503836362e+05 -1.966455518698173389e+07
1.921000000000000138e-02 -9.342171926005248679e+05 -2.858704609357605875e+07
1.922000000000000097e-02 -1.225332440010412596e+06 -3.749517266431861371e+07
1.923000000000000057e-02 -1.515795120634871768e+06 -4.638333069142706692e+07
1.924000000000000016e-02 -1.805432966301917564e+06 -5.524624876883866638e+07
1.925000000000000322e-02 -2.094087632905839710e+06 -6.407908156691868603e+07
1.926000000000000281e-02 -2.381617425944370683e+06 -7.287749323389773071e+07
1.927000000000000240e-02 -2.667899639839801006e+06 -8.163772897909788787e+07
1.928000000000000200e-02 -2.952832456470624544e+06 -9.035667316800108552e+07
1.929000000000000159e-02 -3.236336358604453038e+06 -9.903189257329624891e+07
1.930000000000000118e-02 -3.518355025222253986e+06 -1.076616637718009502e+08
1.931000000000000077e-02 -3.798855687798082363e+06 -1.162449840466212928e+08
1.932000000000000037e-02 -4.077828939166756812e+06 -1.247815655385027379e+08
1.932999999999999996e-02 -4.355287999375041574e+06 -1.332718127808762491e+08
1.934000000000000302e-02 -4.631267455582209863e+06 -1.417167841408155859e+08
1.935000000000000261e-02 -4.905821505347056314e+06 -1.501181380636199117e+08
1.936000000000000221e-02 -5.179021744232779369e+06 -1.584780653735229969e+08
1.937000000000000180e-02 -5.450954549301448278e+06 -1.667992092086243033e+08
1.938000000000000139e-02 -5.721718119511350989e+06 -1.750845744570473135e+08
1.939000000000000098e-02 -5.991419242052783258e+06 -1.833374288068151176e+08
1.940000000000000058e-02 -6.260169860069956630e+06 -1.915611977181406319e+08
1.941000000000000017e-02 -6.528083521872159094e+06 -1.997593557692880332e+08
1.942000000000000323e-02 -6.795271794525536709e+06 -2.079353169124813974e+08
1.943000000000000282e-02 -7.061840725570907816e+06 -2.160923262024697363e+08
1.944000000000000242e-02 -7.327887435518641956e+06 -2.242333555268703997e+08
1.945000000000000201e-02 -7.593496920740257949e+06 -2.323610057746518552e+08
1.946000000000000160e-02 -7.858739141498076729e+06 -2.404774177298410833e+08
1.947000000000000119e-02 -8.123666463222849183e+06 -2.485841937746191323e+08
1.948000000000000079e-02 -8.388311510931774974e+06 -2.566823322345122695e+08
1.949000000000000038e-02 -8.652685487061895430e+06 -2.647721759040939212e+08
1.949999999999999997e-02 -8.916776992200726643e+06 -2.728533759613421559e+08
1.951000000000000303e-02 -9.180551376482060179e+06 -2.809248721203509569e+08
1.952000000000000263e-02 -9.443950637045022100e+06 -2.889848894935775995e+08
1.953000000000000222e-02 -9.706893864230617881e+06 -2.970309522454568148e+08
1.954000000000000181e-02 -9.969278226391701028e+06 -3.050599137275860310e+08
1.955000000000000140e-02 -1.023098047063511796e+07 -3.130680024014345407e+08
1.956000000000000100e-02 -1.049185890477779508e+07 -3.210508824862004519e+08
1.957000000000000059e-02 -1.075175581457295828e+07 -3.290037279259324670e+08
1.958000000000000018e-02 -1.101050026010117680e+07 -3.369213079590959549e+08
1.959000000000000324e-02 -1.126791118637069874e+07 -3.447980823029433489e+08
1.960000000000000284e-02 -1.152380077582955919e+07 -3.526283037403844595e+08
1.961000000000000243e-02 -1.177797796483813785e+07 -3.604061257240469456e+08
1.962000000000000202e-02 -1.203025204230845533e+07 -3.681257124946386814e+08
1.963000000000000161e-02 -1.228043624678737111e+07 -3.757813491516934633e+08
1.964000000000000121e-02 -1.252835127827578038e+07 -3.833675491152387857e+08
1.965000000000000080e-02 -1.277382864304886758e+07 -3.908791564772952795e+08
1.966000000000000039e-02 -1.301671375361756980e+07 -3.983114408606975675e+08
1.966999999999999998e-02 -1.325686871166418120e+07 -4.056601825769239068e+08
1.968000000000000305e-02 -1.349417470916056819e+07 -4.129217461003133059e+08
1.969000000000000264e-02 -1.372853399176448211e+07 -4.200931401479930282e+08
1.970000000000000223e-02 -1.395987133878427930e+07 -4.271720629667988420e+08
1.971000000000000182e-02 -1.418813502525718696e+07 -4.341569317728698254e+08
1.972000000000000142e-02 -1.441329724375554733e+07 -4.410468956589196920e+08
1.973000000000000101e-02 -1.463535397612039559e+07 -4.478418316692840457e+08
1.974000000000000060e-02 -1.485432431814129278e+07 -4.545423241351234317e+08
1.975000000000000019e-02 -1.507024927295001782e+07 -4.611496277522704601e+08
1.976000000000000326e-02 -1.528319004128102027e+07 -4.676656152631990910e+08
1.977000000000000285e-02 -1.549322584847752564e+07 -4.740927109634121656e+08
1.978000000000000244e-02 -1.570045135892650858e+07 -4.804338115831510425e+08
1.979000000000000203e-02 -1.590497373822250962e+07 -4.866921963896087408e+08
1.980000000000000163e-02 -1.610690943157856725e+07 -4.928714286063040495e+08
1.981000000000000122e-02 -1.630638073362033814e+07 -4.989752504487822652e+08
1.982000000000000081e-02 -1.650351222956944257e+07 -5.050074742248248458e+08
1.983000000000000040e-02 -1.669842719082404487e+07 -5.109718720392156839e+08
1.984000000000000000e-02 -1.689124400901604816e+07 -5.168720666758910418e+08
1.985000000000000306e-02 -1.708207275173255056e+07 -5.227114262030159831e+08
1.986000000000000265e-02 -1.727101192025954649e+07 -5.284929647599420547e+08
1.987000000000000224e-02 -1.745814548500370234e+07 -5.342192518411131501e+08
1.988000000000000184e-02 -1.764354026778017730e+07 -5.398923321940733194e+08
1.989000000000000143e-02 -1.782724373207465559e+07 -5.455136582014843225e+08
1.990000000000000102e-02 -1.800928223288336769e+07 -5.510840363262310028e+08
1.991000000000000061e-02 -1.818965976702621207e+07 -5.566035888710019588e+08
1.992000000000000021e-02 -1.836835725316598266e+07 -5.620717319468789101e+08
1.993000000000000327e-02 -1.854533235842329636e+07 -5.674871701677527428e+08
1.994000000000000286e-02 -1.872051987573767453e+07 -5.728479081975727081e+08
1.995000000000000245e-02 -1.889383264329237491e+07 -5.781512788847465515e+08
1.996000000000000205e-02 -1.906516298468362913e+07 -5.833939873313188553e+08
1.997000000000000164e-02 -1.923438463638195768e+07 -5.885721698732877970e+08
1.998000000000000123e-02 -1.940135511767398939e+07 -5.936814666008238792e+08
1.999000000000000082e-02 -1.956591848796106130e+07 -5.987171057316083908e+08
2.000000000000000042e-02 -1.972790842726254091e+07 -6.036739978742336035e+08
