# t[s]  w_center_TSDT[m]  w_center_RM_navier[m]  (Nayak Ex.5, step pulse, q0 F(t) sinsin)
0.000000000000000000e+00 0.000000000000000000e+00 0.000000000000000000e+00
1.000000000000000082e-05 8.469914873130657772e-05 8.472023501988704423e-05
2.000000000000000164e-05 3.387811381745877326e-04 3.388674249917067232e-04
3.000000000000000415e-05 7.621996694680147413e-04 7.624010963555174309e-04
4.000000000000000327e-05 1.354877814182769589e-03 1.355254030493315736e-03
5.000000000000000240e-05 2.116708363181060443e-03 2.117332613813058956e-03
6.000000000000000830e-05 3.047554303844410631e-03 3.048517316229832404e-03
7.000000000000000742e-05 4.147249414817798588e-03 4.148663286748290394e-03
8.000000000000000654e-05 5.415598964747868165e-03 5.417601052091902160e-03
9.000000000000000567e-05 6.852380499150038072e-03 6.855137301907478047e-03
1.000000000000000048e-04 8.457344697567377445e-03 8.461055742053915155e-03
1.100000000000000039e-04 1.023021628161912590e-02 1.023511799590792054e-02
1.200000000000000166e-04 1.217069495343913593e-02 1.217706453252494908e-02
1.300000000000000157e-04 1.427845634337631363e-02 1.428661559991697277e-02
1.400000000000000148e-04 1.655315294569514525e-02 1.656347214164132289e-02
1.500000000000000140e-04 1.899441502138516855e-02 1.900731667536606148e-02
1.600000000000000131e-04 2.160185144803696347e-02 2.161781411305689626e-02
1.700000000000000122e-04 2.437505049806822435e-02 2.439461250389400940e-02
1.800000000000000113e-04 2.731358052833837702e-02 2.733734368295918579e-02
1.900000000000000105e-04 3.041699056635185916e-02 3.044562381105975907e-02
2.000000000000000096e-04 3.368481078074649776e-02 3.371905379374356970e-02
2.100000000000000087e-04 3.711655282655572374e-02 3.715721957052805363e-02
2.200000000000000078e-04 4.071171005874291149e-02 4.075969226855873095e-02
2.300000000000000070e-04 4.446975761067063077e-02 4.452602821823332252e-02
2.400000000000000332e-04 4.839015233740610183e-02 4.845576883171814203e-02
2.500000000000000052e-04 5.247233262700950335e-02 5.254844034864313007e-02
2.600000000000000314e-04 5.671571808611860360e-02 5.680355345652317312e-02
2.700000000000000035e-04 6.111970910916509486e-02 6.122060279652899450e-02
2.800000000000000297e-04 6.568368634336063661e-02 6.579906636805307740e-02
2.900000000000000017e-04 7.040701006410865492e-02 7.053840484801232602e-02
3.000000000000000279e-04 7.528901947767364933e-02 7.543806084294084335e-02
3.099999999999999999e-04 8.032903196972072946e-02 8.049745809360435433e-02
3.200000000000000262e-04 8.552634231968454792e-02 8.571600065307079241e-02
3.300000000000000524e-04 9.088022190180719551e-02 9.109307205986591494e-02
3.400000000000000244e-04 9.638991789407251598e-02 9.662803452802133652e-02
3.500000000000000507e-04 1.020546525161642321e-01 1.023202281754738152e-01
3.600000000000000227e-04 1.078736223169711878e-01 1.081689703114043638e-01
3.700000000000000489e-04 1.138459975310858047e-01 1.141735548017501767e-01
3.800000000000000209e-04 1.199709215222074660e-01 1.203332515302893424e-01
3.900000000000000471e-04 1.262475103294064260e-01 1.266473059704610049e-01
4.000000000000000192e-04 1.326748523298792726e-01 1.331149388804677980e-01
4.100000000000000454e-04 1.392520080291788365e-01 1.397353461312996203e-01
4.200000000000000174e-04 1.459780099869972814e-01 1.465076986741726262e-01
4.300000000000000436e-04 1.528518628834908688e-01 1.534311426505745035e-01
4.400000000000000157e-04 1.598725437279214234e-01 1.605047996447349634e-01
4.500000000000000419e-04 1.670390022081407466e-01 1.677277670749638405e-01
4.600000000000000139e-04 1.743501611762222903e-01 1.750991187170108931e-01
4.700000000000000401e-04 1.818049172624411625e-01 1.826179053494881854e-01
4.800000000000000664e-04 1.894021416068701336e-01 1.902831555084995852e-01
4.900000000000000926e-04 1.971406806951887247e-01 1.980938763360649557e-01
5.000000000000000104e-04 2.050193572829348276e-01 2.060490545047137800e-01
5.100000000000000366e-04 2.130369713904338991e-01 2.141476571988531197e-01
5.200000000000000629e-04 2.211923013490607604e-01 2.223886331321999199e-01
5.300000000000000891e-04 2.294841048783592130e-01 2.307709135797623989e-01
5.400000000000000069e-04 2.379111201728938974e-01 2.392934134025571646e-01
5.500000000000000331e-04 2.464720669775515571e-01 2.479550320434822097e-01
5.600000000000000594e-04 2.551656476303453824e-01 2.567546544735181402e-01
5.700000000000000856e-04 2.639905480526110737e-01 2.656911520686823236e-01
5.800000000000000034e-04 2.729454386677728772e-01 2.747633833998801012e-01
5.900000000000000296e-04 2.820289752316021414e-01 2.839701949199566755e-01
6.000000000000000559e-04 2.912397995590217947e-01 2.933104215347772659e-01
6.100000000000000821e-04 3.005765401349986821e-01 3.027828870480115953e-01
6.199999999999999999e-04 3.100378125998382028e-01 3.123864044723954070e-01
6.300000000000000261e-04 3.196222201021987064e-01 3.221197762035050149e-01
6.400000000000000524e-04 3.293283535162963571e-01 3.319817940554430913e-01
6.500000000000000786e-04 3.391547915230151977e-01 3.419712391612158009e-01
6.600000000000001048e-04 3.491001005578742156e-01 3.520868817438786991e-01
6.700000000000000226e-04 3.591628346319837850e-01 3.623274807676957199e-01
6.800000000000000488e-04 3.693415350351507143e-01 3.726917834814900132e-01
6.900000000000000751e-04 3.796347299331073177e-01 3.831785248690062207e-01
7.000000000000001013e-04 3.900409338733750175e-01 3.937864270233887298e-01
7.100000000000000191e-04 4.005586472164678891e-01 4.045141984647507294e-01
7.200000000000000453e-04 4.111863555109431800e-01 4.153605334212234212e-01
7.300000000000000716e-04 4.219225288321787892e-01 4.263241110947911250e-01
7.400000000000000978e-04 4.327656211056582491e-01 4.374035949336332330e-01
7.500000000000000156e-04 4.437140694359635318e-01 4.485976319325681860e-01
7.600000000000000418e-04 4.547662934625991693e-01 4.599048519825649217e-01
7.700000000000000681e-04 4.659206947631909790e-01 4.713238672891372216e-01
7.800000000000000943e-04 4.771756563235573512e-01 4.828532718778215105e-01
7.900000000000000121e-04 4.885295420926318299e-01 4.944916412028782515e-01
8.000000000000000383e-04 4.999806966382890905e-01 5.062375318729033236e-01
8.100000000000000646e-04 5.115274449178115468e-01 5.180894815042654811e-01
8.200000000000000908e-04 5.231680921741130863e-01 5.300460087102387696e-01
8.300000000000001170e-04 5.349009239659349157e-01 5.421056132304744590e-01
8.400000000000000348e-04 5.467242063371504646e-01 5.542667762021038502e-01
8.500000000000000611e-04 5.586361861271109674e-01 5.665279605704054422e-01
8.600000000000000873e-04 5.706350914207102276e-01 5.788876116336294508e-01
8.700000000000001135e-04 5.827191321336282481e-01 5.913441577133961014e-01
8.800000000000000313e-04 5.948865007250950798e-01 6.038960109390839603e-01
8.900000000000000576e-04 6.071353730275846905e-01 6.165415681319289520e-01
9.000000000000000838e-04 6.194639091801494857e-01 6.292792117721813794e-01
9.100000000000001100e-04 6.318702546497316774e-01 6.421073110307188303e-01
9.200000000000000278e-04 6.443525413227711995e-01 6.550242228449890680e-01
9.300000000000000541e-04 6.569088886478272604e-01 6.680282930181328238e-01
9.400000000000000803e-04 6.695374048087715524e-01 6.811178573196156050e-01
9.500000000000001065e-04 6.822361879074427815e-01 6.942912425657056241e-01
9.600000000000001327e-04 6.950033271344689956e-01 7.075467676586462140e-01
9.700000000000000505e-04 7.078369039072677227e-01 7.208827445644196974e-01
9.800000000000001852e-04 7.207349929550492806e-01 7.342974792105028126e-01
9.899999999999999946e-04 7.336956633319141607e-01 7.477892722869833309e-01
1.000000000000000021e-03 7.467169793408576783e-01 7.613564199367761631e-01
1.010000000000000047e-03 7.597970013535980671e-01 7.749972143233674338e-01
1.020000000000000073e-03 7.729337865136319818e-01 7.887099440675188200e-01
1.030000000000000100e-03 7.861253893126645131e-01 8.024928945475359177e-01
1.040000000000000126e-03 7.993698620335543126e-01 8.163443480610328429e-01
1.050000000000000152e-03 8.126652550560800048e-01 8.302625838494848143e-01
1.060000000000000178e-03 8.260096170250414982e-01 8.442458779901980126e-01
1.069999999999999988e-03 8.394009948834834089e-01 8.582925031635406654e-01
1.080000000000000014e-03 8.528374337769878410e-01 8.724007283063174301e-01
1.090000000000000040e-03 8.663169768380304392e-01 8.865688181649248323e-01
1.100000000000000066e-03 8.798376648622225904e-01 9.007950327643674537e-01
1.110000000000000092e-03 8.933975358908082809e-01 9.150776268112662537e-01
1.120000000000000119e-03 9.069946247160038943e-01 9.294148490505841353e-01
1.130000000000000145e-03 9.206269623275850078e-01 9.438049415969412825e-01
1.140000000000000171e-03 9.342925753205304495e-01 9.582461392620159613e-01
1.150000000000000197e-03 9.479894852844455988e-01 9.727366688996286204e-01
1.160000000000000007e-03 9.617157081959500919e-01 9.872747487897072238e-01
1.170000000000000033e-03 9.754692538351444897e-01 1.001858588081395718e+00
1.180000000000000059e-03 9.892481252467346664e-01 1.016486386314163992e+00
1.190000000000000085e-03 1.003050318265358287e+00 1.031156333033903749e+00
1.200000000000000112e-03 1.016873821123172261e+00 1.045866607518718405e+00
1.210000000000000138e-03 1.030716614155845035e+00 1.060615378626489580e+00
1.220000000000000164e-03 1.044576669620814080e+00 1.075400804773366303e+00
1.230000000000000190e-03 1.058451951639052480e+00 1.090221034049187132e+00
1.240000000000000000e-03 1.072340416268704688e+00 1.105074204472563659e+00
1.250000000000000026e-03 1.086240011715891018e+00 1.119958444384979268e+00
1.260000000000000052e-03 1.100148678684758075e+00 1.134871872979938301e+00
1.270000000000000078e-03 1.114064350865633601e+00 1.149812600959949194e+00
1.280000000000000105e-03 1.127984955556889046e+00 1.164778731311053361e+00
1.290000000000000131e-03 1.141908414413017825e+00 1.179768360181798315e+00
1.300000000000000157e-03 1.155832644308468105e+00 1.194779577851042829e+00
1.310000000000000183e-03 1.169755558304086396e+00 1.209810469766857466e+00
1.320000000000000210e-03 1.183675066700613288e+00 1.224859117637079775e+00
1.330000000000000019e-03 1.197589078161644283e+00 1.239923600550857596e+00
1.340000000000000045e-03 1.211495500886849319e+00 1.255001996109769369e+00
1.350000000000000071e-03 1.225392243815053739e+00 1.270092381546902738e+00
1.360000000000000098e-03 1.239277217836107337e+00 1.285192834812569851e+00
1.370000000000000124e-03 1.253148336990225653e+00 1.300301435606153522e+00
1.380000000000000150e-03 1.267003519633808750e+00 1.315416266334888284e+00
1.390000000000000176e-03 1.280840689551498990e+00 1.330535412982154497e+00
1.400000000000000203e-03 1.294657776995500553e+00 1.345656965870053678e+00
1.410000000000000012e-03 1.308452719634869643e+00 1.360779020303579889e+00
1.420000000000000038e-03 1.322223463399587962e+00 1.375899677086583894e+00
1.430000000000000064e-03 1.335967963206674103e+00 1.391017042902798373e+00
1.440000000000000091e-03 1.349684183558340633e+00 1.406129230558470278e+00
1.450000000000000117e-03 1.363370099005186242e+00 1.421234359086475774e+00
1.460000000000000143e-03 1.377023694470541848e+00 1.436330553715126968e+00
1.470000000000000169e-03 1.390642965435338718e+00 1.451415945708159017e+00
1.480000000000000196e-03 1.404225917986103411e+00 1.466488672085469291e+00
1.490000000000000222e-03 1.417770568731869574e+00 1.481546875237066185e+00
1.500000000000000031e-03 1.431274944598837973e+00 1.496588702445243557e+00
1.510000000000000057e-03 1.444737082514479631e+00 1.511612305332212136e+00
1.520000000000000084e-03 1.458155028995296920e+00 1.526615839252194018e+00
1.530000000000000110e-03 1.471526839654752283e+00 1.541597462648328642e+00
1.540000000000000136e-03 1.484850578649654418e+00 1.556555336395567535e+00
1.550000000000000162e-03 1.498124318084755657e+00 1.571487623151057944e+00
1.560000000000000189e-03 1.511346137396247791e+00 1.586392486733327667e+00
1.570000000000000215e-03 1.524514122735306731e+00 1.601268091550870798e+00
1.580000000000000024e-03 1.537626366372833342e+00 1.616112602099520013e+00
1.590000000000000050e-03 1.550680966145982831e+00 1.630924182546326762e+00
1.600000000000000077e-03 1.563676024966099476e+00 1.645700996415561557e+00
1.610000000000000103e-03 1.576609650406194385e+00 1.660441206389966062e+00
1.620000000000000129e-03 1.589479954384215965e+00 1.675142974237592730e+00
1.630000000000000155e-03 1.602285052956095468e+00 1.689804460871520364e+00
1.640000000000000182e-03 1.615023066229949622e+00 1.704423826546516585e+00
1.650000000000000208e-03 1.627692118409960864e+00 1.718999231193386157e+00
1.660000000000000234e-03 1.640290337975383705e+00 1.733528834888421910e+00
1.670000000000000043e-03 1.652815857996939641e+00 1.748010798452083625e+00
1.680000000000000070e-03 1.665266816589609400e+00 1.762443284167908741e+00
1.690000000000000096e-03 1.677641357497611896e+00 1.776824456609732872e+00
1.700000000000000122e-03 1.689937630804225321e+00 1.791152483562677089e+00
1.710000000000000148e-03 1.702153793756153721e+00 1.805425537021074112e+00
1.720000000000000175e-03 1.714288011689428126e+00 1.819641794244636790e+00
1.730000000000000201e-03 1.726338459041407036e+00 1.833799438852754982e+00
1.740000000000000227e-03 1.738303320431396015e+00 1.847896661935859663e+00
1.750000000000000036e-03 1.750180791790768131e+00 1.861931663162378792e+00
1.760000000000000063e-03 1.761969081522241964e+00 1.875902651859893577e+00
1.770000000000000089e-03 1.773666411667278009e+00 1.889807848049697814e+00
1.780000000000000115e-03 1.785271019060305164e+00 1.903645483415094208e+00
1.790000000000000141e-03 1.796781156448748362e+00 1.917413802185321314e+00
1.800000000000000168e-03 1.808195093558597533e+00 1.931111061919022376e+00
1.810000000000000194e-03 1.819511118086472479e+00 1.944735534173586133e+00
1.820000000000000220e-03 1.830727536600810446e+00 1.958285505049405684e+00
1.830000000000000246e-03 1.841842675336883950e+00 1.971759275601101979e+00
1.840000000000000056e-03 1.852854880872791377e+00 1.985155162110955329e+00
1.850000000000000082e-03 1.863762520676290668e+00 1.998471496223064969e+00
1.860000000000000108e-03 1.874563983515309840e+00 2.011706624940114541e+00
1.870000000000000134e-03 1.885257679728124636e+00 2.024858910487900232e+00
1.880000000000000161e-03 1.895842041352396201e+00 2.037926730055929170e+00
1.890000000000000187e-03 1.906315522115527683e+00 2.050908475425374355e+00
1.900000000000000213e-03 1.916676597291977036e+00 2.063802552498341658e+00
1.910000000000000239e-03 1.926923763436223958e+00 2.076607380744764697e+00
1.920000000000000265e-03 1.937055538002928179e+00 2.089321392585189230e+00
1.930000000000000075e-03 1.947070458868426224e+00 2.101943032729219674e+00
1.940000000000000101e-03 1.956967083769921123e+00 2.114470757490444441e+00
1.950000000000000127e-03 1.966743989680622029e+00 2.126903034099152823e+00
1.960000000000000370e-03 1.976399772140512212e+00 2.139238340034232078e+00
1.969999999999999963e-03 1.985933044563395811e+00 2.151475162395052987e+00
1.979999999999999989e-03 1.995342437541391734e+00 2.163611997333217296e+00
1.990000000000000015e-03 2.004626598168006701e+00 2.175647349562493726e+00
2.000000000000000042e-03 2.013784189400452007e+00 2.187579731963400942e+00
2.010000000000000068e-03 2.022813889480876259e+00 2.199407665296507552e+00
2.020000000000000094e-03 2.031714391434742861e+00 2.211129678035902657e+00
2.030000000000000120e-03 2.040484402662713581e+00 2.222744306331315478e+00
2.040000000000000147e-03 2.049122644640157365e+00 2.234250094104237139e+00
2.050000000000000173e-03 2.057627852735809171e+00 2.245645593280095831e+00
2.060000000000000199e-03 2.065998776158255890e+00 2.256929364155239259e+00
2.070000000000000225e-03 2.074234178035871512e+00 2.268099975894148468e+00
2.080000000000000251e-03 2.082332835632639156e+00 2.279156007149160335e+00
2.090000000000000278e-03 2.090293540699044605e+00 2.290096046791931794e+00
2.100000000000000304e-03 2.098115099954001028e+00 2.300918694743178783e+00
2.110000000000000330e-03 2.105796335690635068e+00 2.311622562884786181e+00
2.120000000000000356e-03 2.113336086495801514e+00 2.322206276036356876e+00
2.130000000000000383e-03 2.120733208070449294e+00 2.332668472976679119e+00
2.139999999999999975e-03 2.127986574135543485e+00 2.343007807489457583e+00
2.150000000000000001e-03 2.135095077406190978e+00 2.353222949412027809e+00
2.160000000000000028e-03 2.142057630614905950e+00 2.363312585665654275e+00
2.170000000000000054e-03 2.148873167563780662e+00 2.373275421246423100e+00
2.180000000000000080e-03 2.155540644184550381e+00 2.383110180156652103e+00
2.190000000000000106e-03 2.162059039585278342e+00 2.392815606258107852e+00
2.200000000000000133e-03 2.168427357062648664e+00 2.402390464030196959e+00
2.210000000000000159e-03 2.174644625059560799e+00 2.411833539218529943e+00
2.220000000000000185e-03 2.180709898048939444e+00 2.421143639361853950e+00
2.230000000000000211e-03 2.186622257326313878e+00 2.430319594188254051e+00
2.240000000000000237e-03 2.192380811695777698e+00 2.439360255874629679e+00
2.250000000000000264e-03 2.197984698036371753e+00 2.448264499166696861e+00
2.260000000000000290e-03 2.203433081738625621e+00 2.457031221360096662e+00
2.270000000000000316e-03 2.208725157003973649e+00 2.465659342146487187e+00
2.280000000000000342e-03 2.213860147002877810e+00 2.474147803331720130e+00
2.290000000000000369e-03 2.218837303890724311e+00 2.482495568436220434e+00
2.300000000000000395e-03 2.223655908683799254e+00 2.490701622190488074e+00
2.309999999999999987e-03 2.228315271000841147e+00 2.498764969941142500e+00
2.320000000000000014e-03 2.232814728678734095e+00 2.506684636984988668e+00
2.330000000000000040e-03 2.237153647273780077e+00 2.514459667850321711e+00
2.340000000000000066e-03 2.241331419462556429e+00 2.522089125545864174e+00
2.350000000000000092e-03 2.245347464358654399e+00 2.529572090798479778e+00
2.360000000000000119e-03 2.249201226763474004e+00 2.536907661301009753e+00
2.370000000000000145e-03 2.252892176370710597e+00 2.544094950991284687e+00
2.380000000000000171e-03 2.256419806945160644e+00 2.551133089382548125e+00
2.390000000000000197e-03 2.259783635497014664e+00 2.558021220964234121e+00
2.400000000000000223e-03 2.262983201472796413e+00 2.564758504690270335e+00
2.410000000000000250e-03 2.266018065983670393e+00 2.571344113569939527e+00
2.420000000000000276e-03 2.268887811090849027e+00 2.577777234373739290e+00
2.430000000000000302e-03 2.271592039166445698e+00 2.584057067463909618e+00
2.440000000000000328e-03 2.274130372346236939e+00 2.590182826756175505e+00
2.450000000000000355e-03 2.276502452088596140e+00 2.596153739816049022e+00
2.460000000000000381e-03 2.278707938851278314e+00 2.601969048089722847e+00
2.470000000000000407e-03 2.280746511894886197e+00 2.607628007266272530e+00
2.480000000000000000e-03 2.282617869218833029e+00 2.613129887764649606e+00
2.490000000000000026e-03 2.284321727632398158e+00 2.618473975335895876e+00
2.500000000000000052e-03 2.285857822960250640e+00 2.623659571768127918e+00
2.510000000000000078e-03 2.287225910378580807e+00 2.628685995679347354e+00
2.520000000000000104e-03 2.288425764874847612e+00 2.633552583380907031e+00
2.530000000000000131e-03 2.289457181821149767e+00 2.638258689792717604e+00
2.540000000000000157e-03 2.290319977648526351e+00 2.642803689389988886e+00
2.550000000000000183e-03 2.291013990607009720e+00 2.647186977160422394e+00
2.560000000000000209e-03 2.291539081594184513e+00 2.651407969550528598e+00
2.570000000000000236e-03 2.291895135033315434e+00 2.655466105379888475e+00
2.580000000000000262e-03 2.292082059780853776e+00 2.659360846702929493e+00
2.590000000000000288e-03 2.292099790042377627e+00 2.663091679598967421e+00
2.600000000000000314e-03 2.291948286275713009e+00 2.666658114872966667e+00
2.610000000000000341e-03 2.291627536060225623e+00 2.670059688651533314e+00
2.620000000000000367e-03 2.291137554911955476e+00 2.673295962861161446e+00
2.630000000000000393e-03 2.290478387025455476e+00 2.676366525578501410e+00
2.640000000000000419e-03 2.289650105924836865e+00 2.679270991245485956e+00
2.650000000000000012e-03 2.288652815008529462e+00 2.682009000745313898e+00
2.660000000000000038e-03 2.287486647974706688e+00 2.684580221338630501e+00
2.670000000000000064e-03 2.286151769116988142e+00 2.686984346462525597e+00
2.680000000000000090e-03 2.284648373483015860e+00 2.689221095398246053e+00
2.690000000000000117e-03 2.282976686891596607e+00 2.691290212816614069e+00
2.700000000000000143e-03 2.281136965807340822e+00 2.693191468213053774e+00
2.710000000000000169e-03 2.279129497074961819e+00 2.694924655246705658e+00
2.720000000000000195e-03 2.276954597518611845e+00 2.696489591000386987e+00
2.730000000000000222e-03 2.274612613414686901e+00 2.697886115179998434e+00
2.740000000000000248e-03 2.272103919849412623e+00 2.699114089273379591e+00
2.750000000000000274e-03 2.269428919975137404e+00 2.700173395689520639e+00
2.760000000000000300e-03 2.266588044181540251e+00 2.701063936899472662e+00
2.770000000000000327e-03 2.263581749199854887e+00 2.701785634600175179e+00
2.780000000000000353e-03 2.260410517159710420e+00 2.702338428921811531e+00
2.790000000000000379e-03 2.257074854619216087e+00 2.702722277698188513e+00
2.800000000000000405e-03 2.253575291589422935e+00 2.702937155818049941e+00
2.810000000000000431e-03 2.249912380574401460e+00 2.702983054673215424e+00
2.820000000000000024e-03 2.246086695647666609e+00 2.702859981717027793e+00
2.830000000000000050e-03 2.242098831584798280e+00 2.702567960143881010e+00
2.840000000000000076e-03 2.237949403070670140e+00 2.702107028697585012e+00
2.850000000000000103e-03 2.233639043997897922e+00 2.701477241613179370e+00
2.860000000000000129e-03 2.229168406870893016e+00 2.700678668693482276e+00
2.870000000000000155e-03 2.224538162327356350e+00 2.699711395518386681e+00
2.880000000000000181e-03 2.219748998786213789e+00 2.698575523781596264e+00
2.890000000000000208e-03 2.214801622227978939e+00 2.697271171746392415e+00
2.900000000000000234e-03 2.209696756110319349e+00 2.695798474809051548e+00
2.910000000000000260e-03 2.204435141418385591e+00 2.694157586155885298e+00
2.920000000000000286e-03 2.199017536846222587e+00 2.692348677497544251e+00
2.930000000000000313e-03 2.193444719102428664e+00 2.690371939862289619e+00
2.940000000000000339e-03 2.187717483330266166e+00 2.688227584428446448e+00
2.950000000000000365e-03 2.181836643629639472e+00 2.685915843375254575e+00
2.960000000000000391e-03 2.175803033665932862e+00 2.683436970730801896e+00
2.970000000000000417e-03 2.169617507348551300e+00 2.680791243195744578e+00
2.980000000000000444e-03 2.163280939560343619e+00 2.677978960922040130e+00
2.990000000000000036e-03 2.156794226917771340e+00 2.675000448226921179e+00
3.000000000000000062e-03 2.150158288540940710e+00 2.671856054223868071e+00
3.010000000000000089e-03 2.143374066812263834e+00 2.668546153354242279e+00
3.020000000000000115e-03 2.136442528102736826e+00 2.665071145805625541e+00
3.030000000000000141e-03 2.129364663445489469e+00 2.661431457805524925e+00
3.040000000000000167e-03 2.122141489137416848e+00 2.657627541782102032e+00
3.050000000000000194e-03 2.114774047251322120e+00 2.653659876386711414e+00
3.060000000000000220e-03 2.107263406043007326e+00 2.649528966376302641e+00
3.070000000000000246e-03 2.099610660240137427e+00 2.645235342357085795e+00
3.080000000000000272e-03 2.091816931202393981e+00 2.640779560394129533e+00
3.090000000000000299e-03 2.083883366945364468e+00 2.636162201494749890e+00
3.100000000000000325e-03 2.075811142023750389e+00 2.631383870976541584e+00
3.110000000000000351e-03 2.067601457272660426e+00 2.626445197733613401e+00
3.120000000000000377e-03 2.059255539409035940e+00 2.621346833417016242e+00
3.130000000000000403e-03 2.050774640498437051e+00 2.616089451547330302e+00
3.140000000000000430e-03 2.042160037295504438e+00 2.610673746579009080e+00
3.150000000000000456e-03 2.033413030469294558e+00 2.605100432937137889e+00
3.160000000000000048e-03 2.024534943727307024e+00 2.599370244047901402e+00
3.170000000000000075e-03 2.015527122854330777e+00 2.593483931384142238e+00
3.180000000000000101e-03 2.006390934684162630e+00 2.587442263546990695e+00
3.190000000000000127e-03 1.997127766023736317e+00 2.581246025403570954e+00
3.200000000000000153e-03 1.987739022550274237e+00 2.574896017299441731e+00
3.210000000000000180e-03 1.978226127702618520e+00 2.568393054362526851e+00
3.220000000000000206e-03 1.968590521587984643e+00 2.561737965913027715e+00
3.230000000000000232e-03 1.958833659924947623e+00 2.554931594991218358e+00
3.240000000000000258e-03 1.948957013042561304e+00 2.547974798012099029e+00
3.250000000000000284e-03 1.938962064954145248e+00 2.540868444552772498e+00
3.260000000000000311e-03 1.928850312522452315e+00 2.533613417275139224e+00
3.270000000000000337e-03 1.918623264730753730e+00 2.526210611983197740e+00
3.280000000000000363e-03 1.908282442071806528e+00 2.518660937810911271e+00
3.290000000000000389e-03 1.897829376063902673e+00 2.510965317533400576e+00
3.300000000000000416e-03 1.887265608900118963e+00 2.503124687991179265e+00
3.310000000000000442e-03 1.876592693233744225e+00 2.495140000614385123e+00
3.320000000000000468e-03 1.865812192099618905e+00 2.487012222031435904e+00
3.330000000000000061e-03 1.854925678967866087e+00 2.478742334744507225e+00
3.340000000000000087e-03 1.843934737923372591e+00 2.470331337852502696e+00
3.350000000000000113e-03 1.832840963961351433e+00 2.461780247801013566e+00
3.360000000000000139e-03 1.821645963386582023e+00 2.453090099138040880e+00
3.370000000000000166e-03 1.810351354301413362e+00 2.444261945254061708e+00
3.380000000000000192e-03 1.798958767165515393e+00 2.435296859085346100e+00
3.390000000000000218e-03 1.787469845408618863e+00 2.426195933760241008e+00
3.400000000000000244e-03 1.775886246076204156e+00 2.416960283169496737e+00
3.410000000000000270e-03 1.764209640487260256e+00 2.407591042443442131e+00
3.420000000000000297e-03 1.752441714882938539e+00 2.398089368321056458e+00
3.430000000000000323e-03 1.740584171045050255e+00 2.388456439398500386e+00
3.440000000000000349e-03 1.728638726864047959e+00 2.378693456247561677e+00
3.450000000000000375e-03 1.716607116837242319e+00 2.368801641397531021e+00
3.460000000000000402e-03 1.704491092479610170e+00 2.358782239177298123e+00
3.470000000000000428e-03 1.692292422631536120e+00 2.348636515417752424e+00
3.480000000000000454e-03 1.680012893650194350e+00 2.338365757017935032e+00
3.490000000000000480e-03 1.667654309473975749e+00 2.327971271381588547e+00
3.500000000000000073e-03 1.655218491552266524e+00 2.317454385733877853e+00
3.510000000000000099e-03 1.642707278636008406e+00 2.306816446330863357e+00
3.520000000000000125e-03 1.630122526427677521e+00 2.296058817576896782e+00
3.530000000000000152e-03 1.617466107092578875e+00 2.285182881067246985e+00
3.540000000000000178e-03 1.604739908636536372e+00 2.274190034575054309e+00
3.550000000000000204e-03 1.591945834158180695e+00 2.263081691003015816e+00
3.560000000000000230e-03 1.579085800986884447e+00 2.251859277321003550e+00
3.570000000000000256e-03 1.566161739720086654e+00 2.240524233511123953e+00
3.580000000000000283e-03 1.553175593176027602e+00 2.229078011541515192e+00
3.590000000000000309e-03 1.540129315279869404e+00 2.217522074389437936e+00
3.600000000000000335e-03 1.527024869902719795e+00 2.205857895132993907e+00
3.610000000000000361e-03 1.513864229674123374e+00 2.194086956129114085e+00
3.620000000000000388e-03 1.500649374789191581e+00 2.182210748293333946e+00
3.630000000000000414e-03 1.487382291831628178e+00 2.170230770494386174e+00
3.640000000000000440e-03 1.474064972633512660e+00 2.158148529073816491e+00
3.650000000000000466e-03 1.460699413191824281e+00 2.145965537497810605e+00
3.660000000000000493e-03 1.447287612660307587e+00 2.133683316145136732e+00
3.670000000000000085e-03 1.433831572433542423e+00 2.121303392231838725e+00
3.680000000000000111e-03 1.420333295337843138e+00 2.108827299869937999e+00
3.690000000000000138e-03 1.406794784941154397e+00 2.096256580254158841e+00
3.700000000000000164e-03 1.393218044991231030e+00 2.083592781967527063e+00
3.710000000000000190e-03 1.379605078988442202e+00 2.070837461393827184e+00
3.720000000000000216e-03 1.365957889896327382e+00 2.057992183222260518e+00
3.730000000000000242e-03 1.352278479989798443e+00 2.045058521027361298e+00
3.740000000000000269e-03 1.338568850837654534e+00 2.032038057905440009e+00
3.750000000000000295e-03 1.324831003412911823e+00 2.018932387147329255e+00
3.760000000000000321e-03 1.311066938321449271e+00 2.005743112926386296e+00
3.770000000000000347e-03 1.297278656136676700e+00 1.992471850980205073e+00
3.780000000000000374e-03 1.283468157825462308e+00 1.979120229264701436e+00
3.790000000000000400e-03 1.269637445248383401e+00 1.965689888559772447e+00
3.800000000000000426e-03 1.255788521715630601e+00 1.952182483006938751e+00
3.810000000000000452e-03 1.241923392578573093e+00 1.938599680560927352e+00
3.820000000000000479e-03 1.228044065836156218e+00 1.924943163339240870e+00
3.830000000000000505e-03 1.214152552734946378e+00 1.911214627856140380e+00
3.840000000000000531e-03 1.200250868341758981e+00 1.897415785130273314e+00
3.850000000000000124e-03 1.186341032068474410e+00 1.883548360658163778e+00
3.860000000000000150e-03 1.172425068129718584e+00 1.869614094248991387e+00
3.870000000000000176e-03 1.158505005915694719e+00 1.855614739719425810e+00
3.880000000000000202e-03 1.144582880264371161e+00 1.841552064450619364e+00
3.890000000000000228e-03 1.130660731619649750e+00 1.827427848812743338e+00
3.900000000000000255e-03 1.116740606064748009e+00 1.813243885465679384e+00
3.910000000000000281e-03 1.102824555222977176e+00 1.799001978547371206e+00
3.920000000000000741e-03 1.088914636021178328e+00 1.784703942764107598e+00
3.930000000000000333e-03 1.075012910314313563e+00 1.770351602399293345e+00
3.939999999999999926e-03 1.061121444372926881e+00 1.755946790259246271e+00
3.950000000000000386e-03 1.047242308238433672e+00 1.741491346576057975e+00
3.959999999999999978e-03 1.033377574954278622e+00 1.726987117888582501e+00
3.970000000000000438e-03 1.019529319683873947e+00 1.712435955923092612e+00
3.980000000000000031e-03 1.005699618728972844e+00 1.697839716495206375e+00
3.990000000000000491e-03 9.918905484643535386e-01 1.683200258454088383e+00
4.000000000000000083e-03 9.781041842067593750e-01 1.668519442688967347e+00
4.010000000000000543e-03 9.643425990375155132e-01 1.653799131216421081e+00
4.020000000000000136e-03 9.506078625993800157e-01 1.639041186365012948e+00
4.030000000000000596e-03 9.369020398887607515e-01 1.624247470071406019e+00
4.040000000000000188e-03 9.232271900646141782e-01 1.609419843299468633e+00
4.050000000000000648e-03 9.095853652948781010e-01 1.594560165590840350e+00
4.060000000000000241e-03 8.959786096605153460e-01 1.579670294752302695e+00
4.070000000000000701e-03 8.824089581358539602e-01 1.564752086681923782e+00
4.080000000000000293e-03 8.688784356621745975e-01 1.549807395332669646e+00
4.090000000000000753e-03 8.553890563293014004e-01 1.534838072808756282e+00
4.100000000000000346e-03 8.419428226775080848e-01 1.519845969586885559e+00
4.109999999999999938e-03 8.285417251291613550e-01 1.504832934851425330e+00
4.120000000000000398e-03 8.151877415566184393e-01 1.489800816929869098e+00
4.129999999999999991e-03 8.018828369896496833e-01 1.474751463812467689e+00
4.140000000000000450e-03 7.886289634624432665e-01 1.459686723737866343e+00
4.150000000000000043e-03 7.754280599970462262e-01 1.444608445825028564e+00
4.160000000000000503e-03 7.622820527168550075e-01 1.429518480730521457e+00
4.170000000000000095e-03 7.491928550808268916e-01 1.414418681309703940e+00
4.180000000000000555e-03 7.361623682262451451e-01 1.399310903260164940e+00
4.190000000000000148e-03 7.231924814053753980e-01 1.384197005726262919e+00
4.200000000000000608e-03 7.102850724991650599e-01 1.369078851844460099e+00
4.210000000000000200e-03 6.974420085894162957e-01 1.353958309210652189e+00
4.220000000000000660e-03 6.846651465694393313e-01 1.338837250252479683e+00
4.230000000000000253e-03 6.719563337724326901e-01 1.323717552491974425e+00
4.240000000000000713e-03 6.593174085963438014e-01 1.308601098686458020e+00
4.250000000000000305e-03 6.467502011041735832e-01 1.293489776838615546e+00
4.260000000000000765e-03 6.342565335792321735e-01 1.278385480069739177e+00
4.270000000000000358e-03 6.218382210159804080e-01 1.263290106353521569e+00
4.279999999999999950e-03 6.094970715285977780e-01 1.248205558111055824e+00
4.290000000000000410e-03 5.972348866614283214e-01 1.233133741671120776e+00
4.300000000000000003e-03 5.850534615877360789e-01 1.218076566603038202e+00
4.310000000000000463e-03 5.729545851858720562e-01 1.203035944932466794e+00
4.320000000000000055e-03 5.609400399848963881e-01 1.188013790253367397e+00
4.330000000000000515e-03 5.490116019747081078e-01 1.173012016751820097e+00
4.340000000000000108e-03 5.371710402790531580e-01 1.158032538159585290e+00
4.350000000000000568e-03 5.254201166929227673e-01 1.143077266656925550e+00
4.360000000000000160e-03 5.137605850891551196e-01 1.128148111745518989e+00
4.370000000000000620e-03 5.021941907021014728e-01 1.113246979112953117e+00
4.380000000000000213e-03 4.907226692991681349e-01 1.098375769510581579e+00
4.390000000000000673e-03 4.793477462536838152e-01 1.083536377666144412e+00
4.400000000000000265e-03 4.680711355349468361e-01 1.068730691251798648e+00
4.410000000000000725e-03 4.568945386332231018e-01 1.053960589926826730e+00
4.420000000000000318e-03 4.458196434391000218e-01 1.039227944472564502e+00
4.430000000000000777e-03 4.348481230976770084e-01 1.024534616034814105e+00
4.440000000000000370e-03 4.239816348587359118e-01 1.009882455486541541e+00
4.449999999999999963e-03 4.132218189441556611e-01 9.952733029206177751e-01
4.460000000000000422e-03 4.025702974535250167e-01 9.807089872794350072e-01
4.470000000000000015e-03 3.920286733280198277e-01 9.661913261247851992e-01
4.480000000000000475e-03 3.815985293913388698e-01 9.517221255481078668e-01
4.490000000000000067e-03 3.712814274847347495e-01 9.373031802178527494e-01
4.500000000000000527e-03 3.610789077110155287e-01 9.229362735573611864e-01
4.510000000000000120e-03 3.509924877999454629e-01 9.086231780436070382e-01
4.520000000000000580e-03 3.410236626046281860e-01 8.943656556141813541e-01
4.530000000000000172e-03 3.311739037355160287e-01 8.801654581673747924e-01
4.540000000000000632e-03 3.214446593354836068e-01 8.660243281379172986e-01
4.550000000000000225e-03 3.118373539961908358e-01 8.519439991292067083e-01
4.560000000000000685e-03 3.023533888126956337e-01 8.379261965814300828e-01
4.570000000000000277e-03 2.929941415701428076e-01 8.239726384542186421e-01
4.580000000000000737e-03 2.837609670532679762e-01 8.100850359020682623e-01
4.590000000000000330e-03 2.746551974667225671e-01 7.962650939210206280e-01
4.600000000000000790e-03 2.656781429516206772e-01 7.825145119457446174e-01
4.610000000000000382e-03 2.568310921815843417e-01 7.688349843774453518e-01
4.619999999999999975e-03 2.481153130197332191e-01 7.552282010246392785e-01
4.630000000000000435e-03 2.395320532167125038e-01 7.416958474410269009e-01
4.640000000000000027e-03 2.310825411289762210e-01 7.282396051471540233e-01
4.650000000000000487e-03 2.227679864360969375e-01 7.148611517253713465e-01
4.660000000000000080e-03 2.145895808360138435e-01 7.015621607807340787e-01
4.670000000000000540e-03 2.065484986976588444e-01 6.883443017636617922e-01
4.680000000000000132e-03 1.986458976515253771e-01 6.752092396536175656e-01
4.690000000000000592e-03 1.908829191001931713e-01 6.621586345063665835e-01
4.700000000000000185e-03 1.832606886328425611e-01 6.491941408707689876e-01
4.710000000000000644e-03 1.757803163300287186e-01 6.363174070841552954e-01
4.720000000000000237e-03 1.684428969476864657e-01 6.235300744583743837e-01
4.730000000000000697e-03 1.612495099721890923e-01 6.108337763711879642e-01
4.740000000000000289e-03 1.542012195413943743e-01 5.982301372800840067e-01
4.750000000000000749e-03 1.472990742297971556e-01 5.857207716774044393e-01
4.760000000000000342e-03 1.405441066991894028e-01 5.733072830072133419e-01
4.770000000000000802e-03 1.339373332193989075e-01 5.609912625652140328e-01
4.780000000000000394e-03 1.274797530668476953e-01 5.487742884035451407e-01
4.789999999999999987e-03 1.211723478115435682e-01 5.366579242621356549e-01
4.800000000000000447e-03 1.150160805058497299e-01 5.246437185477621501e-01
4.810000000000000039e-03 1.090118947907257191e-01 5.127332033808027489e-01
4.820000000000000499e-03 1.031607139371339132e-01 5.009278937280948751e-01
4.830000000000000092e-03 9.746343984192071264e-02 4.892292866383057270e-01
4.840000000000000552e-03 9.192095199860224330e-02 4.776388605937400555e-01
4.850000000000000144e-03 8.653410646415984897e-02 4.661580749898097120e-01
4.860000000000000604e-03 8.130373484311410881e-02 4.547883697502953515e-01
4.870000000000000197e-03 7.623064330983733705e-02 4.435311650833576591e-01
4.880000000000000657e-03 7.131561168921939087e-02 4.323878613798570192e-01
4.890000000000000249e-03 6.655939261455792733e-02 4.213598392522037162e-01
4.900000000000000709e-03 6.196271077977254932e-02 4.104484597085691910e-01
4.910000000000000302e-03 5.752626230095914811e-02 3.996550644541214670e-01
4.920000000000000762e-03 5.325071419979439391e-02 3.889809763078803662e-01
4.930000000000000354e-03 4.913670401855171205e-02 3.784274997210979041e-01
4.940000000000000814e-03 4.518483957347646518e-02 3.679959213806139329e-01
4.950000000000000407e-03 4.139569885014005718e-02 3.576875108786883306e-01
4.959999999999999999e-03 3.776983004112129810e-02 3.475035214292009345e-01
4.970000000000000459e-03 3.430775172315018301e-02 3.374451906090825126e-01
4.980000000000000052e-03 3.100995316765157300e-02 3.275137411032489343e-01
4.990000000000000512e-03 2.787689477559076798e-02 3.177103814312737806e-01
5.000000000000000104e-03 2.490900862471269808e-02 3.080363066345415124e-01
5.010000000000000564e-03 2.210669911470321616e-02 2.984926989035837086e-01
5.020000000000000157e-03 1.947034369361030220e-02 2.890807281268306106e-01
5.030000000000000616e-03 1.700029364703856821e-02 2.798015523439058572e-01
5.040000000000000209e-03 1.469687493024779065e-02 2.706563180889831055e-01
5.050000000000000669e-03 1.256038902236496745e-02 2.616461606123711148e-01
5.060000000000000261e-03 1.059111378149490967e-02 2.527722039715271651e-01
5.070000000000000721e-03 8.789304279563094416e-03 2.440355609858398389e-01
5.080000000000000314e-03 7.155193596296098232e-03 2.354373330529019592e-01
5.090000000000000774e-03 5.688993552777608237e-03 2.269786098273348651e-01
5.100000000000000366e-03 4.390895366516216376e-03 2.186604687666322544e-01
5.110000000000000826e-03 3.261070211881270803e-03 2.104839745516993432e-01
5.120000000000000419e-03 2.299669672063867944e-03 2.024501783928775167e-01
5.130000000000000011e-03 1.506826071332951003e-03 1.945601172350169550e-01
5.140000000000000471e-03 8.826526792496661080e-04 1.868148128776727646e-01
5.150000000000000064e-03 4.272437815754605490e-04 1.792152710285837836e-01
5.160000000000000524e-03 1.406746158131995351e-04 1.717624803102501818e-01
5.170000000000000116e-03 2.300117257324629393e-05 1.644574112406313737e-01
5.180000000000000576e-03 7.425986717322681648e-05 1.573010152096320780e-01
5.190000000000000169e-03 2.944670890067538696e-04 1.502942234732388971e-01
5.200000000000000629e-03 6.836186391528907558e-04 1.434379461867608951e-01
5.210000000000000221e-03 1.241689069402640132e-03 1.367330714977833817e-01
5.220000000000000681e-03 1.968630938264457307e-03 1.301804647180211383e-01
5.230000000000000274e-03 2.864374001539125424e-03 1.237809675914547658e-01
5.240000000000000734e-03 3.928824356672928203e-03 1.175353976738355288e-01
5.250000000000000326e-03 5.161863561256519600e-03 1.114445478360542585e-01
5.260000000000000786e-03 6.563347746737885693e-03 1.055091859009108235e-01
5.270000000000000379e-03 8.133106748602715597e-03 9.973005441970024532e-02
5.280000000000000838e-03 9.870943273988821293e-03 9.410787059169176128e-02
5.290000000000000431e-03 1.177663212689862918e-02 8.864332632622475006e-02
5.300000000000000024e-03 1.384991950992574966e-02 8.333708844374002056e-02
5.310000000000000484e-03 1.609052241969480268e-02 7.818979900880734801e-02
5.320000000000000076e-03 1.849812815111695485e-02 7.320207578507227641e-02
5.330000000000000536e-03 2.107239392310410533e-02 6.837451279917099167e-02
5.340000000000000129e-03 2.381294663561935032e-02 6.370768099811442708e-02
5.350000000000000588e-03 2.671938276497407699e-02 5.920212898242697974e-02
5.360000000000000181e-03 2.979126840111061270e-02 5.485838379558746064e-02
5.370000000000000641e-03 3.302813942739927372e-02 5.067695174900450905e-02
5.380000000000000233e-03 3.642950184020803811e-02 4.665831926098162885e-02
5.390000000000000693e-03 3.999483220233391451e-02 4.280295368783510607e-02
5.400000000000000286e-03 4.372357822133194488e-02 3.911130412559712249e-02
5.410000000000000746e-03 4.761515944094587421e-02 3.558380216148672448e-02
5.420000000000000338e-03 5.166896803127255661e-02 3.222086255562406354e-02
5.430000000000000798e-03 5.588436966108498855e-02 2.902288383518513565e-02
5.440000000000000391e-03 6.026070443387746695e-02 2.599024878538415059e-02
5.450000000000000851e-03 6.479728786781069338e-02 2.312332482419847401e-02
5.460000000000000443e-03 6.949341189876939717e-02 2.042246425063345971e-02
5.470000000000000036e-03 7.434834588530953026e-02 1.788800435941190203e-02
5.480000000000000496e-03 7.936133759427839440e-02 1.552026741826826282e-02
5.490000000000000088e-03 8.453161414645755933e-02 1.331956050738930183e-02
5.500000000000000548e-03 8.985838290256555061e-02 1.128617522392574152e-02
5.510000000000000141e-03 9.534083227144474204e-02 9.420387257815750204e-03
5.520000000000000601e-03 1.009781324241617873e-01 7.722455848314083507e-03
5.530000000000000193e-03 1.067694359000035259e-01 6.192623133563454965e-03
5.540000000000000653e-03 1.127138780929965445e-01 4.831113408173362024e-03
5.550000000000000246e-03 1.188105776104095290e-01 3.638132306058099955e-03
5.560000000000000706e-03 1.250586364977994691e-01 2.613865927635332636e-03
5.570000000000000298e-03 1.314571403283374684e-01 1.758479931899323842e-03
5.580000000000000758e-03 1.380051581574258668e-01 1.072118614780372169e-03
5.590000000000000351e-03 1.447017423468055231e-01 5.549039955999199259e-04
5.600000000000000810e-03 1.515459282655331197e-01 2.069349332922978632e-04
5.610000000000000403e-03 1.585367338781012159e-01 2.828629341212681602e-05
5.620000000000000863e-03 1.656731592327465585e-01 1.900818578057923930e-05
5.630000000000000455e-03 1.729541858653537434e-01 1.791252909887445783e-04
5.640000000000000048e-03 1.803787761364379905e-01 5.086362918931332808e-04
5.650000000000000508e-03 1.879458725203156100e-01 1.007513423776216187e-03
5.660000000000000100e-03 1.956543968667660838e-01 1.675702154043461197e-03
5.670000000000000560e-03 2.035032496562056148e-01 2.513120999280003993e-03
5.680000000000000153e-03 2.114913092696104058e-01 3.519661484233460938e-03
5.690000000000000613e-03 2.196174312941723272e-01 4.695188243947878703e-03
5.700000000000000205e-03 2.278804478848676096e-01 6.039539266874303924e-03
5.710000000000000665e-03 2.362791672009400545e-01 7.552526273469771512e-03
5.720000000000000258e-03 2.448123729345500210e-01 9.233935221581125383e-03
5.730000000000000718e-03 2.534788239468231397e-01 1.108352692693619600e-02
5.740000000000000310e-03 2.622772540240334571e-01 1.310103778434362938e-02
5.750000000000000770e-03 2.712063717639536797e-01 1.528618057285890779e-02
5.760000000000000363e-03 2.802648605994043640e-01 1.763864532619986714e-02
5.770000000000000823e-03 2.894513789629221678e-01 2.015810024820728630e-02
5.780000000000000415e-03 2.987645605931850690e-01 2.284419265211056274e-02
5.790000000000000875e-03 3.082030149806502251e-01 2.569654990186909585e-02
5.800000000000000468e-03 3.177653279466052250e-01 2.871478033385720802e-02
5.810000000000000060e-03 3.274500623468238336e-01 3.189847413771816631e-02
5.820000000000000520e-03 3.372557588881490154e-01 3.524720417624976204e-02
5.830000000000000113e-03 3.471809370437377584e-01 3.876052672572246477e-02
5.840000000000000573e-03 3.572240960504960428e-01 4.243798212001585052e-02
5.850000000000000165e-03 3.673837159703213784e-01 4.627909528433327147e-02
5.860000000000000625e-03 3.776582587953780101e-01 5.028337614698855096e-02
5.870000000000000218e-03 3.880461695766395658e-01 5.445031992074630262e-02
5.880000000000000678e-03 3.985458775544699073e-01 5.877940724841834025e-02
5.890000000000000270e-03 4.091557972699803591e-01 6.327010421073249458e-02
5.900000000000000730e-03 4.198743296364731981e-01 6.792186219788738655e-02
5.910000000000000323e-03 4.306998629512071020e-01 7.273411764953308101e-02
5.920000000000000782e-03 4.416307738292132301e-01 7.770629167116480107e-02
5.930000000000000375e-03 4.526654280427463428e-01 8.283778953793144439e-02
5.940000000000000835e-03 4.638021812522408194e-01 8.812800009965580939e-02
5.950000000000000427e-03 4.750393796171803462e-01 9.357629510327353239e-02
5.960000000000000887e-03 4.863753602782307506e-01 9.918202845096878162e-02
5.970000000000000480e-03 4.978084517049494173e-01 1.049445354138674597e-01
5.980000000000000072e-03 5.093369739066739843e-01 1.108631318222939033e-01
5.990000000000000532e-03 5.209592385073715803e-01 1.169371132542002673e-01
6.000000000000000125e-03 5.326735486884807136e-01 1.231657542434835412e-01
6.010000000000000585e-03 5.444781990069497146e-01 1.295483075294872610e-01
6.020000000000000177e-03 5.563714750985571111e-01 1.360840033680238426e-01
6.030000000000000637e-03 5.683516532794340437e-01 1.427720489228575529e-01
6.040000000000000230e-03 5.804170000610293645e-01 1.496116277546661599e-01
6.050000000000000690e-03 5.925657715959200544e-01 1.566018994222432015e-01
6.060000000000000282e-03 6.047962130734412245e-01 1.637419992080142439e-01
6.070000000000000742e-03 6.171065580854231403e-01 1.710310379770361988e-01
6.080000000000000335e-03 6.294950279829565343e-01 1.784681021754519203e-01
6.090000000000000795e-03 6.419598312454657396e-01 1.860522539711020884e-01
6.100000000000000387e-03 6.544991628830318930e-01 1.937825315355910794e-01
6.110000000000000847e-03 6.671112038922273335e-01 2.016579494637881220e-01
6.120000000000000440e-03 6.797941207844823142e-01 2.096774993234513385e-01
6.130000000000000900e-03 6.925460652043715637e-01 2.178401503246205906e-01
6.140000000000000492e-03 7.053651736530933691e-01 2.261448500955625107e-01
6.150000000000000085e-03 7.182495673300686168e-01 2.345905255495719932e-01
6.160000000000000545e-03 7.311973521027729239e-01 2.431760838247754020e-01
6.170000000000000137e-03 7.442066186120153137e-01 2.519004132773952076e-01
6.180000000000000597e-03 7.572754425167315118e-01 2.607623845077098323e-01
6.190000000000000190e-03 7.704018848790805674e-01 2.697608513971875288e-01
6.200000000000000649e-03 7.835839926874724748e-01 2.788946521350979535e-01
6.210000000000000242e-03 7.968197995118722066e-01 2.881626102131754630e-01
6.220000000000000702e-03 8.101073262827230836e-01 2.975635353677765771e-01
6.230000000000000294e-03 8.234445821819322830e-01 3.070962244502521421e-01
6.240000000000000754e-03 8.368295656318102127e-01 3.167594622080854849e-01
6.250000000000000347e-03 8.502602653655239040e-01 3.265520219615060116e-01
6.260000000000000807e-03 8.637346615608387790e-01 3.364726661629086624e-01
6.270000000000000399e-03 8.772507270173610650e-01 3.465201468292366527e-01
6.280000000000000859e-03 8.908064283566023978e-01 3.566932058406496187e-01
6.290000000000000452e-03 9.043997272235912988e-01 3.669905751020195450e-01
6.300000000000000912e-03 9.180285814687989543e-01 3.774109765672029049e-01
6.310000000000000504e-03 9.316909462895922589e-01 3.879531221293444632e-01
6.320000000000000097e-03 9.453847753114296149e-01 3.986157133837862077e-01
6.330000000000000557e-03 9.591080215903836637e-01 4.093974412732350743e-01
6.340000000000000149e-03 9.728586385204962550e-01 4.202969856277436467e-01
6.350000000000000609e-03 9.866345806316820788e-01 4.313130146146397781e-01
6.360000000000000202e-03 1.000433804266439353e+00 4.424441841157257249e-01
6.370000000000000662e-03 1.014254268126559388e+00 4.536891370509012478e-01
6.380000000000000254e-03 1.028093933683965844e+00 4.650465026686463332e-01
6.390000000000000714e-03 1.041950765453119043e+00 4.765148958246901434e-01
6.400000000000000307e-03 1.055822731125571901e+00 4.880929162704564783e-01
6.410000000000000767e-03 1.069707801570554784e+00 4.997791479727373143e-01
6.420000000000000359e-03 1.083603950708584618e+00 5.115721584852650494e-01
6.430000000000000819e-03 1.097509155268086012e+00 5.234704983917051191e-01
6.440000000000000412e-03 1.111421394437713372e+00 5.354727008378364905e-01
6.450000000000000872e-03 1.125338649429576732e+00 5.475772811686381303e-01
6.460000000000000464e-03 1.139258902970585963e+00 5.597827366834416951e-01
6.470000000000000924e-03 1.153180138740867999e+00 5.720875465195625065e-01
6.480000000000000517e-03 1.167100340779414935e+00 5.844901716716947027e-01
6.490000000000000109e-03 1.181017492877929786e+00 5.969890551511806143e-01
6.500000000000000569e-03 1.194929577984046976e+00 6.095826222858761190e-01
6.510000000000000162e-03 1.208834577634965823e+00 6.222692811580087247e-01
6.520000000000000621e-03 1.222730471441752398e+00 6.350474231741388698e-01
6.530000000000000214e-03 1.236615236643416882e+00 6.479154237581520315e-01
6.540000000000000674e-03 1.250486847748241592e+00 6.608716431553303128e-01
6.550000000000000266e-03 1.264343276277737127e+00 6.739144273328562251e-01
6.560000000000000726e-03 1.278182490626289303e+00 6.870421089598721665e-01
6.570000000000000319e-03 1.292002456046756897e+00 7.002530084482735395e-01
6.580000000000000779e-03 1.305801134769384753e+00 7.135454350340574292e-01
6.590000000000000371e-03 1.319576486258247083e+00 7.269176878780346795e-01
6.600000000000000831e-03 1.333326467606234633e+00 7.403680571643577180e-01
6.610000000000000424e-03 1.347049034066292839e+00 7.538948251753320173e-01
6.620000000000000884e-03 1.360742139713514431e+00 7.674962673216578768e-01
6.630000000000000476e-03 1.374403738229500682e+00 7.811706531082958094e-01
6.640000000000000936e-03 1.388031783797662788e+00 7.949162470177919548e-01
6.650000000000000529e-03 1.401624232095390443e+00 8.087313092948715809e-01
6.660000000000000121e-03 1.415179041366858126e+00 8.226140966185748749e-01
6.670000000000000581e-03 1.428694173558259894e+00 8.365628626509042931e-01
6.680000000000000174e-03 1.442167595495786880e+00 8.505758584539899747e-01
6.690000000000000634e-03 1.455597280085715317e+00 8.646513327709843821e-01
6.700000000000000226e-03 1.468981207515329013e+00 8.787875321691691610e-01
6.710000000000000686e-03 1.482317366433468564e+00 8.929827010471717008e-01
6.720000000000000279e-03 1.495603755089853326e+00 9.072350815114150757e-01
6.730000000000000739e-03 1.508838382413360879e+00 9.215429131301755561e-01
6.740000000000000331e-03 1.522019269010749465e+00 9.359044325765245587e-01
6.750000000000000791e-03 1.535144448069261092e+00 9.503178731741979135e-01
6.760000000000000384e-03 1.548211966148628438e+00 9.647814643627278253e-01
6.770000000000000843e-03 1.561219883850716750e+00 9.792934311002027270e-01
6.780000000000000436e-03 1.574166276357714223e+00 9.938519932234767262e-01
6.790000000000000896e-03 1.587049233832960704e+00 1.008455364786748687e+00
6.800000000000000488e-03 1.599866861681599639e+00 1.023101753399908942e+00
6.810000000000000948e-03 1.612617280671521769e+00 1.037789359588127791e+00
6.820000000000000541e-03 1.625298626918278533e+00 1.052516376193595171e+00
6.830000000000000134e-03 1.637909051740841004e+00 1.067280987839381634e+00
6.840000000000000593e-03 1.650446721397997862e+00 1.082081370473832349e+00
6.850000000000000186e-03 1.662909816717983658e+00 1.096915691012033234e+00
6.860000000000000646e-03 1.675296532636406655e+00 1.111782107088525873e+00
6.870000000000000238e-03 1.687605077659574571e+00 1.126678766932752485e+00
6.880000000000000698e-03 1.699833673272138856e+00 1.141603809375827394e+00
6.890000000000000291e-03 1.711980553309110586e+00 1.156555363993980512e+00
6.900000000000000751e-03 1.724043963313217187e+00 1.171531551390817771e+00
6.910000000000000343e-03 1.736022159898784611e+00 1.186530483617135756e+00
6.920000000000000803e-03 1.747913410143159707e+00 1.201550264723767247e+00
6.930000000000000396e-03 1.759715991026031823e+00 1.216588991439687462e+00
6.940000000000000856e-03 1.771428188935810333e+00 1.231644753964663774e+00
6.950000000000000448e-03 1.783048299260599823e+00 1.246715636862869570e+00
6.960000000000000908e-03 1.794574626079349144e+00 1.261799720041621775e+00
6.970000000000000501e-03 1.806005481966270976e+00 1.276895079797143895e+00
6.980000000000000961e-03 1.817339187919035037e+00 1.291999789907882112e+00
6.990000000000000553e-03 1.828574073418191004e+00 1.307111922754532474e+00
7.000000000000000146e-03 1.839708476622273770e+00 1.322229550445524815e+00
7.010000000000000606e-03 1.850740744699700846e+00 1.337350745926384921e+00
7.020000000000000198e-03 1.861669234295443287e+00 1.352473584051939293e+00
7.030000000000000658e-03 1.872492312127141512e+00 1.367596142601171127e+00
7.040000000000000251e-03 1.883208355702346459e+00 1.382716503215906778e+00
7.050000000000000711e-03 1.893815754145627750e+00 1.397832752246421117e+00
7.060000000000000303e-03 1.904312909121673725e+00 1.412942981489221594e+00
7.070000000000000763e-03 1.914698235838259599e+00 1.428045288804959068e+00
7.080000000000000356e-03 1.924970164110946680e+00 1.443137778607224364e+00
7.090000000000000815e-03 1.935127139469986268e+00 1.458218562216192060e+00
7.100000000000000408e-03 1.945167624288746566e+00 1.473285758074250884e+00
7.110000000000000868e-03 1.955090098912531937e+00 1.488337491824170078e+00
7.120000000000000460e-03 1.964893062766485121e+00 1.503371896253583362e+00
7.130000000000000920e-03 1.974575035421804792e+00 1.518387111112885934e+00
7.140000000000000513e-03 1.984134557600317761e+00 1.533381282816580704e+00
7.150000000000000973e-03 1.993570192098924387e+00 1.548352564041036938e+00
7.160000000000000565e-03 2.002880524617181024e+00 1.563299113233995508e+00
7.170000000000000158e-03 2.012064164473497119e+00 1.578219094053370908e+00
7.180000000000000618e-03 2.021119745198020290e+00 1.593110674754552480e+00
7.190000000000000210e-03 2.030045924993001183e+00 1.607972027546605398e+00
7.200000000000000670e-03 2.038841387054589838e+00 1.622801327938595550e+00
7.210000000000000263e-03 2.047504839753059525e+00 1.637596754097403462e+00
7.220000000000000723e-03 2.056035016671824422e+00 1.652356486238143018e+00
7.230000000000000315e-03 2.064430676508738571e+00 1.667078706067464777e+00
7.240000000000000775e-03 2.072690602846419594e+00 1.681761596298782857e+00
7.250000000000000368e-03 2.080813603801240586e+00 1.696403340256649628e+00
7.260000000000000828e-03 2.088798511563491722e+00 1.711002121585377900e+00
7.270000000000000420e-03 2.096644181843613453e+00 1.725556124074431930e+00
7.280000000000000880e-03 2.104349493241574276e+00 1.740063531610325898e+00
7.290000000000000473e-03 2.111913346558187410e+00 1.754522528261641012e+00
7.300000000000000933e-03 2.119334664068433849e+00 1.768931298500579841e+00
7.310000000000000525e-03 2.126612388777669782e+00 1.783288027561116262e+00
7.320000000000000985e-03 2.133745483681977806e+00 1.797590901930546048e+00
7.330000000000000578e-03 2.140732931053658472e+00 1.811838109967933264e+00
7.340000000000000170e-03 2.147573731772303596e+00 1.826027842639923460e+00
7.350000000000000630e-03 2.154266904720666620e+00 1.840158294361479818e+00
7.360000000000000223e-03 2.160811486263003012e+00 1.854227663926615310e+00
7.370000000000000683e-03 2.167206529821541494e+00 1.868234155511956152e+00
7.380000000000000275e-03 2.173451105564379038e+00 1.882175979734172611e+00
7.390000000000000735e-03 2.179544300215386698e+00 1.896051354741066675e+00
7.400000000000000328e-03 2.185485216993830804e+00 1.909858507315193465e+00
7.410000000000000787e-03 2.191272975688271618e+00 1.923595673968627073e+00
7.420000000000000380e-03 2.196906712866074862e+00 1.937261102007619584e+00
7.430000000000000840e-03 2.202385582216679794e+00 1.950853050546675682e+00
7.440000000000000432e-03 2.207708755023479075e+00 1.964369791452689196e+00
7.450000000000000892e-03 2.212875420756165390e+00 1.977809610201525015e+00
7.460000000000000485e-03 2.217884787772439026e+00 1.991170806631435752e+00
7.470000000000000945e-03 2.222736084115373600e+00 2.004451695580269366e+00
7.480000000000000537e-03 2.227428558390402991e+00 2.017650607396116680e+00
7.490000000000000997e-03 2.231961480703962497e+00 2.030765888314129519e+00
7.500000000000000590e-03 2.236334143644283401e+00 2.043795900695400736e+00
7.510000000000000182e-03 2.240545863283788464e+00 2.056739023127160060e+00
7.520000000000000642e-03 2.244595980181937733e+00 2.069593650386809980e+00
7.530000000000000235e-03 2.248483860367290976e+00 2.082358193275568592e+00
7.540000000000000695e-03 2.252208896277960282e+00 2.095031078330680252e+00
7.550000000000000287e-03 2.255770507640495470e+00 2.107610747427968612e+00
7.560000000000000747e-03 2.259168142268649149e+00 2.120095657289179147e+00
7.570000000000000340e-03 2.262401276765193536e+00 2.132484278910771636e+00
7.580000000000000800e-03 2.265469417112222050e+00 2.144775096932768133e+00
7.590000000000000392e-03 2.268372099137820008e+00 2.156966608967533450e+00
7.600000000000000852e-03 2.271108888849850072e+00 2.169057324909489104e+00
7.610000000000000445e-03 2.273679382630598322e+00 2.181045766246959783e+00
7.620000000000000905e-03 2.276083207289199883e+00 2.192930465397473938e+00
7.630000000000000497e-03 2.278320019971999066e+00 2.204709965087045198e+00
7.640000000000000957e-03 2.280389507934254212e+00 2.216382817793049131e+00
7.650000000000000550e-03 2.282291388179743752e+00 2.227947585268520214e+00
7.660000000000001009e-03 2.284025406977818751e+00 2.239402838163894849e+00
7.670000000000000602e-03 2.285591339270261813e+00 2.250747155759655893e+00
7.680000000000001062e-03 2.286988987982784494e+00 2.261979125820751335e+00
7.690000000000000654e-03 2.288218183258124316e+00 2.273097344580566670e+00
7.700000000000000247e-03 2.289278781629489945e+00 2.284100416859132121e+00
7.710000000000000707e-03 2.290170665154377616e+00 2.294986956316915183e+00
7.720000000000000299e-03 2.290893740529639455e+00 2.305755585842259592e+00
7.730000000000000759e-03 2.291447938209027591e+00 2.316404938067244235e+00
7.740000000000000352e-03 2.291833211544313187e+00 2.326933656003573159e+00
7.750000000000000812e-03 2.292049535970413832e+00 2.337340393787210591e+00
7.760000000000000404e-03 2.292096908253876908e+00 2.347623817517749512e+00
7.770000000000000864e-03 2.291975345822475418e+00 2.357782606176208162e+00
7.780000000000000457e-03 2.291684886191711179e+00 2.367815452602964221e+00
7.790000000000000917e-03 2.291225586501647982e+00 2.377721064516111760e+00
7.800000000000000509e-03 2.290597523174852324e+00 2.387498165549402085e+00
7.810000000000000969e-03 2.289800791703282101e+00 2.397145496288521471e+00
7.820000000000000562e-03 2.288835506568880351e+00 2.406661815284323769e+00
7.830000000000000154e-03 2.287701801299405258e+00 2.416045900022287363e+00
7.840000000000001482e-03 2.286399828657788902e+00 2.425296547828353244e+00
7.850000000000001074e-03 2.284929760960111356e+00 2.434412576692840169e+00
7.860000000000000667e-03 2.283291790514159647e+00 2.443392825996109519e+00
7.870000000000000259e-03 2.281486130167687421e+00 2.452236157121844951e+00
7.879999999999999852e-03 2.279513013952783496e+00 2.460941453946646540e+00
7.890000000000001179e-03 2.277372697810455371e+00 2.469507623197420454e+00
7.900000000000000772e-03 2.275065460377586835e+00 2.477933594671304363e+00
7.910000000000000364e-03 2.272591603816843442e+00 2.486218321316064461e+00
7.919999999999999957e-03 2.269951454669053348e+00 2.494360779172267506e+00
7.930000000000001284e-03 2.267145364706954602e+00 2.502359967181767786e+00
7.940000000000000877e-03 2.264173711769103203e+00 2.510214906870295248e+00
7.950000000000000469e-03 2.261036900553087925e+00 2.517924641914847772e+00
7.960000000000000062e-03 2.257735363348100766e+00 2.525488237609378128e+00
7.970000000000001389e-03 2.254269560688221485e+00 2.532904780244624288e+00
7.980000000000000981e-03 2.250639981909557275e+00 2.540173376419986973e+00
7.990000000000000574e-03 2.246847145596526651e+00 2.547293152306938424e+00
8.000000000000000167e-03 2.242891599905122213e+00 2.554263252884543256e+00
8.010000000000001494e-03 2.238773922753727774e+00 2.561082841168306423e+00
8.020000000000001086e-03 2.234494721875141643e+00 2.567751097453686793e+00
8.030000000000000679e-03 2.230054634726558849e+00 2.574267218595159612e+00
8.040000000000000271e-03 2.225454328257550518e+00 2.580630417340855409e+00
8.049999999999999864e-03 2.220694498539304895e+00 2.586839921741337811e+00
8.060000000000001191e-03 2.215775870261541769e+00 2.592894974649307294e+00
8.070000000000000784e-03 2.210699196106547859e+00 2.598794833324680642e+00
8.080000000000000376e-03 2.205465256012545616e+00 2.604538769157006328e+00
8.089999999999999969e-03 2.200074856341169394e+00 2.610126067514130010e+00
8.100000000000001296e-03 2.194528828965892853e+00 2.615556027723082710e+00
8.110000000000000889e-03 2.188828030300134841e+00 2.620827963185769161e+00
8.120000000000000481e-03 2.182973340284992236e+00 2.625941201628826605e+00
8.130000000000000074e-03 2.176965661357498139e+00 2.630895085483628382e+00
8.140000000000001401e-03 2.170805917420630671e+00 2.635688972389290008e+00
8.150000000000000994e-03 2.164495052836201250e+00 2.640322235808429063e+00
8.160000000000000586e-03 2.158034031461119717e+00 2.644794265742701267e+00
8.170000000000000179e-03 2.151423835746477664e+00 2.649104469532619355e+00
8.180000000000001506e-03 2.144665465917291236e+00 2.653252272724092808e+00
8.190000000000001099e-03 2.137759939248854657e+00 2.657237119982431839e+00
8.200000000000000691e-03 2.130708289453226101e+00 2.661058476033374198e+00
8.210000000000000284e-03 2.123511566186825128e+00 2.664715826609930449e+00
8.219999999999999876e-03 2.116170834687129965e+00 2.668208679383706983e+00
8.230000000000001203e-03 2.108687175543393355e+00 2.671536564859601004e+00
8.240000000000000796e-03 2.101061684603130253e+00 2.674699037213650321e+00
8.250000000000000389e-03 2.093295473012806607e+00 2.677695675055081104e+00
8.259999999999999981e-03 2.085389667388013013e+00 2.680526082095393114e+00
8.270000000000001308e-03 2.077345410105278400e+00 2.683189887709481525e+00
8.280000000000000901e-03 2.069163859704779451e+00 2.685686747376363037e+00
8.290000000000000493e-03 2.060846191390489857e+00 2.688016342989895779e+00
8.300000000000000086e-03 2.052393597612045539e+00 2.690178383032968412e+00
8.310000000000001413e-03 2.043807288710559167e+00 2.692172602611876187e+00
8.320000000000001006e-03 2.035088493609058524e+00 2.693998763350903491e+00
8.330000000000000598e-03 2.026238460527147289e+00 2.695656653150450666e+00
8.340000000000000191e-03 2.017258457698816621e+00 2.697146085815286032e+00
8.350000000000001518e-03 2.008149774072209848e+00 2.698466900562565662e+00
8.360000000000001111e-03 1.998913719970508707e+00 2.699618961422114882e+00
8.370000000000000703e-03 1.989551627693919134e+00 2.700602156543999932e+00
8.380000000000000296e-03 1.980064852044090440e+00 2.701416397430613348e+00
8.389999999999999888e-03 1.970454770754022755e+00 2.702061618112237884e+00
8.400000000000001216e-03 1.960722784808662800e+00 2.702537774286366545e+00
8.410000000000000808e-03 1.950870318643917356e+00 2.702844842441887163e+00
8.420000000000000401e-03 1.940898820214512321e+00 2.702982818989517977e+00
8.429999999999999993e-03 1.930809760924250273e+00 2.702951719419692367e+00
8.440000000000001321e-03 1.920604635415270156e+00 2.702751577508359926e+00
8.450000000000000913e-03 1.910284961216196287e+00 2.702382444589951582e+00
8.460000000000000506e-03 1.899852278252299742e+00 2.701844388915068951e+00
8.470000000000000098e-03 1.889308148223980188e+00 2.701137495108375752e+00
8.480000000000001426e-03 1.878654153862841181e+00 2.700261863739651158e+00
8.490000000000001018e-03 1.867891898077517432e+00 2.699217611018200014e+00
8.500000000000000611e-03 1.857023003003855921e+00 2.698004868617763563e+00
8.510000000000000203e-03 1.846049108976288711e+00 2.696623783635847538e+00
8.520000000000001530e-03 1.834971873439003920e+00 2.695074518688105325e+00
8.530000000000001123e-03 1.823792969816878884e+00 2.693357252135054392e+00
8.540000000000000716e-03 1.812514086366988852e+00 2.691472178435168505e+00
8.550000000000000308e-03 1.801136925031998626e+00 2.689419508615249477e+00
8.559999999999999901e-03 1.789663200316555791e+00 2.687199470846122207e+00
8.570000000000001228e-03 1.778094638207241340e+00 2.684812311109030070e+00
8.580000000000000820e-03 1.766432975155618257e+00 2.682258293935906313e+00
8.590000000000000413e-03 1.754679957142305513e+00 2.679537703204817323e+00
8.600000000000000006e-03 1.742837338838135963e+00 2.676650842970470734e+00
8.610000000000001333e-03 1.730906882876104280e+00 2.673598038308787839e+00
8.620000000000000925e-03 1.718890359245194066e+00 2.670379636154113445e+00
8.630000000000000518e-03 1.706789544814219406e+00 2.666996006107753558e+00
8.640000000000000110e-03 1.694606222990844291e+00 2.663447541197166313e+00
8.650000000000001438e-03 1.682342183517615553e+00 2.659734658566232035e+00
8.660000000000001030e-03 1.669999222403701022e+00 2.655857800078655018e+00
8.670000000000000623e-03 1.657579141987694848e+00 2.651817432818555975e+00
8.680000000000000215e-03 1.645083751123898708e+00 2.647614049474749098e+00
8.690000000000001543e-03 1.632514865481416999e+00 2.643248168597928327e+00
8.700000000000001135e-03 1.619874307942801295e+00 2.638720334723006822e+00
8.710000000000000728e-03 1.607163909086590348e+00 2.634031118352026191e+00
8.720000000000000320e-03 1.594385507736133967e+00 2.629181115796376922e+00
8.729999999999999913e-03 1.581540951555409080e+00 2.624170948880401699e+00
8.740000000000001240e-03 1.568632097671517789e+00 2.619001264511715554e+00
8.750000000000000833e-03 1.555660813302829126e+00 2.613672734126799124e+00
8.760000000000000425e-03 1.542628976371525518e+00 2.608186053023274997e+00
8.770000000000000018e-03 1.529538476079775000e+00 2.602541939593070897e+00
8.780000000000001345e-03 1.516391213429441054e+00 2.596741134472911217e+00
8.790000000000000938e-03 1.503189101666580374e+00 2.590784399630585266e+00
8.800000000000000530e-03 1.489934066633716636e+00 2.584672517406894521e+00
8.810000000000000123e-03 1.476628047015022593e+00 2.578406289534230122e+00
8.820000000000001450e-03 1.463272994461933596e+00 2.571986536153213709e+00
8.830000000000001042e-03 1.449870873589619080e+00 2.565414094848863513e+00
8.840000000000000635e-03 1.436423661837596955e+00 2.558689819727157477e+00
8.850000000000000228e-03 1.422933349191019659e+00 2.551814580551947653e+00
8.860000000000001555e-03 1.409401937762365664e+00 2.544789261960552551e+00
8.870000000000001147e-03 1.395831441236518700e+00 2.537614762774474730e+00
8.880000000000000740e-03 1.382223884185330931e+00 2.530291995419327478e+00
8.890000000000000333e-03 1.368581301260929584e+00 2.522821885465359237e+00
8.899999999999999925e-03 1.354905736279697903e+00 2.515205371296996617e+00
8.910000000000001252e-03 1.341199241211493698e+00 2.507443403916671976e+00
8.920000000000000845e-03 1.327463875090821865e+00 2.499536946884905575e+00
8.930000000000000437e-03 1.313701702868502741e+00 2.491486976395230979e+00
8.940000000000000030e-03 1.299914794223771874e+00 2.483294481479327853e+00
8.950000000000001357e-03 1.286105222357595945e+00 2.474960464334416077e+00
8.960000000000000950e-03 1.272275062788501554e+00 2.466485940762079387e+00
8.970000000000000542e-03 1.258426392172067088e+00 2.457871940704801972e+00
8.980000000000000135e-03 1.244561287164697383e+00 2.449119508864244121e+00
8.990000000000001462e-03 1.230681823351264637e+00 2.440229705383103909e+00
9.000000000000001055e-03 1.216790074254689324e+00 2.431203606570940146e+00
9.010000000000000647e-03 1.202888110443552705e+00 2.422042305653102634e+00
9.020000000000000240e-03 1.188977998751656440e+00 2.412746913521431225e+00
9.030000000000001567e-03 1.175061801620706614e+00 2.403318559465132953e+00
9.040000000000001160e-03 1.161141576574459044e+00 2.393758391860828727e+00
9.050000000000000752e-03 1.147219375829585442e+00 2.384067578801522203e+00
9.060000000000000345e-03 1.133297246045345652e+00 2.374247308645837773e+00
9.069999999999999937e-03 1.119377228210819197e+00 2.364298790470573675e+00
9.080000000000001265e-03 1.105461357665343369e+00 2.354223254412037836e+00
9.090000000000000857e-03 1.091551664244614805e+00 2.344021951884160959e+00
9.100000000000000450e-03 1.077650172541956941e+00 2.333696155664367389e+00
9.110000000000000042e-03 1.063758902271670692e+00 2.323247159841287601e+00
9.120000000000001369e-03 1.049879868718873954e+00 2.312676279621710407e+00
9.130000000000000962e-03 1.036015083258319036e+00 2.301984850997490728e+00
9.140000000000000555e-03 1.022166553922964294e+00 2.291174230276483037e+00
9.150000000000000147e-03 1.008336286002058602e+00 2.280245793484791506e+00
9.160000000000001474e-03 9.945262826476813922e-01 2.269200935650724560e+00
9.170000000000001067e-03 9.807385454685551007e-01 2.258041069983580229e+00
9.180000000000000659e-03 9.669750750902484926e-01 2.246767626962976827e+00
9.190000000000000252e-03 9.532378716616984882e-01 2.235382053356476995e+00
9.200000000000001579e-03 9.395289352891812440e-01 2.223885811185020600e+00
9.210000000000001172e-03 9.258502663806730260e-01 2.212280376656839298e+00
9.220000000000000764e-03 9.122038658855503579e-01 2.200567239091284044e+00
9.230000000000000357e-03 8.985917354170975813e-01 2.188747899854199819e+00
9.239999999999999949e-03 8.850158772480489766e-01 2.176823871326182491e+00
9.250000000000001277e-03 8.714782941723332454e-01 2.164796675924161029e+00
9.260000000000000869e-03 8.579809892293992490e-01 2.152667845195548768e+00
9.270000000000000462e-03 8.445259652906315084e-01 2.140438919002262352e+00
9.280000000000000054e-03 8.311152245107634728e-01 2.128111444809880570e+00
9.290000000000001382e-03 8.177507676501941658e-01 2.115686977094481502e+00
9.300000000000000974e-03 8.044345932773154795e-01 2.103167076876974573e+00
9.310000000000000567e-03 7.911686968626636673e-01 2.090553311391476488e+00
9.320000000000000159e-03 7.779550697793287117e-01 2.077847253891185186e+00
9.330000000000001487e-03 7.647956982262680281e-01 2.065050483591696295e+00
9.340000000000001079e-03 7.516925620929796326e-01 2.052164585748485592e+00
9.350000000000000672e-03 7.386476337853593588e-01 2.039191151861883267e+00
9.360000000000000264e-03 7.256628770335991074e-01 2.026131779999911675e+00
9.370000000000001592e-03 7.127402457033200633e-01 2.012988075226302520e+00
9.380000000000001184e-03 6.998816826311771155e-01 1.999761650118612843e+00
9.390000000000000777e-03 6.870891185055298944e-01 1.986454125358974476e+00
9.400000000000000369e-03 6.743644708118955444e-01 1.973067130378406642e+00
9.409999999999999962e-03 6.617096428612796455e-01 1.959602304034117282e+00
9.420000000000001289e-03 6.491265229176340634e-01 1.946061295298536997e+00
9.430000000000000882e-03 6.366169834384441950e-01 1.932445763938397620e+00
9.440000000000000474e-03 6.241828804397543395e-01 1.918757381162446318e+00
9.450000000000000067e-03 6.118260529941400572e-01 1.904997830217059152e+00
9.460000000000001394e-03 5.995483228670301923e-01 1.891168806910302536e+00
9.470000000000000986e-03 5.873514942936050032e-01 1.877272020046587997e+00
9.480000000000000579e-03 5.752373538951849330e-01 1.863309191756290728e+00
9.490000000000000172e-03 5.632076707309273678e-01 1.849282057707131166e+00
9.500000000000001499e-03 5.512641964773887793e-01 1.835192367186993412e+00
9.510000000000001091e-03 5.394086657256722539e-01 1.821041883050872778e+00
9.520000000000000684e-03 5.276427963830633283e-01 1.806832381527941900e+00
9.530000000000000276e-03 5.159682901637915320e-01 1.792565651888033740e+00
9.540000000000001604e-03 5.043868331513973180e-01 1.778243495970261767e+00
9.550000000000001196e-03 4.929000964136038276e-01 1.763867727579705003e+00
9.560000000000000789e-03 4.815097366494220932e-01 1.749440171761357021e+00
9.570000000000000381e-03 4.702173968474829269e-01 1.734962663963375507e+00
9.579999999999999974e-03 4.590247069344034481e-01 1.720437049104421412e+00
9.590000000000001301e-03 4.479332843922423368e-01 1.705865180562054162e+00
9.600000000000000894e-03 4.369447348249195784e-01 1.691248919101180137e+00
9.610000000000000486e-03 4.260606524546368679e-01 1.676590131762803582e+00
9.620000000000000079e-03 4.152826205311424546e-01 1.661890690734498355e+00
9.630000000000001406e-03 4.046122116386640100e-01 1.647152472224200581e+00
9.640000000000000999e-03 3.940509878878276639e-01 1.632377355359072579e+00
9.650000000000000591e-03 3.836005009826242151e-01 1.617567221130332911e+00
9.660000000000000184e-03 3.732622921554679118e-01 1.602723951404085412e+00
9.670000000000001511e-03 3.630378919664810633e-01 1.587849428016325559e+00
9.680000000000001104e-03 3.529288199664541437e-01 1.572945531968502175e+00
9.690000000000000696e-03 3.429365842260875819e-01 1.558014142737347285e+00
9.700000000000000289e-03 3.330626807373630038e-01 1.543057137710168281e+00
9.710000000000001616e-03 3.233085926959275991e-01 1.528076391753525387e+00
9.720000000000001208e-03 3.136757896762142894e-01 1.513073776920217384e+00
9.730000000000000801e-03 3.041657267135522980e-01 1.498051162295934047e+00
9.740000000000000394e-03 2.947798433098480220e-01 1.483010413983796294e+00
9.749999999999999986e-03 2.855195623811657701e-01 1.467953395221444524e+00
9.760000000000001313e-03 2.763862891670258448e-01 1.452881966622329601e+00
9.770000000000000906e-03 2.673814101221587136e-01 1.437797986529701699e+00
9.780000000000000498e-03 2.585062918119470088e-01 1.422703311469187382e+00
9.790000000000000091e-03 2.497622798327744920e-01 1.407599796683378202e+00
9.800000000000001418e-03 2.411506977779387384e-01 1.392489296729940484e+00
9.810000000000001011e-03 2.326728462688535948e-01 1.377373666123142160e+00
9.820000000000000603e-03 2.243300020697387986e-01 1.362254759997704845e+00
9.830000000000000196e-03 2.161234173021548133e-01 1.347134434773301415e+00
9.840000000000001523e-03 2.080543187734628097e-01 1.332014548798043929e+00
9.850000000000001116e-03 2.001239074306931098e-01 1.316896962949735128e+00
9.860000000000000708e-03 1.923333579484140521e-01 1.301783541174747150e+00
9.870000000000000301e-03 1.846838184561982732e-01 1.286676150945831321e+00
9.880000000000001628e-03 1.771764104080208735e-01 1.271576663622170145e+00
9.890000000000001221e-03 1.698122285927037567e-01 1.256486954697261904e+00
9.900000000000000813e-03 1.625923412812975144e-01 1.241408903923001628e+00
9.910000000000000406e-03 1.555177905041678632e-01 1.226344395301257606e+00
9.919999999999999998e-03 1.485895924475575391e-01 1.211295316937481159e+00
9.930000000000001326e-03 1.418087379567231354e-01 1.196263560754138089e+00
9.940000000000000918e-03 1.351761931302991604e-01 1.181251022065256118e+00
9.950000000000000511e-03 1.286928999884635882e-01 1.166259599016555182e+00
9.960000000000000103e-03 1.223597771958882668e-01 1.151291191899097566e+00
9.970000000000001431e-03 1.161777208191835387e-01 1.136347702347211719e+00
9.980000000000001023e-03 1.101476050978690696e-01 1.121431032434468955e+00
9.990000000000000616e-03 1.042702832076077973e-01 1.106543083683726003e+00
1.000000000000000021e-02 9.854658799476441466e-02 1.091685756009576069e+00
1.001000000000000154e-02 9.297733266203725422e-02 1.076860946612954395e+00
1.002000000000000113e-02 8.756331138616002541e-02 1.062070548849016971e+00
1.003000000000000072e-02 8.230529985033353813e-02 1.047316451089871814e+00
1.004000000000000031e-02 7.720405567612630138e-02 1.032600535604094594e+00
1.005000000000000164e-02 7.226031874198461658e-02 1.017924677474356443e+00
1.006000000000000123e-02 6.747481137826417952e-02 1.003290743573791000e+00
1.007000000000000083e-02 6.284823843161961576e-02 9.887005916201289102e-01
1.008000000000000042e-02 5.838128719475123296e-02 9.741560693249936564e-01
1.009000000000000001e-02 5.407462720072966217e-02 9.596590136532561210e-01
1.010000000000000134e-02 4.992890988435837868e-02 9.452112502048930498e-01
1.011000000000000093e-02 4.594476811622961315e-02 9.308145927287699850e-01
1.012000000000000052e-02 4.212281561818585068e-02 9.164708427745934527e-01
1.013000000000000012e-02 3.846364627176266510e-02 9.021817894860590936e-01
1.014000000000000144e-02 3.496783333374896274e-02 8.879492095347614189e-01
1.015000000000000104e-02 3.163592857528702701e-02 8.737748671911089726e-01
1.016000000000000063e-02 2.846846136277566414e-02 8.596605145251247082e-01
1.017000000000000022e-02 2.546593770030110629e-02 8.456078917270734019e-01
1.018000000000000155e-02 2.262883925430121332e-02 8.316187275347773911e-01
1.019000000000000114e-02 1.995762238166240432e-02 8.176947397521455718e-01
1.020000000000000073e-02 1.745271718244689740e-02 8.038376358410559419e-01
1.021000000000000033e-02 1.511452659797817531e-02 7.900491135672108589e-01
1.022000000000000165e-02 1.294342557400984806e-02 7.763308616790862704e-01
1.023000000000000125e-02 1.093976030728468878e-02 7.626845605985292931e-01
1.024000000000000084e-02 9.103847591910466802e-03 7.491118831010874501e-01
1.025000000000000043e-02 7.435974279747645764e-03 7.356144949646621356e-01
1.026000000000000002e-02 5.936396866409238658e-03 7.221940555656363170e-01
1.027000000000000135e-02 4.605341211621724259e-03 7.088522184031023077e-01
1.028000000000000094e-02 3.443002399652392038e-03 6.955906315334446921e-01
1.029000000000000054e-02 2.449544742300842869e-03 6.824109378998014508e-01
1.030000000000000013e-02 1.625101923719258741e-03 6.693147755434341040e-01
1.031000000000000145e-02 9.697772830874207012e-04 6.563037776869642403e-01
1.032000000000000105e-02 4.836442280329733426e-04 6.433795726824761418e-01
1.033000000000000064e-02 1.667467687135963639e-04 6.305437838208440837e-01
1.034000000000000023e-02 1.910015974729493125e-05 6.177980290019600140e-01
1.035000000000000156e-02 4.069163473441257976e-05 6.051439202689740116e-01
1.036000000000000115e-02 2.314812160399355766e-04 5.925830632128969988e-01
1.037000000000000074e-02 5.914025808283912295e-04 5.801170562571399403e-01
1.038000000000000034e-02 1.120363963113777620e-03 5.677474898344392340e-01
1.039000000000000166e-02 1.818249070832033895e-03 5.554759454712924205e-01
1.040000000000000126e-02 2.684917996674462352e-03 5.433039947972282402e-01
1.041000000000000085e-02 3.720208101654450938e-03 5.312331984981453203e-01
1.042000000000000044e-02 4.923934851102579509e-03 5.192651052342878160e-01
1.043000000000000003e-02 6.295892583977960588e-03 5.074012505443704635e-01
1.044000000000000136e-02 7.835855198036473582e-03 4.956431557576509994e-01
1.045000000000000095e-02 9.543576735436813674e-03 4.839923269357212510e-01
1.046000000000000055e-02 1.141879185579549975e-02 4.724502538649467676e-01
1.047000000000000014e-02 1.346121618639621945e-02 4.610184091195005940e-01
1.048000000000000147e-02 1.567054654223586779e-02 4.496982472130804931e-01
1.049000000000000106e-02 1.804646101170559111e-02 4.384912038554824587e-01
1.050000000000000065e-02 2.058861890693870073e-02 4.273986953275469847e-01
1.051000000000000024e-02 2.329666058109525553e-02 4.164221179853719312e-01
1.052000000000000157e-02 2.617020711806663374e-02 4.055628479014297683e-01
1.053000000000000116e-02 2.920885990312645925e-02 3.948222406471434964e-01
1.054000000000000076e-02 3.241220008594696694e-02 3.842016312179495352e-01
1.055000000000000035e-02 3.577978794998310647e-02 3.737023340986585507e-01
1.056000000000000168e-02 3.931116220450314030e-02 3.633256434634284937e-01
1.057000000000000127e-02 4.300583921743805771e-02 3.530728335016135588e-01
1.058000000000000086e-02 4.686331220870257330e-02 3.429451588576264975e-01
1.059000000000000045e-02 5.088305042461324645e-02 3.329438551704049787e-01
1.060000000000000005e-02 5.506449831459039185e-02 3.230701396955713567e-01
1.061000000000000137e-02 5.940707473134669570e-02 3.133252119915582723e-01
1.062000000000000097e-02 6.391017217528385808e-02 3.037102546493858357e-01
1.063000000000000056e-02 6.857315610289417551e-02 2.942264340448380033e-01
1.064000000000000015e-02 7.339536431752931300e-02 2.848749010912538515e-01
1.065000000000000148e-02 7.837610645905869478e-02 2.756567919712253900e-01
1.066000000000000107e-02 8.351466360670824207e-02 2.665732288259997640e-01
1.067000000000000066e-02 8.881028800682466695e-02 2.576253203825038529e-01
1.068000000000000026e-02 9.426220293442466591e-02 2.488141624994247847e-01
1.069000000000000158e-02 9.986960269439197624e-02 2.401408386158171981e-01
1.070000000000000118e-02 1.056316527649559939e-01 2.316064200880597612e-01
1.071000000000000077e-02 1.115474900828854754e-01 2.232119664037706119e-01
1.072000000000000036e-02 1.176162234665369538e-01 2.149585252642720601e-01
1.073000000000000169e-02 1.238369341698040832e-01 2.068471325304480080e-01
1.074000000000000128e-02 1.302086765570088789e-01 1.988788120301321627e-01
1.075000000000000087e-02 1.367304788860301823e-01 1.910545752285998655e-01
1.076000000000000047e-02 1.434013441844936565e-01 1.833754207670506564e-01
1.077000000000000006e-02 1.502202512017902780e-01 1.758423338772362177e-01
1.078000000000000139e-02 1.571861554179416753e-01 1.684562856833687894e-01
1.079000000000000098e-02 1.642979900891064216e-01 1.612182324052915394e-01
1.080000000000000057e-02 1.715546673087577911e-01 1.541291144792242274e-01
1.081000000000000016e-02 1.789550790632093991e-01 1.471898556145480041e-01
1.082000000000000149e-02 1.864980982604360071e-01 1.404013618065770019e-01
1.083000000000000108e-02 1.941825797118023889e-01 1.337645203264767046e-01
1.084000000000000068e-02 2.020073610474926173e-01 1.272801987099947685e-01
1.085000000000000027e-02 2.099712635480389111e-01 1.209492437668605175e-01
1.086000000000000160e-02 2.180730928764262611e-01 1.147724806321598345e-01
1.087000000000000119e-02 2.263116396975797251e-01 1.087507118801276790e-01
1.088000000000000078e-02 2.346856801748100352e-01 1.028847167192687151e-01
1.089000000000000037e-02 2.431939763356955331e-01 9.717525028590121017e-02
1.090000000000000170e-02 2.518352763030117236e-01 9.162304305081597766e-02
1.091000000000000129e-02 2.606083143895422394e-01 8.622880035115963737e-02
1.092000000000000089e-02 2.695118110588899385e-01 8.099320205660770489e-02
1.093000000000000048e-02 2.785444727575262513e-01 7.591690237580711598e-02
1.094000000000000007e-02 2.877049916264853291e-01 7.100052980566161354e-02
1.095000000000000140e-02 2.969920451039234632e-01 6.624468722272493226e-02
1.096000000000000099e-02 3.064042954324217582e-01 6.164995211254917229e-02
1.097000000000000058e-02 3.159403890871819720e-01 5.721687692961295590e-02
1.098000000000000018e-02 3.255989561431649748e-01 5.294598957734556605e-02
1.099000000000000150e-02 3.353786096007687068e-01 4.883779399495428303e-02
1.100000000000000110e-02 3.452779446905912542e-01 4.489277083522789924e-02
1.101000000000000069e-02 3.552955381784595468e-01 4.111137821538502629e-02
1.102000000000000028e-02 3.654299476919019019e-01 3.749405252132680805e-02
1.103000000000000161e-02 3.756797110888210889e-01 3.404120924444094948e-02
1.104000000000000120e-02 3.860433458881916136e-01 3.075324382937283385e-02
1.105000000000000079e-02 3.965193487812572748e-01 2.763053251099509278e-02
1.106000000000000039e-02 4.071061952397891925e-01 2.467343311912031240e-02
1.107000000000000171e-02 4.178023392358439225e-01 2.188228583035698935e-02
1.108000000000000131e-02 4.286062130848730112e-01 1.925741384783167393e-02
1.109000000000000090e-02 4.395162274212055520e-01 1.679912399131831130e-02
1.110000000000000049e-02 4.505307713118757440e-01 1.450770718252908202e-02
1.111000000000000008e-02 4.616482125116360691e-01 1.238343881292237707e-02
1.112000000000000141e-02 4.728668978586850202e-01 1.042657898425906199e-02
1.113000000000000100e-02 4.841851538074332106e-01 8.637372615296947873e-03
1.114000000000000060e-02 4.956012870915193491e-01 7.016049411265652506e-03
1.115000000000000019e-02 5.071135855071919885e-01 5.562823696171519464e-03
1.116000000000000152e-02 5.187203188045186319e-01 4.277894111314923392e-03
1.117000000000000111e-02 5.304197396713267176e-01 3.161443186712929298e-03
1.118000000000000070e-02 5.422100847927505685e-01 2.213636795225279019e-03
1.119000000000000029e-02 5.540895759674228094e-01 1.434623502084028538e-03
1.120000000000000162e-02 5.660564212601755241e-01 8.245338250919242691e-04
1.121000000000000121e-02 5.781088161702632178e-01 3.834794229825498027e-04
1.122000000000000081e-02 5.902449447938052929e-01 1.115522312103271345e-04
1.123000000000000040e-02 6.024629809593038399e-01 8.823565775558889852e-06
1.124000000000000173e-02 6.147610893158361733e-01 7.534321651490718597e-05
1.125000000000000132e-02 6.271374263545662631e-01 3.111385515958706789e-04
1.126000000000000091e-02 6.395901413459171847e-01 7.162136547521974960e-04
1.127000000000000050e-02 6.521173771767060368e-01 1.290548516057318058e-03
1.128000000000000010e-02 6.647172710739162049e-01 2.034098295808350713e-03
1.129000000000000142e-02 6.773879552045023456e-01 2.946792679388724259e-03
1.130000000000000102e-02 6.901275571435471212e-01 4.028535338843044523e-03
1.131000000000000061e-02 7.029342002061960137e-01 5.279203514392693912e-03
1.132000000000000020e-02 7.158060036420014205e-01 6.698647726284111259e-03
1.133000000000000153e-02 7.287410826936230324e-01 8.286691624285226487e-03
1.134000000000000112e-02 7.417375485249415590e-01 1.004313197889255757e-02
1.135000000000000071e-02 7.547935080268198815e-01 1.196773881495897911e-02
1.136000000000000031e-02 7.679070635115835541e-01 1.406025568508059015e-02
1.137000000000000163e-02 7.810763123099340177e-01 1.632040007677908189e-02
1.138000000000000123e-02 7.942993462863179310e-01 1.874786394435562151e-02
1.139000000000000082e-02 8.075742512907705395e-01 2.134231435336134824e-02
1.140000000000000041e-02 8.208991065666332299e-01 2.410339422296793252e-02
1.141000000000000174e-02 8.342719841347507881e-01 2.703072314923761141e-02
1.142000000000000133e-02 8.476909481752100683e-01 3.012389829040814856e-02
1.143000000000000092e-02 8.611540544278870613e-01 3.338249529388677417e-02
1.144000000000000052e-02 8.746593496325032469e-01 3.680606924369634464e-02
1.145000000000000011e-02 8.882048710281200687e-01 4.039415560670134991e-02
1.146000000000000144e-02 9.017886459305987090e-01 4.414627115603814850e-02
1.147000000000000103e-02 9.154086914046840606e-01 4.806191485079058801e-02
1.148000000000000062e-02 9.290630140452914576e-01 5.214056865206816160e-02
1.149000000000000021e-02 9.427496098799528212e-01 5.638169825725403150e-02
1.150000000000000154e-02 9.564664644015978823e-01 6.078475373621328171e-02
1.151000000000000113e-02 9.702115527378020188e-01 6.534917005569967907e-02
1.152000000000000073e-02 9.839828399595236252e-01 7.007436748094279799e-02
1.153000000000000032e-02 9.977782815289762963e-01 7.495975184643093037e-02
1.154000000000000165e-02 1.011595823883171041e+00 8.000471469110814748e-02
1.155000000000000124e-02 1.025433405146447319e+00 8.520863325655661513e-02
1.156000000000000083e-02 1.039288955962310856e+00 9.057087035007364839e-02
1.157000000000000042e-02 1.053160400432102017e+00 9.609077407788811642e-02
1.158000000000000175e-02 1.067045657145603288e+00 1.017676774569298975e-01
1.159000000000000134e-02 1.080942640286432832e+00 1.076008979165794105e-01
1.160000000000000094e-02 1.094849260793464119e+00 1.135897367045004269e-01
1.161000000000000053e-02 1.108763427558111303e+00 1.197334782130562991e-01
1.162000000000000012e-02 1.122683048636517356e+00 1.260313892447447737e-01
1.163000000000000145e-02 1.136606032455365956e+00 1.324827182366581924e-01
1.164000000000000104e-02 1.150530288990127881e+00 1.390866944649518933e-01
1.165000000000000063e-02 1.164453730895307570e+00 1.458425272509185910e-01
1.166000000000000023e-02 1.178374274567229651e+00 1.527494051901850391e-01
1.167000000000000155e-02 1.192289841121612293e+00 1.598064954261378123e-01
1.168000000000000115e-02 1.206198357270119814e+00 1.670129429875784333e-01
1.169000000000000074e-02 1.220097756082435314e+00 1.743678702092063826e-01
1.170000000000000033e-02 1.233985977623060393e+00 1.818703762514738975e-01
1.171000000000000166e-02 1.247860969455040880e+00 1.895195367341241666e-01
1.172000000000000125e-02 1.261720687005820407e+00 1.973144034949288750e-01
1.173000000000000084e-02 1.275563093793739666e+00 2.052540044822832310e-01
1.174000000000000044e-02 1.289386161516896667e+00 2.133373437870212386e-01
1.175000000000000176e-02 1.303187870009287153e+00 2.215634018156328600e-01
1.176000000000000136e-02 1.316966207072264083e+00 2.299311356035921294e-01
1.177000000000000095e-02 1.330719168192295632e+00 2.384394792642983985e-01
1.178000000000000054e-02 1.344444756158525323e+00 2.470873445657923717e-01
1.179000000000000013e-02 1.358140980596105774e+00 2.558736216245052209e-01
1.180000000000000146e-02 1.371805857433180620e+00 2.647971797024248897e-01
1.181000000000000105e-02 1.385437408320870700e+00 2.738568680917135567e-01
1.182000000000000065e-02 1.399033660026816284e+00 2.830515170686936921e-01
1.183000000000000024e-02 1.412592643823334937e+00 2.923799388975475977e-01
1.184000000000000156e-02 1.426112394891403179e+00 3.018409288628894349e-01
1.185000000000000116e-02 1.439590951761262616e+00 3.114332663097854614e-01
1.186000000000000075e-02 1.453026355809651227e+00 3.211557156696187576e-01
1.187000000000000034e-02 1.466416650832162771e+00 3.310070274506346499e-01
1.188000000000000167e-02 1.479759882707630148e+00 3.409859391728696232e-01
1.189000000000000126e-02 1.493054099169120574e+00 3.510911762286138549e-01
1.190000000000000085e-02 1.506297349693741294e+00 3.613214526513580105e-01
1.191000000000000045e-02 1.519487685520501064e+00 3.716754717784716000e-01
1.192000000000000177e-02 1.532623159802590118e+00 3.821519267954385235e-01
1.193000000000000137e-02 1.545701827897209002e+00 3.927495011524340107e-01
1.194000000000000096e-02 1.558721747792842560e+00 4.034668688471047537e-01
1.195000000000000055e-02 1.571680980670616457e+00 4.143026945707263264e-01
1.196000000000000014e-02 1.584577591593267387e+00 4.252556337182183399e-01
1.197000000000000147e-02 1.597409650312170193e+00 4.363243322658872381e-01
1.198000000000000106e-02 1.610175232180116600e+00 4.475074265239057936e-01
1.199000000000000066e-02 1.622872419155074297e+00 4.588035427737373051e-01
1.200000000000000025e-02 1.635499300877875761e+00 4.702112968033621554e-01
1.201000000000000158e-02 1.648053975805170213e+00 4.817292933558449675e-01
1.202000000000000117e-02 1.660534552377514128e+00 4.933561255087441921e-01
1.203000000000000076e-02 1.672939150201758318e+00 5.050903740037391287e-01
1.204000000000000035e-02 1.685265901226345786e+00 5.169306065469052580e-01
1.205000000000000168e-02 1.697512950888442562e+00 5.288753771009936377e-01
1.206000000000000127e-02 1.709678459212297774e+00 5.409232251911316736e-01
1.207000000000000087e-02 1.721760601839435578e+00 5.530726752452383987e-01
1.208000000000000046e-02 1.733757570972768391e+00 5.653222359894611859e-01
1.209000000000000179e-02 1.745667576218720596e+00 5.776703999178333104e-01
1.210000000000000138e-02 1.757488845313776027e+00 5.901156428534158893e-01
1.211000000000000097e-02 1.769219624724582607e+00 6.026564236161955357e-01
1.212000000000000056e-02 1.780858180113545020e+00 6.152911838102651521e-01
1.213000000000000016e-02 1.792402796665054421e+00 6.280183477401688474e-01
1.214000000000000148e-02 1.803851779270639666e+00 6.408363224630414523e-01
1.215000000000000108e-02 1.815203452574619236e+00 6.537434979800491597e-01
1.216000000000000067e-02 1.826456160885028712e+00 6.667382475672383180e-01
1.217000000000000026e-02 1.837608267957672625e+00 6.798189282426021496e-01
1.218000000000000159e-02 1.848658156664148899e+00 6.929838813628945715e-01
1.219000000000000118e-02 1.859604228557251382e+00 7.062314333406687350e-01
1.220000000000000077e-02 1.870444903349585131e+00 7.195598964690971266e-01
1.221000000000000037e-02 1.881178618323182894e+00 7.329675698396087569e-01
1.222000000000000169e-02 1.891803827689438222e+00 7.464527403351219892e-01
1.223000000000000129e-02 1.902319001919818842e+00 7.600136836799348261e-01
1.224000000000000088e-02 1.912722627068474734e+00 7.736486655259224854e-01
1.225000000000000047e-02 1.923013204107889784e+00 7.873559425539131684e-01
1.226000000000000180e-02 1.933189248298490925e+00 8.011337635687211245e-01
1.227000000000000139e-02 1.943249288612169057e+00 8.149803705665716880e-01
1.228000000000000098e-02 1.953191867228456280e+00 8.288939997542861260e-01
1.229000000000000058e-02 1.963015539120218422e+00 8.428728825008396930e-01
1.230000000000000017e-02 1.972718871743685209e+00 8.569152462035133366e-01
1.231000000000000150e-02 1.982300444845095155e+00 8.710193150530450845e-01
1.232000000000000109e-02 1.991758850393404945e+00 8.851833106845101717e-01
1.233000000000000068e-02 2.001092692645610072e+00 8.994054527036374758e-01
1.234000000000000027e-02 2.010300588347930795e+00 9.136839590810744705e-01
1.235000000000000160e-02 2.019381167072989758e+00 9.280170464105561567e-01
1.236000000000000119e-02 2.028333071689784717e+00 9.424029300300283962e-01
1.237000000000000079e-02 2.037154958960178508e+00 9.568398240083261230e-01
1.238000000000000038e-02 2.045845500252485127e+00 9.713259410030286034e-01
1.239000000000000171e-02 2.054403382360044272e+00 9.858594919984887683e-01
1.240000000000000130e-02 2.062827308410100535e+00 1.000438685935724381e+00
1.241000000000000089e-02 2.071115998846124295e+00 1.015061729248696976e+00
1.242000000000000048e-02 2.079268192464930998e+00 1.029726825323552752e+00
1.243000000000000181e-02 2.087282647488642340e+00 1.044432173899505045e+00
1.244000000000000140e-02 2.095158142650580757e+00 1.059175970431245561e+00
1.245000000000000100e-02 2.102893478273866190e+00 1.073956405433922123e+00
1.246000000000000059e-02 2.110487477321536076e+00 1.088771663831927361e+00
1.247000000000000018e-02 2.117938986397625012e+00 1.103619924332888358e+00
1.248000000000000151e-02 2.125246876679718344e+00 1.118499358847448111e+00
1.249000000000000110e-02 2.132410044765002066e+00 1.133408131974491972e+00
1.250000000000000069e-02 2.139427413413841794e+00 1.148344400569784041e+00
1.251000000000000029e-02 2.146297932177151147e+00 1.163306313414057103e+00
1.252000000000000161e-02 2.153020577896545884e+00 1.178292010994123062e+00
1.253000000000000121e-02 2.159594355069130778e+00 1.193299625407944875e+00
1.254000000000000080e-02 2.166018296071875682e+00 1.208327280401538140e+00
1.255000000000000039e-02 2.172291461243720523e+00 1.223373091542453217e+00
1.256000000000000172e-02 2.178412938826849388e+00 1.238435166531242970e+00
1.257000000000000131e-02 2.184381844771724257e+00 1.253511605649067384e+00
1.258000000000000090e-02 2.190197322413647285e+00 1.268600502336231006e+00
1.259000000000000050e-02 2.195858542031493776e+00 1.283699943893354956e+00
1.260000000000000182e-02 2.201364700301957189e+00 1.298808012293871439e+00
1.261000000000000142e-02 2.206715019665014488e+00 1.313922785093885048e+00
1.262000000000000101e-02 2.211908747618326121e+00 1.329042336423133186e+00
1.263000000000000060e-02 2.216945155959832991e+00 1.344164738038718054e+00
1.264000000000000019e-02 2.221823539998978525e+00 1.359288060421873778e+00
1.265000000000000152e-02 2.226543217757641191e+00 1.374410373896948201e+00
1.266000000000000111e-02 2.231103529181981848e+00 1.389529749751262866e+00
1.267000000000000071e-02 2.235503835386126070e+00 1.404644261334508704e+00
1.268000000000000030e-02 2.239743517947744955e+00 1.419751985116769477e+00
1.269000000000000163e-02 2.243821978274306073e+00 1.434851001685351957e+00
1.270000000000000122e-02 2.247738637057040911e+00 1.449939396662020430e+00
1.271000000000000081e-02 2.251492933827554221e+00 1.465015261524212686e+00
1.272000000000000040e-02 2.255084326629478220e+00 1.480076694316034835e+00
1.273000000000000173e-02 2.258512291814851469e+00 1.495121800237598109e+00
1.274000000000000132e-02 2.261776323971868230e+00 1.510148692104146262e+00
1.275000000000000092e-02 2.264875935987511912e+00 1.525155490669586111e+00
1.276000000000000051e-02 2.267810659245331095e+00 1.540140324812242723e+00
1.277000000000000184e-02 2.270580043955389815e+00 1.555101331584063384e+00
1.278000000000000143e-02 2.273183659610246377e+00 1.570036656127762109e+00
1.279000000000000102e-02 2.275621095557770701e+00 1.584944451469529669e+00
1.280000000000000061e-02 2.277891961678819133e+00 1.599822878198014164e+00
1.281000000000000021e-02 2.279995889155229882e+00 1.614670104042906562e+00
1.282000000000000153e-02 2.281932531311416046e+00 1.629484303369029163e+00
1.283000000000000113e-02 2.283701564511027460e+00 1.644263656603656143e+00
1.284000000000000072e-02 2.285302689088774653e+00 1.659006349616634957e+00
1.285000000000000031e-02 2.286735630296615085e+00 1.673710573073740937e+00
1.286000000000000164e-02 2.288000139243069775e+00 1.688374521784579585e+00
1.287000000000000123e-02 2.289095993804506346e+00 1.702996394066247143e+00
1.288000000000000082e-02 2.290022999487834277e+00 1.717574391143775969e+00
1.289000000000000042e-02 2.290780990225043556e+00 1.732106716607260788e+00
1.290000000000000174e-02 2.291369829081608689e+00 1.746591575944393071e+00
1.291000000000000134e-02 2.291789408862618949e+00 1.761027176165095742e+00
1.292000000000000093e-02 2.292039652602887667e+00 1.775411725532904494e+00
1.293000000000000052e-02 2.292120513929854386e+00 1.789743433414917817e+00
1.294000000000000185e-02 2.292031977291020262e+00 1.804020510259491727e+00
1.295000000000000144e-02 2.291774058040731532e+00 1.818241167707520312e+00
1.296000000000000103e-02 2.291346802384306880e+00 1.832403618840126480e+00
1.297000000000000063e-02 2.290750287180796985e+00 1.846506078562025088e+00
1.298000000000000022e-02 2.289984619608843364e+00 1.860546764116752572e+00
1.299000000000000155e-02 2.289049936703239307e+00 1.874523895726562861e+00
1.300000000000000114e-02 2.287946404772732034e+00 1.888435697346890763e+00
1.301000000000000073e-02 2.286674218712291040e+00 1.902280397522403854e+00
1.302000000000000032e-02 2.285233601225456379e+00 1.916056230329235222e+00
1.303000000000000165e-02 2.283624801974382112e+00 1.929761436385836859e+00
1.304000000000000124e-02 2.281848096676821758e+00 1.943394263913284403e+00
1.305000000000000084e-02 2.279903786170429658e+00 1.956952969824553357e+00
1.306000000000000043e-02 2.277792195465444980e+00 1.970435820821643258e+00
1.307000000000000176e-02 2.275513672807022214e+00 1.983841094479121381e+00
1.308000000000000135e-02 2.273068588768127007e+00 1.997167080293068775e+00
1.309000000000000094e-02 2.270457335393158083e+00 2.010412080675110680e+00
1.310000000000000053e-02 2.267680325411156161e+00 2.023574411872585799e+00
1.311000000000000186e-02 2.264737991535757722e+00 2.036652404797605787e+00
1.312000000000000145e-02 2.261630785866942883e+00 2.049644405750005394e+00
1.313000000000000105e-02 2.258359179407159356e+00 2.062548777021621760e+00
1.314000000000000064e-02 2.254923661701639492e+00 2.075363897372258570e+00
1.315000000000000023e-02 2.251324740609751185e+00 2.088088162370695944e+00
1.316000000000000156e-02 2.247562942211073000e+00 2.100719984597405166e+00
1.317000000000000115e-02 2.243638810846643405e+00 2.113257793708831489e+00
1.318000000000000074e-02 2.239552909292597871e+00 2.125700036366567236e+00
1.319000000000000034e-02 2.235305819060225740e+00 2.138045176037787876e+00
1.320000000000000166e-02 2.230898140813449171e+00 2.150291692676585154e+00
1.321000000000000126e-02 2.226330494891888723e+00 2.162438082298491437e+00
1.322000000000000085e-02 2.221603521925122671e+00 2.174482856463229030e+00
1.323000000000000044e-02 2.216717883521566623e+00 2.186424541682689959e+00
1.324000000000000177e-02 2.211674263013534869e+00 2.198261678773119066e+00
1.325000000000000136e-02 2.206473366238676626e+00 2.209992822171610971e+00
1.326000000000000095e-02 2.201115922337031794e+00 2.221616539238032484e+00
1.327000000000000055e-02 2.195602684542529826e+00 2.233131409563595682e+00
1.328000000000000187e-02 2.189934430947793498e+00 2.244536024307313582e+00
1.329000000000000146e-02 2.184111965221618323e+00 2.255828985580661694e+00
1.330000000000000106e-02 2.178136117259612980e+00 2.267008905899767779e+00
1.331000000000000065e-02 2.172007743749889475e+00 2.278074407722558536e+00
1.332000000000000024e-02 2.165727728637615090e+00 2.289024123086404128e+00
1.333000000000000157e-02 2.159296983474578546e+00 2.299856693359182191e+00
1.334000000000000116e-02 2.152716447642476272e+00 2.310570769113990064e+00
1.335000000000000075e-02 2.145987088441504653e+00 2.321165010134650597e+00
1.336000000000000035e-02 2.139109901038970474e+00 2.331638085555994611e+00
1.337000000000000167e-02 2.132085908275757280e+00 2.341988674139544813e+00
1.338000000000000127e-02 2.124916160331803194e+00 2.352215464681993051e+00
1.339000000000000086e-02 2.117601734254892065e+00 2.362317156550516994e+00
1.340000000000000045e-02 2.110143733360266172e+00 2.372292460335946540e+00
1.341000000000000178e-02 2.102543286511440623e+00 2.382140098611829515e+00
1.342000000000000137e-02 2.094801547295364497e+00 2.391858806784909586e+00
1.343000000000000096e-02 2.086919693107403440e+00 2.401447334020199165e+00
1.344000000000000056e-02 2.078898924163733231e+00 2.410904444222039977e+00
1.345000000000000188e-02 2.070740462460304077e+00 2.420228917051082895e+00
1.346000000000000148e-02 2.062445550698733143e+00 2.429419548956264219e+00
1.347000000000000107e-02 2.054015451200165820e+00 2.438475154200371975e+00
1.348000000000000066e-02 2.045451444828404686e+00 2.447394565857963222e+00
1.349000000000000025e-02 2.036754829943266287e+00 2.456176636764936472e+00
1.350000000000000158e-02 2.027926921404377580e+00 2.464820240400278362e+00
1.351000000000000117e-02 2.018969049644384395e+00 2.473324271681947462e+00
1.352000000000000077e-02 2.009882559828804816e+00 2.481687647661056761e+00
1.353000000000000036e-02 2.000668811117757517e+00 2.489909308100722196e+00
1.354000000000000169e-02 1.991329176042251792e+00 2.497988215928860445e+00
1.355000000000000128e-02 1.981865040005023282e+00 2.505923357557057862e+00
1.356000000000000087e-02 1.972277800912968226e+00 2.513713743060944861e+00
1.357000000000000046e-02 1.962568868944971179e+00 2.521358406220676418e+00
1.358000000000000179e-02 1.952739666455826750e+00 2.528856404423565518e+00
1.359000000000000138e-02 1.942791628013628591e+00 2.536206818434067589e+00
1.360000000000000098e-02 1.932726200564800267e+00 2.543408752039611809e+00
1.361000000000000057e-02 1.922544843717988616e+00 2.550461331583553815e+00
1.362000000000000190e-02 1.912249030135110495e+00 2.557363705399355869e+00
1.363000000000000149e-02 1.901840246015325420e+00 2.564115043162303653e+00
1.364000000000000108e-02 1.891319991655441290e+00 2.570714535177109905e+00
1.365000000000000067e-02 1.880689782068470040e+00 2.577161391621174857e+00
1.366000000000000027e-02 1.869951147640581679e+00 2.583454841764331267e+00
1.367000000000000159e-02 1.859105634805758411e+00 2.589594133186409852e+00
1.368000000000000119e-02 1.848154806717031473e+00 2.595578531013952528e+00
1.369000000000000078e-02 1.837100243893102336e+00 2.601407317196893221e+00
1.370000000000000037e-02 1.825943544819813802e+00 2.607079789844996665e+00
1.371000000000000170e-02 1.814686326486813384e+00 2.612595262642351646e+00
1.372000000000000129e-02 1.803330224841293461e+00 2.617953064356290493e+00
1.373000000000000088e-02 1.791876895142510584e+00 2.623152538454733396e+00
1.374000000000000048e-02 1.780328012203157728e+00 2.628193042843323557e+00
1.375000000000000180e-02 1.768685270506144880e+00 2.633073949730735386e+00
1.376000000000000140e-02 1.756950384188305625e+00 2.637794645627396406e+00
1.377000000000000099e-02 1.745125086885505272e+00 2.642354531479594204e+00
1.378000000000000058e-02 1.733211131436956709e+00 2.646753022937591737e+00
1.379000000000000191e-02 1.721210289449672359e+00 2.650989550753076074e+00
1.380000000000000150e-02 1.709124350727245112e+00 2.655063561298099728e+00
1.381000000000000109e-02 1.696955122570322105e+00 2.658974517194664156e+00
1.382000000000000069e-02 1.684704428959050926e+00 2.662721898041361168e+00
1.383000000000000028e-02 1.672374109630447414e+00 2.666305201221056631e+00
1.384000000000000161e-02 1.659966019066178911e+00 2.669723942771654812e+00
1.385000000000000120e-02 1.647482025408191220e+00 2.672977658300267123e+00
1.386000000000000079e-02 1.634924009321271354e+00 2.676065903920140432e+00
1.387000000000000038e-02 1.622293862822931088e+00 2.678988257188950506e+00
1.388000000000000171e-02 1.609593488101587866e+00 2.681744318027057261e+00
1.389000000000000130e-02 1.596824796344384678e+00 2.684333709594695971e+00
1.390000000000000090e-02 1.583989706595591684e+00 2.686756079108019168e+00
1.391000000000000049e-02 1.571090144665935551e+00 2.689011098575274872e+00
1.392000000000000182e-02 1.558128042111841527e+00 2.691098465436342124e+00
1.393000000000000141e-02 1.545105335302004557e+00 2.693017903091023069e+00
1.394000000000000100e-02 1.532023964586523457e+00 2.694769161304192640e+00
1.395000000000000059e-02 1.518885873581544255e+00 2.696352016478745117e+00
1.396000000000000192e-02 1.505693008579492176e+00 2.697766271790455583e+00
1.397000000000000151e-02 1.492447318092095854e+00 2.699011757182112170e+00
1.398000000000000111e-02 1.479150752530192348e+00 2.700088329217622540e+00
1.399000000000000070e-02 1.465805264021187604e+00 2.700995870800119825e+00
1.400000000000000029e-02 1.452412806361679465e+00 2.701734290761280466e+00
1.401000000000000162e-02 1.438975335099665909e+00 2.702303523332186597e+00
1.402000000000000121e-02 1.425494807737597958e+00 2.702703527508767412e+00
1.403000000000000080e-02 1.411973184044822638e+00 2.702934286327430158e+00
1.404000000000000040e-02 1.398412426465277303e+00 2.702995806068535067e+00
1.405000000000000172e-02 1.384814500604033549e+00 2.702888115407089398e+00
1.406000000000000132e-02 1.371181375774550348e+00 2.702611264531228574e+00
1.407000000000000091e-02 1.357515025586932156e+00 2.702165324249790501e+00
1.408000000000000050e-02 1.343817428556519200e+00 2.701550385110478292e+00
1.409000000000000183e-02 1.330090568711748134e+00 2.700766556549795361e+00
1.410000000000000142e-02 1.316336436180120861e+00 2.699813966095134798e+00
1.411000000000000101e-02 1.302557027731603423e+00 2.698692758638042921e+00
1.412000000000000061e-02 1.288754347259878141e+00 2.697403095795948058e+00
1.413000000000000193e-02 1.274930406183169884e+00 2.695945155377420299e+00
1.414000000000000153e-02 1.261087223748348363e+00 2.694319130963478415e+00
1.415000000000000112e-02 1.247226827224143353e+00 2.692525231614607328e+00
1.416000000000000071e-02 1.233351251972037543e+00 2.690563681710035127e+00
1.417000000000000030e-02 1.219462541386114873e+00 2.688434720922591836e+00
1.418000000000000163e-02 1.205562746696270837e+00 2.686138604329106006e+00
1.419000000000000122e-02 1.191653926632392668e+00 2.683675602652995096e+00
1.420000000000000082e-02 1.177738146950260800e+00 2.681046002632417657e+00
1.421000000000000041e-02 1.163817479823315626e+00 2.678250107504288824e+00
1.422000000000000174e-02 1.149894003107398088e+00 2.675288237591578078e+00
1.423000000000000133e-02 1.135969799488667720e+00 2.672160730978762722e+00
1.424000000000000092e-02 1.122046955527516099e+00 2.668867944258111802e+00
1.425000000000000051e-02 1.108127560613855866e+00 2.665410253327689105e+00
1.426000000000000184e-02 1.094213705851137197e+00 2.661788054220676880e+00
1.427000000000000143e-02 1.080307482888100301e+00 2.658001763944758178e+00
1.428000000000000103e-02 1.066410982718617229e+00 2.654051821310017711e+00
1.429000000000000062e-02 1.052526294470599533e+00 2.649938687724013420e+00
1.430000000000000195e-02 1.038655504205227231e+00 2.645662847933405004e+00
1.431000000000000154e-02 1.024800693747612179e+00 2.641224810692738956e+00
1.432000000000000113e-02 1.010963939569174297e+00 2.636625109342678019e+00
1.433000000000000072e-02 9.971473117408183873e-01 2.631864302282111545e+00
1.434000000000000032e-02 9.833528729744406283e-01 2.626942973321019004e+00
1.435000000000000164e-02 9.695826777681249009e-01 2.621861731903836201e+00
1.436000000000000124e-02 9.558387716680635249e-01 2.616621213196105966e+00
1.437000000000000083e-02 9.421231906574204507e-01 2.611222078030393412e+00
1.438000000000000042e-02 9.284379606795377660e-01 2.605665012710870254e+00
1.439000000000000175e-02 9.147850972996138808e-01 2.599950728679235823e+00
1.440000000000000134e-02 9.011666055058713543e-01 2.594079962047948218e+00
1.441000000000000093e-02 8.875844796478739029e-01 2.588053473009952032e+00
1.442000000000000053e-02 8.740407035066052321e-01 2.581872045136878402e+00
1.443000000000000185e-02 8.605372504877119022e-01 2.575536484580479790e+00
1.444000000000000145e-02 8.470760839265661923e-01 2.569047619194217980e+00
1.445000000000000104e-02 8.336591574910994229e-01 2.562406297593852855e+00
1.446000000000000063e-02 8.202884156662245685e-01 2.555613388177310430e+00
1.447000000000000196e-02 8.069657943016481649e-01 2.548669778125008722e+00
1.448000000000000155e-02 7.936932212035157086e-01 2.541576372402223338e+00
1.449000000000000114e-02 7.804726167492260780e-01 2.534334092785065717e+00
1.450000000000000074e-02 7.673058945043665924e-01 2.526943876930884514e+00
1.451000000000000033e-02 7.541949618205913142e-01 2.519406677512915582e+00
1.452000000000000166e-02 7.411417203937331610e-01 2.511723461437324278e+00
1.453000000000000125e-02 7.281480667625040981e-01 2.503895209158775170e+00
1.454000000000000084e-02 7.152158927294498536e-01 2.495922914108206658e+00
1.455000000000000043e-02 7.023470856876753432e-01 2.487807582243811044e+00
1.456000000000000176e-02 6.895435288391890127e-01 2.479550231733067989e+00
1.457000000000000135e-02 6.768071012931804464e-01 2.471151892770620417e+00
1.458000000000000095e-02 6.641396780353882034e-01 2.462613607533298499e+00
1.459000000000000054e-02 6.515431297628596630e-01 2.453936430270373670e+00
1.460000000000000187e-02 6.390193225814612132e-01 2.445121427523713198e+00
1.461000000000000146e-02 6.265701175668459966e-01 2.436169678469384259e+00
1.462000000000000105e-02 6.141973701927089246e-01 2.427082275369194075e+00
1.463000000000000064e-02 6.019029296334309498e-01 2.417860324118077830e+00
1.464000000000000197e-02 5.896886379510642984e-01 2.408504944870712094e+00
1.465000000000000156e-02 5.775563291794432175e-01 2.399017272728933392e+00
1.466000000000000116e-02 5.655078283205643430e-01 2.389398458469869535e+00
1.467000000000000075e-02 5.535449502705905855e-01 2.379649669293784520e+00
1.468000000000000034e-02 5.416694986943976220e-01 2.369772089570001405e+00
1.469000000000000167e-02 5.298832648689029146e-01 2.359766921559353747e+00
1.470000000000000126e-02 5.181880265161856736e-01 2.349635386092006062e+00
1.471000000000000085e-02 5.065855466476234525e-01 2.339378723180673525e+00
1.472000000000000045e-02 4.950775724401705324e-01 2.328998192550582047e+00
1.473000000000000177e-02 4.836658341651104420e-01 2.318495074069646389e+00
1.474000000000000137e-02 4.723520441884284660e-01 2.307870668064569308e+00
1.475000000000000096e-02 4.611378960604138322e-01 2.297126295511302541e+00
1.476000000000000055e-02 4.500250637099785789e-01 2.286263298091331109e+00
1.477000000000000188e-02 4.390152007567771908e-01 2.275283038108390166e+00
1.478000000000000147e-02 4.281099399515956860e-01 2.264186898263494285e+00
1.479000000000000106e-02 4.173108927524435408e-01 2.252976281289671867e+00
1.480000000000000066e-02 4.066196490406622233e-01 2.241652609450946354e+00
1.481000000000000198e-02 3.960377769782265633e-01 2.230217323913515237e+00
1.482000000000000157e-02 3.855668230040827926e-01 2.218671884000004368e+00
1.483000000000000117e-02 3.752083119641719811e-01 2.207017766340448883e+00
1.484000000000000076e-02 3.649637473668004839e-01 2.195256463936205549e+00
1.485000000000000035e-02 3.548346117520433940e-01 2.183389485154963783e+00
1.486000000000000168e-02 3.448223671613137031e-01 2.171418352676642183e+00
1.487000000000000127e-02 3.349284556909498667e-01 2.159344602411224390e+00
1.488000000000000086e-02 3.251543001117030984e-01 2.147169782410054850e+00
1.489000000000000046e-02 3.155013045346335421e-01 2.134895451792401477e+00
1.490000000000000178e-02 3.059708551027863765e-01 2.122523179708577068e+00
1.491000000000000138e-02 2.965643206875637761e-01 2.110054544360081774e+00
1.492000000000000097e-02 2.872830535685759190e-01 2.097491132095700372e+00
1.493000000000000056e-02 2.781283900763058536e-01 2.084834536600827182e+00
1.494000000000000189e-02 2.691016511777560294e-01 2.072086358194748623e+00
1.495000000000000148e-02 2.602041429867109068e-01 2.059248203248267739e+00
1.496000000000000107e-02 2.514371571820123719e-01 2.046321683730831342e+00
1.497000000000000067e-02 2.428019713195437024e-01 2.033308416893440995e+00
1.498000000000000199e-02 2.342998490260988220e-01 2.020210025090104722e+00
1.499000000000000159e-02 2.259320400661415096e-01 2.007028135737373820e+00
1.500000000000000118e-02 2.176997802755681055e-01 1.993764381408005715e+00
1.501000000000000077e-02 2.096042913596937174e-01 1.980420400051709828e+00
1.502000000000000036e-02 2.016467805559264415e-01 1.966997835332624067e+00
1.503000000000000169e-02 1.938284401648942279e-01 1.953498337070525004e+00
1.504000000000000128e-02 1.861504469568673048e-01 1.939923561770119154e+00
1.505000000000000088e-02 1.786139614633041051e-01 1.926275173220606041e+00
1.506000000000000047e-02 1.712201271661759894e-01 1.912554843146083705e+00
1.507000000000000180e-02 1.639700696000999658e-01 1.898764251886012389e+00
1.508000000000000139e-02 1.568648953844876126e-01 1.884905089084169205e+00
1.509000000000000098e-02 1.499056912045642620e-01 1.870979054364469985e+00
1.510000000000000057e-02 1.430935227614593963e-01 1.856987857972053568e+00
1.511000000000000190e-02 1.364294337122860523e-01 1.842933221359092544e+00
1.512000000000000149e-02 1.299144446214986204e-01 1.828816877695929044e+00
1.513000000000000109e-02 1.235495519445707346e-01 1.814640572289922371e+00
1.514000000000000068e-02 1.173357270644235645e-01 1.800406062896699799e+00
1.515000000000000201e-02 1.112739153998103109e-01 1.786115119910930638e+00
1.516000000000000160e-02 1.053650356033062063e-01 1.771769526426723473e+00
1.517000000000000119e-02 9.960997886448845484e-02 1.757371078160784750e+00
1.518000000000000078e-02 9.400960833156477015e-02 1.742921583234813943e+00
1.519000000000000038e-02 8.856475866196301949e-02 1.728422861816996559e+00
1.520000000000000170e-02 8.327623570949459209e-02 1.713876745625742881e+00
1.521000000000000130e-02 7.814481635255282610e-02 1.699285077302230551e+00
1.522000000000000089e-02 7.317124846463778087e-02 1.684649709661325323e+00
1.523000000000000048e-02 6.835625102520850871e-02 1.669972504833518112e+00
1.524000000000000181e-02 6.370051436566120939e-02 1.655255333313006672e+00
1.525000000000000140e-02 5.920470054219471173e-02 1.640500072929325537e+00
1.526000000000000099e-02 5.486944382439416790e-02 1.625708607761772617e+00
1.527000000000000059e-02 5.069535128574187421e-02 1.610882827017276364e+00
1.528000000000000191e-02 4.668300347999799343e-02 1.596024623893129490e+00
1.529000000000000151e-02 4.283295518542860891e-02 1.581135894446473067e+00
1.530000000000000110e-02 3.914573619735815802e-02 1.566218536492109070e+00
1.531000000000000069e-02 3.562185214850440568e-02 1.551274448549705864e+00
1.532000000000000202e-02 3.226178533594818709e-02 1.536305528860116398e+00
1.533000000000000161e-02 2.906599553354733897e-02 1.521313674488860235e+00
1.534000000000000120e-02 2.603492076899746252e-02 1.506300780532876527e+00
1.535000000000000080e-02 2.316897804568846669e-02 1.491268739443896596e+00
1.536000000000000212e-02 2.046856399084321515e-02 1.476219440479239253e+00
1.537000000000000172e-02 1.793405541325806402e-02 1.461154769287578814e+00
1.538000000000000131e-02 1.556580975613908700e-02 1.446076607633991928e+00
1.539000000000000090e-02 1.336416543309228502e-02 1.430986833265357472e+00
1.540000000000000049e-02 1.132944203811418402e-02 1.415887319913661235e+00
1.541000000000000182e-02 9.461940423477047113e-03 1.400779937431436695e+00
1.542000000000000141e-02 7.761942642572484778e-03 1.385666552050552003e+00
1.543000000000000101e-02 6.229711758010580275e-03 1.370549026752301280e+00
1.544000000000000060e-02 4.865491518524239604e-03 1.355429221734365752e+00
1.545000000000000193e-02 3.669505911364774435e-03 1.340308994957646105e+00
1.546000000000000152e-02 2.641958599875843250e-03 1.325190202754195301e+00
1.547000000000000111e-02 1.783032258711328769e-03 1.310074700475857723e+00
1.548000000000000070e-02 1.092887821629015327e-03 1.294964343162454457e+00
1.549000000000000203e-02 5.716636589265712163e-04 1.279860986207602025e+00
1.550000000000000162e-02 2.194747033239659816e-04 1.264766486000608259e+00
1.551000000000000122e-02 3.641154437440826362e-05 1.249682700523181644e+00
1.552000000000000081e-02 2.253951231823957813e-05 1.234611489881023649e+00
1.553000000000000214e-02 1.778977726231802180e-04 1.219554716751765300e+00
1.554000000000000173e-02 5.024984522890360702e-04 1.204514246732850902e+00
1.555000000000000132e-02 9.963258183417749315e-04 1.189491948575241986e+00
1.556000000000000091e-02 1.659335527802635211e-03 1.174489694291795505e+00
1.557000000000000051e-02 2.491453966837830526e-03 1.159509359131897899e+00
1.558000000000000183e-02 3.492577694792586493e-03 1.144552821417442967e+00
1.559000000000000143e-02 4.662573006443032457e-03 1.129621962238426258e+00
1.560000000000000102e-02 6.001275623131920554e-03 1.114718665009799548e+00
1.561000000000000061e-02 7.508490520510627264e-03 1.099844814894729739e+00
1.562000000000000194e-02 9.183991897516714450e-03 1.085002298102492047e+00
1.563000000000000153e-02 1.102752328798599184e-02 1.070193001072254457e+00
1.564000000000000112e-02 1.303879781306328811e-02 1.055418809556937010e+00
1.565000000000000072e-02 1.521749856934960163e-02 1.040681607623486382e+00
1.566000000000000031e-02 1.756327914465434861e-02 1.025983276588194215e+00
1.566999999999999990e-02 2.007576425030489428e-02 1.011325693907064061e+00
1.568000000000000296e-02 2.275455045634591431e-02 9.967107320424595240e-01
1.569000000000000256e-02 2.559920701360757223e-02 9.821402573277591141e-01
1.570000000000000215e-02 2.860927674471627769e-02 9.676161288518609904e-01
1.571000000000000174e-02 3.178427698455087852e-02 9.531401973849349396e-01
1.572000000000000133e-02 3.512370054960907428e-02 9.387143043657935060e-01
1.573000000000000093e-02 3.862701671513053131e-02 9.243402809697658373e-01
1.574000000000000052e-02 4.229367217875234369e-02 9.100199472741633544e-01
1.575000000000000011e-02 4.612309198983496200e-02 8.957551115359417837e-01
1.575999999999999970e-02 5.011468042451501514e-02 8.815475695936040301e-01
1.577000000000000277e-02 5.426782178787663974e-02 8.673991044022878460e-01
1.578000000000000236e-02 5.858188112641431883e-02 8.533114857079912019e-01
1.579000000000000195e-02 6.305620483615920202e-02 8.392864698633022424e-01
1.580000000000000154e-02 6.769012115434301646e-02 8.253257997838946425e-01
1.581000000000000114e-02 7.248294052527985698e-02 8.114312050414097532e-01
1.582000000000000073e-02 7.743395583418255512e-02 7.976044020853316763e-01
1.583000000000000032e-02 8.254244250578378350e-02 7.838470945831946812e-01
1.583999999999999991e-02 8.780765846788150808e-02 7.701609738657629878e-01
1.585000000000000298e-02 9.322884398316606813e-02 7.565477194612003631e-01
1.586000000000000257e-02 9.880522135582600618e-02 7.430089997003088698e-01
1.587000000000000216e-02 1.045359945225023679e-01 7.295464723729964129e-01
1.588000000000000175e-02 1.104203485398344842e-01 7.161617854151896001e-01
1.589000000000000135e-02 1.164574489834463572e-01 7.028565776044410907e-01
1.590000000000000094e-02 1.226464412753069250e-01 6.896324792425418959e-01
1.591000000000000053e-02 1.289864499581722668e-01 6.764911128036106280e-01
1.592000000000000012e-02 1.354765779371193413e-01 6.634340935271123563e-01
1.592999999999999972e-02 1.421159057090628230e-01 6.504630299365097290e-01
1.594000000000000278e-02 1.489034906014448933e-01 6.375795242662090079e-01
1.595000000000000237e-02 1.558383660411991611e-01 6.247851727815871836e-01
1.596000000000000196e-02 1.629195408744590345e-01 6.120815659795257879e-01
1.597000000000000156e-02 1.701459987563192500e-01 5.994702886598142211e-01
1.598000000000000115e-02 1.775166976284450748e-01 5.869529198609325649e-01
1.599000000000000074e-02 1.850305693003478080e-01 5.745310326569654791e-01
1.600000000000000033e-02 1.926865191477384054e-01 5.622061938158603445e-01
1.600999999999999993e-02 2.004834259387720530e-01 5.499799633225104234e-01
1.602000000000000299e-02 2.084201417960437897e-01 5.378538937735706238e-01
1.603000000000000258e-02 2.164954922990894592e-01 5.258295296539249319e-01
1.604000000000000217e-02 2.247082767289648453e-01 5.139084065076409136e-01
1.605000000000000177e-02 2.330572684531914129e-01 5.020920500188427171e-01
1.606000000000000136e-02 2.415412154461464567e-01 4.903819750201526273e-01
1.607000000000000095e-02 2.501588409369087107e-01 4.787796844480676217e-01
1.608000000000000054e-02 2.589088441736276947e-01 4.672866682660352655e-01
1.609000000000000014e-02 2.677899012908439569e-01 4.559044023767097054e-01
1.609999999999999973e-02 2.768006662638451965e-01 4.446343475452920746e-01
1.611000000000000279e-02 2.859397719321622455e-01 4.334779483555054602e-01
1.612000000000000238e-02 2.952058310727914137e-01 4.224366322191265843e-01
1.613000000000000198e-02 3.045974375026010983e-01 4.115118084585739355e-01
1.614000000000000157e-02 3.141131671887579246e-01 4.007048674805867017e-01
1.615000000000000116e-02 3.237515793459214697e-01 3.900171800566197278e-01
1.616000000000000075e-02 3.335112174992986844e-01 3.794500967232284361e-01
1.617000000000000035e-02 3.433906104935036674e-01 3.690049473127493540e-01
1.617999999999999994e-02 3.533882734285509475e-01 3.586830406216076073e-01
1.619000000000000300e-02 3.635027085059867602e-01 3.484856642201963339e-01
1.620000000000000259e-02 3.737324057703944047e-01 3.384140844050163577e-01
1.621000000000000218e-02 3.840758437340236475e-01 3.284695462902329499e-01
1.622000000000000178e-02 3.945314898750040267e-01 3.186532740327179813e-01
1.623000000000000137e-02 4.050978010026938247e-01 3.089664711812573628e-01
1.624000000000000096e-02 4.157732234868813936e-01 2.994103211378150164e-01
1.625000000000000056e-02 4.265561933507165393e-01 2.899859877159865484e-01
1.626000000000000015e-02 4.374451362305822877e-01 2.806946157796032515e-01
1.626999999999999974e-02 4.484384672092364688e-01 2.715373319424578269e-01
1.628000000000000280e-02 4.595345905315807999e-01 2.625152453087647997e-01
1.629000000000000239e-02 4.707318992151791059e-01 2.536294482330575528e-01
1.630000000000000199e-02 4.820287745702860338e-01 2.448810170776961059e-01
1.631000000000000158e-02 4.934235856460957304e-01 2.362710129464664077e-01
1.632000000000000117e-02 5.049146886219177954e-01 2.278004823732025230e-01
1.633000000000000076e-02 5.165004261631938043e-01 2.194704579455658555e-01
1.634000000000000036e-02 5.281791267631849029e-01 2.112819588457889031e-01
1.634999999999999995e-02 5.399491040915351814e-01 2.032359912921543332e-01
1.636000000000000301e-02 5.518086563707964576e-01 1.953335488674824982e-01
1.637000000000000260e-02 5.637560658014237891e-01 1.875756127236923032e-01
1.638000000000000220e-02 5.757895980546325898e-01 1.799631516544400733e-01
1.639000000000000179e-02 5.879075018509551942e-01 1.724971220312452314e-01
1.640000000000000138e-02 6.001080086404319003e-01 1.651784676016973541e-01
1.641000000000000097e-02 6.123893323979873182e-01 1.580081191517750117e-01
1.642000000000000057e-02 6.247496695448973014e-01 1.509869940376753761e-01
1.643000000000000016e-02 6.371871990044055689e-01 1.441159955956809735e-01
1.643999999999999975e-02 6.497000823963410276e-01 1.373960124416253037e-01
1.645000000000000281e-02 6.622864643724951650e-01 1.308279176742291050e-01
1.646000000000000241e-02 6.749444730911731138e-01 1.244125679989208921e-01
1.647000000000000200e-02 6.876722208262184832e-01 1.181508027907531705e-01
1.648000000000000159e-02 7.004678047025487686e-01 1.120434431165562572e-01
1.649000000000000118e-02 7.133293075475225509e-01 1.060912907374411407e-01
1.650000000000000078e-02 7.262547988445775538e-01 1.002951271133803168e-01
1.651000000000000037e-02 7.392423357733826084e-01 9.465571243152456904e-02
1.651999999999999996e-02 7.522899643186681251e-01 8.917378467943228026e-02
1.653000000000000302e-02 7.653957204283677873e-01 8.385005878335528851e-02
1.654000000000000262e-02 7.785576312005177968e-01 7.868522583019425809e-02
1.655000000000000221e-02 7.917737160778819394e-01 7.367995238979629935e-02
1.656000000000000180e-02 8.050419880288559593e-01 6.883487995190329389e-02
1.657000000000000139e-02 8.183604546938101354e-01 6.415062448934141792e-02
1.658000000000000099e-02 8.317271194767165143e-01 5.962777615605108217e-02
1.659000000000000058e-02 8.451399825632558427e-01 5.526689912540330013e-02
1.660000000000000017e-02 8.585970418483476196e-01 5.106853157088192541e-02
1.660999999999999976e-02 8.720962937581545615e-01 4.703318578787288318e-02
1.662000000000000283e-02 8.856357339541931495e-01 4.316134845193351360e-02
1.663000000000000242e-02 8.992133579097979501e-01 3.945348100573353028e-02
1.664000000000000201e-02 9.128271613524050476e-01 3.591002016375790390e-02
1.665000000000000160e-02 9.264751405680665686e-01 3.253137852116155110e-02
1.666000000000000120e-02 9.401552925680125572e-01 2.931794525064674445e-02
1.667000000000000079e-02 9.538656151202044020e-01 2.627008686924385550e-02
1.668000000000000038e-02 9.676041066521134937e-01 2.338814805521259935e-02
1.668999999999999997e-02 9.813687660338397123e-01 2.067245249416595557e-02
1.670000000000000304e-02 9.951575922536415320e-01 1.812330373286035606e-02
1.671000000000000263e-02 1.008968584000366375e+00 1.574098601901278982e-02
1.672000000000000222e-02 1.022799739169576672e+00 1.352576510586388225e-02
1.673000000000000181e-02 1.036649054311794549e+00 1.147788900117440239e-02
1.674000000000000141e-02 1.050514524042867492e+00 9.597588641701921414e-03
1.675000000000000100e-02 1.064394140437143088e+00 7.885078476110089080e-03
1.676000000000000059e-02 1.078285892424706738e+00 6.340556941506316282e-03
1.677000000000000018e-02 1.092187765213767481e+00 4.964206821455361719e-03
1.677999999999999978e-02 1.106097739758730825e+00 3.756195476220854351e-03
1.679000000000000284e-02 1.120013792293422128e+00 2.716674939155503451e-03
1.680000000000000243e-02 1.133933893947372873e+00 1.845781876430711973e-03
1.681000000000000202e-02 1.147856010461291154e+00 1.143637410664365443e-03
1.682000000000000162e-02 1.161778102015255554e+00 6.103468123503313176e-04
1.683000000000000121e-02 1.175698123180814791e+00 2.459990662418041433e-04
1.684000000000000080e-02 1.189614023005108656e+00 5.066632291179122484e-05
1.685000000000000039e-02 1.203523745232104147e+00 2.440324854998873332e-05
1.685999999999999999e-02 1.217425228662791126e+00 1.672462885630979679e-04
1.687000000000000305e-02 1.231316407653028522e+00 4.792128626856649479e-04
1.688000000000000264e-02 1.245195212744331537e+00 9.603005110189037109e-04
1.689000000000000223e-02 1.259059571420015899e+00 1.610486011651974907e-03
1.690000000000000183e-02 1.272907408975935128e+00 2.429724491270969945e-03
1.691000000000000142e-02 1.286736649492560280e+00 3.417948550378168034e-03
1.692000000000000101e-02 1.300545216892628586e+00 4.575067424457175506e-03
1.693000000000000060e-02 1.314331036066716418e+00 5.900966201605688417e-03
1.694000000000000020e-02 1.328092034047336334e+00 7.395505115858457511e-03
1.694999999999999979e-02 1.341826141211156953e+00 9.058518933647603452e-03
1.696000000000000285e-02 1.355531292488190820e+00 1.088981644867306232e-02
1.697000000000000244e-02 1.369205428556637516e+00 1.288918009788065852e-02
1.698000000000000204e-02 1.382846497002419239e+00 1.505636570841974338e-02
1.699000000000000163e-02 1.396452453423230766e+00 1.739110238230478014e-02
1.700000000000000122e-02 1.410021262458175606e+00 1.989309252229320285e-02
1.701000000000000081e-02 1.423550898725870706e+00 2.256201199911552976e-02
1.702000000000000041e-02 1.437039347655936217e+00 2.539751045687308265e-02
1.703000000000000000e-02 1.450484606201314586e+00 2.839921175012237106e-02
1.704000000000000306e-02 1.463884683421611932e+00 3.156671450308130844e-02
1.705000000000000265e-02 1.477237600930602968e+00 3.489959277848422858e-02
1.706000000000000225e-02 1.490541393204359633e+00 3.839739684108126744e-02
1.707000000000000184e-02 1.503794107749425679e+00 4.205965399848715647e-02
1.708000000000000143e-02 1.516993805133973749e+00 4.588586950036459278e-02
1.709000000000000102e-02 1.530138558887906397e+00 4.987552747552728011e-02
1.710000000000000062e-02 1.543226455280956477e+00 5.402809188574962673e-02
1.711000000000000021e-02 1.556255592990625214e+00 5.834300747468487008e-02
1.711999999999999980e-02 1.569224082674435250e+00 6.281970069052247863e-02
1.713000000000000286e-02 1.582130046463045225e+00 6.745758056168685290e-02
1.714000000000000246e-02 1.594971617392712870e+00 7.225603950610140491e-02
1.715000000000000205e-02 1.607746938796958514e+00 7.721445405619588309e-02
1.716000000000000164e-02 1.620454163678128889e+00 8.233218548392973180e-02
1.717000000000000123e-02 1.633091454080074056e+00 8.760858031259302625e-02
1.718000000000000083e-02 1.645656980483109155e+00 9.304297070495413935e-02
1.719000000000000042e-02 1.658148921241764828e+00 9.863467472032089178e-02
1.720000000000000001e-02 1.670565462084918407e+00 1.043829964363668650e-01
1.721000000000000307e-02 1.682904795696340328e+00 1.102872259348473410e-01
1.722000000000000267e-02 1.695165121391759344e+00 1.163466391537141681e-01
1.723000000000000226e-02 1.707344644906318987e+00 1.225604976113910116e-01
1.724000000000000185e-02 1.719441578303618767e+00 1.289280480121164640e-01
1.725000000000000144e-02 1.731454140014653031e+00 1.354485217441949163e-01
1.726000000000000104e-02 1.743380555011930788e+00 1.421211342856577575e-01
1.727000000000000063e-02 1.755219055120808447e+00 1.489450845340577478e-01
1.728000000000000022e-02 1.766967879466847080e+00 1.559195540790819234e-01
1.728999999999999981e-02 1.778625275054759314e+00 1.630437064380364787e-01
1.730000000000000288e-02 1.790189497471394553e+00 1.703166862752715227e-01
1.731000000000000247e-02 1.801658811702303797e+00 1.777376186269540581e-01
1.732000000000000206e-02 1.813031493048663956e+00 1.853056081526478494e-01
1.733000000000000165e-02 1.824305828128973461e+00 1.930197384344208567e-01
1.734000000000000125e-02 1.835480115947920599e+00 2.008790713432449804e-01
1.735000000000000084e-02 1.846552669013189929e+00 2.088826464907511671e-01
1.736000000000000043e-02 1.857521814479774269e+00 2.170294807824912908e-01
1.737000000000000002e-02 1.868385895300745725e+00 2.253185680863876716e-01
1.738000000000000309e-02 1.879143271363128864e+00 2.337488790274005745e-01
1.739000000000000268e-02 1.889792320587890373e+00 2.423193609163308559e-01
1.740000000000000227e-02 1.900331439973860448e+00 2.510289378176411290e-01
1.741000000000000186e-02 1.910759046566567809e+00 2.598765107577103439e-01
1.742000000000000146e-02 1.921073578334750787e+00 2.688609580717640224e-01
1.743000000000000105e-02 1.931273494939415691e+00 2.779811358842763092e-01
1.744000000000000064e-02 1.941357278382683571e+00 2.872358787145894432e-01
1.745000000000000023e-02 1.951323433526517492e+00 2.966240001964420836e-01
1.745999999999999983e-02 1.961170488474350160e+00 3.061442938974894834e-01
1.747000000000000289e-02 1.970896994811801806e+00 3.157955342224314510e-01
1.748000000000000248e-02 1.980501527705867959e+00 3.255764773814857072e-01
1.749000000000000207e-02 1.989982685865331113e+00 3.354858624044012028e-01
1.750000000000000167e-02 1.999339091368127042e+00 3.455224121791422021e-01
1.751000000000000126e-02 2.008569389364653457e+00 3.556848344938227657e-01
1.752000000000000085e-02 2.017672247668715446e+00 3.659718230604988576e-01
1.753000000000000044e-02 2.026646356250418446e+00 3.763820584998456287e-01
1.754000000000000004e-02 2.035490426647536211e+00 3.869142092668325095e-01
1.755000000000000310e-02 2.044203191313711088e+00 3.975669324988735931e-01
1.756000000000000269e-02 2.052783402923283429e+00 4.083388747699417398e-01
1.757000000000000228e-02 2.061229833653484445e+00 4.192286727364371024e-01
1.758000000000000188e-02 2.069541274465141800e+00 4.302349536632412708e-01
1.759000000000000147e-02 2.077716534403109883e+00 4.413563358213171695e-01
1.760000000000000106e-02 2.085754439937024696e+00 4.525914287514212764e-01
1.761000000000000065e-02 2.093653834361994814e+00 4.639388333916989460e-01
1.762000000000000025e-02 2.101413577277414735e+00 4.753971420703544948e-01
1.762999999999999984e-02 2.109032544160105438e+00 4.869649383677672194e-01
1.764000000000000290e-02 2.116509626045790959e+00 4.986407968557448056e-01
1.765000000000000249e-02 2.123843729330264107e+00 5.104232827244901127e-01
1.766000000000000208e-02 2.131033775698770505e+00 5.223109513107846436e-01
1.767000000000000168e-02 2.138078702189004865e+00 5.343023475430562774e-01
1.768000000000000127e-02 2.144977461390003004e+00 5.463960053213001711e-01
1.769000000000000086e-02 2.151729021775874884e+00 5.585904468512783438e-01
1.770000000000000046e-02 2.158332368170165605e+00 5.708841819535910300e-01
1.771000000000000005e-02 2.164786502333471141e+00 5.832757073689253113e-01
1.772000000000000311e-02 2.171090443663985070e+00 5.957635060807837668e-01
1.773000000000000270e-02 2.177243229997922302e+00 6.083460466766948960e-01
1.774000000000000229e-02 2.183243918494421010e+00 6.210217827680813985e-01
1.775000000000000189e-02 2.189091586587353699e+00 6.337891524873463522e-01
1.776000000000000148e-02 2.194785332984960480e+00 6.466465780791603724e-01
1.777000000000000107e-02 2.200324278696947466e+00 6.595924656005399678e-01
1.778000000000000067e-02 2.205707568067997393e+00 6.726252047417310420e-01
1.779000000000000026e-02 2.210934369796418331e+00 6.857431687771093909e-01
1.779999999999999985e-02 2.216003877916900677e+00 6.989447146520493259e-01
1.781000000000000291e-02 2.220915312727162139e+00 7.122281832086250208e-01
1.782000000000000250e-02 2.225667921639409741e+00 7.255918995495238555e-01
1.783000000000000210e-02 2.230260979939346910e+00 7.390341735364656106e-01
1.784000000000000169e-02 2.234693791437396548e+00 7.525533004158990735e-01
1.785000000000000128e-02 2.238965688999372095e+00 7.661475615619990354e-01
1.786000000000000087e-02 2.243076034946488218e+00 7.798152253239857279e-01
1.787000000000000047e-02 2.247024221317616810e+00 7.935545479624422915e-01
1.788000000000000006e-02 2.250809669989815909e+00 8.073637746570300200e-01
1.789000000000000312e-02 2.254431832656387247e+00 8.212411405664684638e-01
1.790000000000000271e-02 2.257890190664991081e+00 8.351848719202555893e-01
1.791000000000000231e-02 2.261184254721514630e+00 8.491931871210908200e-01
1.792000000000000190e-02 2.264313564468437789e+00 8.632642978364076791e-01
1.793000000000000149e-02 2.267277687949330822e+00 8.773964100580453618e-01
1.794000000000000108e-02 2.270076220973655801e+00 8.915877251096447909e-01
1.795000000000000068e-02 2.272708786398308867e+00 9.058364405828239763e-01
1.796000000000000027e-02 2.275175033344210007e+00 9.201407511847518039e-01
1.796999999999999986e-02 2.277474636367666783e+00 9.344988494820679614e-01
1.798000000000000292e-02 2.279607294607217227e+00 9.489089265285107766e-01
1.799000000000000252e-02 2.281572730927154957e+00 9.633691723665336326e-01
1.800000000000000211e-02 2.283370691078923098e+00 9.778777763961897795e-01
1.801000000000000170e-02 2.285000942901052046e+00 9.924329276078022177e-01
1.802000000000000129e-02 2.286463275577355958e+00 1.007032814678269217e+00
1.803000000000000089e-02 2.287757498971628944e+00 1.021675625934207465e+00
1.804000000000000048e-02 2.288883443055225619e+00 1.036359549188236251e+00
1.805000000000000007e-02 2.289840957441650282e+00 1.051082771457942711e+00
1.806000000000000313e-02 2.290629911039682831e+00 1.065843478579798997e+00
1.807000000000000273e-02 2.291250191833722916e+00 1.080639854732950544e+00
1.808000000000000232e-02 2.291701706796968274e+00 1.095470081889915015e+00
1.809000000000000191e-02 2.291984381939864424e+00 1.110332339213017105e+00
1.810000000000000150e-02 2.292098162492988145e+00 1.125224802416735725e+00
1.811000000000000110e-02 2.292043013220327996e+00 1.140145643117015384e+00
1.812000000000000069e-02 2.291818918855772935e+00 1.155093028188772131e+00
1.813000000000000028e-02 2.291425884652665612e+00 1.170065119152813526e+00
1.813999999999999987e-02 2.290863937033527975e+00 1.185060071612549670e+00
1.815000000000000294e-02 2.290133124324666536e+00 1.200076034759814059e+00
1.816000000000000253e-02 2.289233517558282749e+00 1.215111150967260301e+00
1.817000000000000212e-02 2.288165211323030857e+00 1.230163555482966853e+00
1.818000000000000171e-02 2.286928324642789168e+00 1.245231376240140575e+00
1.819000000000000131e-02 2.285523001862626025e+00 1.260312733792319229e+00
1.820000000000000090e-02 2.283949413520714344e+00 1.275405741381183455e+00
1.821000000000000049e-02 2.282207757185179098e+00 1.290508505141093165e+00
1.822000000000000008e-02 2.280298258235597508e+00 1.305619124441025125e+00
1.823000000000000315e-02 2.278221170570090770e+00 1.320735692361409530e+00
1.824000000000000274e-02 2.275976777220600766e+00 1.335856296299909207e+00
1.825000000000000233e-02 2.273565390860973423e+00 1.350979018697333389e+00
1.826000000000000192e-02 2.270987354194956787e+00 1.366101937871685212e+00
1.827000000000000152e-02 2.268243040213879791e+00 1.381223128946035272e+00
1.828000000000000111e-02 2.265332852316785051e+00 1.396340664853353175e+00
1.829000000000000070e-02 2.262257224288893198e+00 1.411452617399812981e+00
1.830000000000000029e-02 2.259016620137528353e+00 1.426557058366491271e+00
1.830999999999999989e-02 2.255611533787853951e+00 1.441652060628626053e+00
1.832000000000000295e-02 2.252042488643990925e+00 1.456735699270969686e+00
1.833000000000000254e-02 2.248310037024149999e+00 1.471806052678035437e+00
1.834000000000000213e-02 2.244414759481231592e+00 1.486861203578579982e+00
1.835000000000000173e-02 2.240357264023013606e+00 1.501899240024746174e+00
1.836000000000000132e-02 2.236138185248250920e+00 1.516918256287857592e+00
1.837000000000000091e-02 2.231758183416909347e+00 1.531916353654927843e+00
1.838000000000000050e-02 2.227217943474244954e+00 1.546891641112257965e+00
1.839000000000000010e-02 2.222518174049386896e+00 1.561842235905317011e+00
1.840000000000000316e-02 2.217659606449642329e+00 1.576766263966951298e+00
1.841000000000000275e-02 2.212642993671725566e+00 1.591661860209239610e+00
1.842000000000000234e-02 2.207469109450657552e+00 1.606527168677604367e+00
1.843000000000000194e-02 2.202138747366112703e+00 1.621360342569033497e+00
1.844000000000000153e-02 2.196652720024571348e+00 1.636159544119573539e+00
1.845000000000000112e-02 2.191011858333779205e+00 1.650922944369443091e+00
1.846000000000000071e-02 2.185217010883772737e+00 1.665648722816987615e+00
1.847000000000000031e-02 2.179269043446171672e+00 1.680335066975468195e+00
1.847999999999999990e-02 2.173168838600588071e+00 1.694980171848880834e+00
1.849000000000000296e-02 2.166917295493946405e+00 1.709582239345079024e+00
1.850000000000000255e-02 2.160515329735348544e+00 1.724139477645843410e+00
1.851000000000000215e-02 2.153963873425810860e+00 1.738650100554776312e+00
1.852000000000000174e-02 2.147263875319059601e+00 1.753112326844097790e+00
1.853000000000000133e-02 2.140416301106360830e+00 1.767524379621761677e+00
1.854000000000000092e-02 2.133422133815397359e+00 1.781884485739568813e+00
1.855000000000000052e-02 2.126282374310495271e+00 1.796190875262117403e+00
1.856000000000000011e-02 2.118998041879015748e+00 1.810441781014771045e+00
1.857000000000000317e-02 2.111570174886669982e+00 1.824635438227055984e+00
1.858000000000000276e-02 2.103999831482839866e+00 1.838770084285438422e+00
1.859000000000000236e-02 2.096288090335667320e+00 1.852843958606962049e+00
1.860000000000000195e-02 2.088436051376035607e+00 1.866855302641993397e+00
1.861000000000000154e-02 2.080444836529177888e+00 1.880802360011480268e+00
1.862000000000000113e-02 2.072315590412884490e+00 1.894683376780644357e+00
1.863000000000000073e-02 2.064049480982061979e+00 1.908496601867869069e+00
1.864000000000000032e-02 2.055647700100488695e+00 1.922240287584074281e+00
1.864999999999999991e-02 2.047111464022296268e+00 1.935912690294874006e+00
1.866000000000000297e-02 2.038442013767738814e+00 1.949512071194673624e+00
1.867000000000000257e-02 2.029640615380236213e+00 1.963036697179242340e+00
1.868000000000000216e-02 2.020708560054285119e+00 1.976484841800818959e+00
1.869000000000000175e-02 2.011647164126973752e+00 1.989854786287783561e+00
1.870000000000000134e-02 2.002457768928761261e+00 2.003144820609378929e+00
1.871000000000000094e-02 1.993141740492518688e+00 2.016353244564860869e+00
1.872000000000000053e-02 1.983700469123065302e+00 2.029478368875722971e+00
1.873000000000000012e-02 1.974135368832593107e+00 2.042518516259681061e+00
1.874000000000000318e-02 1.964447876650480485e+00 2.055472022465386850e+00
1.875000000000000278e-02 1.954639451818881435e+00 2.068337237247851679e+00
1.876000000000000237e-02 1.944711574887979966e+00 2.081112525265897961e+00
1.877000000000000196e-02 1.934665746727270985e+00 2.093796266884791368e+00
1.878000000000000155e-02 1.924503487470947016e+00 2.106386858869525813e+00
1.879000000000000115e-02 1.914226335417053670e+00 2.118882714956813906e+00
1.880000000000000074e-02 1.903835845901063806e+00 2.131282266296679495e+00
1.881000000000000033e-02 1.893333590165086289e+00 2.143583961757733025e+00
1.881999999999999992e-02 1.882721154243900186e+00 2.155786268093432323e+00
1.883000000000000299e-02 1.872000137888664151e+00 2.167887669969947861e+00
1.884000000000000258e-02 1.861172153548119379e+00 2.179886669859583570e+00
1.885000000000000217e-02 1.850238825425709388e+00 2.191781787806912796e+00
1.886000000000000176e-02 1.839201788629312828e+00 2.203571561077747099e+00
1.887000000000000136e-02 1.828062688427891436e+00 2.215254543704022083e+00
1.888000000000000095e-02 1.816823179626988694e+00 2.226829305939965309e+00
1.889000000000000054e-02 1.805484926072033147e+00 2.238294433647159742e+00
1.890000000000000013e-02 1.794049600285453350e+00 2.249648527627730932e+00
1.891000000000000320e-02 1.782518883240372221e+00 2.260890202926113979e+00
1.892000000000000279e-02 1.770894464270487134e+00 2.272018088120592250e+00
1.893000000000000238e-02 1.759178041112345436e+00 2.283030824626009370e+00
1.894000000000000197e-02 1.747371320073318079e+00 2.293927066028673689e+00
1.895000000000000157e-02 1.735476016315373515e+00 2.304705477473825148e+00
1.896000000000000116e-02 1.723493854242105883e+00 2.315364735124526341e+00
1.897000000000000075e-02 1.711426567973994395e+00 2.325903525709221320e+00
1.898000000000000034e-02 1.699275901894761187e+00 2.336320546172959478e+00
1.898999999999999994e-02 1.687043611249975150e+00 2.346614503444731437e+00
1.900000000000000300e-02 1.674731462777818258e+00 2.356784114330586988e+00
1.901000000000000259e-02 1.662341235351082913e+00 2.366828105538974381e+00
1.902000000000000218e-02 1.649874720609217915e+00 2.376745213841702231e+00
1.903000000000000178e-02 1.637333723559419196e+00 2.386534186370431687e+00
1.904000000000000137e-02 1.624720063126424696e+00 2.396193781045362847e+00
1.905000000000000096e-02 1.612035572631844493e+00 2.405722767129541140e+00
1.906000000000000055e-02 1.599282100185505318e+00 2.415119925899115838e+00
1.907000000000000015e-02 1.586461508973210366e+00 2.424384051416992758e+00
1.908000000000000321e-02 1.573575677427842878e+00 2.433513951394879804e+00
1.909000000000000280e-02 1.560626499273322532e+00 2.442508448126368581e+00
1.910000000000000239e-02 1.547615883433864914e+00 2.451366379472121437e+00
1.911000000000000199e-02 1.534545753804241741e+00 2.460086599876758484e+00
1.912000000000000158e-02 1.521418048879737972e+00 2.468667981396304167e+00
1.913000000000000117e-02 1.508234721247992294e+00 2.477109414714708802e+00
1.914000000000000076e-02 1.494997736947910605e+00 2.485409810128200281e+00
1.915000000000000036e-02 1.481709074704035567e+00 2.493568098476877992e+00
1.915999999999999995e-02 1.468370725047600134e+00 2.501583232004270574e+00
1.917000000000000301e-02 1.454984689338100878e+00 2.509454185127156123e+00
1.918000000000000260e-02 1.441552978701609922e+00 2.517179955100123934e+00
1.919000000000000219e-02 1.428077612903768667e+00 2.524759562561836646e+00
1.920000000000000179e-02 1.414560619177207990e+00 2.532192051952717904e+00
1.921000000000000138e-02 1.401004031023894258e+00 2.539476491796834878e+00
1.922000000000000097e-02 1.387409887013639542e+00 2.546611974844039672e+00
1.923000000000000057e-02 1.373780229600011227e+00 2.553597618071629327e+00
1.924000000000000016e-02 1.360117103974475716e+00 2.560432562548264901e+00
1.925000000000000322e-02 1.346422556978700502e+00 2.567115973166012033e+00
1.926000000000000281e-02 1.332698636093521127e+00 2.573647038249610830e+00
1.927000000000000240e-02 1.318947388521309660e+00 2.580024969054936612e+00
1.928000000000000200e-02 1.305170860376296149e+00 2.586248999171243845e+00
1.929000000000000159e-02 1.291371095994794826e+00 2.592318383844056662e+00
1.930000000000000118e-02 1.277550137374508621e+00 2.598232399237430101e+00
1.931000000000000077e-02 1.263710023749081257e+00 2.603990341655710417e+00
1.932000000000000037e-02 1.249852791300790855e+00 2.609591526745896672e+00
1.932999999999999996e-02 1.235980473011188296e+00 2.615035288702010963e+00
1.934000000000000302e-02 1.222095098646107214e+00 2.620320979492918756e+00
1.935000000000000261e-02 1.208198694868415135e+00 2.625447968134301036e+00
1.936000000000000221e-02 1.194293285468816634e+00 2.630415640024471369e+00
1.937000000000000180e-02 1.180380891702294877e+00 2.635223396362017745e+00
1.938000000000000139e-02 1.166463532715313445e+00 2.639870653661327005e+00
1.939000000000000098e-02 1.152543226046712999e+00 2.644356843379559230e+00
1.940000000000000058e-02 1.138621988183563971e+00 2.648681411665939400e+00
1.941000000000000017e-02 1.124701835151934892e+00 2.652843819241175183e+00
1.942000000000000323e-02 1.110784783121702590e+00 2.656843541411675336e+00
1.943000000000000282e-02 1.096872849004264294e+00 2.660680068219848149e+00
1.944000000000000242e-02 1.082968051022008993e+00 2.664352904728520599e+00
1.945000000000000201e-02 1.069072409229351539e+00 2.667861571434094525e+00
1.946000000000000160e-02 1.055187945965978313e+00 2.671205604800001687e+00
1.947000000000000119e-02 1.041316686224720511e+00 2.674384557898974446e+00
1.948000000000000079e-02 1.027460657918411124e+00 2.677398001150011808e+00
1.949000000000000038e-02 1.013621892032456673e+00 2.680245523133512275e+00
1.949999999999999997e-02 9.998024226525555891e-01 2.682926731466151349e+00
1.951000000000000303e-02 9.860042868598443144e-01 2.685441253715532994e+00
1.952000000000000263e-02 9.722295244890200028e-01 2.687788738333629190e+00
1.953000000000000222e-02 9.584801777479843299e-01 2.689968855587503871e+00
1.954000000000000181e-02 9.447582907010221298e-01 2.691981298465801586e+00
1.955000000000000140e-02 9.310659086205644863e-01 2.693825783540013674e+00
1.956000000000000100e-02 9.174050772157814615e-01 2.695502051760549911e+00
1.957000000000000059e-02 9.037778417490356375e-01 2.697009869169131768e+00
1.958000000000000018e-02 8.901862460540106436e-01 2.698349027511006248e+00
1.959000000000000324e-02 8.766323314714928872e-01 2.699519344732806303e+00
1.960000000000000284e-02 8.631181357208481675e-01 2.700520665354565253e+00
1.961000000000000243e-02 8.496456917266325126e-01 2.701352860707402659e+00
1.962000000000000202e-02 8.362170264210216919e-01 2.702015829031523264e+00
1.963000000000000161e-02 8.228341595431033495e-01 2.702509495432509290e+00
1.964000000000000121e-02 8.094991024563962245e-01 2.702833811697234356e+00
1.965000000000000080e-02 7.962138570053826081e-01 2.702988755974047308e+00
1.966000000000000039e-02 7.829804144310489322e-01 2.702974332325071227e+00
1.966999999999999998e-02 7.698007543640342787e-01 2.702790570161518247e+00
1.968000000000000305e-02 7.566768439122034673e-01 2.702437523575657696e+00
1.969000000000000264e-02 7.436106368573268677e-01 2.701915270585512729e+00
1.970000000000000223e-02 7.306040729728645600e-01 2.701223912310406483e+00
1.971000000000000182e-02 7.176590774723199395e-01 2.700363572097101539e+00
1.972000000000000142e-02 7.047775605943310540e-01 2.699334394617381339e+00
1.973000000000000101e-02 6.919614173276690261e-01 2.698136544958585681e+00
1.974000000000000060e-02 6.792125272760004551e-01 2.696770207728700797e+00
1.975000000000000019e-02 6.665327546590913421e-01 2.695235586197205713e+00
1.976000000000000326e-02 6.539239484438645889e-01 2.693532901491961340e+00
1.977000000000000285e-02 6.413879425958969316e-01 2.691662391871006310e+00
1.978000000000000244e-02 6.289265564389429075e-01 2.689624312086268620e+00
1.979000000000000203e-02 6.165415951077908296e-01 2.687418932853932851e+00
1.980000000000000163e-02 6.042348500774535891e-01 2.685046540443547958e+00
1.981000000000000122e-02 5.920080997500577480e-01 2.682507436395070943e+00
1.982000000000000081e-02 5.798631100793747439e-01 2.679801937369868714e+00
1.983000000000000040e-02 5.678016352122386978e-01 2.676930375138421248e+00
1.984000000000000000e-02 5.558254181256047088e-01 2.673893096704107464e+00
1.985000000000000306e-02 5.439361912382233433e-01 2.670690464559112964e+00
1.986000000000000265e-02 5.321356769765344108e-01 2.667322857065262287e+00
1.987000000000000224e-02 5.204255882754562634e-01 2.663790668949465257e+00
1.988000000000000184e-02 5.088076289963573418e-01 2.660094311900672359e+00
1.989000000000000143e-02 4.972834942464832153e-01 2.656234215252732955e+00
1.990000000000000102e-02 4.858548705864071948e-01 2.652210826735348803e+00
1.991000000000000061e-02 4.745234361147945834e-01 2.648024613273691319e+00
1.992000000000000021e-02 4.632908604226596005e-01 2.643676061815937839e+00
1.993000000000000327e-02 4.521588044123946437e-01 2.639165680167293360e+00
1.994000000000000286e-02 4.411289199801067262e-01 2.634493997808822208e+00
1.995000000000000245e-02 4.302028495629073301e-01 2.629661566679688534e+00
1.996000000000000205e-02 4.193822255562381640e-01 2.624668961902275388e+00
1.997000000000000164e-02 4.086686696091762494e-01 2.619516782430920010e+00
1.998000000000000123e-02 3.980637918087087668e-01 2.614205651606777536e+00
1.999000000000000082e-02 3.875691897665636820e-01 2.608736217603575991e+00
2.000000000000000042e-02 3.771864476245489484e-01 2.603109153751493210e+00
