# t[ms] U1 U2 U3[m] S11 S22 S33 S12 S13 S23[Pa] -- OpenSG-RM at the stations of the plots; solid dump values in solid_blast.dat
5.000000000000000278e-02 0.000000000000000000e+00 0.000000000000000000e+00 2.085418500000000078e-03 2.338714122804792225e+07 1.742293824291916192e+07 3.155198414714967459e+07 -5.594539940520963999e-11 3.286042590485974215e+05 3.154203092866622028e+05
1.000000000000000056e-01 0.000000000000000000e+00 0.000000000000000000e+00 8.301181799999999764e-03 3.829211148848740757e+07 1.870122141152555868e+07 3.175185068350560218e+07 -4.197002504367436452e-10 1.243126564416647656e+06 1.197640065628431272e+06
1.499999999999999944e-01 0.000000000000000000e+00 0.000000000000000000e+00 1.855827800000000097e-02 8.711544203780718148e+07 2.346244745315136015e+07 3.125731322609480843e+07 -1.599858671016919058e-09 2.503849225698221009e+06 2.428846248459671158e+06
2.000000000000000111e-01 0.000000000000000000e+00 0.000000000000000000e+00 3.275364800000000326e-02 1.953008651912217140e+08 3.434296017361135036e+07 3.075891058793930709e+07 -4.234226036690233965e-09 3.893047526219027583e+06 3.799643945341006387e+06
2.500000000000000000e-01 0.000000000000000000e+00 0.000000000000000000e+00 5.077294799999999830e-02 3.828064931249906421e+08 5.345534971218360960e+07 3.026736565009381250e+07 -8.831286504894091987e-09 5.413098341687377542e+06 5.300636786540346220e+06
2.999999999999999889e-01 0.000000000000000000e+00 0.000000000000000000e+00 7.249373200000000517e-02 6.562526292047510147e+08 8.157789216904024780e+07 2.979457505451127142e+07 -1.566678995184677566e-08 7.131796483621068299e+06 6.992850711902030744e+06
3.499999999999999778e-01 0.000000000000000000e+00 0.000000000000000000e+00 9.778759300000000598e-02 1.006103475531771660e+09 1.178457336087422073e+08 2.933258217625070736e+07 -2.460733466521282908e-08 9.095468014609217644e+06 8.919608693146487698e+06
4.000000000000000222e-01 0.000000000000000000e+00 0.000000000000000000e+00 1.265187600000000079e-01 1.409892638407179594e+09 1.600288699631743431e+08 2.887430504214132950e+07 -3.504434437984939383e-08 1.134494612433068454e+07 1.111834564073342085e+07
4.500000000000000111e-01 0.000000000000000000e+00 0.000000000000000000e+00 1.585419600000000095e-01 1.839941457749548435e+09 2.052894740487758219e+08 2.842189842646799237e+07 -4.652858798030659677e-08 1.392235116725840792e+07 1.362947559588903189e+07
5.000000000000000000e-01 0.000000000000000000e+00 0.000000000000000000e+00 1.937010500000000135e-01 2.272909994258899212e+09 2.511197851299038827e+08 2.798738534969842434e+07 -5.815041432994618740e-08 1.685574215823092684e+07 1.648105386710894108e+07
5.500000000000000444e-01 0.000000000000000000e+00 0.000000000000000000e+00 2.318293399999999949e-01 2.697939987748491764e+09 2.962156370346524119e+08 2.757990486452189460e+07 -6.980376081813521107e-08 2.014624049431131035e+07 1.967867251355767995e+07
5.999999999999999778e-01 0.000000000000000000e+00 0.000000000000000000e+00 2.727504800000000174e-01 3.119378972496416569e+09 3.407745780398344994e+08 2.718942936602387950e+07 -8.106823254149489146e-08 2.375826644212108850e+07 2.319575298746345937e+07
6.500000000000000222e-01 0.000000000000000000e+00 0.000000000000000000e+00 3.162782000000000093e-01 3.555234531061444283e+09 3.864429825832913518e+08 2.680488004589884356e+07 -9.247000433519816947e-08 2.762958671050162986e+07 2.697592554893486947e+07
6.999999999999999556e-01 0.000000000000000000e+00 0.000000000000000000e+00 3.622170000000000112e-01 4.028281076972644329e+09 4.355343068923962116e+08 2.642303153316444159e+07 -1.044841910105818924e-07 3.168426897714350745e+07 3.094943574336654693e+07
7.500000000000000000e-01 0.000000000000000000e+00 0.000000000000000000e+00 4.103644000000000180e-01 4.558840676997766495e+09 4.901790499089560509e+08 2.605050249664460123e+07 -1.177109141687790506e-07 3.585536767765399814e+07 3.504971714478231221e+07
8.000000000000000444e-01 0.000000000000000000e+00 0.000000000000000000e+00 4.605142799999999981e-01 5.154079605172854424e+09 5.514305594514092207e+08 2.569311890126298368e+07 -1.324962201952153141e-07 4.010354266299058497e+07 3.923205922658705711e+07
8.499999999999999778e-01 0.000000000000000000e+00 0.000000000000000000e+00 5.124592500000000328e-01 5.806652686056104660e+09 6.188290080865205526e+08 2.534313473981902376e+07 -1.483469414719019032e-07 4.442654498420231044e+07 4.348358672522167861e+07
9.000000000000000222e-01 0.000000000000000000e+00 0.000000000000000000e+00 5.659900199999999826e-01 6.495074029681948662e+09 6.904876275954482555e+08 2.499407711687365919e+07 -1.658414301701177867e-07 4.885120006547134370e+07 4.782251449749020487e+07
9.499999999999999556e-01 0.000000000000000000e+00 0.000000000000000000e+00 6.208938000000000512e-01 7.190877523117818832e+09 7.636006060330759287e+08 2.464855061324020103e+07 -1.839222061127962313e-07 5.341797550132131577e+07 5.228197018957715482e+07
1.000000000000000000e+00 0.000000000000000000e+00 0.000000000000000000e+00 6.769532999999999801e-01 7.868785187343148232e+09 8.354845394166699648e+08 2.431718426507148892e+07 -2.020982426094701349e-07 5.815732143437656015e+07 5.689465546890679002e+07
1.050000000000000044e+00 0.000000000000000000e+00 0.000000000000000000e+00 7.339469199999999471e-01 8.515534657773924828e+09 9.044447272199593782e+08 2.400819759827742726e+07 -2.201251441734830550e-07 6.307319485264772177e+07 6.166905072743791342e+07
1.100000000000000089e+00 0.000000000000000000e+00 0.000000000000000000e+00 7.916495599999999744e-01 9.134310969389314651e+09 9.703626022303279638e+08 2.371294744894985855e+07 -2.374920908525428988e-07 6.813056798566894233e+07 6.658536790876340121e+07
1.149999999999999911e+00 0.000000000000000000e+00 0.000000000000000000e+00 8.498325199999999802e-01 9.742342341380176544e+09 1.034613079547135472e+09 2.342145686206699908e+07 -2.535179103488692055e-07 7.326218996723707020e+07 7.158906671808964014e+07
1.199999999999999956e+00 0.000000000000000000e+00 0.000000000000000000e+00 9.082645000000000302e-01 1.036294981391116524e+10 1.099432514178405523e+09 2.313048472109236196e+07 -2.693588418273678092e-07 7.839758256048792601e+07 7.660916182343982160e+07
1.250000000000000000e+00 0.000000000000000000e+00 0.000000000000000000e+00 9.667138499999999857e-01 1.101449297876970673e+10 1.166745476123564005e+09 2.284548640166456252e+07 -2.857725701473322782e-07 8.346286263189026713e+07 8.158654705877190828e+07
1.300000000000000044e+00 0.000000000000000000e+00 0.000000000000000000e+00 1.024951799999999968e+00 1.170271038962462044e+10 1.237449653594736576e+09 2.257105283215967938e+07 -3.025965447181465412e-07 8.842484919399209321e+07 8.647857982284398377e+07
1.350000000000000089e+00 0.000000000000000000e+00 0.000000000000000000e+00 1.082754500000000064e+00 1.241763905628630829e+10 1.310950082215223551e+09 2.230422011201391742e+07 -3.194783440211772804e-07 9.328410595715668797e+07 9.126660873543673754e+07
1.399999999999999911e+00 0.000000000000000000e+00 0.000000000000000000e+00 1.139903000000000111e+00 1.313737665508296394e+10 1.385401963569228649e+09 2.203666783281841874e+07 -3.378723363641615903e-07 9.806860170369979739e+07 9.596453540017965436e+07
1.449999999999999956e+00 0.000000000000000000e+00 0.000000000000000000e+00 1.196181399999999950e+00 1.383740244694570541e+10 1.458542268309092999e+09 2.177006855968381837e+07 -3.551823310612950826e-07 1.027927307783202231e+08 1.005940024860304594e+08
1.500000000000000000e+00 0.000000000000000000e+00 0.000000000000000000e+00 1.251376400000000055e+00 1.449856233369307899e+10 1.528429535534716368e+09 2.151852624958470091e+07 -3.735212217572232161e-07 1.074907430483312607e+08 1.051746071501807123e+08
1.550000000000000044e+00 0.000000000000000000e+00 0.000000000000000000e+00 1.305278099999999997e+00 1.511270302871982002e+10 1.594003987896367311e+09 2.128140882312460244e+07 -3.905945726816228913e-07 1.121492304301668108e+08 1.097001945318603963e+08
1.600000000000000089e+00 0.000000000000000000e+00 0.000000000000000000e+00 1.357680299999999951e+00 1.568411159915688324e+10 1.655280011806199312e+09 2.105656813125356659e+07 -4.064455793061728637e-07 1.167334320696342140e+08 1.141434176303291023e+08
1.649999999999999911e+00 0.000000000000000000e+00 0.000000000000000000e+00 1.408381399999999894e+00 1.622458099273349190e+10 1.713041035414973021e+09 2.083276897229509428e+07 -4.218046828573684122e-07 1.212004375432768315e+08 1.184811336330462694e+08
1.699999999999999956e+00 0.000000000000000000e+00 0.000000000000000000e+00 1.457184199999999930e+00 1.674853902495986748e+10 1.768425784798541784e+09 2.060650882485790178e+07 -4.355311019149374146e-07 1.254823955954997540e+08 1.226518032298692912e+08
1.750000000000000000e+00 0.000000000000000000e+00 0.000000000000000000e+00 1.503897899999999899e+00 1.726736404398529816e+10 1.822448156670664787e+09 2.038642105915284902e+07 -4.481571147311873984e-07 1.295387521552554220e+08 1.266333951589391083e+08
1.800000000000000044e+00 0.000000000000000000e+00 0.000000000000000000e+00 1.548340400000000061e+00 1.778498189275082779e+10 1.875574523730588675e+09 2.017491157064299658e+07 -4.611418179002989174e-07 1.333475058552101254e+08 1.303857381763706952e+08
1.850000000000000089e+00 0.000000000000000000e+00 0.000000000000000000e+00 1.590339799999999970e+00 1.829678735135258865e+10 1.927603636735119581e+09 1.996513340320530906e+07 -4.732992373920912548e-07 1.368972526217258871e+08 1.338959217310199738e+08
1.899999999999999911e+00 0.000000000000000000e+00 0.000000000000000000e+00 1.629734000000000016e+00 1.879034201499755859e+10 1.977741589405343056e+09 1.975459380717305467e+07 -4.846561809524064532e-07 1.402081537572432458e+08 1.371746988519290686e+08
1.949999999999999956e+00 0.000000000000000000e+00 0.000000000000000000e+00 1.666369800000000012e+00 1.925082493785821915e+10 2.024904714322007656e+09 1.954033074840631709e+07 -4.956927431121346796e-07 1.432823081607043743e+08 1.402056032403394580e+08
2.000000000000000000e+00 0.000000000000000000e+00 0.000000000000000000e+00 1.700102800000000025e+00 1.966529123071182251e+10 2.068058860996543169e+09 1.932594971913780645e+07 -5.057590151998239372e-07 1.461319296921876073e+08 1.430061718125576377e+08
2.050000000000000266e+00 0.000000000000000000e+00 0.000000000000000000e+00 1.730797300000000094e+00 2.002596785028060532e+10 2.106489563637403488e+09 1.911834035148841888e+07 -5.161815505339543415e-07 1.487638393005781472e+08 1.455632780696517527e+08
2.100000000000000089e+00 0.000000000000000000e+00 0.000000000000000000e+00 1.758327299999999926e+00 2.033123865095147705e+10 2.139854221375491858e+09 1.890505888980657235e+07 -5.253637395675535244e-07 1.511639372350723445e+08 1.478697948844362497e+08
2.149999999999999911e+00 0.000000000000000000e+00 0.000000000000000000e+00 1.782575299999999974e+00 2.058538025192874527e+10 2.168181473559193611e+09 1.868315752948464453e+07 -5.327056617228927450e-07 1.533033367060812414e+08 1.499186253225866258e+08
2.200000000000000178e+00 0.000000000000000000e+00 0.000000000000000000e+00 1.803432600000000052e+00 2.079646166697095871e+10 2.191732058272727966e+09 1.844607322211691737e+07 -5.398934902934977697e-07 1.551490341417901218e+08 1.516878605703484714e+08
2.250000000000000000e+00 0.000000000000000000e+00 0.000000000000000000e+00 1.820799499999999904e+00 2.097235419650277710e+10 2.210881619176367760e+09 1.820395425931031629e+07 -5.449894569899982886e-07 1.566857782323147357e+08 1.531722944931819737e+08
2.299999999999999822e+00 0.000000000000000000e+00 0.000000000000000000e+00 1.834586999999999968e+00 2.112019262798570251e+10 2.225987876187668800e+09 1.795504265170700848e+07 -5.489281023871064743e-07 1.578814233922665715e+08 1.543510789564647973e+08
2.350000000000000089e+00 0.000000000000000000e+00 0.000000000000000000e+00 1.844717600000000068e+00 2.124121514134241104e+10 2.237285707199927807e+09 1.770272368701232225e+07 -5.516133366451015951e-07 1.587294617239637077e+08 1.552225382730389833e+08
2.399999999999999911e+00 0.000000000000000000e+00 0.000000000000000000e+00 1.851125899999999991e+00 2.133485029197704315e+10 2.244907110824477673e+09 1.743728755906780064e+07 -5.523593361823734770e-07 1.592308261145484447e+08 1.557621783650782704e+08
2.449999999999999734e+00 0.000000000000000000e+00 0.000000000000000000e+00 1.853757799999999900e+00 2.139180580042104340e+10 2.248708098530975819e+09 1.716507827677214518e+07 -5.519575942639713408e-07 1.593965291012254059e+08 1.559751533190474808e+08
2.500000000000000000e+00 0.000000000000000000e+00 0.000000000000000000e+00 1.852570999999999968e+00 2.140416819432197952e+10 2.248584132863021851e+09 1.689065367333313450e+07 -5.516048028747423511e-07 1.592299410981151462e+08 1.558465359403187335e+08
2.550000000000000266e+00 0.000000000000000000e+00 0.000000000000000000e+00 1.847535799999999950e+00 2.136648935750281906e+10 2.244228744876823425e+09 1.662152909366726317e+07 -5.500032822142043312e-07 1.587430449267038703e+08 1.553780332937011123e+08
2.600000000000000089e+00 0.000000000000000000e+00 0.000000000000000000e+00 1.838635800000000042e+00 2.127004545488013458e+10 2.235172779384929180e+09 1.635741296851267107e+07 -5.479903428802024352e-07 1.579546493088966906e+08 1.545801510958297253e+08
2.649999999999999911e+00 0.000000000000000000e+00 0.000000000000000000e+00 1.825867300000000082e+00 2.111574743201025009e+10 2.220963306900620937e+09 1.609337414046510309e+07 -5.453703843659731141e-07 1.568594630986103714e+08 1.534563965950002670e+08
2.700000000000000178e+00 0.000000000000000000e+00 0.000000000000000000e+00 1.809238700000000089e+00 2.090378341306291580e+10 2.201085291130524635e+09 1.582965436820023507e+07 -5.422074461124628763e-07 1.554565841341588497e+08 1.520252151079238057e+08
2.750000000000000000e+00 0.000000000000000000e+00 0.000000000000000000e+00 1.788770200000000088e+00 2.064122791261293793e+10 2.175363775406788349e+09 1.557482314857548475e+07 -5.371897016343804905e-07 1.537383650935194492e+08 1.502945547707487345e+08
2.799999999999999822e+00 0.000000000000000000e+00 0.000000000000000000e+00 1.764494900000000088e+00 2.033475127526802063e+10 2.143924641675269604e+09 1.532823543923232704e+07 -5.293200721163838366e-07 1.516928017605815828e+08 1.482723467830409110e+08
2.850000000000000089e+00 0.000000000000000000e+00 0.000000000000000000e+00 1.736458800000000080e+00 1.999381380103926086e+10 2.107316695960255146e+09 1.508627000847662054e+07 -5.199205921407992590e-07 1.493062378146567345e+08 1.459586092473941445e+08
2.899999999999999911e+00 0.000000000000000000e+00 0.000000000000000000e+00 1.704720599999999919e+00 1.962512176925048447e+10 2.066435997058483839e+09 1.483922362185637839e+07 -5.085812045504063422e-07 1.465658447279978096e+08 1.433322612067777216e+08
2.949999999999999734e+00 0.000000000000000000e+00 0.000000000000000000e+00 1.669351100000000088e+00 1.923126645897558975e+10 2.022257171705745697e+09 1.458552974990578927e+07 -4.974436400246165857e-07 1.434838191149530411e+08 1.403862287447143495e+08
3.000000000000000000e+00 0.000000000000000000e+00 0.000000000000000000e+00 1.630432899999999963e+00 1.880985296877405548e+10 1.975449183703157663e+09 1.432920408172951452e+07 -4.839383350141596112e-07 1.400739190998939872e+08 1.371125490406062901e+08
3.050000000000000266e+00 0.000000000000000000e+00 0.000000000000000000e+00 1.588060800000000050e+00 1.835298089711780167e+10 1.926097918071308613e+09 1.406802692070391774e+07 -4.717784291147296851e-07 1.363523101139087975e+08 1.335058630658387393e+08
3.100000000000000089e+00 0.000000000000000000e+00 0.000000000000000000e+00 1.542341299999999915e+00 1.785098890401276779e+10 1.873702764757457972e+09 1.380218850942472182e+07 -4.589550202589992916e-07 1.323632630925344527e+08 1.295853691168609560e+08
3.149999999999999911e+00 0.000000000000000000e+00 0.000000000000000000e+00 1.493391399999999924e+00 1.729583288423957062e+10 1.817370558988014698e+09 1.352682508334784955e+07 -4.456473902548341292e-07 1.281218770133933872e+08 1.253921958735856712e+08
3.200000000000000178e+00 0.000000000000000000e+00 0.000000000000000000e+00 1.441336900000000032e+00 1.668460899118053436e+10 1.756089603795523643e+09 1.324797410415569320e+07 -4.326655729766004013e-07 1.236608643559818268e+08 1.209553083566863388e+08
3.250000000000000000e+00 0.000000000000000000e+00 0.000000000000000000e+00 1.386311999999999989e+00 1.602173233173043442e+10 1.689325600048453569e+09 1.296730037766767479e+07 -4.164970532748798807e-07 1.189744429907185584e+08 1.163028332099393308e+08
3.299999999999999822e+00 0.000000000000000000e+00 0.000000000000000000e+00 1.328459099999999893e+00 1.531781449244786072e+10 1.617156607532768250e+09 1.269606674306959286e+07 -3.995866239961660403e-07 1.140699049983045608e+08 1.114567567156660557e+08
3.350000000000000089e+00 0.000000000000000000e+00 0.000000000000000000e+00 1.267929700000000048e+00 1.458630096233093071e+10 1.540381711751858234e+09 1.242842986136764847e+07 -3.806900885138424305e-07 1.089338239340813905e+08 1.064285014688429832e+08
3.399999999999999911e+00 0.000000000000000000e+00 0.000000000000000000e+00 1.204883699999999891e+00 1.383985652813505745e+10 1.460296208453537941e+09 1.216700829904846102e+07 -3.607614074724743734e-07 1.035585415607149601e+08 1.012013665912419856e+08
3.449999999999999734e+00 0.000000000000000000e+00 0.000000000000000000e+00 1.139490200000000009e+00 1.308660167446912766e+10 1.378327309195954323e+09 1.190518467983683199e+07 -3.389875296150699867e-07 9.793933480402004719e+07 9.577169988855713606e+07
3.500000000000000000e+00 0.000000000000000000e+00 0.000000000000000000e+00 1.071926799999999957e+00 1.232773899107962990e+10 1.295600952973251820e+09 1.165034209246329963e+07 -3.171638742894316212e-07 9.209439089990618825e+07 9.013315199940522015e+07
3.550000000000000266e+00 0.000000000000000000e+00 0.000000000000000000e+00 1.002380300000000002e+00 1.155856749688103867e+10 1.212694114626192570e+09 1.140064855678086169e+07 -2.950227224491232638e-07 8.606333117064633965e+07 8.427844633778911829e+07
3.600000000000000089e+00 0.000000000000000000e+00 0.000000000000000000e+00 9.310458200000000240e-01 1.077105791090605354e+10 1.129420844830173731e+09 1.115363992580670491e+07 -2.744860371072934935e-07 7.986856113107158244e+07 7.822931949730303884e+07
3.649999999999999911e+00 0.000000000000000000e+00 0.000000000000000000e+00 8.581256400000000228e-01 9.956260911562191010e+09 1.045014830822102189e+09 1.090274902165523358e+07 -2.543522015603733750e-07 7.355695680865974724e+07 7.203150399445204437e+07
3.700000000000000178e+00 0.000000000000000000e+00 0.000000000000000000e+00 7.838266000000000400e-01 9.107334780575353622e+09 9.583608217082153559e+08 1.064765145220195875e+07 -2.344964110679846307e-07 6.716927386093813181e+07 6.571843106304553896e+07
3.750000000000000000e+00 0.000000000000000000e+00 0.000000000000000000e+00 7.083586600000000288e-01 8.221827400764080048e+09 8.683753967769489288e+08 1.039248313371637464e+07 -2.139656475288201539e-07 6.073384062449206412e+07 5.934444859080440551e+07
3.799999999999999822e+00 0.000000000000000000e+00 0.000000000000000000e+00 6.319338700000000086e-01 7.304466643335300446e+09 7.745901632188118696e+08 1.014129703151381761e+07 -1.926799940162570573e-07 5.426408905701295286e+07 5.294779351464907825e+07
3.850000000000000089e+00 0.000000000000000000e+00 0.000000000000000000e+00 5.547659099999999732e-01 6.367117017263579369e+09 6.774022198288421631e+08 9.892183765762859955e+06 -1.685937187503409502e-07 4.775835263946963847e+07 4.654774852098635584e+07
3.899999999999999911e+00 0.000000000000000000e+00 0.000000000000000000e+00 4.770695099999999744e-01 5.427054641011871338e+09 5.782890447987276316e+08 9.643665631567802280e+06 -1.438404253677984903e-07 4.120349237139054388e+07 4.014265494166622311e+07
3.950000000000000178e+00 0.000000000000000000e+00 0.000000000000000000e+00 3.990605400000000191e-01 4.502441053945738792e+09 4.792311585063853860e+08 9.395962916778078303e+06 -1.184228571856358715e-07 3.458360524396888912e+07 3.371485731888986379e+07
4.000000000000000000e+00 0.000000000000000000e+00 0.000000000000000000e+00 3.209566699999999995e-01 3.606025372940743446e+09 3.822284583647188544e+08 9.153155853317528963e+06 -9.308792994238148738e-08 2.789361543519498408e+07 2.724550162367019430e+07
4.049999999999999822e+00 0.000000000000000000e+00 0.000000000000000000e+00 2.429783299999999924e-01 2.741030301085780144e+09 2.885119472157875896e+08 8.917398448009544984e+06 -6.847147276999742794e-08 2.114906987860672921e+07 2.072545487479536235e+07
4.100000000000000533e+00 0.000000000000000000e+00 0.000000000000000000e+00 1.653488300000000022e-01 1.898809072791804790e+09 1.981289699314690530e+08 8.686437160558875650e+06 -4.520021506585233177e-08 1.438834218795241043e+07 1.416934927983058617e+07
4.150000000000000355e+00 0.000000000000000000e+00 0.000000000000000000e+00 8.829301100000000457e-02 1.062895239513886333e+09 1.099845193882395327e+08 8.457816688178239390e+06 -2.322354622203598660e-08 7.667906569862330332e+06 7.615684389418942854e+06
4.200000000000000178e+00 0.000000000000000000e+00 0.000000000000000000e+00 1.203502199999999939e-02 2.151777428000200093e+08 2.233333248800355569e+07 8.230540920031369664e+06 -2.297411207555164347e-09 1.009497098108010483e+06 1.088507734562068945e+06
4.250000000000000000e+00 0.000000000000000000e+00 0.000000000000000000e+00 -6.320393200000000433e-02 -6.559236565925748348e+08 -6.645150849217240512e+07 8.013832362885409035e+06 1.819667741630878940e-08 -5.341409069399046712e+06 -5.211553832906080410e+06
4.299999999999999822e+00 0.000000000000000000e+00 0.000000000000000000e+00 -1.372072699999999923e-01 -1.549650051836699247e+09 -1.571302831753990650e+08 7.801109232553999871e+06 3.890702847089419074e-08 -1.162224497294500284e+07 -1.142213806147221290e+07
4.349999999999999645e+00 0.000000000000000000e+00 0.000000000000000000e+00 -2.097640899999999864e-01 -2.451244177677331448e+09 -2.491724516500993371e+08 7.591879253674419597e+06 6.023486705478956222e-08 -1.771472813482525945e+07 -1.744170027266749740e+07
4.400000000000000355e+00 0.000000000000000000e+00 0.000000000000000000e+00 -2.806699500000000014e-01 -3.336379286866797924e+09 -3.408888280367156863e+08 7.381490270546630956e+06 8.235869770381930572e-08 -2.365923173609050363e+07 -2.328174569837495685e+07
4.450000000000000178e+00 0.000000000000000000e+00 0.000000000000000000e+00 -3.497267099999999962e-01 -4.177622949378392220e+09 -4.298529202488459349e+08 7.167706426208605990e+06 1.045280358972577287e-07 -2.949276464598052204e+07 -2.896773325045191869e+07
4.500000000000000000e+00 0.000000000000000000e+00 0.000000000000000000e+00 -4.167416600000000138e-01 -4.955730317448899269e+09 -5.138699033770728707e+08 6.952527529831435531e+06 1.264062558164545275e-07 -3.523776064474518597e+07 -3.452488477882684022e+07
4.549999999999999822e+00 0.000000000000000000e+00 0.000000000000000000e+00 -4.815263699999999814e-01 -5.664966185202482224e+09 -5.916472412715414762e+08 6.739170772169656120e+06 1.473777836380559083e-07 -4.088602345830918849e+07 -3.996286736164069921e+07
4.599999999999999645e+00 0.000000000000000000e+00 0.000000000000000000e+00 -5.438962699999999595e-01 -6.316574827377146721e+09 -6.632749803580812216e+08 6.527510543735635467e+06 1.667067127706347570e-07 -4.639469210897532105e+07 -4.526708705282664299e+07
4.649999999999999467e+00 0.000000000000000000e+00 0.000000000000000000e+00 -6.036717900000000414e-01 -6.933637824823537827e+09 -7.300943228989126682e+08 6.319552215695317835e+06 1.847617044553016847e-07 -5.169353913013187796e+07 -5.039671426316747069e+07
4.700000000000000178e+00 0.000000000000000000e+00 0.000000000000000000e+00 -6.606802499999999689e-01 -7.541542695505457878e+09 -7.940620578092073202e+08 6.118944885537263006e+06 1.999567185029779095e-07 -5.670806056763001531e+07 -5.529526825381965190e+07
4.750000000000000000e+00 0.000000000000000000e+00 0.000000000000000000e+00 -7.147579099999999963e-01 -8.158588490523923874e+09 -8.570022819310717583e+08 5.930627627794981934e+06 2.144048476737367766e-07 -6.137875427641708404e+07 -5.990947414107765257e+07
4.799999999999999822e+00 0.000000000000000000e+00 0.000000000000000000e+00 -7.657514899999999791e-01 -8.787228729005701065e+09 -9.197214210470182896e+08 5.756883528294860385e+06 2.284903007460866638e-07 -6.568222132999366522e+07 -6.420175857877884805e+07
4.850000000000000533e+00 0.000000000000000000e+00 0.000000000000000000e+00 -8.135190300000000319e-01 -9.412239668975202560e+09 -9.817003202573053837e+08 5.593832007567974739e+06 2.417248355268602497e-07 -6.963336660951741040e+07 -6.816063599865901470e+07
4.899999999999999467e+00 0.000000000000000000e+00 0.000000000000000000e+00 -8.579303099999999738e-01 -1.000587647609169579e+10 -1.041244738580391169e+09 5.434210340076115914e+06 2.544023943061668388e-07 -7.328149842159408331e+07 -7.179973992434437573e+07
4.950000000000000178e+00 0.000000000000000000e+00 0.000000000000000000e+00 -8.988665700000000314e-01 -1.053628390586490440e+10 -1.096037877102813482e+09 5.273962862350037321e+06 2.677738542787767269e-07 -7.668336242781946063e+07 -7.514944468768259883e+07
5.000000000000000000e+00 0.000000000000000000e+00 0.000000000000000000e+00 -9.362193599999999449e-01 -1.098048659553636932e+10 -1.144008680487084627e+09 5.111368467389956117e+06 2.804651741059693668e-07 -7.987426607390384376e+07 -7.824129820265270770e+07
5.049999999999999822e+00 0.000000000000000000e+00 0.000000000000000000e+00 -9.698894799999999705e-01 -1.133135248561990547e+10 -1.184020124362656593e+09 4.949383047851114534e+06 2.915631959219141481e-07 -8.285409098086982965e+07 -8.108210434732867777e+07
5.100000000000000533e+00 0.000000000000000000e+00 0.000000000000000000e+00 -9.997864699999999827e-01 -1.160147426037872696e+10 -1.216369248394388914e+09 4.785829755845552310e+06 3.020841707324288617e-07 -8.559888163032735884e+07 -8.365877776329894364e+07
5.150000000000000355e+00 0.000000000000000000e+00 0.000000000000000000e+00 -1.025829600000000008e+00 -1.181798254656976891e+10 -1.242557961214365959e+09 4.624756995031899773e+06 3.100013684726804191e-07 -8.802399177831326425e+07 -8.594957633808113635e+07
5.200000000000000178e+00 0.000000000000000000e+00 0.000000000000000000e+00 -1.047949400000000031e+00 -1.201154027925285149e+10 -1.264583312360924006e+09 4.465730958676033653e+06 3.166011904938037357e-07 -9.007319386704327166e+07 -8.791276656735764444e+07
5.250000000000000000e+00 0.000000000000000000e+00 0.000000000000000000e+00 -1.066089599999999971e+00 -1.220517152928394508e+10 -1.284253714252903938e+09 4.322470987303340808e+06 3.213832133852487874e-07 -9.167810049979873002e+07 -8.949522607806679606e+07
5.299999999999999822e+00 0.000000000000000000e+00 0.000000000000000000e+00 -1.080207700000000104e+00 -1.240466326104397774e+10 -1.302339794819656849e+09 4.191860544769803528e+06 3.246254709938561505e-07 -9.282577408582639694e+07 -9.068740310010090470e+07
5.349999999999999645e+00 0.000000000000000000e+00 0.000000000000000000e+00 -1.090275799999999906e+00 -1.259542777388311768e+10 -1.318337650200306892e+09 4.075632460170869716e+06 3.262898138048715668e-07 -9.354428553195078671e+07 -9.149626070099884272e+07
5.400000000000000355e+00 0.000000000000000000e+00 0.000000000000000000e+00 -1.096279699999999968e+00 -1.274953053973853302e+10 -1.330673473695730686e+09 3.968161169370437507e+06 3.263782834067929267e-07 -9.389325142420633137e+07 -9.193042874764889479e+07
5.450000000000000178e+00 0.000000000000000000e+00 0.000000000000000000e+00 -1.098218300000000092e+00 -1.283484698980588341e+10 -1.337368547470721722e+09 3.865684225269724615e+06 3.278469269529396277e-07 -9.393500591572006047e+07 -9.203608540874415636e+07
5.500000000000000000e+00 0.000000000000000000e+00 0.000000000000000000e+00 -1.096101999999999910e+00 -1.282879821573762512e+10 -1.336830843557187080e+09 3.765835983590670861e+06 3.271303634809372987e-07 -9.373119904282620549e+07 -9.183497168125107884e+07
5.549999999999999822e+00 0.000000000000000000e+00 0.000000000000000000e+00 -1.089951399999999904e+00 -1.272548910069132423e+10 -1.328442849169885874e+09 3.671358335830823518e+06 3.274110040084636929e-07 -9.328119964415316284e+07 -9.134103100436669588e+07
5.599999999999999645e+00 0.000000000000000000e+00 0.000000000000000000e+00 -1.079796699999999943e+00 -1.253841040096562004e+10 -1.312738043866490364e+09 3.579887449291184079e+06 3.245546923294262055e-07 -9.256568230612382293e+07 -9.055340542165596783e+07
5.649999999999999467e+00 0.000000000000000000e+00 0.000000000000000000e+00 -1.065678399999999915e+00 -1.229432468039498901e+10 -1.291203438230894566e+09 3.493272317686128896e+06 3.211282366221154426e-07 -9.153017025071048737e+07 -8.944684901130440831e+07
5.700000000000000178e+00 0.000000000000000000e+00 0.000000000000000000e+00 -1.047648600000000041e+00 -1.202292893932556915e+10 -1.265557841664039135e+09 3.415183779124758206e+06 3.167842611906435121e-07 -9.011904821803909540e+07 -8.800046789147683978e+07
5.750000000000000000e+00 0.000000000000000000e+00 0.000000000000000000e+00 -1.025771999999999906e+00 -1.174669635957633591e+10 -1.237261138876057148e+09 3.348539232305235229e+06 3.095816985440825233e-07 -8.829169905365878344e+07 -8.619856528558871150e+07
5.799999999999999822e+00 0.000000000000000000e+00 0.000000000000000000e+00 -1.000126599999999977e+00 -1.147351716433388710e+10 -1.206903054350712776e+09 3.298595840896243695e+06 3.018253424957329552e-07 -8.604074441781166196e+07 -8.403678201947207749e+07
5.850000000000000533e+00 0.000000000000000000e+00 0.000000000000000000e+00 -9.708032399999999562e-01 -1.119439741558200455e+10 -1.174204249956174850e+09 3.265098282513119280e+06 2.913919354844716599e-07 -8.339341699611079693e+07 -8.153431199855764210e+07
5.899999999999999467e+00 0.000000000000000000e+00 0.000000000000000000e+00 -9.379047400000000145e-01 -1.088902454464678955e+10 -1.138151381972009420e+09 3.244319158088529482e+06 2.806639128965720690e-07 -8.039783333525009453e+07 -7.871826747848476470e+07
5.950000000000000178e+00 0.000000000000000000e+00 0.000000000000000000e+00 -9.015449399999999613e-01 -1.053201920838716507e+10 -1.097447426349028349e+09 3.235214181561225094e+06 2.687617868773790667e-07 -7.713585755191202462e+07 -7.561052560502326488e+07
6.000000000000000000e+00 0.000000000000000000e+00 0.000000000000000000e+00 -8.618468500000000532e-01 -1.010330582126697731e+10 -1.051034709765977859e+09 3.235940940908075310e+06 2.565738774653934738e-07 -7.365665696529233456e+07 -7.225038019196406007e+07
6.049999999999999822e+00 0.000000000000000000e+00 0.000000000000000000e+00 -8.189412000000000358e-01 -9.594023260010595322e+09 -9.984841774950374365e+08 3.246106127820107155e+06 2.433372359514579575e-07 -6.999885657509678602e+07 -6.864952071116746962e+07
6.100000000000000533e+00 0.000000000000000000e+00 0.000000000000000000e+00 -7.729655199999999615e-01 -9.011101023879753113e+09 -9.401667318511344194e+08 3.262220599470891524e+06 2.312662102625402924e-07 -6.615392486844696850e+07 -6.481973119421907514e+07
6.150000000000000355e+00 0.000000000000000000e+00 0.000000000000000000e+00 -7.240645199999999893e-01 -8.374070474387372971e+09 -8.772686887858489752e+08 3.281540566645252984e+06 2.174996063009005224e-07 -6.210055400564464927e+07 -6.075752656594538689e+07
6.200000000000000178e+00 0.000000000000000000e+00 0.000000000000000000e+00 -6.723909099999999528e-01 -7.710153541562875748e+09 -8.113070046382838488e+08 3.303638708992598113e+06 2.032531077326105400e-07 -5.779596316891624779e+07 -5.645550980358748138e+07
6.250000000000000000e+00 0.000000000000000000e+00 0.000000000000000000e+00 -6.181064200000000453e-01 -7.044741062897823334e+09 -7.437510821365026236e+08 3.329915390131928958e+06 1.877751578124370373e-07 -5.320494233451903611e+07 -5.190885287448314577e+07
6.299999999999999822e+00 0.000000000000000000e+00 0.000000000000000000e+00 -5.613823999999999481e-01 -6.392738235276859283e+09 -6.754290506227557659e+08 3.361850473157467321e+06 1.708924695625969805e-07 -4.831479689569047838e+07 -4.712478257863371819e+07
6.349999999999999645e+00 0.000000000000000000e+00 0.000000000000000000e+00 -5.023997500000000338e-01 -5.753935168992159843e+09 -6.063290096647415161e+08 3.397852693325310480e+06 1.524809033840296964e-07 -4.314645844199290872e+07 -4.212376076269868761e+07
6.400000000000000355e+00 0.000000000000000000e+00 0.000000000000000000e+00 -4.413483400000000056e-01 -5.114496764816870689e+09 -5.356480896333016753e+08 3.434958525561972987e+06 1.332771461028280890e-07 -3.775181416411727667e+07 -3.693897077059043199e+07
6.450000000000000178e+00 0.000000000000000000e+00 0.000000000000000000e+00 -3.784257599999999999e-01 -4.452120325737637520e+09 -4.622898226956666708e+08 3.472011278525629081e+06 1.128880109507171995e-07 -3.220019888294903561e+07 -3.160646395214730501e+07
6.500000000000000000e+00 0.000000000000000000e+00 0.000000000000000000e+00 -3.138354400000000211e-01 -3.745960785173140049e+09 -3.853360251203408241e+08 3.508579694082217757e+06 9.247808748641027197e-08 -2.655943073362226784e+07 -2.616039539451957121e+07
6.550000000000000711e+00 0.000000000000000000e+00 0.000000000000000000e+00 -2.477847400000000033e-01 -2.984161650570631504e+09 -3.045191341644133925e+08 3.544714487413207069e+06 7.205951795888221157e-08 -2.087661100837306306e+07 -2.062266808601502329e+07
6.599999999999999645e+00 0.000000000000000000e+00 0.000000000000000000e+00 -1.804836099999999888e-01 -2.170058995654995918e+09 -2.204769721887089908e+08 3.578483538147381507e+06 5.206642620786456661e-08 -1.516885387704883702e+07 -1.500323064163874835e+07
6.649999999999999467e+00 0.000000000000000000e+00 -1.301004899999999955e-30 -1.121443099999999971e-01 -1.319742622875705957e+09 -1.344530842856514156e+08 3.609294804227632005e+06 3.244408944506954573e-08 -9.423534006870562211e+06 -9.300513888748880476e+06
6.700000000000000178e+00 0.000000000000000000e+00 -5.783164599999999725e-31 -4.298173999999999745e-02 -4.577740425385857821e+08 -4.798931304914144427e+07 3.637947775667600334e+06 1.318765994242457606e-08 -3.605643241055292543e+06 -3.510837749007476494e+06
6.750000000000000000e+00 0.000000000000000000e+00 0.000000000000000000e+00 2.678606600000000074e-02 3.915171989872704148e+08 3.765793445665806532e+07 3.665611424329446629e+06 -6.141045163809277928e-09 2.268969600086741615e+06 2.339861351818768773e+06
6.799999999999999822e+00 0.000000000000000000e+00 0.000000000000000000e+00 9.693780800000000031e-02 1.211601912947422266e+09 1.218893754157619029e+08 3.696170767587844282e+06 -2.606331206985795380e-08 8.284216498494208790e+06 8.268941736140257679e+06
6.850000000000000533e+00 0.000000000000000000e+00 0.000000000000000000e+00 1.672492899999999949e-01 1.998327623907363176e+09 2.048631170524244606e+08 3.727542479001287371e+06 -4.671554738136066037e-08 1.437950957792288996e+07 1.422293028262938373e+07
6.899999999999999467e+00 0.000000000000000000e+00 0.000000000000000000e+00 2.374942100000000111e-01 2.759955086664343834e+09 2.872971123958019018e+08 3.759254329179465771e+06 -6.845614663971794210e-08 2.051811565155438706e+07 2.016609936373613030e+07
6.949999999999999289e+00 0.000000000000000000e+00 0.000000000000000000e+00 3.074456400000000200e-01 3.512611332288669586e+09 3.700503587728132606e+08 3.790403237317998894e+06 -9.103078835628090567e-08 2.663835359382057190e+07 2.606109797577892616e+07
7.000000000000000000e+00 0.000000000000000000e+00 0.000000000000000000e+00 3.768778199999999745e-01 4.273560201291374207e+09 4.536654087890980244e+08 3.822866739878909662e+06 -1.136102801617850990e-07 3.267953717232305184e+07 3.187864152041457593e+07
7.049999999999999822e+00 0.000000000000000000e+00 0.000000000000000000e+00 4.455681300000000067e-01 5.053735651991938591e+09 5.380445440447591543e+08 3.857256727133889683e+06 -1.356783675882058971e-07 3.859400818533062190e+07 3.760319762979991734e+07
7.100000000000000533e+00 0.000000000000000000e+00 0.000000000000000000e+00 5.132983899999999933e-01 5.853781343796909332e+09 6.224151927412567139e+08 3.893286508758287877e+06 -1.566135651081780045e-07 4.435657788708913326e+07 4.323357848260770738e+07
7.150000000000000355e+00 0.000000000000000000e+00 0.000000000000000000e+00 5.798553400000000524e-01 6.663723355520769119e+09 7.055458091195423603e+08 3.930297946359761525e+06 -1.763751008977769523e-07 4.996688601063641161e+07 4.877250120256488025e+07
7.200000000000000178e+00 0.000000000000000000e+00 0.000000000000000000e+00 6.450305200000000516e-01 7.466238801608553886e+09 7.862368113463532925e+08 3.967304635253094602e+06 -1.945777903700354383e-07 5.543994747582177073e+07 5.421946892359695584e+07
7.250000000000000000e+00 0.000000000000000000e+00 0.000000000000000000e+00 7.086198700000000406e-01 8.242271246877868652e+09 8.636037625104962587e+08 4.004455295900091995e+06 -2.112402063898193164e-07 6.079457341926959157e+07 5.956287764566200227e+07
7.299999999999999822e+00 0.000000000000000000e+00 0.000000000000000000e+00 7.704236100000000365e-01 8.976856620044380188e+09 9.374296586274149418e+08 4.039973317191280425e+06 -2.282413241729436629e-07 6.603945519282140583e+07 6.477947074476945400e+07
7.349999999999999645e+00 0.000000000000000000e+00 0.000000000000000000e+00 8.302462800000000032e-01 9.662589687577713013e+09 1.008039759049573302e+09 4.070863500012034550e+06 -2.443134429761572841e-07 7.117011167057915032e+07 6.983341893273894489e+07
7.400000000000000355e+00 0.000000000000000000e+00 0.000000000000000000e+00 8.878971100000000449e-01 1.030087615948099136e+10 1.076034104425603151e+09 4.093019571589668281e+06 -2.615718609096075621e-07 7.615369626750485599e+07 7.468968710609185696e+07
7.450000000000000178e+00 0.000000000000000000e+00 0.000000000000000000e+00 9.431907800000000064e-01 1.090076406965926933e+10 1.142009474242880821e+09 4.105258506916511804e+06 -2.798405994302826775e-07 8.095344271829327941e+07 7.931631501662923396e+07
7.500000000000000000e+00 0.000000000000000000e+00 0.000000000000000000e+00 9.959485799999999722e-01 1.147369415093341637e+10 1.206176782905028820e+09 4.109851968952172436e+06 -2.978397998331391561e-07 8.553366806964132190e+07 8.369201496492572129e+07
7.550000000000000711e+00 0.000000000000000000e+00 0.000000000000000000e+00 1.045999799999999924e+00 1.202926021049306679e+10 1.268164206557299376e+09 4.106748786358095240e+06 -3.153790994123490024e-07 8.984763531736956537e+07 8.781867881342519820e+07
7.599999999999999645e+00 0.000000000000000000e+00 0.000000000000000000e+00 1.093182600000000004e+00 1.257177579814857101e+10 1.327138617057071686e+09 4.101594643836610485e+06 -3.306520854370227373e-07 9.387506490234005451e+07 9.170865186067225039e+07
7.649999999999999467e+00 0.000000000000000000e+00 0.000000000000000000e+00 1.137344899999999992e+00 1.309830620786102486e+10 1.382104766205894232e+09 4.094552915374123491e+06 -3.446209568288465131e-07 9.760985141186332703e+07 9.536290508630111814e+07
7.700000000000000178e+00 0.000000000000000000e+00 0.000000000000000000e+00 1.178344499999999906e+00 1.360087514932820129e+10 1.432313612047116756e+09 4.087859608709895052e+06 -3.561319334107065007e-07 1.010500340635015368e+08 9.878146651279896498e+07
7.750000000000000000e+00 0.000000000000000000e+00 0.000000000000000000e+00 1.216049399999999947e+00 1.406873783774083328e+10 1.477480954535259485e+09 4.080993830075090751e+06 -3.644756703602159096e-07 1.042038769233821332e+08 1.019573070389482081e+08
7.799999999999999822e+00 0.000000000000000000e+00 0.000000000000000000e+00 1.250337699999999996e+00 1.449137978906080627e+10 1.517863620496882439e+09 4.081757263204201125e+06 -3.725847701268238711e-07 1.070840369149959683e+08 1.048667773780300170e+08
7.849999999999999645e+00 0.000000000000000000e+00 0.000000000000000000e+00 1.281098800000000093e+00 1.486114644471022606e+10 1.553931479413092136e+09 4.080455759806996677e+06 -3.793678082872789841e-07 1.096905037935816348e+08 1.074704905455510914e+08
7.900000000000000355e+00 0.000000000000000000e+00 0.000000000000000000e+00 1.308232899999999921e+00 1.517395447872930527e+10 1.586200536910399675e+09 4.075952659141555894e+06 -3.879204424783129515e-07 1.120114375894264281e+08 1.097517670753698051e+08
7.950000000000000178e+00 0.000000000000000000e+00 0.000000000000000000e+00 1.331651399999999930e+00 1.542934850711710548e+10 1.614803218875188351e+09 4.068400373878401704e+06 -3.963519541023895210e-07 1.140513212030353844e+08 1.116861328966777772e+08
8.000000000000000000e+00 0.000000000000000000e+00 0.000000000000000000e+00 1.351277300000000015e+00 1.563075119507533073e+10 1.639408136316345453e+09 4.058320582081172150e+06 -4.036139685883817422e-07 1.157914784229151756e+08 1.132910736758861095e+08
8.050000000000000711e+00 0.000000000000000000e+00 0.000000000000000000e+00 1.367045300000000019e+00 1.578340401999243546e+10 1.659432930726687908e+09 4.045345124814462382e+06 -4.100886757293501593e-07 1.172105425728895217e+08 1.145701157645782828e+08
8.099999999999999645e+00 0.000000000000000000e+00 0.000000000000000000e+00 1.378902099999999908e+00 1.589474355067848396e+10 1.674297618336326361e+09 4.026756511744587217e+06 -4.163710155735075241e-07 1.182878919142681211e+08 1.155364181934380829e+08
8.149999999999998579e+00 0.000000000000000000e+00 0.000000000000000000e+00 1.386806200000000100e+00 1.597216887559977150e+10 1.683726728215422869e+09 4.005670953289091121e+06 -4.191100521735037694e-07 1.190106763484673500e+08 1.162031427429068685e+08
8.200000000000001066e+00 0.000000000000000000e+00 0.000000000000000000e+00 1.390728299999999917e+00 1.602099799909880066e+10 1.687843805636576176e+09 3.978620699991767295e+06 -4.195213680333511545e-07 1.193574884203684479e+08 1.165580972088333815e+08
8.250000000000000000e+00 0.000000000000000000e+00 0.000000000000000000e+00 1.390651499999999929e+00 1.604187951534594917e+10 1.687062120797192097e+09 3.948469465379580855e+06 -4.181168887228485222e-07 1.193291932365999073e+08 1.165934274535068423e+08
8.300000000000000711e+00 0.000000000000000000e+00 0.000000000000000000e+00 1.386571800000000021e+00 1.602929765486709595e+10 1.681811321889415503e+09 3.912124546967511997e+06 -4.150792270185719751e-07 1.189256384601378143e+08 1.162881398604067117e+08
8.349999999999999645e+00 0.000000000000000000e+00 0.000000000000000000e+00 1.378498100000000059e+00 1.597270472033378410e+10 1.672321537385154009e+09 3.872666642907713074e+06 -4.103743281318980295e-07 1.181791153909165263e+08 1.156404191790987551e+08
8.400000000000000355e+00 0.000000000000000000e+00 0.000000000000000000e+00 1.366452000000000000e+00 1.585984172281677246e+10 1.658457166760968208e+09 3.826189376432492863e+06 -4.068025686208894584e-07 1.171064052268699855e+08 1.146432128116849363e+08
8.449999999999999289e+00 0.000000000000000000e+00 0.000000000000000000e+00 1.350467099999999920e+00 1.568052654143808937e+10 1.639850613938937902e+09 3.775129691530704033e+06 -4.005144942810825111e-07 1.157323285211683661e+08 1.132982190227877498e+08
8.500000000000000000e+00 0.000000000000000000e+00 0.000000000000000000e+00 1.330588799999999905e+00 1.543225634191125870e+10 1.616096245134504080e+09 3.723581953620038461e+06 -3.969120808955819110e-07 1.140846088740700334e+08 1.116316743829888552e+08
8.550000000000000711e+00 0.000000000000000000e+00 0.000000000000000000e+00 1.306873799999999974e+00 1.512069083157090378e+10 1.587015588936673641e+09 3.668588324172125198e+06 -3.912260638500261522e-07 1.121372726766922027e+08 1.096453892363669872e+08
8.599999999999999645e+00 0.000000000000000000e+00 0.000000000000000000e+00 1.279390199999999922e+00 1.475907355633136749e+10 1.552769315761833191e+09 3.614799020984145813e+06 -3.851822742038104231e-07 1.098908224294506162e+08 1.073604076876224726e+08
8.650000000000000355e+00 0.000000000000000000e+00 0.000000000000000000e+00 1.248217700000000097e+00 1.436346662692581177e+10 1.513801646091534853e+09 3.555905506185179111e+06 -3.758242382313985029e-07 1.073042570429783463e+08 1.047706237602233142e+08
8.699999999999999289e+00 0.000000000000000000e+00 0.000000000000000000e+00 1.213447699999999907e+00 1.394784324402817535e+10 1.470753868909147263e+09 3.494765338774411939e+06 -3.668946240738933180e-07 1.043634414211287051e+08 1.018882476215823591e+08
8.750000000000000000e+00 0.000000000000000000e+00 0.000000000000000000e+00 1.175183700000000053e+00 1.351889878307186699e+10 1.424181603138183594e+09 3.429574045157930814e+06 -3.538314530473288817e-07 1.010669325598267019e+08 9.870185700934472680e+07
8.800000000000000711e+00 0.000000000000000000e+00 0.000000000000000000e+00 1.133541300000000085e+00 1.307407535617337418e+10 1.374392037012541533e+09 3.360178904688829090e+06 -3.404778949368561583e-07 9.742277639915893972e+07 9.522277763919933140e+07
8.849999999999999645e+00 0.000000000000000000e+00 0.000000000000000000e+00 1.088647799999999943e+00 1.260304141742316437e+10 1.321310912526495218e+09 3.289244651678276248e+06 -3.250248108268074542e-07 9.347713433181238174e+07 9.145887245343263447e+07
8.900000000000000355e+00 0.000000000000000000e+00 0.000000000000000000e+00 1.040641499999999997e+00 1.209076311756520844e+10 1.264593326221738815e+09 3.209369007056268863e+06 -3.098655273131997313e-07 8.926525965227337182e+07 8.742239652212940156e+07
8.949999999999999289e+00 0.000000000000000000e+00 0.000000000000000000e+00 9.896698400000000229e-01 1.152392916156124878e+10 1.203770306422707796e+09 3.126795236503563356e+06 -2.938055707147610556e-07 8.484660873077850044e+07 8.313611304277594388e+07
9.000000000000000000e+00 0.000000000000000000e+00 0.000000000000000000e+00 9.358886299999999991e-01 1.089563835101201630e+10 1.138537644113096237e+09 3.039547347961333115e+06 -2.778903193889627717e-07 8.024474934522140026e+07 7.862536565663090348e+07
9.050000000000000711e+00 0.000000000000000000e+00 0.000000000000000000e+00 8.794608699999999502e-01 1.020909004430326271e+10 1.068957521635713339e+09 2.947698013800424524e+06 -2.620902956925285768e-07 7.547795094629918039e+07 7.389976941552029550e+07
9.099999999999999645e+00 0.000000000000000000e+00 0.000000000000000000e+00 8.205562299999999976e-01 9.477463970768243790e+09 9.955763348388825655e+08 2.850475984400157351e+06 -2.455701813086570750e-07 7.052921895841449499e+07 6.898114764436955750e+07
9.150000000000000355e+00 0.000000000000000000e+00 0.000000000000000000e+00 7.593508700000000111e-01 8.720250349642755508e+09 9.193213978597152233e+08 2.747993376237483229e+06 -2.287152443843320200e-07 6.538962694320537150e+07 6.387033569578891248e+07
9.199999999999999289e+00 0.000000000000000000e+00 0.000000000000000000e+00 6.960276100000000188e-01 7.957116531065746307e+09 8.412343972151910067e+08 2.638671020518150181e+06 -2.107121427151469528e-07 6.002543391820447147e+07 5.857272207953090221e+07
9.250000000000000000e+00 0.000000000000000000e+00 0.000000000000000000e+00 6.307762700000000278e-01 7.201844640121843338e+09 7.621193414980208874e+08 2.523711588959898800e+06 -1.910421504554749862e-07 5.443033486575577408e+07 5.309718520575457066e+07
9.299999999999998934e+00 0.000000000000000000e+00 0.000000000000000000e+00 5.637937699999999719e-01 6.458088142027992249e+09 6.823145982109284401e+08 2.404525876325870398e+06 -1.705478207571016942e-07 4.861651829403872788e+07 4.745682999428072572e+07
9.350000000000001421e+00 0.000000000000000000e+00 0.000000000000000000e+00 4.952838199999999858e-01 5.717754918967924118e+09 6.016139088601152897e+08 2.282054860101880506e+06 -1.487137599219646482e-07 4.262259091491137445e+07 4.167552887559663504e+07
9.400000000000000355e+00 0.000000000000000000e+00 0.000000000000000000e+00 4.254558399999999740e-01 4.965880684952441216e+09 5.193417116925392151e+08 2.156774680443732999e+06 -1.268026925812340300e-07 3.650348113938105106e+07 3.578250433971738815e+07
9.449999999999999289e+00 0.000000000000000000e+00 0.000000000000000000e+00 3.545234099999999833e-01 4.184923609597979069e+09 4.347893463593981862e+08 2.030345725988510763e+06 -1.044516817034341369e-07 3.032158423170595989e+07 2.980968159118751809e+07
9.500000000000000000e+00 0.000000000000000000e+00 0.000000000000000000e+00 2.827026799999999840e-01 3.362941593033793449e+09 3.475259968825005293e+08 1.903163972257992486e+06 -8.245866706694225174e-08 2.412696789044867828e+07 2.378356850391701609e+07
9.549999999999998934e+00 0.000000000000000000e+00 0.000000000000000000e+00 2.102109600000000023e-01 2.498452979298785686e+09 2.577323253578520715e+08 1.775465449109116104e+06 -6.076412337455666914e-08 1.794734669722516462e+07 1.772334405414834619e+07
9.599999999999999645e+00 0.000000000000000000e+00 0.000000000000000000e+00 1.372658599999999895e-01 1.602575357290962696e+09 1.662884398807660639e+08 1.645578313132177806e+06 -3.953526611071332245e-08 1.178624004870906100e+07 1.163765537308561429e+07
9.650000000000000355e+00 0.000000000000000000e+00 0.000000000000000000e+00 6.408485299999999718e-02 6.962425843887822628e+08 7.453311681414252520e+07 1.511167238135813503e+06 -1.867337440237447630e-08 5.623520559618775733e+06 5.528399761837664992e+06
9.700000000000001066e+00 0.000000000000000000e+00 6.931627399999999716e-31 -9.114646599999999890e-03 -1.965219989348714650e+08 -1.611036218714199960e+07 1.370704660220219055e+06 2.103442617574804894e-09 -5.842510692521008896e+05 -6.128626640973944450e+05
9.750000000000000000e+00 0.000000000000000000e+00 0.000000000000000000e+00 -8.211493500000000001e-02 -1.056158560931228518e+09 -1.046031787812216431e+08 1.225412487186644925e+06 2.301624203755009566e-08 -6.816431858261625282e+06 -6.754062491274381988e+06
9.799999999999998934e+00 0.000000000000000000e+00 0.000000000000000000e+00 -1.546978099999999912e-01 -1.873919295621740103e+09 -1.906103579934999347e+08 1.075880919381639455e+06 4.427796908887218696e-08 -1.310020792388955876e+07 -1.289675210959934257e+07
9.849999999999999645e+00 0.000000000000000000e+00 0.000000000000000000e+00 -2.266448299999999916e-01 -2.654335877474476814e+09 -2.745560202384898663e+08 9.243491273943646811e+05 6.615345212521716712e-08 -1.939533883741185442e+07 -1.900507010506081954e+07
9.900000000000000355e+00 0.000000000000000000e+00 0.000000000000000000e+00 -2.977382700000000271e-01 -3.413198687070157528e+09 -3.573921348107537627e+08 7.742681212535038358e+05 8.839088300989086951e-08 -2.564501563116189092e+07 -2.503933632854144275e+07
9.950000000000001066e+00 0.000000000000000000e+00 0.000000000000000000e+00 -3.677625199999999817e-01 -4.170474481651320457e+09 -4.401387963531608582e+08 6.295278480530233355e+05 1.105946109535649098e-07 -3.177997019181986526e+07 -3.096072620228786021e+07
1.000000000000000000e+01 0.000000000000000000e+00 0.000000000000000000e+00 -4.365056500000000228e-01 -4.943127706141619682e+09 -5.234731684599817991e+08 4.943478987891962752e+05 1.322870754091592712e-07 -3.773962847529438883e+07 -3.673732566511509567e+07
1.005000000000000071e+01 0.000000000000000000e+00 0.000000000000000000e+00 -5.037606300000000425e-01 -5.737582364642956734e+09 -6.072832643818554878e+08 3.705357254259660840e+05 1.533702676575436222e-07 -4.348531293196786195e+07 -4.235142848403530568e+07
1.009999999999999964e+01 0.000000000000000000e+00 0.000000000000000000e+00 -5.693261699999999648e-01 -6.546355220118266106e+09 -6.906471363788880110e+08 2.584438781317355752e+05 1.725111261891602274e-07 -4.900950728783556074e+07 -4.779867501870408654e+07
1.014999999999999858e+01 0.000000000000000000e+00 0.000000000000000000e+00 -6.330069000000000390e-01 -7.349562393849562645e+09 -7.719719091790989637e+08 1.559401519972064998e+05 1.915245491134824249e-07 -5.433425504624372721e+07 -5.308656801283359528e+07
1.020000000000000107e+01 0.000000000000000000e+00 0.000000000000000000e+00 -6.946130799999999939e-01 -8.120455726806903839e+09 -8.494899177080718279e+08 6.017039126968086930e+04 2.088650490526669505e-07 -5.949467364066830277e+07 -5.822591762910132110e+07
1.025000000000000000e+01 0.000000000000000000e+00 0.000000000000000000e+00 -7.539600899999999717e-01 -8.835091990520729065e+09 -9.218278181646486521e+08 -3.104464850214924081e+04 2.255202918981549000e-07 -6.452409996920520812e+07 -6.321825307862845063e+07
1.030000000000000071e+01 0.000000000000000000e+00 0.000000000000000000e+00 -8.108680400000000121e-01 -9.479979828510057449e+09 -9.884571752871595621e+08 -1.194206957853471395e+05 2.411944641240513084e-07 -6.943284450777475536e+07 -6.805150480053062737e+07
1.034999999999999964e+01 0.000000000000000000e+00 0.000000000000000000e+00 -8.651620199999999761e-01 -1.005725383737480545e+10 -1.049933933201438546e+09 -2.055668677493431896e+05 2.568035124734911572e-07 -7.419805744445598125e+07 -7.269329910813952982e+07
1.040000000000000036e+01 0.000000000000000000e+00 0.000000000000000000e+00 -9.166732300000000055e-01 -1.058349429336257744e+10 -1.107644336989790916e+09 -2.889548446797364741e+05 2.721852150062780601e-07 -7.876516195207099617e+07 -7.710531473959146440e+07
1.044999999999999929e+01 0.000000000000000000e+00 0.000000000000000000e+00 -9.652406900000000123e-01 -1.108285748831697655e+10 -1.163244565679840565e+09 -3.654246855977415107e+05 2.877188807591739769e-07 -8.305901240836825967e+07 -8.123246184825235605e+07
1.050000000000000000e+01 0.000000000000000000e+00 0.000000000000000000e+00 -1.010713200000000089e+00 -1.157793817432777786e+10 -1.217972259258305550e+09 -4.352821353777277982e+05 3.029261960134020118e-07 -8.702403796991445124e+07 -8.504590255876846611e+07
1.055000000000000071e+01 0.000000000000000000e+00 0.000000000000000000e+00 -1.052950999999999970e+00 -1.207839457328400612e+10 -1.271954776785520077e+09 -4.922135518996199826e+05 3.169591507390281345e-07 -9.061488702527724206e+07 -8.852642737222702801e+07
1.059999999999999964e+01 0.000000000000000000e+00 0.000000000000000000e+00 -1.091826200000000080e+00 -1.257852218478834724e+10 -1.324118956806513071e+09 -5.446556749475648394e+05 3.292992514234565991e-07 -9.383659833598709106e+07 -9.169328084628365934e+07
1.065000000000000036e+01 0.000000000000000000e+00 0.000000000000000000e+00 -1.127223400000000098e+00 -1.305738974181050301e+10 -1.372396842478827000e+09 -5.866632118609575555e+05 3.400057271387800450e-07 -9.671721405814397335e+07 -9.456137030489817262e+07
1.069999999999999929e+01 0.000000000000000000e+00 0.000000000000000000e+00 -1.159038100000000071e+00 -1.348666499261773491e+10 -1.414612998877350807e+09 -6.255494254657304846e+05 3.493526157555986503e-07 -9.929764986049886048e+07 -9.716479642689932883e+07
1.075000000000000000e+01 0.000000000000000000e+00 0.000000000000000000e+00 -1.187176199999999904e+00 -1.384194825102331161e+10 -1.449136995959639072e+09 -6.631750654004137032e+05 3.563330191617974887e-07 -1.016326009050170928e+08 -9.952369278136616945e+07
1.080000000000000071e+01 0.000000000000000000e+00 0.000000000000000000e+00 -1.211552799999999985e+00 -1.411185696649471474e+10 -1.475683458761018991e+09 -7.003191026811765041e+05 3.622585031606223667e-07 -1.037290304406146556e+08 -1.016310858239181340e+08
1.084999999999999964e+01 0.000000000000000000e+00 0.000000000000000000e+00 -1.232092299999999918e+00 -1.430066849363189507e+10 -1.495297934309367895e+09 -7.362565729767794255e+05 3.668270823853069359e-07 -1.055735214589346349e+08 -1.034537789916667491e+08
1.090000000000000036e+01 0.000000000000000000e+00 0.000000000000000000e+00 -1.248729200000000095e+00 -1.442735732172382355e+10 -1.509897850233625174e+09 -7.730398439186802134e+05 3.715736841950559724e-07 -1.071243757246827483e+08 -1.049428053787388504e+08
1.094999999999999929e+01 0.000000000000000000e+00 0.000000000000000000e+00 -1.261410099999999979e+00 -1.451649316339833069e+10 -1.521613354794629574e+09 -8.027467137043739203e+05 3.754730441839158840e-07 -1.083139946839306653e+08 -1.060552890333915651e+08
1.100000000000000000e+01 0.000000000000000000e+00 0.000000000000000000e+00 -1.270094800000000079e+00 -1.458868158230360985e+10 -1.531755132625887632e+09 -8.262398552661163267e+05 3.792608759815828276e-07 -1.091011430650963038e+08 -1.067596908203320950e+08
1.105000000000000071e+01 0.000000000000000000e+00 0.000000000000000000e+00 -1.274757799999999941e+00 -1.465297522053858566e+10 -1.540484326942571878e+09 -8.425003458772570593e+05 3.821306571868039536e-07 -1.094641296406547725e+08 -1.070603332107251287e+08
1.109999999999999964e+01 0.000000000000000000e+00 0.000000000000000000e+00 -1.275388500000000036e+00 -1.470388918403693199e+10 -1.546590119325094700e+09 -8.512284395520294784e+05 3.845720829347775573e-07 -1.094096697225233465e+08 -1.069851979204430580e+08
1.115000000000000036e+01 0.000000000000000000e+00 0.000000000000000000e+00 -1.271990500000000024e+00 -1.472381206125414848e+10 -1.548079189643717289e+09 -8.503957338499845937e+05 3.847867348550479479e-07 -1.089729451004595011e+08 -1.065693309727846533e+08
1.119999999999999929e+01 0.000000000000000000e+00 0.000000000000000000e+00 -1.264580000000000037e+00 -1.469061008497667313e+10 -1.542880799337996006e+09 -8.477958420727497432e+05 3.817824156775215311e-07 -1.082149033759211302e+08 -1.058617675675075352e+08
1.125000000000000000e+01 0.000000000000000000e+00 0.000000000000000000e+00 -1.253184700000000040e+00 -1.458560796925809479e+10 -1.529620871360709667e+09 -8.402409251332154963e+05 3.772672198528118424e-07 -1.071707248083947003e+08 -1.048896455807357877e+08
1.129999999999999893e+01 0.000000000000000000e+00 0.000000000000000000e+00 -1.237842200000000004e+00 -1.440066392089956474e+10 -1.508169223192785263e+09 -8.284802926971026463e+05 3.710961415397845687e-07 -1.058669247707469612e+08 -1.036521056614377648e+08
1.135000000000000142e+01 0.000000000000000000e+00 0.000000000000000000e+00 -1.218599599999999894e+00 -1.414056864531777382e+10 -1.479662800943110466e+09 -8.107282114940667525e+05 3.635536663762885174e-07 -1.042905006166933477e+08 -1.021342375221167952e+08
1.140000000000000036e+01 0.000000000000000000e+00 0.000000000000000000e+00 -1.195513800000000071e+00 -1.382118941887158585e+10 -1.446097819223190308e+09 -7.888722548646407668e+05 3.551882654512005799e-07 -1.024200142720506489e+08 -1.002966398811613917e+08
1.144999999999999929e+01 0.000000000000000000e+00 0.000000000000000000e+00 -1.168652900000000106e+00 -1.346318822792810249e+10 -1.409614503812740803e+09 -7.569049387197715696e+05 3.462267836002326672e-07 -1.002092000294977874e+08 -9.810341223760657012e+07
1.150000000000000000e+01 0.000000000000000000e+00 0.000000000000000000e+00 -1.138096999999999914e+00 -1.308453769218729210e+10 -1.371714699194066763e+09 -7.198000597810905892e+05 3.376395671586708857e-07 -9.764364038664932549e+07 -9.553441917201623321e+07
1.154999999999999893e+01 0.000000000000000000e+00 0.000000000000000000e+00 -1.103939500000000073e+00 -1.269370804449161720e+10 -1.332763682771556377e+09 -6.749690843504393706e+05 3.299292467315095198e-07 -9.470888970440778136e+07 -9.259751582595007122e+07
1.159999999999999964e+01 0.000000000000000000e+00 0.000000000000000000e+00 -1.066286899999999926e+00 -1.228914433887615013e+10 -1.291922091853521109e+09 -6.258549434317384148e+05 3.200368000486158115e-07 -9.142474285122828186e+07 -8.932770317764893174e+07
1.165000000000000036e+01 0.000000000000000000e+00 0.000000000000000000e+00 -1.025258199999999897e+00 -1.185932366750987053e+10 -1.247531025598125696e+09 -5.755890572091874201e+05 3.093583689292742560e-07 -8.782040419881936908e+07 -8.577309197402870655e+07
1.170000000000000107e+01 0.000000000000000000e+00 0.000000000000000000e+00 -9.809838300000000011e-01 -1.138876192870052719e+10 -1.197751935405175209e+09 -5.259935999951806152e+05 2.970881580427770272e-07 -8.395066310825552046e+07 -8.198791244096136093e+07
1.175000000000000000e+01 0.000000000000000000e+00 0.000000000000000000e+00 -9.336037999999999837e-01 -1.086465529827923775e+10 -1.141396451973149061e+09 -4.780546334343905328e+05 2.828162818399269195e-07 -7.985395885081897676e+07 -7.800190044014269114e+07
1.179999999999999893e+01 0.000000000000000000e+00 0.000000000000000000e+00 -8.832665200000000549e-01 -1.028126543915666389e+10 -1.078290443946913242e+09 -4.323837599031330319e+05 2.661076829803434403e-07 -7.556001115020109713e+07 -7.384037407326449454e+07
1.184999999999999964e+01 0.000000000000000000e+00 0.000000000000000000e+00 -8.301278199999999607e-01 -9.642518494812387466e+09 -1.009429405738420248e+09 -3.877657700445122318e+05 2.480916536554051971e-07 -7.107981144743283093e+07 -6.948740199545761943e+07
1.190000000000000036e+01 0.000000000000000000e+00 0.000000000000000000e+00 -7.743508799999999637e-01 -8.960369613780660629e+09 -9.366916024402182102e+08 -3.413077275844934629e+05 2.293732493559835974e-07 -6.639307810127733648e+07 -6.492757953603387624e+07
1.195000000000000107e+01 0.000000000000000000e+00 0.000000000000000000e+00 -7.161065399999999581e-01 -8.250792749565471649e+09 -8.620961988844838142e+08 -2.917767325194969890e+05 2.116548978981207025e-07 -6.149253653344541788e+07 -6.013413917775345594e+07
1.200000000000000000e+01 0.000000000000000000e+00 0.000000000000000000e+00 -6.555737900000000451e-01 -7.528319093998209000e+09 -7.872305064912726879e+08 -2.370717604869564821e+05 1.935059462274286657e-07 -5.636605743527800590e+07 -5.509535936310030520e+07
1.205000000000000071e+01 0.000000000000000000e+00 0.000000000000000000e+00 -5.929399600000000436e-01 -6.801870676971520424e+09 -7.127547473350198269e+08 -1.762834850643820828e+05 1.754191572693469790e-07 -5.101529084087750316e+07 -4.982205909777548909e+07
1.209999999999999964e+01 0.000000000000000000e+00 0.000000000000000000e+00 -5.284003699999999526e-01 -6.072790921891557693e+09 -6.382216220583735704e+08 -1.101352273951269599e+05 1.579662871099606082e-07 -4.545879467587627470e+07 -4.434471099236182123e+07
1.214999999999999858e+01 0.000000000000000000e+00 0.000000000000000000e+00 -4.621574900000000041e-01 -5.335960191246274948e+09 -5.624579797559325695e+08 -3.978043647982468246e+04 1.404248833431136852e-07 -3.972987101547215879e+07 -3.871120643648677319e+07
1.220000000000000107e+01 0.000000000000000000e+00 0.000000000000000000e+00 -3.944195400000000129e-01 -4.583510831157776833e+09 -4.840977687445029616e+08 3.321024702197556326e+04 1.214203593945622305e-07 -3.386770050147278607e+07 -3.297312144745795056e+07
1.225000000000000000e+01 0.000000000000000000e+00 0.000000000000000000e+00 -3.253989600000000149e-01 -3.807081172793189049e+09 -4.020885219136614799e+08 1.072714725673310168e+05 1.008255154164756115e-07 -2.791320162185751274e+07 -2.717330759854518250e+07
1.230000000000000071e+01 0.000000000000000000e+00 0.000000000000000000e+00 -2.553110100000000049e-01 -3.002555192437308788e+09 -3.162205787445233464e+08 1.820804221272009599e+05 7.896890557789277783e-08 -2.189756928356589004e+07 -2.133799520153884590e+07
1.234999999999999964e+01 0.000000000000000000e+00 0.000000000000000000e+00 -1.843727099999999952e-01 -2.171334543283554077e+09 -2.271270312466770411e+08 2.570064815008046571e+05 5.596362058028019837e-08 -1.584106297822584771e+07 -1.547317977565111965e+07
1.240000000000000036e+01 0.000000000000000000e+00 0.000000000000000000e+00 -1.128024100000000057e-01 -1.320565613257091045e+09 -1.362079869549672604e+08 3.322741507317493670e+05 3.257162627139602866e-08 -9.751622359737258404e+06 -9.571659828324677423e+06
1.244999999999999929e+01 0.000000000000000000e+00 2.532311499999999860e-31 -4.081973500000000282e-02 -4.611379041548758745e+08 -4.514997332084348053e+07 4.080935852057513548e+05 9.629204629405925448e-09 -3.630789170331193600e+06 -3.620598521661739331e+06
1.250000000000000000e+01 0.000000000000000000e+00 0.000000000000000000e+00 3.135424900000000070e-02 3.950665781283757687e+08 4.453090358603994548e+07 4.854818011570108938e+05 -1.242047652144527386e-08 2.519613537549322937e+06 2.383171523171280511e+06
1.255000000000000071e+01 0.000000000000000000e+00 0.000000000000000000e+00 1.034970300000000037e-01 1.238222471162940025e+09 1.319036412032979578e+08 5.649961840424409602e+05 -3.335270761974015615e-08 8.697271609513774514e+06 8.441067973929980770e+06
1.259999999999999964e+01 0.000000000000000000e+00 0.000000000000000000e+00 1.753849199999999997e-01 2.063143687472923994e+09 2.168315045187415481e+08 6.463337022075633286e+05 -5.351733357962994538e-08 1.488482989620327018e+07 1.452420674478025362e+07
1.265000000000000036e+01 0.000000000000000000e+00 0.000000000000000000e+00 2.467937699999999956e-01 2.870060666468624592e+09 2.998986792586718798e+08 7.288223543484791880e+05 -7.329107269395049662e-08 2.105548300656512007e+07 2.059394361584372446e+07
1.269999999999999929e+01 0.000000000000000000e+00 0.000000000000000000e+00 3.175001399999999863e-01 3.663798481290843964e+09 3.821416534318684340e+08 8.116556349960016087e+05 -9.306155143037210908e-08 2.717438924332486093e+07 2.660364803382431716e+07
1.275000000000000000e+01 0.000000000000000000e+00 0.000000000000000000e+00 3.872827500000000089e-01 4.450564855945527077e+09 4.644881472333570123e+08 8.941105582127693342e+05 -1.131655718160388350e-07 3.320438864096161351e+07 3.250797915757889673e+07
1.280000000000000071e+01 0.000000000000000000e+00 0.000000000000000000e+00 4.559239700000000117e-01 5.234895225455934525e+09 5.474403615520443916e+08 9.764040944724075962e+05 -1.337800983391600213e-07 3.911397566335355490e+07 3.827463651250986755e+07
1.284999999999999964e+01 0.000000000000000000e+00 0.000000000000000000e+00 5.232110800000000506e-01 6.016910652081366539e+09 6.307405760273530483e+08 1.058256885690726340e+06 -1.550069056701137636e-07 4.488220513423591852e+07 4.388618226991894096e+07
1.290000000000000036e+01 0.000000000000000000e+00 0.000000000000000000e+00 5.889369800000000543e-01 6.791568249352929115e+09 7.134506783838952780e+08 1.140385004407497123e+06 -1.765430773464288350e-07 5.049697146298874915e+07 4.934264390397708118e+07
1.294999999999999929e+01 0.000000000000000000e+00 0.000000000000000000e+00 6.529005199999999842e-01 7.550370161636801720e+09 7.942039136864866018e+08 1.223914136305308435e+06 -1.970050235743069070e-07 5.595580839813752472e+07 5.465033286993986368e+07
1.300000000000000000e+01 0.000000000000000000e+00 0.000000000000000000e+00 7.149065700000000190e-01 8.283722122879981041e+09 8.716894990629786253e+08 1.308853864925161237e+06 -2.164227579056376187e-07 6.125497460284702480e+07 5.981589832418804616e+07
1.305000000000000071e+01 0.000000000000000000e+00 0.000000000000000000e+00 7.747659599999999758e-01 8.984056803797664642e+09 9.450048323646414280e+08 1.396096356141677592e+06 -2.344478445530913645e-07 6.638910493603932858e+07 6.483611576075624675e+07
1.310000000000000142e+01 0.000000000000000000e+00 0.000000000000000000e+00 8.322957500000000008e-01 9.648069943635978699e+09 1.013886513870174289e+09 1.483975433591200039e+06 -2.509613641683323300e-07 7.133929113131366670e+07 6.969912017351800203e+07
1.315000000000000036e+01 0.000000000000000000e+00 0.000000000000000000e+00 8.873195999999999861e-01 1.027534236327865410e+10 1.078602190872389555e+09 1.571515548054884188e+06 -2.662358150260083516e-07 7.609628867429220676e+07 7.436954859593108296e+07
1.319999999999999929e+01 0.000000000000000000e+00 0.000000000000000000e+00 9.396684899999999674e-01 1.086807253490872383e+10 1.139719865243999004e+09 1.656373870793614304e+06 -2.808342502941716497e-07 8.062143526815734804e+07 7.882302941988478601e+07
1.325000000000000000e+01 0.000000000000000000e+00 0.000000000000000000e+00 9.891816300000000339e-01 1.142893743568488503e+10 1.197814777960896969e+09 1.738960841048108414e+06 -2.949569981080691268e-07 8.490034764845968783e+07 8.303281889294221997e+07
1.329999999999999893e+01 0.000000000000000000e+00 0.000000000000000000e+00 1.035707300000000108e+00 1.195918603488760567e+10 1.253207002089131355e+09 1.818155329527257010e+06 -3.083038769330754070e-07 8.892046551084570587e+07 8.697004737976482511e+07
1.335000000000000142e+01 0.000000000000000000e+00 0.000000000000000000e+00 1.079103499999999993e+00 1.245828148768500137e+10 1.305863237974104404e+09 1.891535989923332352e+06 -3.219814934388422028e-07 9.266066731179006398e+07 9.061634040925469995e+07
1.340000000000000036e+01 0.000000000000000000e+00 0.000000000000000000e+00 1.119238399999999967e+00 1.292442874253630638e+10 1.355505152321337461e+09 1.960747760348645505e+06 -3.338355991830515493e-07 9.610829478384508193e+07 9.397693112539051473e+07
1.344999999999999929e+01 0.000000000000000000e+00 0.000000000000000000e+00 1.155990700000000038e+00 1.335520748999217796e+10 1.401618758305016041e+09 2.023747224151134025e+06 -3.461835136999976412e-07 9.926862768108876050e+07 9.703958847911512852e+07
1.350000000000000000e+01 0.000000000000000000e+00 0.000000000000000000e+00 1.189249500000000070e+00 1.374798582872857857e+10 1.443691889954303980e+09 2.080938713712749071e+06 -3.569309163905970623e-07 1.021227150993633419e+08 9.981044766485242546e+07
1.354999999999999893e+01 0.000000000000000000e+00 0.000000000000000000e+00 1.218914599999999959e+00 1.410017979127247810e+10 1.481221234242504358e+09 2.129223921053915285e+06 -3.665309596448474782e-07 1.046625505425512493e+08 1.022816619987188727e+08
1.359999999999999964e+01 0.000000000000000000e+00 0.000000000000000000e+00 1.244896400000000014e+00 1.440903978907925224e+10 1.513761124093949318e+09 2.170289739025339484e+06 -3.754580347213924083e-07 1.068877102472042739e+08 1.044541004090102911e+08
1.365000000000000036e+01 0.000000000000000000e+00 0.000000000000000000e+00 1.267116099999999967e+00 1.467155903169550133e+10 1.540972745452734709e+09 2.202976536890830379e+06 -3.813758632818476912e-07 1.087909803013499826e+08 1.063269015225708038e+08
1.370000000000000107e+01 0.000000000000000000e+00 0.000000000000000000e+00 1.285505700000000084e+00 1.488485908646858788e+10 1.562629621882614136e+09 2.227934466687717009e+06 -3.858806974120497111e-07 1.103730553860211074e+08 1.078983252947654724e+08
1.375000000000000000e+01 0.000000000000000000e+00 0.000000000000000000e+00 1.300008100000000111e+00 1.504735375052802849e+10 1.578739417873351574e+09 2.242985016746875364e+06 -3.901920933574395367e-07 1.116204276017164290e+08 1.091570500474747717e+08
1.379999999999999893e+01 0.000000000000000000e+00 0.000000000000000000e+00 1.310577300000000056e+00 1.515901468417538452e+10 1.589563395549015522e+09 2.251115431746782735e+06 -3.914916182205223411e-07 1.125411878905990869e+08 1.100943623426504880e+08
1.384999999999999964e+01 0.000000000000000000e+00 0.000000000000000000e+00 1.317178799999999983e+00 1.522178282542041779e+10 1.595544604776415348e+09 2.254159213580664247e+06 -3.926944545789747745e-07 1.131340616993842721e+08 1.106980415544814467e+08
1.389999999999999858e+01 0.000000000000000000e+00 0.000000000000000000e+00 1.319790100000000077e+00 1.523968915550970840e+10 1.597287092838145018e+09 2.247876154093297198e+06 -3.925645308192098050e-07 1.133736356371071637e+08 1.109549445310442895e+08
1.395000000000000107e+01 0.000000000000000000e+00 0.000000000000000000e+00 1.318400900000000098e+00 1.521748936386042976e+10 1.595353629698386908e+09 2.232934132041653618e+06 -3.936277086241052664e-07 1.132591198388237059e+08 1.108492965496631563e+08
1.400000000000000000e+01 0.000000000000000000e+00 0.000000000000000000e+00 1.313013500000000056e+00 1.515862186073196602e+10 1.589979806871789932e+09 2.211676034420728683e+06 -3.926399535637520315e-07 1.127894658329650611e+08 1.103766678101185709e+08
1.405000000000000071e+01 0.000000000000000000e+00 0.000000000000000000e+00 1.303643200000000002e+00 1.506357755662798309e+10 1.581010018318299055e+09 2.176985518288172316e+06 -3.913600298753094790e-07 1.119445993905193359e+08 1.095352666925981790e+08
1.409999999999999964e+01 0.000000000000000000e+00 0.000000000000000000e+00 1.290317799999999959e+00 1.492900339721137810e+10 1.567780704857697964e+09 2.136201081527274568e+06 -3.874637432242765652e-07 1.107507785131504685e+08 1.083530660011190325e+08
1.414999999999999858e+01 0.000000000000000000e+00 0.000000000000000000e+00 1.273077500000000084e+00 1.474877645304897308e+10 1.549347469865865469e+09 2.085404001040423522e+06 -3.828486327643158168e-07 1.092154660971971005e+08 1.068432134224801064e+08
1.420000000000000107e+01 0.000000000000000000e+00 0.000000000000000000e+00 1.251973999999999920e+00 1.451587403664736366e+10 1.524839703662067413e+09 2.027258763301343424e+06 -3.785368571481306910e-07 1.073583351073031276e+08 1.050407351943787634e+08
1.425000000000000000e+01 0.000000000000000000e+00 0.000000000000000000e+00 1.227069799999999988e+00 1.422582991190403175e+10 1.493755055990012169e+09 1.966140405759121757e+06 -3.694386489800456781e-07 1.052069784971964210e+08 1.029527080269611031e+08
1.430000000000000071e+01 0.000000000000000000e+00 0.000000000000000000e+00 1.198438099999999951e+00 1.387857145855255508e+10 1.456285232839956760e+09 1.900215438574917847e+06 -3.591920349967059410e-07 1.027616516595628113e+08 1.005931493419050574e+08
1.434999999999999964e+01 0.000000000000000000e+00 0.000000000000000000e+00 1.166162300000000096e+00 1.347969458818770981e+10 1.413363227386111259e+09 1.836500915368748363e+06 -3.478475277867463405e-07 1.000302775049839467e+08 9.794894158410103619e+07
1.440000000000000036e+01 0.000000000000000000e+00 0.000000000000000000e+00 1.130336999999999925e+00 1.303926336894223785e+10 1.366377749083633900e+09 1.768155834680052008e+06 -3.356154644014041957e-07 9.699837875903432071e+07 9.499903108939827979e+07
1.444999999999999929e+01 0.000000000000000000e+00 0.000000000000000000e+00 1.091067800000000032e+00 1.256925977059304047e+10 1.316825338654992819e+09 1.697166067117305007e+06 -3.240726284902866714e-07 9.364714442334690690e+07 9.172847531207457185e+07
1.450000000000000000e+01 0.000000000000000000e+00 0.000000000000000000e+00 1.048472199999999965e+00 1.207805527636889839e+10 1.265678733516484261e+09 1.627824930109506939e+06 -3.109832221851147997e-07 8.997572864486680925e+07 8.813018842492863536e+07
1.455000000000000071e+01 0.000000000000000000e+00 0.000000000000000000e+00 1.002680299999999969e+00 1.156846148856943893e+10 1.213083231397957563e+09 1.551461512251325417e+06 -2.989800770162224900e-07 8.599605527608957887e+07 8.421289018144814670e+07
1.459999999999999964e+01 0.000000000000000000e+00 0.000000000000000000e+00 9.538332899999999448e-01 1.103548225099185944e+10 1.158283145138437271e+09 1.475012693449830404e+06 -2.861203163384361486e-07 8.172433859072454274e+07 8.000281469234621525e+07
1.465000000000000036e+01 0.000000000000000000e+00 0.000000000000000000e+00 9.020835299999999668e-01 1.046900383925149918e+10 1.099863868287615299e+09 1.395202006250378676e+06 -2.717624036641714789e-07 7.720577399808037281e+07 7.554983808152270317e+07
1.469999999999999929e+01 0.000000000000000000e+00 0.000000000000000000e+00 8.475923100000000154e-01 9.858024684222532272e+09 1.036356767273809671e+09 1.314680699097656645e+06 -2.568525794969689063e-07 7.247614139802478254e+07 7.090714650678966939e+07
1.475000000000000000e+01 0.000000000000000000e+00 0.000000000000000000e+00 7.905284900000000281e-01 9.195801023115959167e+09 9.669044457776267529e+08 1.233773172918287106e+06 -2.399683343995339425e-07 6.757211846282522380e+07 6.610651661388878524e+07
1.480000000000000071e+01 0.000000000000000000e+00 0.000000000000000000e+00 7.310672299999999568e-01 8.483971464879396439e+09 8.916665528399111032e+08 1.152981586860402022e+06 -2.206533516247497570e-07 6.251312231523042917e+07 6.116651746577990800e+07
1.484999999999999964e+01 0.000000000000000000e+00 0.000000000000000000e+00 6.693893300000000046e-01 7.733211881200871468e+09 8.119164218517804146e+08 1.070825898878282867e+06 -2.002574517420839894e-07 5.729499902461538464e+07 5.608007852038816363e+07
1.490000000000000036e+01 0.000000000000000000e+00 0.000000000000000000e+00 6.056812599999999991e-01 6.960178426974417686e+09 7.296807128419381380e+08 9.856433915844811127e+05 -1.798565508550180882e-07 5.190512813042482734e+07 5.082637619964882731e+07
1.494999999999999929e+01 0.000000000000000000e+00 0.000000000000000000e+00 5.401355899999999988e-01 6.181504562204730988e+09 6.470377072903763056e+08 8.962931263496766333e+05 -1.589701648296179625e-07 4.632964626679158211e+07 4.538339587312658131e+07
1.500000000000000000e+01 0.000000000000000000e+00 0.000000000000000000e+00 4.729515300000000089e-01 5.408005308983209610e+09 5.654181560345715284e+08 8.018645664520482533e+05 -1.381326579837514600e-07 4.056652457209852338e+07 3.974263605415492505e+07
1.504999999999999893e+01 0.000000000000000000e+00 0.000000000000000000e+00 4.043350099999999947e-01 4.641314619572027206e+09 4.851523072042698860e+08 7.028911352217458189e+05 -1.187195731890021208e-07 3.463448142028676718e+07 3.391788621351177245e+07
1.510000000000000142e+01 0.000000000000000000e+00 0.000000000000000000e+00 3.344981200000000099e-01 3.874169181015910149e+09 4.054434710624498129e+08 6.008026188824396813e+05 -9.953233011439532014e-08 2.857146863181416318e+07 2.794904230684650689e+07
1.515000000000000036e+01 0.000000000000000000e+00 0.000000000000000000e+00 2.636577999999999977e-01 3.094161152457393169e+09 3.247585214783655405e+08 4.977644057485565427e+05 -8.024052018916542248e-08 2.242784255124166235e+07 2.189076649805031344e+07
1.519999999999999929e+01 0.000000000000000000e+00 0.000000000000000000e+00 1.920341100000000079e-01 2.288764799099092484e+09 2.414290273326919675e+08 3.960286320955714909e+05 -6.016860764317480620e-08 1.625319439205302857e+07 1.580249804793688655e+07
1.525000000000000000e+01 0.000000000000000000e+00 0.000000000000000000e+00 1.198484400000000005e-01 1.451391498973993063e+09 1.544551020695073903e+08 2.972078486631252454e+05 -3.923386712221921751e-08 1.008537991423871741e+07 9.731004303051766008e+06
1.529999999999999893e+01 0.000000000000000000e+00 0.000000000000000000e+00 4.732210600000000267e-02 5.853007298340629339e+08 6.384864694246987998e+07 2.023125111166161369e+05 -1.698349691904414137e-08 3.942380725285007153e+06 3.701803748939179350e+06
1.535000000000000142e+01 0.000000000000000000e+00 0.000000000000000000e+00 -2.532434899999999947e-02 -2.975378966675907373e+08 -2.921910596235156804e+07 1.107994431380126916e+05 6.244462618974314498e-09 -2.177198076181251556e+06 -2.283297646747950930e+06
1.540000000000000036e+01 0.000000000000000000e+00 0.000000000000000000e+00 -9.787120900000000068e-02 -1.179138292636240482e+09 -1.227431729028627425e+08 2.173688642833645281e+04 2.983663996710157995e-08 -8.288632951233027503e+06 -8.242210010837287642e+06
1.545000000000000107e+01 0.000000000000000000e+00 0.000000000000000000e+00 -1.700991199999999925e-01 -2.041141712494335890e+09 -2.144998147880982161e+08 -6.657516997472671210e+04 5.319396361043587741e-08 -1.440730831544693559e+07 -1.419724244862861373e+07
1.550000000000000000e+01 0.000000000000000000e+00 0.000000000000000000e+00 -2.417885600000000135e-01 -2.870441558374324322e+09 -3.027230718874654174e+08 -1.542122860514359490e+05 7.565020889867440786e-08 -2.053625852235772833e+07 -2.016104504451933131e+07
1.554999999999999893e+01 0.000000000000000000e+00 0.000000000000000000e+00 -3.127195600000000075e-01 -3.663797346756538868e+09 -3.866850053703854084e+08 -2.421935892901754414e+05 9.685524839399814540e-08 -2.665929379668576270e+07 -2.612925284781726450e+07
1.559999999999999964e+01 0.000000000000000000e+00 0.000000000000000000e+00 -3.826722300000000021e-01 -4.427351949026662827e+09 -4.668002163958979249e+08 -3.293083082398654660e+05 1.166072991160205306e-07 -3.273809333521727473e+07 -3.207070161796787009e+07
1.565000000000000036e+01 0.000000000000000000e+00 0.000000000000000000e+00 -4.514279299999999773e-01 -5.175350229070822716e+09 -5.445081290394470692e+08 -4.144664930413090042e+05 1.352399913673912557e-07 -3.871995529649691284e+07 -3.793539086449331790e+07
1.569999999999999929e+01 0.000000000000000000e+00 0.000000000000000000e+00 -5.187710899999999903e-01 -5.922550824188430786e+09 -6.215619718495454788e+08 -4.963714564568798523e+05 1.535093261322275007e-07 -4.454948549466484785e+07 -4.366367089737035334e+07
1.575000000000000000e+01 0.000000000000000000e+00 0.000000000000000000e+00 -5.844912399999999675e-01 -6.679303658712825775e+09 -6.994401282783385515e+08 -5.736668861190285534e+05 1.722785962854188364e-07 -5.018224445690666884e+07 -4.920295611927519739e+07
1.580000000000000071e+01 0.000000000000000000e+00 0.000000000000000000e+00 -6.483846899999999858e-01 -7.445532268630255699e+09 -7.786000523213641644e+08 -6.458842418926964747e+05 1.908500851378838437e-07 -5.559707394160274416e+07 -5.451849608915752918e+07
1.584999999999999964e+01 0.000000000000000000e+00 0.000000000000000000e+00 -7.102555400000000185e-01 -8.209483529396181107e+09 -8.582308168537346125e+08 -7.144670778565634973e+05 2.106204069339020057e-07 -6.079742896846834570e+07 -5.960459409603323042e+07
1.590000000000000036e+01 0.000000000000000000e+00 0.000000000000000000e+00 -7.699159100000000366e-01 -8.951464621782102585e+09 -9.364751982332930565e+08 -7.808818377032410353e+05 2.299384332130588159e-07 -6.580386758289154619e+07 -6.447515054904671758e+07
1.594999999999999929e+01 0.000000000000000000e+00 0.000000000000000000e+00 -8.271854699999999783e-01 -9.649570630001924515e+09 -1.010987628427999139e+09 -8.472167363188157324e+05 2.488231523186919902e-07 -7.064661561328965425e+07 -6.915843525661399961e+07
1.600000000000000000e+01 0.000000000000000000e+00 0.000000000000000000e+00 -8.818905900000000297e-01 -1.028764194997622299e+10 -1.079703811180501223e+09 -9.144499934186572209e+05 2.666981796740539809e-07 -7.532992175012040138e+07 -7.368046956741090119e+07
1.604999999999999716e+01 0.000000000000000000e+00 0.000000000000000000e+00 -9.338638900000000298e-01 -1.086077209115273094e+10 -1.141568893910473824e+09 -9.834712679813973373e+05 2.828679703914100993e-07 -7.985557613350677490e+07 -7.804482357710030675e+07
1.610000000000000142e+01 0.000000000000000000e+00 0.000000000000000000e+00 -9.829442499999999638e-01 -1.137675292263810158e+10 -1.196816370701697588e+09 -1.054210520444337744e+06 2.970502514696735095e-07 -8.418913217095249891e+07 -8.223371597752678394e+07
1.615000000000000213e+01 0.000000000000000000e+00 0.000000000000000000e+00 -1.028977800000000054e+00 -1.185291793912380981e+10 -1.246856104492448330e+09 -1.122600893123531481e+06 3.099097408207914002e-07 -8.827050553115901351e+07 -8.620784141548894346e+07
1.619999999999999929e+01 0.000000000000000000e+00 0.000000000000000000e+00 -1.071819300000000030e+00 -1.230864822356666183e+10 -1.293634907393074036e+09 -1.190277128439514199e+06 3.209998988246036501e-07 -9.203876774661760032e+07 -8.991559688921366632e+07
1.625000000000000000e+01 0.000000000000000000e+00 0.000000000000000000e+00 -1.111334499999999892e+00 -1.275781889630787849e+10 -1.338887536681721210e+09 -1.251452500935269287e+06 3.303417348219178071e-07 -9.545881613414545357e+07 -9.329749175416034460e+07
1.629999999999999716e+01 0.000000000000000000e+00 0.000000000000000000e+00 -1.147401200000000010e+00 -1.320254683757817078e+10 -1.383446614557881594e+09 -1.304367589712205809e+06 3.404060792113041540e-07 -9.850856102244623005e+07 -9.632462125474962592e+07
1.635000000000000142e+01 0.000000000000000000e+00 0.000000000000000000e+00 -1.179910000000000014e+00 -1.363145760382754707e+10 -1.426859137758420229e+09 -1.354733157215605257e+06 3.512528986194701371e-07 -1.011976045572158098e+08 -9.898907489301137626e+07
1.640000000000000213e+01 0.000000000000000000e+00 0.000000000000000000e+00 -1.208765000000000089e+00 -1.402379155248397446e+10 -1.467512789715238094e+09 -1.400140844923518831e+06 3.604159876459196865e-07 -1.035656280836420655e+08 -1.013135868772482872e+08
1.644999999999999929e+01 0.000000000000000000e+00 0.000000000000000000e+00 -1.233882300000000098e+00 -1.435668803017697906e+10 -1.503231998191839457e+09 -1.440138735439576674e+06 3.691340293093962287e-07 -1.056410451207459122e+08 -1.033244223939085901e+08
1.650000000000000000e+01 0.000000000000000000e+00 0.000000000000000000e+00 -1.255188900000000052e+00 -1.461289217683757019e+10 -1.531999058862195015e+09 -1.482949288290251279e+06 3.778484144504405037e-07 -1.074633334124774933e+08 -1.050583501502234638e+08
1.654999999999999716e+01 0.000000000000000000e+00 0.000000000000000000e+00 -1.272622300000000095e+00 -1.478781498411284447e+10 -1.552724597195509911e+09 -1.522837930743549252e+06 3.835354058761391298e-07 -1.090340109855753630e+08 -1.065329034914889932e+08
1.660000000000000142e+01 0.000000000000000000e+00 0.000000000000000000e+00 -1.286129400000000089e+00 -1.489045748530287933e+10 -1.565559718342761040e+09 -1.561667892109926324e+06 3.875600158335156372e-07 -1.103176573734963238e+08 -1.077437336990363151e+08
1.665000000000000213e+01 0.000000000000000000e+00 0.000000000000000000e+00 -1.295667499999999972e+00 -1.494029535427347183e+10 -1.571815487920716763e+09 -1.595486468560806010e+06 3.910915783690539990e-07 -1.112804674654766023e+08 -1.086611306321971416e+08
1.669999999999999929e+01 0.000000000000000000e+00 0.000000000000000000e+00 -1.301204999999999945e+00 -1.495953858393754005e+10 -1.573474428415068388e+09 -1.625577946532146074e+06 3.905713766712936727e-07 -1.118613748643975854e+08 -1.092448536903598011e+08
1.675000000000000000e+01 0.000000000000000000e+00 0.000000000000000000e+00 -1.302723499999999923e+00 -1.496480174329138374e+10 -1.572370017627630711e+09 -1.644118255210031057e+06 3.888630527617873490e-07 -1.120192186904167980e+08 -1.094520428193409443e+08
1.680000000000000071e+01 0.000000000000000000e+00 0.000000000000000000e+00 -1.300218400000000107e+00 -1.496076592716865540e+10 -1.569507298663159847e+09 -1.654376075675083557e+06 3.875968287954825597e-07 -1.117534050165549517e+08 -1.092634439628138095e+08
1.685000000000000142e+01 0.000000000000000000e+00 0.000000000000000000e+00 -1.293699699999999897e+00 -1.493815476788741302e+10 -1.564723814972541571e+09 -1.657106677937926259e+06 3.843144343166347020e-07 -1.110849538412913829e+08 -1.086790571710645556e+08
1.689999999999999858e+01 0.000000000000000000e+00 0.000000000000000000e+00 -1.283191699999999935e+00 -1.487737445363406754e+10 -1.556809691812074184e+09 -1.653662070726783946e+06 3.821494467273477406e-07 -1.100605542892834246e+08 -1.077189873887091279e+08
1.694999999999999929e+01 0.000000000000000000e+00 0.000000000000000000e+00 -1.268731899999999913e+00 -1.475610547386601067e+10 -1.543946326012152910e+09 -1.646014788687546272e+06 3.793234925891802885e-07 -1.087300405057950914e+08 -1.064251877068011016e+08
1.700000000000000000e+01 0.000000000000000000e+00 0.000000000000000000e+00 -1.250369499999999912e+00 -1.455780426954641914e+10 -1.524480215841716290e+09 -1.636026306492914911e+06 3.749960268457756791e-07 -1.071335981377595514e+08 -1.048326143471534699e+08
1.705000000000000071e+01 0.000000000000000000e+00 0.000000000000000000e+00 -1.228164199999999928e+00 -1.427850421487125969e+10 -1.497549977583940506e+09 -1.625072380814596079e+06 3.689804737228260289e-07 -1.052897481667231321e+08 -1.029683454990121126e+08
1.710000000000000142e+01 0.000000000000000000e+00 0.000000000000000000e+00 -1.202185499999999907e+00 -1.392796933908547401e+10 -1.463383684807030439e+09 -1.607337128097375855e+06 3.622492697143634471e-07 -1.031741582995101959e+08 -1.008332747580982149e+08
1.714999999999999858e+01 0.000000000000000000e+00 0.000000000000000000e+00 -1.172512400000000010e+00 -1.352654347422666931e+10 -1.423240844865709066e+09 -1.586493561985591426e+06 3.534975479783862949e-07 -1.007626226430832893e+08 -9.841867544049899280e+07
1.719999999999999929e+01 0.000000000000000000e+00 0.000000000000000000e+00 -1.139234499999999928e+00 -1.309689238567178726e+10 -1.378835568894609690e+09 -1.555215263750590151e+06 3.429940820627051215e-07 -9.800362533566147089e+07 -9.571146669121147692e+07
1.725000000000000000e+01 0.000000000000000000e+00 0.000000000000000000e+00 -1.102452299999999941e+00 -1.265633376160438728e+10 -1.331706139685003042e+09 -1.513169145633349195e+06 3.314570449930426889e-07 -9.488176826026263833e+07 -9.267758820417161286e+07
1.730000000000000071e+01 0.000000000000000000e+00 0.000000000000000000e+00 -1.062278099999999892e+00 -1.221067785622172546e+10 -1.282761391877862215e+09 -1.460484094332791166e+06 3.169814036040239368e-07 -9.138596611244750023e+07 -8.932924702114599943e+07
1.735000000000000142e+01 0.000000000000000000e+00 0.000000000000000000e+00 -1.018836000000000075e+00 -1.175318030864115143e+10 -1.232007434685208082e+09 -1.397484097158179153e+06 3.037824619060574503e-07 -8.755581407741636038e+07 -8.566118208778020740e+07
1.739999999999999858e+01 0.000000000000000000e+00 0.000000000000000000e+00 -9.722612800000000055e-01 -1.126804937325742531e+10 -1.178715483172511578e+09 -1.325476440765811596e+06 2.886516590121611333e-07 -8.343957728818278015e+07 -8.170829606815178692e+07
1.744999999999999929e+01 0.000000000000000000e+00 0.000000000000000000e+00 -9.226989799999999464e-01 -1.073810209112648010e+10 -1.121806127445935488e+09 -1.247673903153002029e+06 2.744947579507899462e-07 -7.908465940270331502e+07 -7.749766640672692657e+07
1.750000000000000000e+01 0.000000000000000000e+00 0.000000000000000000e+00 -8.703028900000000512e-01 -1.015020321938793755e+10 -1.060371497037444830e+09 -1.166441521599873435e+06 2.593156256087050673e-07 -7.454528701918232441e+07 -7.306424630353683233e+07
1.755000000000000071e+01 0.000000000000000000e+00 0.000000000000000000e+00 -8.152341499999999908e-01 -9.501444739583553314e+09 -9.939961815376309156e+08 -1.081566711769606452e+06 2.437449246530614548e-07 -6.983702835071927309e+07 -6.843083461926676333e+07
1.760000000000000142e+01 0.000000000000000000e+00 0.000000000000000000e+00 -7.576604900000000198e-01 -8.799570129061441422e+09 -9.229482356502779722e+08 -9.934850307255969383e+05 2.277017902828436925e-07 -6.496211514776373655e+07 -6.361159230717576295e+07
1.764999999999999858e+01 0.000000000000000000e+00 0.000000000000000000e+00 -6.977559700000000031e-01 -8.059898684023099899e+09 -8.479930820578943491e+08 -9.017982821189148817e+05 2.110157198047066594e-07 -5.990966022063895315e+07 -5.861342714177729934e+07
1.769999999999999929e+01 0.000000000000000000e+00 0.000000000000000000e+00 -6.357009999999999605e-01 -7.300844880886914253e+09 -7.702116667675424814e+08 -8.059444990588009823e+05 1.921109323962872598e-07 -5.465728936243300885e+07 -5.343905044587266445e+07
1.775000000000000000e+01 0.000000000000000000e+00 0.000000000000000000e+00 -5.716826400000000197e-01 -6.538187002995450974e+09 -6.906369669749560356e+08 -7.053364008723720908e+05 1.732327134290489666e-07 -4.919259416265932471e+07 -4.809215228610865772e+07
1.780000000000000071e+01 0.000000000000000000e+00 0.000000000000000000e+00 -5.058946899999999802e-01 -5.780484259315315247e+09 -6.100355165254856348e+08 -5.997524908843946178e+05 1.524787643336285060e-07 -4.351985505964028835e+07 -4.258071467841766775e+07
1.785000000000000142e+01 0.000000000000000000e+00 0.000000000000000000e+00 -4.385374300000000058e-01 -5.028170496509140968e+09 -5.287463631673852801e+08 -4.907585223601891194e+05 1.312168886464991083e-07 -3.766416506889908016e+07 -3.691873344982222468e+07
1.789999999999999858e+01 0.000000000000000000e+00 0.000000000000000000e+00 -3.698170800000000202e-01 -4.273902124216997147e+09 -4.467578103194415569e+08 -3.796364225794410449e+05 1.093646428606722013e-07 -3.166544844152957946e+07 -3.112647733024926484e+07
1.794999999999999929e+01 0.000000000000000000e+00 0.000000000000000000e+00 -2.999448200000000009e-01 -3.506231775003948212e+09 -3.637800103007344007e+08 -2.676040913341134437e+05 8.761730859584854472e-08 -2.557190693615249544e+07 -2.522628145835613459e+07
1.800000000000000000e+01 0.000000000000000000e+00 1.693316899999999932e-30 -2.291355999999999948e-01 -2.714329220131369591e+09 -2.794971575019009709e+08 -1.569278044541334966e+05 6.623746175555229460e-08 -1.942998234453773499e+07 -1.924482417943589389e+07
1.805000000000000071e+01 0.000000000000000000e+00 1.134592000000000047e-30 -1.576070300000000091e-01 -1.892363921744308472e+09 -1.937193629007716477e+08 -4.838036891945292155e+04 4.528388570454275218e-08 -1.327587781831564009e+07 -1.320546137805888802e+07
1.810000000000000142e+01 0.000000000000000000e+00 -5.553098699999999791e-31 -8.557833300000000643e-02 -1.041725816437451243e+09 -1.064919583512998819e+08 5.688251721941096184e+04 2.480923795961301952e-08 -7.129094610976398923e+06 -7.130276945687091909e+06
1.814999999999999858e+01 0.000000000000000000e+00 -1.753977400000000016e-30 -1.326969100000000013e-02 -1.713311306030348539e+08 -1.814411521422483400e+07 1.587899369495250285e+05 4.619868021354784491e-09 -9.928922823657123372e+05 -1.041640187069059699e+06
1.819999999999999929e+01 0.000000000000000000e+00 0.000000000000000000e+00 5.909823799999999738e-02 7.046906459310253859e+08 7.078889181189973652e+07 2.573096833848813840e+05 -1.575181617528870580e-08 5.138043101468634792e+06 5.042584533981648274e+06
1.825000000000000000e+01 0.000000000000000000e+00 0.000000000000000000e+00 1.313045599999999868e-01 1.570895410732568264e+09 1.596767397967858613e+08 3.530530179446570692e+05 -3.663897515833102820e-08 1.127200384296897985e+07 1.110373329376825504e+07
1.830000000000000071e+01 0.000000000000000000e+00 0.000000000000000000e+00 2.031284100000000092e-01 2.414810559137045860e+09 2.479044689882239699e+08 4.464884017611041199e+05 -5.826678664006383423e-08 1.741030606687560305e+07 1.712625440830329806e+07
1.835000000000000142e+01 0.000000000000000000e+00 0.000000000000000000e+00 2.743492799999999732e-01 3.229964585918337822e+09 3.349506997621118426e+08 5.383558213397051441e+05 -8.069867530934729734e-08 2.354036810850735754e+07 2.309493585731118917e+07
1.839999999999999858e+01 0.000000000000000000e+00 0.000000000000000000e+00 3.447476400000000218e-01 4.017159612655190945e+09 4.204581338004357219e+08 6.286654568247009302e+05 -1.032175975335714500e-07 2.963537118296497315e+07 2.899564829252873361e+07
1.845000000000000284e+01 0.000000000000000000e+00 0.000000000000000000e+00 4.141057200000000105e-01 4.783018692428891182e+09 5.041493054814857841e+08 7.174771295454262290e+05 -1.256645505373494592e-07 3.565680938877186179e+07 3.481455855681271851e+07
1.850000000000000000e+01 0.000000000000000000e+00 0.000000000000000000e+00 4.822085199999999738e-01 5.537085908475947380e+09 5.858926594416693449e+08 8.047002250833053840e+05 -1.472941788129894283e-07 4.156114254837757349e+07 4.053836591359104216e+07
1.855000000000000071e+01 0.000000000000000000e+00 0.000000000000000000e+00 5.488448900000000297e-01 6.287594193435255051e+09 6.656400115249395370e+08 8.893362860306811053e+05 -1.675900448234864716e-07 4.730770786569133401e+07 4.615008660154899210e+07
1.859999999999999787e+01 0.000000000000000000e+00 0.000000000000000000e+00 6.138085100000000294e-01 7.038401660700557709e+09 7.433860672167698145e+08 9.714539421941151377e+05 -1.859469228026425435e-07 5.286804795191539079e+07 5.162974137154314667e+07
1.864999999999999858e+01 0.000000000000000000e+00 0.000000000000000000e+00 6.768988299999999514e-01 7.786774888656148911e+09 8.191779481314052343e+08 1.049542016011498868e+06 -2.034752794080271992e-07 5.822526727689660341e+07 5.695339001777350903e+07
1.870000000000000284e+01 0.000000000000000000e+00 0.000000000000000000e+00 7.379216600000000348e-01 8.524206239053363800e+09 8.930163442916895151e+08 1.123734432378406171e+06 -2.201338560334930970e-07 6.337816276393073052e+07 6.209582581052526832e+07
1.875000000000000000e+01 0.000000000000000000e+00 0.000000000000000000e+00 7.966896900000000059e-01 9.238187744835306168e+09 9.647747231459414959e+08 1.193482651006213389e+06 -2.357483269580444955e-07 6.833148576232655346e+07 6.703219102551200986e+07
1.880000000000000071e+01 0.000000000000000000e+00 0.000000000000000000e+00 8.530227999999999700e-01 9.915700009028799057e+09 1.034188519466153264e+09 1.259535337374157505e+06 -2.519430280078701972e-07 7.309670273983056843e+07 7.174310841504958272e+07
1.884999999999999787e+01 0.000000000000000000e+00 0.000000000000000000e+00 9.067482999999999516e-01 1.054656852648778152e+10 1.100766268191479683e+09 1.320849568540735170e+06 -2.686738889034978096e-07 7.766500493652640283e+07 7.621813121273592114e+07
1.889999999999999858e+01 0.000000000000000000e+00 0.000000000000000000e+00 9.577011600000000513e-01 1.112622978802310562e+10 1.163937291135849714e+09 1.379084837272635428e+06 -2.860924535606233614e-07 8.204055638658741117e+07 8.044353860579459369e+07
1.895000000000000284e+01 0.000000000000000000e+00 0.000000000000000000e+00 1.005724400000000074e+00 1.165570258954612541e+10 1.223019268041300774e+09 1.432862032051914372e+06 -3.023422591709236072e-07 8.619827619256164134e+07 8.442423830008478463e+07
1.900000000000000000e+01 0.000000000000000000e+00 0.000000000000000000e+00 1.050669300000000028e+00 1.214201810990605354e+10 1.277525855201243401e+09 1.486375439421945484e+06 -3.175250417431648134e-07 9.010296556411765516e+07 8.816117940430380404e+07
1.905000000000000071e+01 0.000000000000000000e+00 0.000000000000000000e+00 1.092396600000000051e+00 1.259359416180697632e+10 1.327225775234512329e+09 1.533164864906175295e+06 -3.312428725681964599e-07 9.372812056576420367e+07 9.165356412986223400e+07
1.909999999999999787e+01 0.000000000000000000e+00 0.000000000000000000e+00 1.130776199999999898e+00 1.301889597406392288e+10 1.372166339928549528e+09 1.580477585766243748e+06 -3.415221689160395367e-07 9.703871398456297815e+07 9.488924045816771686e+07
1.914999999999999858e+01 0.000000000000000000e+00 0.000000000000000000e+00 1.165688999999999975e+00 1.342252973441148949e+10 1.412704244114134312e+09 1.619141662835432915e+06 -3.512661079338758551e-07 1.000160470976530015e+08 9.784640946549533308e+07
1.919999999999999929e+01 0.000000000000000000e+00 0.000000000000000000e+00 1.197026499999999993e+00 1.380311740977918243e+10 1.449333484068396091e+09 1.654136324512626044e+06 -3.585576197201909757e-07 1.026464776784313172e+08 1.004988215119874626e+08
1.925000000000000000e+01 0.000000000000000000e+00 0.000000000000000000e+00 1.224692200000000009e+00 1.415408974033044243e+10 1.482456557948133707e+09 1.682081836230639135e+06 -3.643792047618684518e-07 1.049479712053453922e+08 1.028315546290860176e+08
1.930000000000000071e+01 0.000000000000000000e+00 0.000000000000000000e+00 1.248601099999999908e+00 1.446477576698134041e+10 1.512211954805287600e+09 1.702228820451779524e+06 -3.709184252007641128e-07 1.069161093534053564e+08 1.048226533805658519e+08
1.934999999999999787e+01 0.000000000000000000e+00 0.000000000000000000e+00 1.268680100000000088e+00 1.472376899172783661e+10 1.538376071304433823e+09 1.717283064890597481e+06 -3.767960893788694594e-07 1.085816879141960740e+08 1.064589284423550665e+08
1.940000000000000213e+01 0.000000000000000000e+00 0.000000000000000000e+00 1.284867999999999899e+00 1.492211212471252251e+10 1.560278619282963276e+09 1.723858972923674388e+06 -3.831578709266080403e-07 1.099464652889198214e+08 1.077473470470776856e+08
1.944999999999999929e+01 0.000000000000000000e+00 0.000000000000000000e+00 1.297114899999999960e+00 1.505525515100140190e+10 1.577106520785540342e+09 1.724791218957090518e+06 -3.882605349629092137e-07 1.110165662815665007e+08 1.087010576757768095e+08
1.950000000000000000e+01 0.000000000000000000e+00 0.000000000000000000e+00 1.305382199999999937e+00 1.512460001901942635e+10 1.588069732906809330e+09 1.723705381674180739e+06 -3.922118861742336732e-07 1.117861842101344317e+08 1.093350016447328776e+08
1.955000000000000071e+01 0.000000000000000000e+00 0.000000000000000000e+00 1.309642900000000054e+00 1.513744487408183670e+10 1.592690538251249552e+09 1.718264422665339895e+06 -3.958570920923650636e-07 1.122355573802243322e+08 1.096693747830466926e+08
1.959999999999999787e+01 0.000000000000000000e+00 0.000000000000000000e+00 1.309881300000000026e+00 1.510453355275365067e+10 1.590995241422990322e+09 1.713295012564183678e+06 -3.963484922667677936e-07 1.123439976251558512e+08 1.097051128994312286e+08
1.965000000000000213e+01 0.000000000000000000e+00 0.000000000000000000e+00 1.306094000000000088e+00 1.503714877331957626e+10 1.583651017192060947e+09 1.707286521835233551e+06 -3.941417752836303994e-07 1.120838152321453542e+08 1.094282503661827594e+08
1.969999999999999929e+01 0.000000000000000000e+00 0.000000000000000000e+00 1.298290500000000014e+00 1.494366197796860695e+10 1.571630942436497211e+09 1.697667869368523359e+06 -3.902772337544698149e-07 1.114411416798199415e+08 1.088300162969623953e+08
1.975000000000000000e+01 0.000000000000000000e+00 0.000000000000000000e+00 1.286493300000000062e+00 1.482739066389639664e+10 1.555989194868770599e+09 1.687332985148059437e+06 -3.853047927079501983e-07 1.104031040998594761e+08 1.078902584262128174e+08
1.980000000000000071e+01 0.000000000000000000e+00 0.000000000000000000e+00 1.270738900000000005e+00 1.468351406258035088e+10 1.537386582735234737e+09 1.671355972279635025e+06 -3.779579432249959658e-07 1.089896000695108771e+08 1.065818098560004681e+08
1.984999999999999787e+01 0.000000000000000000e+00 0.000000000000000000e+00 1.251077299999999948e+00 1.450107875066540909e+10 1.515782329032601357e+09 1.650620995439708233e+06 -3.707167543369648516e-07 1.072222720843643099e+08 1.049046201224938631e+08
1.990000000000000213e+01 0.000000000000000000e+00 0.000000000000000000e+00 1.227571699999999932e+00 1.426565037953043365e+10 1.490519601271289349e+09 1.622585094298915705e+06 -3.649517562139978047e-07 1.051407355977341682e+08 1.028857235599644184e+08
1.994999999999999929e+01 0.000000000000000000e+00 0.000000000000000000e+00 1.200296900000000111e+00 1.396430670807458496e+10 1.460411719687326193e+09 1.593028676552369026e+06 -3.578988087743800321e-07 1.027852740515227765e+08 1.005391141727191955e+08
2.000000000000000000e+01 0.000000000000000000e+00 0.000000000000000000e+00 1.169338999999999906e+00 1.359126299670720482e+10 1.424404602830209970e+09 8.125941897801577579e+05 -3.509916223299340527e-07 1.001772882489752173e+08 9.790677125590814650e+07
