{
  "lambda_FEA": [
    0.023805989830764696,
    0.04216380464215983,
    0.11140058161942293,
    0.15000164804841723,
    0.17604586148728565,
    0.18304410567761262,
    0.18351573218389294,
    0.20121778047985445
  ],
  "lambda_RM": [
    0.0956836525353413,
    0.15128179797736027,
    0.21508582051090064,
    0.2174071918021833,
    0.2239220000716552,
    0.2374218460297722,
    0.23770120104828105,
    0.25122090177002343
  ],
  "N11_rel": 1.3890568068936047,
  "mesh": [
    120,
    2
  ]
}