{
  "analytical": 48418202.61350419,
  "JAX_FEA": {
    "Ncr": 46114883.557974264,
    "modes": [
      46114883.557974264,
      46176629.880138345,
      46207007.768428065,
      46223079.239031516,
      46223603.32697452,
      46540693.62405369,
      46718566.25078795,
      46741078.51819638,
      46873967.2115729,
      47038924.9520564
    ]
  },
  "RM_OpenSG": {
    "Ncr": 46114558.43411616,
    "Nmag": 0.1591651700904104,
    "modes": [
      46114558.43411616,
      46176156.772798456,
      46206591.214641325,
      46222515.72811168,
      46223018.97036372,
      46540262.490268305,
      46718149.043160304,
      46740747.05216399,
      46873737.2002494,
      47038487.984276675
    ],
    "t_homo": 11.905882120132446,
    "t_dehom": 0.44080543518066406
  },
  "t_fea": 129.62647771835327,
  "t_rm_buckle": 129.84995436668396,
  "mesh": [
    160,
    80
  ],
  "MAC": 0.9999996697248781,
  "EA": 25131126349.614586
}