# garg caseC [0/core/0] sandwich, S = a/h = 10 -- three-method comparison (OpenSG-RM / FSDT (Whitney) / Pagano exact 3-D)
# stations: s11 s22 s12 s33 U3 at x = a/2; s13 s23 U1 U2 at x = 0
# Whitney k1^2 = 0.082762 (used inside the FSDT shear staircase)
# columns: z[m] then (RM, FSDT, exact) triplets for s11 s22 s12 s13 s23 s33 U1 U2 U3
  -5.000000e-02   -2.227103e+06   -1.240038e+06   -1.801660e+06   -3.867339e+04   -2.153311e+04   -3.128561e+04   -1.321035e-08    0.000000e+00    0.000000e+00    3.909014e-06    1.797979e+06    5.632517e-06    4.072186e-20    0.000000e+00    0.000000e+00    0.000000e+00    0.000000e+00    1.096632e-09    4.362339e-06    3.001590e-06    4.361032e-06   -1.389026e-19    0.000000e+00    0.000000e+00    1.119580e-04    1.113431e-04    1.092606e-04
  -4.987500e-02   -2.208177e+06   -1.236938e+06   -1.783937e+06   -3.847570e+04   -2.147928e+04   -3.097783e+04   -1.317004e-08    0.000000e+00    0.000000e+00    4.864621e+02    1.797979e+06    7.040300e+02    5.069406e-12    0.000000e+00    0.000000e+00    9.551660e-02    0.000000e+00    1.384637e-01    4.318736e-06    2.994086e-06    4.318133e-06   -1.389025e-19    0.000000e+00    0.000000e+00    1.119585e-04    1.113431e-04    1.092610e-04
  -4.975000e-02   -2.189254e+06   -1.233838e+06   -1.766219e+06   -3.827804e+04   -2.142545e+04   -3.067008e+04   -1.312973e-08    0.000000e+00    0.000000e+00    9.717054e+02    1.797979e+06    1.401101e+03    1.012612e-11    0.000000e+00    0.000000e+00    3.818271e-01    0.000000e+00    5.520330e-01    4.275142e-06    2.986582e-06    4.275247e-06   -1.389022e-19    0.000000e+00    0.000000e+00    1.119591e-04    1.113431e-04    1.092615e-04
  -4.962500e-02   -2.170336e+06   -1.230737e+06   -1.748508e+06   -3.808040e+04   -2.137161e+04   -3.036236e+04   -1.308943e-08    0.000000e+00    0.000000e+00    1.455730e+03    1.797979e+06    2.091216e+03    1.517015e-11    0.000000e+00    0.000000e+00    8.584529e-01    0.000000e+00    1.237976e+00    4.231558e-06    2.979078e-06    4.232375e-06   -1.389016e-19    0.000000e+00    0.000000e+00    1.119596e-04    1.113431e-04    1.092619e-04
  -4.950000e-02   -2.151421e+06   -1.227637e+06   -1.730802e+06   -3.788278e+04   -2.131778e+04   -3.005469e+04   -1.304913e-08    0.000000e+00    0.000000e+00    1.938536e+03    1.797979e+06    2.774377e+03    2.020149e-11    0.000000e+00    0.000000e+00    1.524915e+00    0.000000e+00    2.193560e+00    4.187984e-06    2.971574e-06    4.189517e-06   -1.389009e-19    0.000000e+00    0.000000e+00    1.119602e-04    1.113431e-04    1.092624e-04
  -4.937500e-02   -2.132511e+06   -1.224537e+06   -1.713101e+06   -3.768520e+04   -2.126395e+04   -2.974705e+04   -1.300884e-08    0.000000e+00    0.000000e+00    2.420123e+03    1.797979e+06    3.450585e+03    2.522014e-11    0.000000e+00    0.000000e+00    2.380736e+00    0.000000e+00    3.416056e+00    4.144420e-06    2.964071e-06    4.146673e-06   -1.389000e-19    0.000000e+00    0.000000e+00    1.119607e-04    1.113431e-04    1.092628e-04
  -4.925000e-02   -2.113604e+06   -1.221437e+06   -1.695406e+06   -3.748764e+04   -2.121012e+04   -2.943945e+04   -1.296855e-08    0.000000e+00    0.000000e+00    2.900491e+03    1.797979e+06    4.119844e+03    3.022610e-11    0.000000e+00    0.000000e+00    3.425436e+00    0.000000e+00    4.902734e+00    4.100864e-06    2.956567e-06    4.103841e-06   -1.388988e-19    0.000000e+00    0.000000e+00    1.119612e-04    1.113431e-04    1.092633e-04
  -4.912500e-02   -2.094701e+06   -1.218337e+06   -1.677716e+06   -3.729011e+04   -2.115628e+04   -2.913189e+04   -1.292826e-08    0.000000e+00    0.000000e+00    3.379641e+03    1.797979e+06    4.782155e+03    3.521937e-11    0.000000e+00    0.000000e+00    4.658537e+00    0.000000e+00    6.650865e+00    4.057319e-06    2.949063e-06    4.061023e-06   -1.388974e-19    0.000000e+00    0.000000e+00    1.119617e-04    1.113431e-04    1.092637e-04
  -4.900000e-02   -2.075802e+06   -1.215237e+06   -1.660032e+06   -3.709260e+04   -2.110245e+04   -2.882436e+04   -1.288798e-08    0.000000e+00    0.000000e+00    3.857572e+03    1.797979e+06    5.437520e+03    4.019995e-11    0.000000e+00    0.000000e+00    6.079561e+00    0.000000e+00    8.657720e+00    4.013783e-06    2.941559e-06    4.018219e-06   -1.388959e-19    0.000000e+00    0.000000e+00    1.119622e-04    1.113431e-04    1.092641e-04
  -4.887500e-02   -2.056907e+06   -1.212137e+06   -1.642353e+06   -3.689512e+04   -2.104862e+04   -2.851686e+04   -1.284770e-08    0.000000e+00    0.000000e+00    4.334284e+03    1.797979e+06    6.085941e+03    4.516784e-11    0.000000e+00    0.000000e+00    7.688028e+00    0.000000e+00    1.092057e+01    3.970256e-06    2.934055e-06    3.975427e-06   -1.388941e-19    0.000000e+00    0.000000e+00    1.119626e-04    1.113431e-04    1.092645e-04
  -4.875000e-02   -2.038016e+06   -1.209037e+06   -1.624679e+06   -3.669766e+04   -2.099479e+04   -2.820941e+04   -1.280743e-08    0.000000e+00    0.000000e+00    4.809778e+03    1.797979e+06    6.727421e+03    5.012304e-11    0.000000e+00    0.000000e+00    9.483461e+00    0.000000e+00    1.343670e+01    3.926739e-06    2.926551e-06    3.932648e-06   -1.388921e-19    0.000000e+00    0.000000e+00    1.119631e-04    1.113431e-04    1.092650e-04
  -4.862500e-02   -2.019128e+06   -1.205937e+06   -1.607010e+06   -3.650023e+04   -2.094095e+04   -2.790198e+04   -1.276716e-08    0.000000e+00    0.000000e+00    5.284053e+03    1.797979e+06    7.361962e+03    5.506555e-11    0.000000e+00    0.000000e+00    1.146538e+01    0.000000e+00    1.620337e+01    3.883231e-06    2.919047e-06    3.889881e-06   -1.388899e-19    0.000000e+00    0.000000e+00    1.119635e-04    1.113431e-04    1.092654e-04
  -4.850000e-02   -2.000245e+06   -1.202837e+06   -1.589347e+06   -3.630283e+04   -2.088712e+04   -2.759459e+04   -1.272689e-08    0.000000e+00    0.000000e+00    5.757109e+03    1.797979e+06    7.989565e+03    5.999538e-11    0.000000e+00    0.000000e+00    1.363331e+01    0.000000e+00    1.921786e+01    3.839733e-06    2.911543e-06    3.847127e-06   -1.388875e-19    0.000000e+00    0.000000e+00    1.119640e-04    1.113431e-04    1.092658e-04
  -4.837500e-02   -1.981365e+06   -1.199736e+06   -1.571688e+06   -3.610545e+04   -2.083329e+04   -2.728724e+04   -1.268663e-08    0.000000e+00    0.000000e+00    6.228946e+03    1.797979e+06    8.610232e+03    6.491251e-11    0.000000e+00    0.000000e+00    1.598676e+01    0.000000e+00    2.247745e+01    3.796244e-06    2.904039e-06    3.804386e-06   -1.388849e-19    0.000000e+00    0.000000e+00    1.119644e-04    1.113431e-04    1.092662e-04
  -4.825000e-02   -1.962489e+06   -1.196636e+06   -1.554035e+06   -3.590810e+04   -2.077945e+04   -2.697992e+04   -1.264637e-08    0.000000e+00    0.000000e+00    6.699565e+03    1.797979e+06    9.223967e+03    6.981696e-11    0.000000e+00    0.000000e+00    1.852527e+01    0.000000e+00    2.597942e+01    3.752765e-06    2.896535e-06    3.761657e-06   -1.388821e-19    0.000000e+00    0.000000e+00    1.119648e-04    1.113431e-04    1.092666e-04
  -4.812500e-02   -1.943617e+06   -1.193536e+06   -1.536386e+06   -3.571077e+04   -2.072562e+04   -2.667263e+04   -1.260611e-08    0.000000e+00    0.000000e+00    7.168964e+03    1.797979e+06    9.830769e+03    7.470871e-11    0.000000e+00    0.000000e+00    2.124835e+01    0.000000e+00    2.972103e+01    3.709295e-06    2.889031e-06    3.718940e-06   -1.388791e-19    0.000000e+00    0.000000e+00    1.119652e-04    1.113431e-04    1.092670e-04
  -4.800000e-02   -1.924749e+06   -1.190436e+06   -1.518742e+06   -3.551347e+04   -2.067179e+04   -2.636537e+04   -1.256586e-08    0.000000e+00    0.000000e+00    7.637146e+03    1.797979e+06    1.043064e+04    7.958778e-11    0.000000e+00    0.000000e+00    2.415552e+01    0.000000e+00    3.369958e+01    3.665834e-06    2.881527e-06    3.676235e-06   -1.388759e-19    0.000000e+00    0.000000e+00    1.119656e-04    1.113431e-04    1.092674e-04
  -4.787500e-02   -1.905884e+06   -1.187336e+06   -1.501103e+06   -3.531619e+04   -2.061796e+04   -2.605815e+04   -1.252562e-08    0.000000e+00    0.000000e+00    8.104108e+03    1.797979e+06    1.102359e+04    8.445415e-11    0.000000e+00    0.000000e+00    2.724631e+01    0.000000e+00    3.791233e+01    3.622383e-06    2.874023e-06    3.633541e-06   -1.388725e-19    0.000000e+00    0.000000e+00    1.119660e-04    1.113431e-04    1.092678e-04
  -4.775000e-02   -1.887023e+06   -1.184236e+06   -1.483469e+06   -3.511894e+04   -2.056412e+04   -2.575096e+04   -1.248537e-08    0.000000e+00    0.000000e+00    8.569852e+03    1.797979e+06    1.160961e+04    8.930784e-11    0.000000e+00    0.000000e+00    3.052023e+01    0.000000e+00    4.235657e+01    3.578940e-06    2.866519e-06    3.590860e-06   -1.388688e-19    0.000000e+00    0.000000e+00    1.119663e-04    1.113431e-04    1.092681e-04
  -4.762500e-02   -1.868166e+06   -1.181136e+06   -1.465840e+06   -3.492172e+04   -2.051029e+04   -2.544380e+04   -1.244514e-08    0.000000e+00    0.000000e+00    9.034377e+03    1.797979e+06    1.218870e+04    9.414884e-11    0.000000e+00    0.000000e+00    3.397682e+01    0.000000e+00    4.702959e+01    3.535507e-06    2.859015e-06    3.548190e-06   -1.388650e-19    0.000000e+00    0.000000e+00    1.119667e-04    1.113431e-04    1.092685e-04
  -4.750000e-02   -1.849313e+06   -1.178036e+06   -1.448215e+06   -3.472452e+04   -2.045646e+04   -2.513667e+04   -1.240490e-08    0.000000e+00    0.000000e+00    9.497683e+03    1.797979e+06    1.276088e+04    9.897715e-11    0.000000e+00    0.000000e+00    3.761558e+01    0.000000e+00    5.192865e+01    3.492084e-06    2.851511e-06    3.505532e-06   -1.388610e-19    0.000000e+00    0.000000e+00    1.119670e-04    1.113431e-04    1.092689e-04
  -4.737500e-02   -1.830464e+06   -1.174936e+06   -1.430595e+06   -3.452734e+04   -2.040262e+04   -2.482957e+04   -1.236467e-08    0.000000e+00    0.000000e+00    9.959770e+03    1.797979e+06    1.332613e+04    1.037928e-10    0.000000e+00    0.000000e+00    4.143604e+01    0.000000e+00    5.705105e+01    3.448669e-06    2.844007e-06    3.462885e-06   -1.388568e-19    0.000000e+00    0.000000e+00    1.119674e-04    1.113431e-04    1.092693e-04
  -4.725000e-02   -1.811618e+06   -1.171836e+06   -1.412980e+06   -3.433019e+04   -2.034879e+04   -2.452251e+04   -1.232444e-08    0.000000e+00    0.000000e+00    1.042064e+04    1.797979e+06    1.388446e+04    1.085957e-10    0.000000e+00    0.000000e+00    4.543772e+01    0.000000e+00    6.239406e+01    3.405264e-06    2.836503e-06    3.420249e-06   -1.388524e-19    0.000000e+00    0.000000e+00    1.119677e-04    1.113431e-04    1.092696e-04
  -4.712500e-02   -1.792776e+06   -1.168736e+06   -1.395369e+06   -3.413307e+04   -2.029496e+04   -2.421547e+04   -1.228422e-08    0.000000e+00    0.000000e+00    1.088029e+04    1.797979e+06    1.443588e+04    1.133859e-10    0.000000e+00    0.000000e+00    4.962015e+01    0.000000e+00    6.795498e+01    3.361867e-06    2.828999e-06    3.377624e-06   -1.388477e-19    0.000000e+00    0.000000e+00    1.119680e-04    1.113431e-04    1.092700e-04
  -4.700000e-02   -1.773938e+06   -1.165635e+06   -1.377762e+06   -3.393597e+04   -2.024113e+04   -2.390847e+04   -1.224400e-08    0.000000e+00    0.000000e+00    1.133872e+04    1.797979e+06    1.498038e+04    1.181635e-10    0.000000e+00    0.000000e+00    5.398284e+01    0.000000e+00    7.373107e+01    3.318480e-06    2.821495e-06    3.335010e-06   -1.388429e-19    0.000000e+00    0.000000e+00    1.119683e-04    1.113431e-04    1.092703e-04
  -4.687500e-02   -1.755103e+06   -1.162535e+06   -1.360160e+06   -3.373889e+04   -2.018729e+04   -2.360149e+04   -1.220379e-08    0.000000e+00    0.000000e+00    1.179593e+04    1.797979e+06    1.551797e+04    1.229283e-10    0.000000e+00    0.000000e+00    5.852532e+01    0.000000e+00    7.971964e+01    3.275102e-06    2.813991e-06    3.292407e-06   -1.388379e-19    0.000000e+00    0.000000e+00    1.119686e-04    1.113431e-04    1.092707e-04
  -4.675000e-02   -1.736273e+06   -1.159435e+06   -1.342562e+06   -3.354184e+04   -2.013346e+04   -2.329454e+04   -1.216357e-08    0.000000e+00    0.000000e+00    1.225193e+04    1.797979e+06    1.604865e+04    1.276805e-10    0.000000e+00    0.000000e+00    6.324711e+01    0.000000e+00    8.591796e+01    3.231734e-06    2.806487e-06    3.249814e-06   -1.388327e-19    0.000000e+00    0.000000e+00    1.119689e-04    1.113431e-04    1.092710e-04
  -4.662500e-02   -1.717445e+06   -1.156335e+06   -1.324969e+06   -3.334482e+04   -2.007963e+04   -2.298762e+04   -1.212337e-08    0.000000e+00    0.000000e+00    1.270670e+04    1.797979e+06    1.657242e+04    1.324200e-10    0.000000e+00    0.000000e+00    6.814772e+01    0.000000e+00    9.232331e+01    3.188374e-06    2.798983e-06    3.207232e-06   -1.388272e-19    0.000000e+00    0.000000e+00    1.119691e-04    1.113431e-04    1.092714e-04
  -4.650000e-02   -1.698622e+06   -1.153235e+06   -1.307380e+06   -3.314782e+04   -2.002580e+04   -2.268073e+04   -1.208316e-08    0.000000e+00    0.000000e+00    1.316026e+04    1.797979e+06    1.708928e+04    1.371468e-10    0.000000e+00    0.000000e+00    7.322669e+01    0.000000e+00    9.893300e+01    3.145023e-06    2.791479e-06    3.164660e-06   -1.388216e-19    0.000000e+00    0.000000e+00    1.119694e-04    1.113431e-04    1.092717e-04
  -4.637500e-02   -1.679802e+06   -1.150135e+06   -1.289794e+06   -3.295084e+04   -1.997196e+04   -2.237387e+04   -1.204296e-08    0.000000e+00    0.000000e+00    1.361260e+04    1.797979e+06    1.759923e+04    1.418609e-10    0.000000e+00    0.000000e+00    7.848353e+01    0.000000e+00    1.057443e+02    3.101681e-06    2.783975e-06    3.122099e-06   -1.388158e-19    0.000000e+00    0.000000e+00    1.119696e-04    1.113431e-04    1.092721e-04
  -4.625000e-02   -1.660986e+06   -1.147035e+06   -1.272213e+06   -3.275389e+04   -1.991813e+04   -2.206703e+04   -1.200277e-08    0.000000e+00    0.000000e+00    1.406372e+04    1.797979e+06    1.810228e+04    1.465623e-10    0.000000e+00    0.000000e+00    8.391776e+01    0.000000e+00    1.127545e+02    3.058348e-06    2.776471e-06    3.079547e-06   -1.388098e-19    0.000000e+00    0.000000e+00    1.119698e-04    1.113431e-04    1.092724e-04
  -4.612500e-02   -1.642174e+06   -1.143935e+06   -1.254636e+06   -3.255696e+04   -1.986430e+04   -2.176023e+04   -1.196257e-08    0.000000e+00    0.000000e+00    1.451362e+04    1.797979e+06    1.859843e+04    1.512510e-10    0.000000e+00    0.000000e+00    8.952891e+01    0.000000e+00    1.199609e+02    3.015024e-06    2.768967e-06    3.037006e-06   -1.388036e-19    0.000000e+00    0.000000e+00    1.119700e-04    1.113431e-04    1.092727e-04
  -4.600000e-02   -1.623365e+06   -1.140835e+06   -1.237063e+06   -3.236006e+04   -1.981046e+04   -2.145344e+04   -1.192239e-08    0.000000e+00    0.000000e+00    1.496230e+04    1.797979e+06    1.908767e+04    1.559271e-10    0.000000e+00    0.000000e+00    9.531649e+01    0.000000e+00    1.273608e+02    2.971709e-06    2.761463e-06    2.994474e-06   -1.387972e-19    0.000000e+00    0.000000e+00    1.119702e-04    1.113431e-04    1.092730e-04
  -4.587500e-02   -1.604560e+06   -1.137735e+06   -1.219494e+06   -3.216318e+04   -1.975663e+04   -2.114669e+04   -1.188220e-08    0.000000e+00    0.000000e+00    1.540976e+04    1.797979e+06    1.957002e+04    1.605904e-10    0.000000e+00    0.000000e+00    1.012800e+02    0.000000e+00    1.349514e+02    2.928403e-06    2.753959e-06    2.951952e-06   -1.387906e-19    0.000000e+00    0.000000e+00    1.119704e-04    1.113431e-04    1.092733e-04
  -4.575000e-02   -1.585758e+06   -1.134635e+06   -1.201929e+06   -3.196633e+04   -1.970280e+04   -2.083996e+04   -1.184202e-08    0.000000e+00    0.000000e+00    1.585600e+04    1.797979e+06    2.004546e+04    1.652411e-10    0.000000e+00    0.000000e+00    1.074190e+02    0.000000e+00    1.427301e+02    2.885106e-06    2.746455e-06    2.909439e-06   -1.387838e-19    0.000000e+00    0.000000e+00    1.119706e-04    1.113431e-04    1.092737e-04
  -4.562500e-02   -1.566960e+06   -1.131534e+06   -1.184368e+06   -3.176950e+04   -1.964897e+04   -2.053326e+04   -1.180184e-08    0.000000e+00    0.000000e+00    1.630103e+04    1.797979e+06    2.051401e+04    1.698790e-10    0.000000e+00    0.000000e+00    1.137331e+02    0.000000e+00    1.506942e+02    2.841818e-06    2.738951e-06    2.866936e-06   -1.387768e-19    0.000000e+00    0.000000e+00    1.119708e-04    1.113431e-04    1.092740e-04
  -4.550000e-02   -1.548166e+06   -1.128434e+06   -1.166810e+06   -3.157269e+04   -1.959513e+04   -2.022658e+04   -1.176167e-08    0.000000e+00    0.000000e+00    1.674484e+04    1.797979e+06    2.097566e+04    1.745043e-10    0.000000e+00    0.000000e+00    1.202216e+02    0.000000e+00    1.588409e+02    2.798539e-06    2.731447e-06    2.824442e-06   -1.387697e-19    0.000000e+00    0.000000e+00    1.119709e-04    1.113431e-04    1.092743e-04
  -4.537500e-02   -1.529375e+06   -1.125334e+06   -1.149256e+06   -3.137591e+04   -1.954130e+04   -1.991993e+04   -1.172150e-08    0.000000e+00    0.000000e+00    1.718742e+04    1.797979e+06    2.143042e+04    1.791169e-10    0.000000e+00    0.000000e+00    1.268842e+02    0.000000e+00    1.671675e+02    2.755268e-06    2.723943e-06    2.781957e-06   -1.387623e-19    0.000000e+00    0.000000e+00    1.119711e-04    1.113431e-04    1.092746e-04
  -4.525000e-02   -1.510588e+06   -1.122234e+06   -1.131706e+06   -3.117916e+04   -1.948747e+04   -1.961330e+04   -1.168134e-08    0.000000e+00    0.000000e+00    1.762879e+04    1.797979e+06    2.187829e+04    1.837168e-10    0.000000e+00    0.000000e+00    1.337203e+02    0.000000e+00    1.756714e+02    2.712006e-06    2.716439e-06    2.739481e-06   -1.387547e-19    0.000000e+00    0.000000e+00    1.119712e-04    1.113431e-04    1.092749e-04
  -4.512500e-02   -1.491804e+06   -1.119134e+06   -1.114160e+06   -3.098242e+04   -1.943363e+04   -1.930670e+04   -1.164117e-08    0.000000e+00    0.000000e+00    1.806894e+04    1.797979e+06    2.231926e+04    1.883040e-10    0.000000e+00    0.000000e+00    1.407296e+02    0.000000e+00    1.843498e+02    2.668753e-06    2.708935e-06    2.697014e-06   -1.387470e-19    0.000000e+00    0.000000e+00    1.119713e-04    1.113431e-04    1.092751e-04
  -4.500000e-02   -1.473024e+06   -1.116034e+06   -1.096616e+06   -3.078571e+04   -1.937980e+04   -1.900012e+04   -1.160102e-08    0.000000e+00    0.000000e+00    1.850788e+04    1.797979e+06    2.275335e+04    1.928785e-10    0.000000e+00    0.000000e+00    1.479114e+02    0.000000e+00    1.932000e+02    2.625509e-06    2.701431e-06    2.654556e-06   -1.387390e-19    0.000000e+00    0.000000e+00    1.119715e-04    1.113431e-04    1.092754e-04
  -4.487500e-02   -1.454248e+06   -1.112934e+06   -1.079077e+06   -3.058903e+04   -1.932597e+04   -1.869356e+04   -1.156086e-08    0.000000e+00    0.000000e+00    1.894559e+04    1.797979e+06    2.318054e+04    1.974404e-10    0.000000e+00    0.000000e+00    1.552654e+02    0.000000e+00    2.022193e+02    2.582273e-06    2.693927e-06    2.612106e-06   -1.387309e-19    0.000000e+00    0.000000e+00    1.119716e-04    1.113431e-04    1.092757e-04
  -4.475000e-02   -1.435475e+06   -1.109834e+06   -1.061541e+06   -3.039237e+04   -1.927214e+04   -1.838703e+04   -1.152071e-08    0.000000e+00    0.000000e+00    1.938208e+04    1.797979e+06    2.360085e+04    2.019895e-10    0.000000e+00    0.000000e+00    1.627910e+02    0.000000e+00    2.114051e+02    2.539046e-06    2.686423e-06    2.569665e-06   -1.387226e-19    0.000000e+00    0.000000e+00    1.119716e-04    1.113431e-04    1.092760e-04
  -4.462500e-02   -1.416706e+06   -1.106734e+06   -1.044008e+06   -3.019573e+04   -1.921830e+04   -1.808051e+04   -1.148056e-08    0.000000e+00    0.000000e+00    1.981736e+04    1.797979e+06    2.401428e+04    2.065260e-10    0.000000e+00    0.000000e+00    1.704878e+02    0.000000e+00    2.207545e+02    2.495828e-06    2.678919e-06    2.527232e-06   -1.387141e-19    0.000000e+00    0.000000e+00    1.119717e-04    1.113431e-04    1.092763e-04
  -4.450000e-02   -1.397940e+06   -1.103634e+06   -1.026479e+06   -2.999912e+04   -1.916447e+04   -1.777403e+04   -1.144042e-08    0.000000e+00    0.000000e+00    2.025141e+04    1.797979e+06    2.442081e+04    2.110497e-10    0.000000e+00    0.000000e+00    1.783553e+02    0.000000e+00    2.302649e+02    2.452618e-06    2.671415e-06    2.484807e-06   -1.387054e-19    0.000000e+00    0.000000e+00    1.119718e-04    1.113431e-04    1.092765e-04
  -4.437500e-02   -1.379177e+06   -1.100533e+06   -1.008953e+06   -2.980253e+04   -1.911064e+04   -1.746756e+04   -1.140028e-08    0.000000e+00    0.000000e+00    2.068425e+04    1.797979e+06    2.482047e+04    2.155608e-10    0.000000e+00    0.000000e+00    1.863930e+02    0.000000e+00    2.399336e+02    2.409417e-06    2.663911e-06    2.442390e-06   -1.386965e-19    0.000000e+00    0.000000e+00    1.119718e-04    1.113431e-04    1.092768e-04
  -4.425000e-02   -1.360419e+06   -1.097433e+06   -9.914296e+05   -2.960596e+04   -1.905680e+04   -1.716111e+04   -1.136014e-08    0.000000e+00    0.000000e+00    2.111587e+04    1.797979e+06    2.521324e+04    2.200592e-10    0.000000e+00    0.000000e+00    1.946004e+02    0.000000e+00    2.497580e+02    2.366225e-06    2.656407e-06    2.399981e-06   -1.386874e-19    0.000000e+00    0.000000e+00    1.119719e-04    1.113431e-04    1.092771e-04
  -4.412500e-02   -1.341663e+06   -1.094333e+06   -9.739098e+05   -2.940942e+04   -1.900297e+04   -1.685469e+04   -1.132001e-08    0.000000e+00    0.000000e+00    2.154627e+04    1.797979e+06    2.559914e+04    2.245449e-10    0.000000e+00    0.000000e+00    2.029771e+02    0.000000e+00    2.597352e+02    2.323041e-06    2.648904e-06    2.357580e-06   -1.386782e-19    0.000000e+00    0.000000e+00    1.119719e-04    1.113431e-04    1.092773e-04
  -4.400000e-02   -1.322911e+06   -1.091233e+06   -9.563931e+05   -2.921290e+04   -1.894914e+04   -1.654829e+04   -1.127988e-08    0.000000e+00    0.000000e+00    2.197545e+04    1.797979e+06    2.597815e+04    2.290179e-10    0.000000e+00    0.000000e+00    2.115226e+02    0.000000e+00    2.698626e+02    2.279866e-06    2.641400e-06    2.315187e-06   -1.386687e-19    0.000000e+00    0.000000e+00    1.119719e-04    1.113431e-04    1.092776e-04
  -4.387500e-02   -1.304163e+06   -1.088133e+06   -9.388795e+05   -2.901640e+04   -1.889531e+04   -1.624190e+04   -1.123976e-08    0.000000e+00    0.000000e+00    2.240342e+04    1.797979e+06    2.635029e+04    2.334782e-10    0.000000e+00    0.000000e+00    2.202363e+02    0.000000e+00    2.801375e+02    2.236699e-06    2.633896e-06    2.272800e-06   -1.386591e-19    0.000000e+00    0.000000e+00    1.119719e-04    1.113431e-04    1.092778e-04
  -4.375000e-02   -1.285418e+06   -1.085033e+06   -9.213689e+05   -2.881993e+04   -1.884147e+04   -1.593554e+04   -1.119963e-08    0.000000e+00    0.000000e+00    2.283016e+04    1.797979e+06    2.671555e+04    2.379258e-10    0.000000e+00    0.000000e+00    2.291179e+02    0.000000e+00    2.905572e+02    2.193541e-06    2.626392e-06    2.230422e-06   -1.386492e-19    0.000000e+00    0.000000e+00    1.119719e-04    1.113431e-04    1.092780e-04
  -4.362500e-02   -1.266677e+06   -1.081933e+06   -9.038611e+05   -2.862348e+04   -1.878764e+04   -1.562920e+04   -1.115952e-08    0.000000e+00    0.000000e+00    2.325569e+04    1.797979e+06    2.707393e+04    2.423608e-10    0.000000e+00    0.000000e+00    2.381669e+02    0.000000e+00    3.011189e+02    2.150391e-06    2.618888e-06    2.188050e-06   -1.386392e-19    0.000000e+00    0.000000e+00    1.119719e-04    1.113431e-04    1.092783e-04
  -4.350000e-02   -1.247939e+06   -1.078833e+06   -8.863563e+05   -2.842705e+04   -1.873381e+04   -1.532288e+04   -1.111940e-08    0.000000e+00    0.000000e+00    2.367999e+04    1.797979e+06    2.742544e+04    2.467830e-10    0.000000e+00    0.000000e+00    2.473827e+02    0.000000e+00    3.118201e+02    2.107250e-06    2.611384e-06    2.145685e-06   -1.386291e-19    0.000000e+00    0.000000e+00    1.119719e-04    1.113431e-04    1.092785e-04
  -4.337500e-02   -1.229204e+06   -1.075733e+06   -8.688543e+05   -2.823064e+04   -1.867998e+04   -1.501657e+04   -1.107929e-08    0.000000e+00    0.000000e+00    2.410308e+04    1.797979e+06    2.777007e+04    2.511926e-10    0.000000e+00    0.000000e+00    2.567649e+02    0.000000e+00    3.226579e+02    2.064117e-06    2.603880e-06    2.103328e-06   -1.386187e-19    0.000000e+00    0.000000e+00    1.119718e-04    1.113431e-04    1.092787e-04
  -4.325000e-02   -1.210473e+06   -1.072633e+06   -8.513551e+05   -2.803426e+04   -1.862614e+04   -1.471028e+04   -1.103918e-08    0.000000e+00    0.000000e+00    2.452495e+04    1.797979e+06    2.810783e+04    2.555894e-10    0.000000e+00    0.000000e+00    2.663130e+02    0.000000e+00    3.336297e+02    2.020992e-06    2.596376e-06    2.060977e-06   -1.386081e-19    0.000000e+00    0.000000e+00    1.119718e-04    1.113431e-04    1.092790e-04
  -4.312500e-02   -1.191745e+06   -1.069533e+06   -8.338586e+05   -2.783790e+04   -1.857231e+04   -1.440402e+04   -1.099908e-08    0.000000e+00    0.000000e+00    2.494560e+04    1.797979e+06    2.843872e+04    2.599736e-10    0.000000e+00    0.000000e+00    2.760265e+02    0.000000e+00    3.447328e+02    1.977876e-06    2.588872e-06    2.018633e-06   -1.385974e-19    0.000000e+00    0.000000e+00    1.119717e-04    1.113431e-04    1.092792e-04
  -4.300000e-02   -1.173021e+06   -1.066432e+06   -8.163647e+05   -2.764157e+04   -1.851848e+04   -1.409777e+04   -1.095898e-08    0.000000e+00    0.000000e+00    2.536504e+04    1.797979e+06    2.876275e+04    2.643451e-10    0.000000e+00    0.000000e+00    2.859049e+02    0.000000e+00    3.559646e+02    1.934768e-06    2.581368e-06    1.976295e-06   -1.385865e-19    0.000000e+00    0.000000e+00    1.119717e-04    1.113431e-04    1.092794e-04
  -4.287500e-02   -1.154300e+06   -1.063332e+06   -7.988734e+05   -2.744526e+04   -1.846464e+04   -1.379153e+04   -1.091888e-08    0.000000e+00    0.000000e+00    2.578325e+04    1.797979e+06    2.907990e+04    2.687039e-10    0.000000e+00    0.000000e+00    2.959479e+02    0.000000e+00    3.673222e+02    1.891669e-06    2.573864e-06    1.933964e-06   -1.385753e-19    0.000000e+00    0.000000e+00    1.119716e-04    1.113431e-04    1.092796e-04
  -4.275000e-02   -1.135582e+06   -1.060232e+06   -7.813847e+05   -2.724897e+04   -1.841081e+04   -1.348532e+04   -1.087879e-08    0.000000e+00    0.000000e+00    2.620024e+04    1.797979e+06    2.939018e+04    2.730500e-10    0.000000e+00    0.000000e+00    3.061548e+02    0.000000e+00    3.788030e+02    1.848578e-06    2.566360e-06    1.891639e-06   -1.385641e-19    0.000000e+00    0.000000e+00    1.119715e-04    1.113431e-04    1.092798e-04
  -4.262500e-02   -1.116868e+06   -1.057132e+06   -7.638984e+05   -2.705270e+04   -1.835698e+04   -1.317912e+04   -1.083870e-08    0.000000e+00    0.000000e+00    2.661602e+04    1.797979e+06    2.969360e+04    2.773835e-10    0.000000e+00    0.000000e+00    3.165253e+02    0.000000e+00    3.904042e+02    1.805495e-06    2.558856e-06    1.849320e-06   -1.385526e-19    0.000000e+00    0.000000e+00    1.119714e-04    1.113431e-04    1.092800e-04
  -4.250000e-02   -1.098157e+06   -1.054032e+06   -7.464146e+05   -2.685646e+04   -1.830315e+04   -1.287294e+04   -1.079861e-08    0.000000e+00    0.000000e+00    2.703058e+04    1.797979e+06    2.999014e+04    2.817042e-10    0.000000e+00    0.000000e+00    3.270588e+02    0.000000e+00    4.021233e+02    1.762420e-06    2.551352e-06    1.807006e-06   -1.385409e-19    0.000000e+00    0.000000e+00    1.119712e-04    1.113431e-04    1.092802e-04
  -4.237500e-02   -1.079450e+06   -1.050932e+06   -7.289332e+05   -2.666023e+04   -1.824931e+04   -1.256677e+04   -1.075853e-08    0.000000e+00    0.000000e+00    2.744392e+04    1.797979e+06    3.027983e+04    2.860122e-10    0.000000e+00    0.000000e+00    3.377548e+02    0.000000e+00    4.139576e+02    1.719354e-06    2.543848e-06    1.764699e-06   -1.385291e-19    0.000000e+00    0.000000e+00    1.119711e-04    1.113431e-04    1.092804e-04
  -4.225000e-02   -1.060746e+06   -1.047832e+06   -7.114541e+05   -2.646403e+04   -1.819548e+04   -1.226062e+04   -1.071845e-08    0.000000e+00    0.000000e+00    2.785603e+04    1.797979e+06    3.056265e+04    2.903076e-10    0.000000e+00    0.000000e+00    3.486129e+02    0.000000e+00    4.259042e+02    1.676295e-06    2.536344e-06    1.722398e-06   -1.385171e-19    0.000000e+00    0.000000e+00    1.119710e-04    1.113431e-04    1.092806e-04
  -4.212500e-02   -1.042045e+06   -1.044732e+06   -6.939773e+05   -2.626786e+04   -1.814165e+04   -1.195448e+04   -1.067838e-08    0.000000e+00    0.000000e+00    2.826694e+04    1.797979e+06    3.083860e+04    2.945902e-10    0.000000e+00    0.000000e+00    3.596326e+02    0.000000e+00    4.379605e+02    1.633245e-06    2.528840e-06    1.680102e-06   -1.385049e-19    0.000000e+00    0.000000e+00    1.119708e-04    1.113431e-04    1.092808e-04
  -4.200000e-02   -1.023348e+06   -1.041632e+06   -6.765026e+05   -2.607170e+04   -1.808781e+04   -1.164836e+04   -1.063830e-08    0.000000e+00    0.000000e+00    2.867662e+04    1.797979e+06    3.110770e+04    2.988602e-10    0.000000e+00    0.000000e+00    3.708135e+02    0.000000e+00    4.501239e+02    1.590204e-06    2.521336e-06    1.637811e-06   -1.384926e-19    0.000000e+00    0.000000e+00    1.119707e-04    1.113431e-04    1.092810e-04
  -4.187500e-02   -1.004653e+06   -1.038532e+06   -6.590301e+05   -2.587557e+04   -1.803398e+04   -1.134226e+04   -1.059824e-08    0.000000e+00    0.000000e+00    2.908508e+04    1.797979e+06    3.136993e+04    3.031175e-10    0.000000e+00    0.000000e+00    3.821550e+02    0.000000e+00    4.623915e+02    1.547170e-06    2.513832e-06    1.595526e-06   -1.384800e-19    0.000000e+00    0.000000e+00    1.119705e-04    1.113431e-04    1.092811e-04
  -4.175000e-02   -9.859626e+05   -1.035431e+06   -6.415598e+05   -2.567946e+04   -1.798015e+04   -1.103616e+04   -1.055817e-08    0.000000e+00    0.000000e+00    2.949233e+04    1.797979e+06    3.162530e+04    3.073621e-10    0.000000e+00    0.000000e+00    3.936566e+02    0.000000e+00    4.747608e+02    1.504144e-06    2.506328e-06    1.553246e-06   -1.384673e-19    0.000000e+00    0.000000e+00    1.119703e-04    1.113431e-04    1.092813e-04
  -4.162500e-02   -9.672751e+05   -1.032331e+06   -6.240914e+05   -2.548337e+04   -1.792632e+04   -1.073009e+04   -1.051811e-08    0.000000e+00    0.000000e+00    2.989835e+04    1.797979e+06    3.187381e+04    3.115940e-10    0.000000e+00    0.000000e+00    4.053179e+02    0.000000e+00    4.872291e+02    1.461127e-06    2.498824e-06    1.510971e-06   -1.384544e-19    0.000000e+00    0.000000e+00    1.119701e-04    1.113431e-04    1.092815e-04
  -4.150000e-02   -9.485908e+05   -1.029231e+06   -6.066251e+05   -2.528730e+04   -1.787248e+04   -1.042402e+04   -1.047805e-08    0.000000e+00    0.000000e+00    3.030316e+04    1.797979e+06    3.211546e+04    3.158132e-10    0.000000e+00    0.000000e+00    4.171385e+02    0.000000e+00    4.997936e+02    1.418117e-06    2.491320e-06    1.468701e-06   -1.384413e-19    0.000000e+00    0.000000e+00    1.119699e-04    1.113431e-04    1.092816e-04
  -4.137500e-02   -9.299099e+05   -1.026131e+06   -5.891606e+05   -2.509126e+04   -1.781865e+04   -1.011797e+04   -1.043800e-08    0.000000e+00    0.000000e+00    3.070675e+04    1.797979e+06    3.235025e+04    3.200198e-10    0.000000e+00    0.000000e+00    4.291177e+02    0.000000e+00    5.124516e+02    1.375116e-06    2.483816e-06    1.426435e-06   -1.384281e-19    0.000000e+00    0.000000e+00    1.119696e-04    1.113431e-04    1.092818e-04
  -4.125000e-02   -9.112322e+05   -1.023031e+06   -5.716981e+05   -2.489524e+04   -1.776482e+04   -9.811928e+03   -1.039794e-08    0.000000e+00    0.000000e+00    3.110912e+04    1.797979e+06    3.257818e+04    3.242136e-10    0.000000e+00    0.000000e+00    4.412553e+02    0.000000e+00    5.252005e+02    1.332122e-06    2.476312e-06    1.384174e-06   -1.384147e-19    0.000000e+00    0.000000e+00    1.119694e-04    1.113431e-04    1.092820e-04
  -4.112500e-02   -8.925578e+05   -1.019931e+06   -5.542374e+05   -2.469924e+04   -1.771099e+04   -9.505900e+03   -1.035790e-08    0.000000e+00    0.000000e+00    3.151027e+04    1.797979e+06    3.279926e+04    3.283947e-10    0.000000e+00    0.000000e+00    4.535506e+02    0.000000e+00    5.380376e+02    1.289137e-06    2.468808e-06    1.341918e-06   -1.384011e-19    0.000000e+00    0.000000e+00    1.119692e-04    1.113431e-04    1.092821e-04
  -4.100000e-02   -8.738866e+05   -1.016831e+06   -5.367784e+05   -2.450326e+04   -1.765715e+04   -9.199885e+03   -1.031785e-08    0.000000e+00    0.000000e+00    3.191020e+04    1.797979e+06    3.301348e+04    3.325632e-10    0.000000e+00    0.000000e+00    4.660031e+02    0.000000e+00    5.509601e+02    1.246159e-06    2.461304e-06    1.299666e-06   -1.383873e-19    0.000000e+00    0.000000e+00    1.119689e-04    1.113431e-04    1.092823e-04
  -4.087500e-02   -8.552187e+05   -1.013731e+06   -5.193212e+05   -2.430730e+04   -1.760332e+04   -8.893880e+03   -1.027781e-08    0.000000e+00    0.000000e+00    3.230892e+04    1.797979e+06    3.322085e+04    3.367190e-10    0.000000e+00    0.000000e+00    4.786125e+02    0.000000e+00    5.639654e+02    1.203190e-06    2.453800e-06    1.257418e-06   -1.383734e-19    0.000000e+00    0.000000e+00    1.119686e-04    1.113431e-04    1.092824e-04
  -4.075000e-02   -8.365540e+05   -1.010631e+06   -5.018656e+05   -2.411137e+04   -1.754949e+04   -8.587887e+03   -1.023777e-08    0.000000e+00    0.000000e+00    3.270641e+04    1.797979e+06    3.342136e+04    3.408621e-10    0.000000e+00    0.000000e+00    4.913783e+02    0.000000e+00    5.770508e+02    1.160228e-06    2.446296e-06    1.215174e-06   -1.383592e-19    0.000000e+00    0.000000e+00    1.119684e-04    1.113431e-04    1.092825e-04
  -4.062500e-02   -8.178925e+05   -1.007531e+06   -4.844116e+05   -2.391545e+04   -1.749565e+04   -8.281904e+03   -1.019774e-08    0.000000e+00    0.000000e+00    3.310269e+04    1.797979e+06    3.361501e+04    3.449925e-10    0.000000e+00    0.000000e+00    5.042998e+02    0.000000e+00    5.902136e+02    1.117275e-06    2.438792e-06    1.172934e-06   -1.383450e-19    0.000000e+00    0.000000e+00    1.119681e-04    1.113431e-04    1.092827e-04
  -4.050000e-02   -7.992342e+05   -1.004431e+06   -4.669591e+05   -2.371956e+04   -1.744182e+04   -7.975932e+03   -1.015771e-08    0.000000e+00    0.000000e+00    3.349774e+04    1.797979e+06    3.380181e+04    3.491102e-10    0.000000e+00    0.000000e+00    5.173768e+02    0.000000e+00    6.034510e+02    1.074329e-06    2.431288e-06    1.130698e-06   -1.383305e-19    0.000000e+00    0.000000e+00    1.119678e-04    1.113431e-04    1.092828e-04
  -4.037500e-02   -7.805792e+05   -1.001330e+06   -4.495081e+05   -2.352369e+04   -1.738799e+04   -7.669970e+03   -1.011768e-08    0.000000e+00    0.000000e+00    3.389158e+04    1.797979e+06    3.398176e+04    3.532152e-10    0.000000e+00    0.000000e+00    5.306087e+02    0.000000e+00    6.167605e+02    1.031391e-06    2.423784e-06    1.088465e-06   -1.383159e-19    0.000000e+00    0.000000e+00    1.119674e-04    1.113431e-04    1.092829e-04
  -4.025000e-02   -7.619273e+05   -9.982304e+05   -4.320586e+05   -2.332784e+04   -1.733416e+04   -7.364017e+03   -1.007765e-08    0.000000e+00    0.000000e+00    3.428420e+04    1.797979e+06    3.415485e+04    3.573075e-10    0.000000e+00    0.000000e+00    5.439950e+02    0.000000e+00    6.301394e+02    9.884604e-07    2.416280e-06    1.046236e-06   -1.383011e-19    0.000000e+00    0.000000e+00    1.119671e-04    1.113431e-04    1.092830e-04
  -4.012500e-02   -7.432786e+05   -9.951303e+05   -4.146104e+05   -2.313201e+04   -1.728032e+04   -7.058074e+03   -1.003763e-08    0.000000e+00    0.000000e+00    3.467560e+04    1.797979e+06    3.432110e+04    3.613871e-10    0.000000e+00    0.000000e+00    5.575352e+02    0.000000e+00    6.435848e+02    9.455379e-07    2.408776e-06    1.004011e-06   -1.382861e-19    0.000000e+00    0.000000e+00    1.119668e-04    1.113431e-04    1.092832e-04
  -4.000000e-02   -7.246330e+05   -9.920302e+05   -3.971636e+05   -2.293620e+04   -1.722649e+04   -6.752139e+03   -9.997614e-09    0.000000e+00    0.000000e+00    3.506579e+04    1.797979e+06    3.448049e+04    3.654541e-10    0.000000e+00    0.000000e+00    5.712289e+02    0.000000e+00    6.570942e+02    9.026233e-07    2.401272e-06    9.617883e-07   -1.382709e-19    0.000000e+00    0.000000e+00    1.119664e-04    1.113431e-04    1.092833e-04
  -4.000000e-02   -3.245089e+03   -4.357337e+03   -1.743610e+03   -1.257608e+02   -1.089334e+01   -2.716288e+00   -1.738505e-10    0.000000e+00    0.000000e+00    3.506579e+04    3.126542e+04    3.448049e+04    3.654541e-10    0.000000e+00    0.000000e+00    5.712289e+02    0.000000e+00    6.570942e+02    9.026233e-07    2.401272e-06    9.617883e-07   -1.382709e-19    0.000000e+00    0.000000e+00    1.119664e-04    1.113431e-04    1.092833e-04
  -3.900000e-02   -3.160710e+03   -4.248404e+03   -1.700259e+03   -1.223116e+02   -1.062101e+01   -2.337080e+00   -1.693914e-10    0.000000e+00    0.000000e+00    3.508018e+04    3.126542e+04    3.448590e+04    3.660119e-10    0.000000e+00    0.000000e+00    6.814139e+02    0.000000e+00    7.654264e+02    8.787340e-07    2.341240e-06    9.380477e-07   -1.348814e-19    0.000000e+00    0.000000e+00    1.118861e-04    1.113431e-04    1.092845e-04
  -3.800000e-02   -3.076555e+03   -4.139470e+03   -1.656990e+03   -1.188628e+02   -1.034868e+01   -1.958036e+00   -1.649340e-10    0.000000e+00    0.000000e+00    3.509422e+04    3.126542e+04    3.449117e+04    3.665556e-10    0.000000e+00    0.000000e+00    7.916436e+02    0.000000e+00    8.737753e+02    8.549705e-07    2.281209e-06    9.143525e-07   -1.314867e-19    0.000000e+00    0.000000e+00    1.118080e-04    1.113431e-04    1.092859e-04
  -3.700000e-02   -2.992619e+03   -4.030537e+03   -1.613800e+03   -1.154144e+02   -1.007634e+01   -1.579148e+00   -1.604783e-10    0.000000e+00    0.000000e+00    3.510792e+04    3.126542e+04    3.449631e+04    3.670852e-10    0.000000e+00    0.000000e+00    9.019168e+02    0.000000e+00    9.821407e+02    8.313289e-07    2.221177e-06    8.907007e-07   -1.280871e-19    0.000000e+00    0.000000e+00    1.117321e-04    1.113431e-04    1.092875e-04
  -3.600000e-02   -2.908895e+03   -3.921604e+03   -1.570685e+03   -1.119665e+02   -9.804009e+00   -1.200408e+00   -1.560243e-10    0.000000e+00    0.000000e+00    3.512128e+04    3.126542e+04    3.450131e+04    3.676006e-10    0.000000e+00    0.000000e+00    1.012233e+03    0.000000e+00    1.090522e+03    8.078056e-07    2.161145e-06    8.670905e-07   -1.246826e-19    0.000000e+00    0.000000e+00    1.116585e-04    1.113431e-04    1.092894e-04
  -3.500000e-02   -2.825379e+03   -3.812670e+03   -1.527643e+03   -1.085189e+02   -9.531675e+00   -8.218105e-01   -1.515718e-10    0.000000e+00    0.000000e+00    3.513430e+04    3.126542e+04    3.450618e+04    3.681020e-10    0.000000e+00    0.000000e+00    1.122590e+03    0.000000e+00    1.198919e+03    7.843969e-07    2.101113e-06    8.435201e-07   -1.212734e-19    0.000000e+00    0.000000e+00    1.115872e-04    1.113431e-04    1.092913e-04
  -3.400000e-02   -2.742063e+03   -3.703737e+03   -1.484669e+03   -1.050718e+02   -9.259342e+00   -4.433470e-01   -1.471209e-10    0.000000e+00    0.000000e+00    3.514697e+04    3.126542e+04    3.451091e+04    3.685892e-10    0.000000e+00    0.000000e+00    1.232987e+03    0.000000e+00    1.307330e+03    7.610990e-07    2.041081e-06    8.199877e-07   -1.178596e-19    0.000000e+00    0.000000e+00    1.115180e-04    1.113431e-04    1.092935e-04
  -3.300000e-02   -2.658944e+03   -3.594803e+03   -1.441761e+03   -1.016251e+02   -8.987008e+00   -6.501053e-02   -1.426715e-10    0.000000e+00    0.000000e+00    3.515930e+04    3.126542e+04    3.451551e+04    3.690623e-10    0.000000e+00    0.000000e+00    1.343424e+03    0.000000e+00    1.415757e+03    7.379082e-07    1.981050e-06    7.964914e-07   -1.144414e-19    0.000000e+00    0.000000e+00    1.114512e-04    1.113431e-04    1.092959e-04
  -3.200000e-02   -2.576013e+03   -3.485870e+03   -1.398915e+03   -9.817873e+01   -8.714675e+00    3.132062e-01   -1.382235e-10    0.000000e+00    0.000000e+00    3.517128e+04    3.126542e+04    3.451997e+04    3.695212e-10    0.000000e+00    0.000000e+00    1.453899e+03    0.000000e+00    1.524198e+03    7.148207e-07    1.921018e-06    7.730293e-07   -1.110188e-19    0.000000e+00    0.000000e+00    1.113865e-04    1.113431e-04    1.092984e-04
  -3.100000e-02   -2.493267e+03   -3.376936e+03   -1.356128e+03   -9.473274e+01   -8.442341e+00    6.913104e-01   -1.337770e-10    0.000000e+00    0.000000e+00    3.518293e+04    3.126542e+04    3.452430e+04    3.699661e-10    0.000000e+00    0.000000e+00    1.564411e+03    0.000000e+00    1.632652e+03    6.918330e-07    1.860986e-06    7.495996e-07   -1.075921e-19    0.000000e+00    0.000000e+00    1.113241e-04    1.113431e-04    1.093012e-04
  -3.000000e-02   -2.410699e+03   -3.268003e+03   -1.313396e+03   -9.128711e+01   -8.170008e+00    1.069309e+00   -1.293319e-10    0.000000e+00    0.000000e+00    3.519423e+04    3.126542e+04    3.452849e+04    3.703968e-10    0.000000e+00    0.000000e+00    1.674960e+03    0.000000e+00    1.741120e+03    6.689411e-07    1.800954e-06    7.262005e-07   -1.041613e-19    0.000000e+00    0.000000e+00    1.112640e-04    1.113431e-04    1.093041e-04
  -2.900000e-02   -2.328304e+03   -3.159070e+03   -1.270717e+03   -8.784181e+01   -7.897674e+00    1.447210e+00   -1.248881e-10    0.000000e+00    0.000000e+00    3.520518e+04    3.126542e+04    3.453255e+04    3.708134e-10    0.000000e+00    0.000000e+00    1.785543e+03    0.000000e+00    1.849601e+03    6.461415e-07    1.740922e-06    7.028302e-07   -1.007266e-19    0.000000e+00    0.000000e+00    1.112060e-04    1.113431e-04    1.093072e-04
  -2.800000e-02   -2.246075e+03   -3.050136e+03   -1.228086e+03   -8.439684e+01   -7.625340e+00    1.825021e+00   -1.204455e-10    0.000000e+00    0.000000e+00    3.521580e+04    3.126542e+04    3.453647e+04    3.712159e-10    0.000000e+00    0.000000e+00    1.896160e+03    0.000000e+00    1.958094e+03    6.234304e-07    1.680891e-06    6.794868e-07   -9.728806e-20    0.000000e+00    0.000000e+00    1.111504e-04    1.113431e-04    1.093105e-04
  -2.700000e-02   -2.164008e+03   -2.941203e+03   -1.185501e+03   -8.095220e+01   -7.353007e+00    2.202748e+00   -1.160042e-10    0.000000e+00    0.000000e+00    3.522607e+04    3.126542e+04    3.454027e+04    3.716043e-10    0.000000e+00    0.000000e+00    2.006810e+03    0.000000e+00    2.066600e+03    6.008041e-07    1.620859e-06    6.561685e-07   -9.384588e-20    0.000000e+00    0.000000e+00    1.110970e-04    1.113431e-04    1.093140e-04
  -2.600000e-02   -2.082095e+03   -2.832269e+03   -1.142958e+03   -7.750785e+01   -7.080673e+00    2.580399e+00   -1.115642e-10    0.000000e+00    0.000000e+00    3.523600e+04    3.126542e+04    3.454392e+04    3.719785e-10    0.000000e+00    0.000000e+00    2.117491e+03    0.000000e+00    2.175117e+03    5.782588e-07    1.560827e-06    6.328734e-07   -9.040016e-20    0.000000e+00    0.000000e+00    1.110458e-04    1.113431e-04    1.093177e-04
  -2.500000e-02   -2.000332e+03   -2.723336e+03   -1.100453e+03   -7.406380e+01   -6.808340e+00    2.957980e+00   -1.071252e-10    0.000000e+00    0.000000e+00    3.524558e+04    3.126542e+04    3.454745e+04    3.723386e-10    0.000000e+00    0.000000e+00    2.228203e+03    0.000000e+00    2.283646e+03    5.557909e-07    1.500795e-06    6.095998e-07   -8.695105e-20    0.000000e+00    0.000000e+00    1.109968e-04    1.113431e-04    1.093215e-04
  -2.400000e-02   -1.918713e+03   -2.614402e+03   -1.057985e+03   -7.062003e+01   -6.536006e+00    3.335500e+00   -1.026874e-10    0.000000e+00    0.000000e+00    3.525483e+04    3.126542e+04    3.455084e+04    3.726846e-10    0.000000e+00    0.000000e+00    2.338945e+03    0.000000e+00    2.392185e+03    5.333965e-07    1.440763e-06    5.863458e-07   -8.349866e-20    0.000000e+00    0.000000e+00    1.109501e-04    1.113431e-04    1.093256e-04
  -2.300000e-02   -1.837232e+03   -2.505469e+03   -1.015548e+03   -6.717653e+01   -6.263672e+00    3.712966e+00   -9.825064e-11    0.000000e+00    0.000000e+00    3.526373e+04    3.126542e+04    3.455409e+04    3.730165e-10    0.000000e+00    0.000000e+00    2.449715e+03    0.000000e+00    2.500735e+03    5.110721e-07    1.380732e-06    5.631095e-07   -8.004313e-20    0.000000e+00    0.000000e+00    1.109057e-04    1.113431e-04    1.093298e-04
  -2.200000e-02   -1.755883e+03   -2.396536e+03   -9.731409e+02   -6.373328e+01   -5.991339e+00    4.090384e+00   -9.381490e-11    0.000000e+00    0.000000e+00    3.527228e+04    3.126542e+04    3.455722e+04    3.733342e-10    0.000000e+00    0.000000e+00    2.560513e+03    0.000000e+00    2.609295e+03    4.888138e-07    1.320700e-06    5.398893e-07   -7.658459e-20    0.000000e+00    0.000000e+00    1.108635e-04    1.113431e-04    1.093343e-04
  -2.100000e-02   -1.674660e+03   -2.287602e+03   -9.307590e+02   -6.029028e+01   -5.719005e+00    4.467763e+00   -8.938014e-11    0.000000e+00    0.000000e+00    3.528050e+04    3.126542e+04    3.456021e+04    3.736378e-10    0.000000e+00    0.000000e+00    2.671337e+03    0.000000e+00    2.717864e+03    4.666180e-07    1.260668e-06    5.166831e-07   -7.312317e-20    0.000000e+00    0.000000e+00    1.108235e-04    1.113431e-04    1.093389e-04
  -2.000000e-02   -1.593559e+03   -2.178669e+03   -8.883994e+02   -5.684751e+01   -5.446672e+00    4.845108e+00   -8.494630e-11    0.000000e+00    0.000000e+00    3.528837e+04    3.126542e+04    3.456307e+04    3.739274e-10    0.000000e+00    0.000000e+00    2.782186e+03    0.000000e+00    2.826443e+03    4.444809e-07    1.200636e-06    4.934892e-07   -6.965900e-20    0.000000e+00    0.000000e+00    1.107858e-04    1.113431e-04    1.093437e-04
  -1.900000e-02   -1.512572e+03   -2.069735e+03   -8.460588e+02   -5.340496e+01   -5.174338e+00    5.222428e+00   -8.051336e-11    0.000000e+00    0.000000e+00    3.529589e+04    3.126542e+04    3.456579e+04    3.742027e-10    0.000000e+00    0.000000e+00    2.893060e+03    0.000000e+00    2.935030e+03    4.223988e-07    1.140604e-06    4.703059e-07   -6.619221e-20    0.000000e+00    0.000000e+00    1.107503e-04    1.113431e-04    1.093487e-04
  -1.800000e-02   -1.431694e+03   -1.960802e+03   -8.037339e+02   -4.996261e+01   -4.902005e+00    5.599730e+00   -7.608126e-11    0.000000e+00    0.000000e+00    3.530308e+04    3.126542e+04    3.456838e+04    3.744640e-10    0.000000e+00    0.000000e+00    3.003956e+03    0.000000e+00    3.043626e+03    4.003680e-07    1.080573e-06    4.471312e-07   -6.272294e-20    0.000000e+00    0.000000e+00    1.107171e-04    1.113431e-04    1.093538e-04
  -1.700000e-02   -1.350920e+03   -1.851868e+03   -7.614214e+02   -4.652047e+01   -4.629671e+00    5.977020e+00   -7.164996e-11    0.000000e+00    0.000000e+00    3.530992e+04    3.126542e+04    3.457084e+04    3.747111e-10    0.000000e+00    0.000000e+00    3.114875e+03    0.000000e+00    3.152229e+03    3.783847e-07    1.020541e-06    4.239633e-07   -5.925131e-20    0.000000e+00    0.000000e+00    1.106861e-04    1.113431e-04    1.093592e-04
  -1.600000e-02   -1.270244e+03   -1.742935e+03   -7.191180e+02   -4.307850e+01   -4.357337e+00    6.354307e+00   -6.721941e-11    0.000000e+00    0.000000e+00    3.531642e+04    3.126542e+04    3.457317e+04    3.749441e-10    0.000000e+00    0.000000e+00    3.225815e+03    0.000000e+00    3.260841e+03    3.564453e-07    9.605089e-07    4.008004e-07   -5.577746e-20    0.000000e+00    0.000000e+00    1.106573e-04    1.113431e-04    1.093648e-04
  -1.500000e-02   -1.189660e+03   -1.634002e+03   -6.768204e+02   -3.963671e+01   -4.085004e+00    6.731596e+00   -6.278957e-11    0.000000e+00    0.000000e+00    3.532257e+04    3.126542e+04    3.457536e+04    3.751630e-10    0.000000e+00    0.000000e+00    3.336774e+03    0.000000e+00    3.369459e+03    3.345460e-07    9.004771e-07    3.776407e-07   -5.230151e-20    0.000000e+00    0.000000e+00    1.106308e-04    1.113431e-04    1.093705e-04
  -1.400000e-02   -1.109161e+03   -1.525068e+03   -6.345252e+02   -3.619508e+01   -3.812670e+00    7.108897e+00   -5.836040e-11    0.000000e+00    0.000000e+00    3.532838e+04    3.126542e+04    3.457742e+04    3.753678e-10    0.000000e+00    0.000000e+00    3.447752e+03    0.000000e+00    3.478084e+03    3.126831e-07    8.404453e-07    3.544824e-07   -4.882360e-20    0.000000e+00    0.000000e+00    1.106065e-04    1.113431e-04    1.093764e-04
  -1.300000e-02   -1.028744e+03   -1.416135e+03   -5.922291e+02   -3.275359e+01   -3.540337e+00    7.486215e+00   -5.393184e-11    0.000000e+00    0.000000e+00    3.533385e+04    3.126542e+04    3.457935e+04    3.755585e-10    0.000000e+00    0.000000e+00    3.558748e+03    0.000000e+00    3.586715e+03    2.908529e-07    7.804135e-07    3.313237e-07   -4.534386e-20    0.000000e+00    0.000000e+00    1.105845e-04    1.113431e-04    1.093826e-04
  -1.200000e-02   -9.484010e+02   -1.307201e+03   -5.499290e+02   -2.931224e+01   -3.268003e+00    7.863558e+00   -4.950387e-11    0.000000e+00    0.000000e+00    3.533898e+04    3.126542e+04    3.458114e+04    3.757350e-10    0.000000e+00    0.000000e+00    3.669761e+03    0.000000e+00    3.695352e+03    2.690516e-07    7.203817e-07    3.081627e-07   -4.186241e-20    0.000000e+00    0.000000e+00    1.105648e-04    1.113431e-04    1.093889e-04
  -1.100000e-02   -8.681270e+02   -1.198268e+03   -5.076214e+02   -2.587101e+01   -2.995669e+00    8.240933e+00   -4.507642e-11    0.000000e+00    0.000000e+00    3.534376e+04    3.126542e+04    3.458280e+04    3.758974e-10    0.000000e+00    0.000000e+00    3.780789e+03    0.000000e+00    3.803995e+03    2.472756e-07    6.603499e-07    2.849976e-07   -3.837940e-20    0.000000e+00    0.000000e+00    1.105472e-04    1.113431e-04    1.093954e-04
  -1.000000e-02   -7.879164e+02   -1.089334e+03   -4.653030e+02   -2.242989e+01   -2.723336e+00    8.618348e+00   -4.064947e-11    0.000000e+00    0.000000e+00    3.534820e+04    3.126542e+04    3.458433e+04    3.760457e-10    0.000000e+00    0.000000e+00    3.891832e+03    0.000000e+00    3.912642e+03    2.255211e-07    6.003181e-07    2.618265e-07   -3.489494e-20    0.000000e+00    0.000000e+00    1.105319e-04    1.113431e-04    1.094020e-04
  -9.000000e-03   -7.077631e+02   -9.804009e+02   -4.229706e+02   -1.898887e+01   -2.451002e+00    8.995809e+00   -3.622296e-11    0.000000e+00    0.000000e+00    3.535230e+04    3.126542e+04    3.458573e+04    3.761798e-10    0.000000e+00    0.000000e+00    4.002888e+03    0.000000e+00    4.021294e+03    2.037843e-07    5.402863e-07    2.386477e-07   -3.140918e-20    0.000000e+00    0.000000e+00    1.105189e-04    1.113431e-04    1.094089e-04
  -8.000000e-03   -6.276617e+02   -8.714675e+02   -3.806208e+02   -1.554794e+01   -2.178669e+00    9.373324e+00   -3.179685e-11    0.000000e+00    0.000000e+00    3.535605e+04    3.126542e+04    3.458699e+04    3.762999e-10    0.000000e+00    0.000000e+00    4.113956e+03    0.000000e+00    4.129951e+03    1.820617e-07    4.802545e-07    2.154594e-07   -2.792223e-20    0.000000e+00    0.000000e+00    1.105081e-04    1.113431e-04    1.094160e-04
  -7.000000e-03   -5.476062e+02   -7.625340e+02   -3.382504e+02   -1.210708e+01   -1.906335e+00    9.750901e+00   -2.737109e-11    0.000000e+00    0.000000e+00    3.535947e+04    3.126542e+04    3.458812e+04    3.764058e-10    0.000000e+00    0.000000e+00    4.225036e+03    0.000000e+00    4.238611e+03    1.603494e-07    4.202227e-07    1.922597e-07   -2.443425e-20    0.000000e+00    0.000000e+00    1.104995e-04    1.113431e-04    1.094232e-04
  -6.000000e-03   -4.675909e+02   -6.536006e+02   -2.958560e+02   -8.666284e+00   -1.634002e+00    1.012855e+01   -2.294564e-11    0.000000e+00    0.000000e+00    3.536253e+04    3.126542e+04    3.458911e+04    3.764976e-10    0.000000e+00    0.000000e+00    4.336126e+03    0.000000e+00    4.347274e+03    1.386437e-07    3.601908e-07    1.690467e-07   -2.094534e-20    0.000000e+00    0.000000e+00    1.104932e-04    1.113431e-04    1.094307e-04
  -5.000000e-03   -3.876101e+02   -5.446672e+02   -2.534343e+02   -5.225536e+00   -1.361668e+00    1.050627e+01   -1.852046e-11    0.000000e+00    0.000000e+00    3.536526e+04    3.126542e+04    3.458998e+04    3.765752e-10    0.000000e+00    0.000000e+00    4.447225e+03    0.000000e+00    4.455940e+03    1.169409e-07    3.001590e-07    1.458188e-07   -1.745565e-20    0.000000e+00    0.000000e+00    1.104892e-04    1.113431e-04    1.094383e-04
  -4.000000e-03   -3.076581e+02   -4.357337e+02   -2.109820e+02   -1.784826e+00   -1.089334e+00    1.088407e+01   -1.409551e-11    0.000000e+00    0.000000e+00    3.536764e+04    3.126542e+04    3.459071e+04    3.766388e-10    0.000000e+00    0.000000e+00    4.558332e+03    0.000000e+00    4.564609e+03    9.523729e-08    2.401272e-07    1.225739e-07   -1.396531e-20    0.000000e+00    0.000000e+00    1.104873e-04    1.113431e-04    1.094461e-04
  -3.000000e-03   -2.277290e+02   -3.268003e+02   -1.684957e+02    1.655859e+00   -8.170008e-01    1.126196e+01   -9.670724e-12    0.000000e+00    0.000000e+00    3.536968e+04    3.126542e+04    3.459130e+04    3.766882e-10    0.000000e+00    0.000000e+00    4.669446e+03    0.000000e+00    4.673280e+03    7.352916e-08    1.800954e-07    9.931042e-08   -1.047444e-20    0.000000e+00    0.000000e+00    1.104878e-04    1.113431e-04    1.094541e-04
  -2.000000e-03   -1.478171e+02   -2.178669e+02   -1.259723e+02    5.096530e+00   -5.446672e-01    1.163995e+01   -5.246076e-12    0.000000e+00    0.000000e+00    3.537138e+04    3.126542e+04    3.459176e+04    3.767235e-10    0.000000e+00    0.000000e+00    4.780566e+03    0.000000e+00    4.781953e+03    5.181276e-08    1.200636e-07    7.602639e-08   -6.983176e-21    0.000000e+00    0.000000e+00    1.104904e-04    1.113431e-04    1.094623e-04
  -1.000000e-03   -6.791677e+01   -1.089334e+02   -8.340827e+01    8.537200e+00   -2.723336e-01    1.201805e+01   -8.215173e-13    0.000000e+00    0.000000e+00    3.537273e+04    3.126542e+04    3.459209e+04    3.767447e-10    0.000000e+00    0.000000e+00    4.891690e+03    0.000000e+00    4.890626e+03    3.008439e-08    6.003181e-08    5.272001e-08   -3.491654e-21    0.000000e+00    0.000000e+00    1.104953e-04    1.113431e-04    1.094706e-04
   0.000000e+00    1.197788e+01   -1.213064e-12   -4.080040e+01    1.197788e+01   -3.032660e-15    1.239625e+01    3.602997e-12    0.000000e+00    0.000000e+00    3.537374e+04    3.126542e+04    3.459229e+04    3.767518e-10    0.000000e+00    0.000000e+00    5.002819e+03    0.000000e+00    4.999301e+03    8.340315e-09    6.685038e-22    2.938946e-08   -3.756084e-33    0.000000e+00    0.000000e+00    1.105025e-04    1.113431e-04    1.094792e-04
   1.000000e-03    9.187255e+01    1.089334e+02    1.854652e+00    1.541858e+01    2.723336e-01    1.277458e+01    8.027512e-12    0.000000e+00    0.000000e+00    3.537441e+04    3.126542e+04    3.459235e+04    3.767447e-10    0.000000e+00    0.000000e+00    5.113949e+03    0.000000e+00    5.107976e+03   -1.342318e-08   -6.003181e-08    6.032911e-09    3.491654e-21    0.000000e+00    0.000000e+00    1.105119e-04    1.113431e-04    1.094880e-04
   2.000000e-03    1.717730e+02    2.178669e+02    4.456022e+01    1.885932e+01    5.446672e-01    1.315303e+01    1.245207e-11    0.000000e+00    0.000000e+00    3.537473e+04    3.126542e+04    3.459228e+04    3.767235e-10    0.000000e+00    0.000000e+00    5.225082e+03    0.000000e+00    5.216651e+03   -3.520983e-08   -1.200636e-07   -1.735148e-08    6.983176e-21    0.000000e+00    0.000000e+00    1.105235e-04    1.113431e-04    1.094969e-04
   3.000000e-03    2.516850e+02    3.268003e+02    8.731963e+01    2.230011e+01    8.170008e-01    1.353161e+01    1.687672e-11    0.000000e+00    0.000000e+00    3.537471e+04    3.126542e+04    3.459207e+04    3.766882e-10    0.000000e+00    0.000000e+00    5.336215e+03    0.000000e+00    5.325325e+03   -5.702334e-08   -1.800954e-07   -4.076554e-08    1.047444e-20    0.000000e+00    0.000000e+00    1.105374e-04    1.113431e-04    1.095060e-04
   4.000000e-03    3.316142e+02    4.357337e+02    1.301362e+02    2.574096e+01    1.089334e+00    1.391034e+01    2.130150e-11    0.000000e+00    0.000000e+00    3.537435e+04    3.126542e+04    3.459173e+04    3.766388e-10    0.000000e+00    0.000000e+00    5.447347e+03    0.000000e+00    5.433999e+03   -7.886743e-08   -2.401272e-07   -6.421110e-08    1.396531e-20    0.000000e+00    0.000000e+00    1.105535e-04    1.113431e-04    1.095153e-04
   5.000000e-03    4.115665e+02    5.446672e+02    1.730133e+02    2.918187e+01    1.361668e+00    1.428921e+01    2.572646e-11    0.000000e+00    0.000000e+00    3.537364e+04    3.126542e+04    3.459125e+04    3.765752e-10    0.000000e+00    0.000000e+00    5.558478e+03    0.000000e+00    5.542672e+03   -1.007458e-07   -3.001590e-07   -8.769001e-08    1.745565e-20    0.000000e+00    0.000000e+00    1.105719e-04    1.113431e-04    1.095248e-04
   6.000000e-03    4.915475e+02    6.536006e+02    2.159542e+02    3.262288e+01    1.634002e+00    1.466824e+01    3.015164e-11    0.000000e+00    0.000000e+00    3.537260e+04    3.126542e+04    3.459064e+04    3.764976e-10    0.000000e+00    0.000000e+00    5.669606e+03    0.000000e+00    5.651342e+03   -1.226623e-07   -3.601908e-07   -1.112041e-07    2.094534e-20    0.000000e+00    0.000000e+00    1.105925e-04    1.113431e-04    1.095345e-04
   7.000000e-03    5.715631e+02    7.625340e+02    2.589623e+02    3.606397e+01    1.906335e+00    1.504743e+01    3.457708e-11    0.000000e+00    0.000000e+00    3.537121e+04    3.126542e+04    3.458989e+04    3.764058e-10    0.000000e+00    0.000000e+00    5.780730e+03    0.000000e+00    5.760011e+03   -1.446205e-07   -4.202227e-07   -1.347552e-07    2.443425e-20    0.000000e+00    0.000000e+00    1.106154e-04    1.113431e-04    1.095444e-04
   8.000000e-03    6.516189e+02    8.714675e+02    3.020409e+02    3.950518e+01    2.178669e+00    1.542679e+01    3.900284e-11    0.000000e+00    0.000000e+00    3.536947e+04    3.126542e+04    3.458901e+04    3.762999e-10    0.000000e+00    0.000000e+00    5.891849e+03    0.000000e+00    5.868677e+03   -1.666241e-07   -4.802545e-07   -1.583452e-07    2.792223e-20    0.000000e+00    0.000000e+00    1.106405e-04    1.113431e-04    1.095545e-04
   9.000000e-03    7.317208e+02    9.804009e+02    3.451934e+02    4.294651e+01    2.451002e+00    1.580633e+01    4.342895e-11    0.000000e+00    0.000000e+00    3.536739e+04    3.126542e+04    3.458800e+04    3.761798e-10    0.000000e+00    0.000000e+00    6.002962e+03    0.000000e+00    5.977340e+03   -1.886770e-07   -5.402863e-07   -1.819759e-07    3.140918e-20    0.000000e+00    0.000000e+00    1.106678e-04    1.113431e-04    1.095647e-04
   1.000000e-02    8.118744e+02    1.089334e+03    3.884231e+02    4.638797e+01    2.723336e+00    1.618606e+01    4.785546e-11    0.000000e+00    0.000000e+00    3.536497e+04    3.126542e+04    3.458684e+04    3.760457e-10    0.000000e+00    0.000000e+00    6.114069e+03    0.000000e+00    6.085999e+03   -2.107828e-07   -6.003181e-07   -2.056491e-07    3.489494e-20    0.000000e+00    0.000000e+00    1.106974e-04    1.113431e-04    1.095752e-04
   1.100000e-02    8.920856e+02    1.198268e+03    4.317333e+02    4.982957e+01    2.995669e+00    1.656597e+01    5.228242e-11    0.000000e+00    0.000000e+00    3.536221e+04    3.126542e+04    3.458556e+04    3.758974e-10    0.000000e+00    0.000000e+00    6.225167e+03    0.000000e+00    6.194655e+03   -2.329452e-07   -6.603499e-07   -2.293668e-07    3.837940e-20    0.000000e+00    0.000000e+00    1.107293e-04    1.113431e-04    1.095858e-04
   1.200000e-02    9.723600e+02    1.307201e+03    4.751275e+02    5.327133e+01    3.268003e+00    1.694609e+01    5.670986e-11    0.000000e+00    0.000000e+00    3.535911e+04    3.126542e+04    3.458413e+04    3.757350e-10    0.000000e+00    0.000000e+00    6.336255e+03    0.000000e+00    6.303307e+03   -2.551679e-07   -7.203817e-07   -2.531307e-07    4.186241e-20    0.000000e+00    0.000000e+00    1.107633e-04    1.113431e-04    1.095966e-04
   1.300000e-02    1.052704e+03    1.416135e+03    5.186090e+02    5.671326e+01    3.540337e+00    1.732641e+01    6.113784e-11    0.000000e+00    0.000000e+00    3.535566e+04    3.126542e+04    3.458257e+04    3.755585e-10    0.000000e+00    0.000000e+00    6.447334e+03    0.000000e+00    6.411954e+03   -2.774548e-07   -7.804135e-07   -2.769427e-07    4.534386e-20    0.000000e+00    0.000000e+00    1.107997e-04    1.113431e-04    1.096076e-04
   1.400000e-02    1.133122e+03    1.525068e+03    5.621811e+02    6.015537e+01    3.812670e+00    1.770694e+01    6.556639e-11    0.000000e+00    0.000000e+00    3.535186e+04    3.126542e+04    3.458087e+04    3.753678e-10    0.000000e+00    0.000000e+00    6.558401e+03    0.000000e+00    6.520595e+03   -2.998094e-07   -8.404453e-07   -3.008047e-07    4.882360e-20    0.000000e+00    0.000000e+00    1.108382e-04    1.113431e-04    1.096188e-04
   1.500000e-02    1.213621e+03    1.634002e+03    6.058473e+02    6.359767e+01    4.085004e+00    1.808770e+01    6.999556e-11    0.000000e+00    0.000000e+00    3.534773e+04    3.126542e+04    3.457904e+04    3.751630e-10    0.000000e+00    0.000000e+00    6.669456e+03    0.000000e+00    6.629231e+03   -3.222356e-07   -9.004771e-07   -3.247185e-07    5.230151e-20    0.000000e+00    0.000000e+00    1.108791e-04    1.113431e-04    1.096302e-04
   1.600000e-02    1.294206e+03    1.742935e+03    6.496108e+02    6.704018e+01    4.357337e+00    1.846868e+01    7.442540e-11    0.000000e+00    0.000000e+00    3.534325e+04    3.126542e+04    3.457707e+04    3.749441e-10    0.000000e+00    0.000000e+00    6.780497e+03    0.000000e+00    6.737862e+03   -3.447370e-07   -9.605089e-07   -3.486860e-07    5.577746e-20    0.000000e+00    0.000000e+00    1.109221e-04    1.113431e-04    1.096417e-04
   1.700000e-02    1.374883e+03    1.851868e+03    6.934752e+02    7.048290e+01    4.629671e+00    1.884990e+01    7.885595e-11    0.000000e+00    0.000000e+00    3.533843e+04    3.126542e+04    3.457496e+04    3.747111e-10    0.000000e+00    0.000000e+00    6.891523e+03    0.000000e+00    6.846485e+03   -3.673174e-07   -1.020541e-06   -3.727091e-07    5.925131e-20    0.000000e+00    0.000000e+00    1.109674e-04    1.113431e-04    1.096535e-04
   1.800000e-02    1.455658e+03    1.960802e+03    7.374437e+02    7.392586e+01    4.902005e+00    1.923137e+01    8.328725e-11    0.000000e+00    0.000000e+00    3.533327e+04    3.126542e+04    3.457271e+04    3.744640e-10    0.000000e+00    0.000000e+00    7.002534e+03    0.000000e+00    6.955102e+03   -3.899804e-07   -1.080573e-06   -3.967895e-07    6.272294e-20    0.000000e+00    0.000000e+00    1.110150e-04    1.113431e-04    1.096654e-04
   1.900000e-02    1.536536e+03    2.069735e+03    7.815198e+02    7.736906e+01    5.174338e+00    1.961308e+01    8.771935e-11    0.000000e+00    0.000000e+00    3.532776e+04    3.126542e+04    3.457032e+04    3.742027e-10    0.000000e+00    0.000000e+00    7.113528e+03    0.000000e+00    7.063712e+03   -4.127299e-07   -1.140604e-06   -4.209293e-07    6.619221e-20    0.000000e+00    0.000000e+00    1.110647e-04    1.113431e-04    1.096776e-04
   2.000000e-02    1.617524e+03    2.178669e+03    8.257069e+02    8.081251e+01    5.446672e+00    1.999505e+01    9.215230e-11    0.000000e+00    0.000000e+00    3.532191e+04    3.126542e+04    3.456780e+04    3.739274e-10    0.000000e+00    0.000000e+00    7.224504e+03    0.000000e+00    7.172314e+03   -4.355695e-07   -1.200636e-06   -4.451302e-07    6.965900e-20    0.000000e+00    0.000000e+00    1.111168e-04    1.113431e-04    1.096899e-04
   2.100000e-02    1.698626e+03    2.287602e+03    8.700084e+02    8.425623e+01    5.719005e+00    2.037729e+01    9.658613e-11    0.000000e+00    0.000000e+00    3.531572e+04    3.126542e+04    3.456513e+04    3.736378e-10    0.000000e+00    0.000000e+00    7.335462e+03    0.000000e+00    7.280908e+03   -4.585030e-07   -1.260668e-06   -4.693942e-07    7.312317e-20    0.000000e+00    0.000000e+00    1.111711e-04    1.113431e-04    1.097024e-04
   2.200000e-02    1.779850e+03    2.396536e+03    9.144276e+02    8.770022e+01    5.991339e+00    2.075980e+01    1.010209e-10    0.000000e+00    0.000000e+00    3.530918e+04    3.126542e+04    3.456233e+04    3.733342e-10    0.000000e+00    0.000000e+00    7.446399e+03    0.000000e+00    7.389493e+03   -4.815340e-07   -1.320700e-06   -4.937231e-07    7.658459e-20    0.000000e+00    0.000000e+00    1.112276e-04    1.113431e-04    1.097151e-04
   2.300000e-02    1.861200e+03    2.505469e+03    9.589680e+02    9.114451e+01    6.263672e+00    2.114259e+01    1.054566e-10    0.000000e+00    0.000000e+00    3.530230e+04    3.126542e+04    3.455939e+04    3.730165e-10    0.000000e+00    0.000000e+00    7.557315e+03    0.000000e+00    7.498069e+03   -5.046663e-07   -1.380732e-06   -5.181188e-07    8.004313e-20    0.000000e+00    0.000000e+00    1.112864e-04    1.113431e-04    1.097280e-04
   2.400000e-02    1.942682e+03    2.614402e+03    1.003633e+03    9.458910e+01    6.536006e+00    2.152567e+01    1.098934e-10    0.000000e+00    0.000000e+00    3.529508e+04    3.126542e+04    3.455631e+04    3.726846e-10    0.000000e+00    0.000000e+00    7.668209e+03    0.000000e+00    7.606636e+03   -5.279037e-07   -1.440763e-06   -5.425832e-07    8.349866e-20    0.000000e+00    0.000000e+00    1.113474e-04    1.113431e-04    1.097411e-04
   2.500000e-02    2.024303e+03    2.723336e+03    1.048426e+03    9.803400e+01    6.808340e+00    2.190905e+01    1.143312e-10    0.000000e+00    0.000000e+00    3.528751e+04    3.126542e+04    3.455308e+04    3.723386e-10    0.000000e+00    0.000000e+00    7.779080e+03    0.000000e+00    7.715193e+03   -5.512497e-07   -1.500795e-06   -5.671181e-07    8.695105e-20    0.000000e+00    0.000000e+00    1.114106e-04    1.113431e-04    1.097543e-04
   2.600000e-02    2.106067e+03    2.832269e+03    1.093351e+03    1.014792e+02    7.080673e+00    2.229272e+01    1.187702e-10    0.000000e+00    0.000000e+00    3.527960e+04    3.126542e+04    3.454972e+04    3.719785e-10    0.000000e+00    0.000000e+00    7.889927e+03    0.000000e+00    7.823739e+03   -5.747083e-07   -1.560827e-06   -5.917256e-07    9.040016e-20    0.000000e+00    0.000000e+00    1.114761e-04    1.113431e-04    1.097678e-04
   2.700000e-02    2.187980e+03    2.941203e+03    1.138410e+03    1.049248e+02    7.353007e+00    2.267671e+01    1.232102e-10    0.000000e+00    0.000000e+00    3.527135e+04    3.126542e+04    3.454621e+04    3.716043e-10    0.000000e+00    0.000000e+00    8.000748e+03    0.000000e+00    7.932275e+03   -5.982830e-07   -1.620859e-06   -6.164074e-07    9.384588e-20    0.000000e+00    0.000000e+00    1.115439e-04    1.113431e-04    1.097814e-04
   2.800000e-02    2.270049e+03    3.050136e+03    1.183608e+03    1.083707e+02    7.625340e+00    2.306102e+01    1.276515e-10    0.000000e+00    0.000000e+00    3.526276e+04    3.126542e+04    3.454257e+04    3.712159e-10    0.000000e+00    0.000000e+00    8.111543e+03    0.000000e+00    8.040799e+03   -6.219776e-07   -1.680891e-06   -6.411654e-07    9.728806e-20    0.000000e+00    0.000000e+00    1.116138e-04    1.113431e-04    1.097952e-04
   2.900000e-02    2.352279e+03    3.159070e+03    1.228948e+03    1.118170e+02    7.897674e+00    2.344565e+01    1.320940e-10    0.000000e+00    0.000000e+00    3.525382e+04    3.126542e+04    3.453878e+04    3.708134e-10    0.000000e+00    0.000000e+00    8.222310e+03    0.000000e+00    8.149312e+03   -6.457958e-07   -1.740922e-06   -6.660017e-07    1.007266e-19    0.000000e+00    0.000000e+00    1.116861e-04    1.113431e-04    1.098092e-04
   3.000000e-02    2.434676e+03    3.268003e+03    1.274433e+03    1.152637e+02    8.170008e+00    2.383061e+01    1.365379e-10    0.000000e+00    0.000000e+00    3.524454e+04    3.126542e+04    3.453484e+04    3.703968e-10    0.000000e+00    0.000000e+00    8.333049e+03    0.000000e+00    8.257813e+03   -6.697414e-07   -1.800954e-06   -6.909181e-07    1.041613e-19    0.000000e+00    0.000000e+00    1.117605e-04    1.113431e-04    1.098234e-04
   3.100000e-02    2.517245e+03    3.376936e+03    1.320067e+03    1.187107e+02    8.442341e+00    2.421592e+01    1.409830e-10    0.000000e+00    0.000000e+00    3.523492e+04    3.126542e+04    3.453077e+04    3.699661e-10    0.000000e+00    0.000000e+00    8.443757e+03    0.000000e+00    8.366301e+03   -6.938181e-07   -1.860986e-06   -7.159164e-07    1.075921e-19    0.000000e+00    0.000000e+00    1.118373e-04    1.113431e-04    1.098378e-04
   3.200000e-02    2.599993e+03    3.485870e+03    1.365853e+03    1.221582e+02    8.714675e+00    2.460157e+01    1.454295e-10    0.000000e+00    0.000000e+00    3.522495e+04    3.126542e+04    3.452655e+04    3.695212e-10    0.000000e+00    0.000000e+00    8.554435e+03    0.000000e+00    8.474776e+03   -7.180295e-07   -1.921018e-06   -7.409987e-07    1.110188e-19    0.000000e+00    0.000000e+00    1.119162e-04    1.113431e-04    1.098524e-04
   3.300000e-02    2.682925e+03    3.594803e+03    1.411795e+03    1.256060e+02    8.987008e+00    2.498758e+01    1.498775e-10    0.000000e+00    0.000000e+00    3.521464e+04    3.126542e+04    3.452219e+04    3.690623e-10    0.000000e+00    0.000000e+00    8.665082e+03    0.000000e+00    8.583237e+03   -7.423794e-07   -1.981050e-06   -7.661668e-07    1.144414e-19    0.000000e+00    0.000000e+00    1.119974e-04    1.113431e-04    1.098671e-04
   3.400000e-02    2.766046e+03    3.703737e+03    1.457896e+03    1.290543e+02    9.259342e+00    2.537395e+01    1.543269e-10    0.000000e+00    0.000000e+00    3.520399e+04    3.126542e+04    3.451768e+04    3.685892e-10    0.000000e+00    0.000000e+00    8.775695e+03    0.000000e+00    8.691685e+03   -7.668716e-07   -2.041081e-06   -7.914227e-07    1.178596e-19    0.000000e+00    0.000000e+00    1.120809e-04    1.113431e-04    1.098821e-04
   3.500000e-02    2.849363e+03    3.812670e+03    1.504159e+03    1.325030e+02    9.531675e+00    2.576069e+01    1.587778e-10    0.000000e+00    0.000000e+00    3.519299e+04    3.126542e+04    3.451303e+04    3.681020e-10    0.000000e+00    0.000000e+00    8.886274e+03    0.000000e+00    8.800118e+03   -7.915097e-07   -2.101113e-06   -8.167683e-07    1.212734e-19    0.000000e+00    0.000000e+00    1.121666e-04    1.113431e-04    1.098972e-04
   3.600000e-02    2.932881e+03    3.921604e+03    1.550589e+03    1.359522e+02    9.804009e+00    2.614781e+01    1.632303e-10    0.000000e+00    0.000000e+00    3.518166e+04    3.126542e+04    3.450823e+04    3.676006e-10    0.000000e+00    0.000000e+00    8.996819e+03    0.000000e+00    8.908536e+03   -8.162975e-07   -2.161145e-06   -8.422056e-07    1.246826e-19    0.000000e+00    0.000000e+00    1.122545e-04    1.113431e-04    1.099125e-04
   3.700000e-02    3.016606e+03    4.030537e+03    1.597189e+03    1.394018e+02    1.007634e+01    2.653532e+01    1.676843e-10    0.000000e+00    0.000000e+00    3.516997e+04    3.126542e+04    3.450328e+04    3.670852e-10    0.000000e+00    0.000000e+00    9.107327e+03    0.000000e+00    9.016939e+03   -8.412387e-07   -2.221177e-06   -8.677364e-07    1.280871e-19    0.000000e+00    0.000000e+00    1.123447e-04    1.113431e-04    1.099281e-04
   3.800000e-02    3.100544e+03    4.139470e+03    1.643962e+03    1.428519e+02    1.034868e+01    2.692322e+01    1.721400e-10    0.000000e+00    0.000000e+00    3.515795e+04    3.126542e+04    3.449819e+04    3.665556e-10    0.000000e+00    0.000000e+00    9.217798e+03    0.000000e+00    9.125327e+03   -8.663370e-07   -2.281209e-06   -8.933627e-07    1.314867e-19    0.000000e+00    0.000000e+00    1.124371e-04    1.113431e-04    1.099438e-04
   3.900000e-02    3.184701e+03    4.248404e+03    1.690912e+03    1.463025e+02    1.062101e+01    2.731153e+01    1.765974e-10    0.000000e+00    0.000000e+00    3.514558e+04    3.126542e+04    3.449295e+04    3.660119e-10    0.000000e+00    0.000000e+00    9.328230e+03    0.000000e+00    9.233698e+03   -8.915961e-07   -2.341240e-06   -9.190865e-07    1.348814e-19    0.000000e+00    0.000000e+00    1.125318e-04    1.113431e-04    1.099596e-04
   4.000000e-02    3.269082e+03    4.357337e+03    1.738042e+03    1.497536e+02    1.089334e+01    2.770024e+01    1.810565e-10    0.000000e+00    0.000000e+00    3.513287e+04    3.126542e+04    3.448757e+04    3.654541e-10    0.000000e+00    0.000000e+00    9.438623e+03    0.000000e+00    9.342052e+03   -9.170198e-07   -2.401272e-06   -9.449098e-07    1.382709e-19    0.000000e+00    0.000000e+00    1.126287e-04    1.113431e-04    1.099757e-04
   4.000000e-02    7.272123e+05    9.920302e+05    3.928847e+05    2.508707e+04    1.722649e+04    8.877649e+03    1.041201e-08    0.000000e+00    0.000000e+00    3.513287e+04    1.797979e+06    3.448757e+04    3.654541e-10    0.000000e+00    0.000000e+00    9.438623e+03    0.000000e+00    9.342052e+03   -9.170198e-07   -2.401272e-06   -9.449098e-07    1.382709e-19    0.000000e+00    0.000000e+00    1.126287e-04    1.113431e-04    1.099757e-04
   4.012500e-02    7.458593e+05    9.951303e+05    4.104438e+05    2.528407e+04    1.728032e+04    9.185534e+03    1.045203e-08    0.000000e+00    0.000000e+00    3.474185e+04    1.797979e+06    3.432983e+04    3.613871e-10    0.000000e+00    0.000000e+00    9.452343e+03    0.000000e+00    9.355565e+03   -9.602051e-07   -2.408776e-06   -9.874040e-07    1.382861e-19    0.000000e+00    0.000000e+00    1.126292e-04    1.113431e-04    1.099757e-04
   4.025000e-02    7.645094e+05    9.982304e+05    4.280043e+05    2.548109e+04    1.733416e+04    9.493428e+03    1.049205e-08    0.000000e+00    0.000000e+00    3.434961e+04    1.797979e+06    3.416521e+04    3.573075e-10    0.000000e+00    0.000000e+00    9.465909e+03    0.000000e+00    9.369014e+03   -1.003398e-06   -2.416280e-06   -1.029901e-06    1.383011e-19    0.000000e+00    0.000000e+00    1.126296e-04    1.113431e-04    1.099757e-04
   4.037500e-02    7.831627e+05    1.001330e+06    4.455661e+05    2.567813e+04    1.738799e+04    9.801332e+03    1.053207e-08    0.000000e+00    0.000000e+00    3.395615e+04    1.797979e+06    3.399368e+04    3.532152e-10    0.000000e+00    0.000000e+00    9.479321e+03    0.000000e+00    9.382397e+03   -1.046599e-06   -2.423784e-06   -1.072402e-06    1.383159e-19    0.000000e+00    0.000000e+00    1.126300e-04    1.113431e-04    1.099757e-04
   4.050000e-02    8.018192e+05    1.004431e+06    4.631294e+05    2.587520e+04    1.744182e+04    1.010924e+04    1.057210e-08    0.000000e+00    0.000000e+00    3.356148e+04    1.797979e+06    3.381526e+04    3.491102e-10    0.000000e+00    0.000000e+00    9.492578e+03    0.000000e+00    9.395712e+03   -1.089808e-06   -2.431288e-06   -1.114907e-06    1.383305e-19    0.000000e+00    0.000000e+00    1.126305e-04    1.113431e-04    1.099757e-04
   4.062500e-02    8.204789e+05    1.007531e+06    4.806941e+05    2.607228e+04    1.749565e+04    1.041717e+04    1.061213e-08    0.000000e+00    0.000000e+00    3.316558e+04    1.797979e+06    3.362994e+04    3.449925e-10    0.000000e+00    0.000000e+00    9.505680e+03    0.000000e+00    9.408955e+03   -1.133025e-06   -2.438792e-06   -1.157415e-06    1.383450e-19    0.000000e+00    0.000000e+00    1.126309e-04    1.113431e-04    1.099757e-04
   4.075000e-02    8.391419e+05    1.010631e+06    4.982604e+05    2.626939e+04    1.754949e+04    1.072510e+04    1.065217e-08    0.000000e+00    0.000000e+00    3.276846e+04    1.797979e+06    3.343772e+04    3.408621e-10    0.000000e+00    0.000000e+00    9.518626e+03    0.000000e+00    9.422124e+03   -1.176249e-06   -2.446296e-06   -1.199926e-06    1.383592e-19    0.000000e+00    0.000000e+00    1.126313e-04    1.113431e-04    1.099757e-04
   4.087500e-02    8.578080e+05    1.013731e+06    5.158284e+05    2.646651e+04    1.760332e+04    1.103305e+04    1.069220e-08    0.000000e+00    0.000000e+00    3.237013e+04    1.797979e+06    3.323861e+04    3.367190e-10    0.000000e+00    0.000000e+00    9.531416e+03    0.000000e+00    9.435216e+03   -1.219482e-06   -2.453800e-06   -1.242442e-06    1.383734e-19    0.000000e+00    0.000000e+00    1.126317e-04    1.113431e-04    1.099757e-04
   4.100000e-02    8.764773e+05    1.016831e+06    5.333979e+05    2.666366e+04    1.765715e+04    1.134100e+04    1.073225e-08    0.000000e+00    0.000000e+00    3.197058e+04    1.797979e+06    3.303259e+04    3.325632e-10    0.000000e+00    0.000000e+00    9.544049e+03    0.000000e+00    9.448228e+03   -1.262723e-06   -2.461304e-06   -1.284962e-06    1.383873e-19    0.000000e+00    0.000000e+00    1.126321e-04    1.113431e-04    1.099756e-04
   4.112500e-02    8.951499e+05    1.019931e+06    5.509692e+05    2.686083e+04    1.771099e+04    1.164897e+04    1.077229e-08    0.000000e+00    0.000000e+00    3.156981e+04    1.797979e+06    3.281968e+04    3.283947e-10    0.000000e+00    0.000000e+00    9.556525e+03    0.000000e+00    9.461159e+03   -1.305971e-06   -2.468808e-06   -1.327486e-06    1.384011e-19    0.000000e+00    0.000000e+00    1.126324e-04    1.113431e-04    1.099756e-04
   4.125000e-02    9.138258e+05    1.023031e+06    5.685423e+05    2.705803e+04    1.776482e+04    1.195695e+04    1.081234e-08    0.000000e+00    0.000000e+00    3.116782e+04    1.797979e+06    3.259986e+04    3.242136e-10    0.000000e+00    0.000000e+00    9.568844e+03    0.000000e+00    9.474004e+03   -1.349228e-06   -2.476312e-06   -1.370014e-06    1.384147e-19    0.000000e+00    0.000000e+00    1.126328e-04    1.113431e-04    1.099756e-04
   4.137500e-02    9.325049e+05    1.026131e+06    5.861172e+05    2.725524e+04    1.781865e+04    1.226495e+04    1.085239e-08    0.000000e+00    0.000000e+00    3.076461e+04    1.797979e+06    3.237314e+04    3.200198e-10    0.000000e+00    0.000000e+00    9.581004e+03    0.000000e+00    9.486762e+03   -1.392493e-06   -2.483816e-06   -1.412547e-06    1.384281e-19    0.000000e+00    0.000000e+00    1.126331e-04    1.113431e-04    1.099755e-04
   4.150000e-02    9.511873e+05    1.029231e+06    6.036940e+05    2.745248e+04    1.787248e+04    1.257295e+04    1.089245e-08    0.000000e+00    0.000000e+00    3.036018e+04    1.797979e+06    3.213952e+04    3.158132e-10    0.000000e+00    0.000000e+00    9.593006e+03    0.000000e+00    9.499429e+03   -1.435765e-06   -2.491320e-06   -1.455085e-06    1.384413e-19    0.000000e+00    0.000000e+00    1.126335e-04    1.113431e-04    1.099755e-04
   4.162500e-02    9.698729e+05    1.032331e+06    6.212727e+05    2.764974e+04    1.792632e+04    1.288097e+04    1.093250e-08    0.000000e+00    0.000000e+00    2.995454e+04    1.797979e+06    3.189900e+04    3.115940e-10    0.000000e+00    0.000000e+00    9.604849e+03    0.000000e+00    9.512003e+03   -1.479046e-06   -2.498824e-06   -1.497627e-06    1.384544e-19    0.000000e+00    0.000000e+00    1.126338e-04    1.113431e-04    1.099754e-04
   4.175000e-02    9.885619e+05    1.035431e+06    6.388534e+05    2.784702e+04    1.798015e+04    1.318900e+04    1.097257e-08    0.000000e+00    0.000000e+00    2.954767e+04    1.797979e+06    3.165158e+04    3.073621e-10    0.000000e+00    0.000000e+00    9.616532e+03    0.000000e+00    9.524481e+03   -1.522335e-06   -2.506328e-06   -1.540174e-06    1.384673e-19    0.000000e+00    0.000000e+00    1.126341e-04    1.113431e-04    1.099754e-04
   4.187500e-02    1.007254e+06    1.038532e+06    6.564362e+05    2.804433e+04    1.803398e+04    1.349705e+04    1.101263e-08    0.000000e+00    0.000000e+00    2.913959e+04    1.797979e+06    3.139725e+04    3.031175e-10    0.000000e+00    0.000000e+00    9.628055e+03    0.000000e+00    9.536861e+03   -1.565632e-06   -2.513832e-06   -1.582726e-06    1.384800e-19    0.000000e+00    0.000000e+00    1.126344e-04    1.113431e-04    1.099753e-04
   4.200000e-02    1.025950e+06    1.041632e+06    6.740211e+05    2.824165e+04    1.808781e+04    1.380511e+04    1.105270e-08    0.000000e+00    0.000000e+00    2.873029e+04    1.797979e+06    3.113601e+04    2.988602e-10    0.000000e+00    0.000000e+00    9.639418e+03    0.000000e+00    9.549140e+03   -1.608938e-06   -2.521336e-06   -1.625283e-06    1.384926e-19    0.000000e+00    0.000000e+00    1.126347e-04    1.113431e-04    1.099753e-04
   4.212500e-02    1.044649e+06    1.044732e+06    6.916081e+05    2.843900e+04    1.814165e+04    1.411319e+04    1.109277e-08    0.000000e+00    0.000000e+00    2.831977e+04    1.797979e+06    3.086787e+04    2.945902e-10    0.000000e+00    0.000000e+00    9.650620e+03    0.000000e+00    9.561314e+03   -1.652251e-06   -2.528840e-06   -1.667846e-06    1.385049e-19    0.000000e+00    0.000000e+00    1.126350e-04    1.113431e-04    1.099752e-04
   4.225000e-02    1.063351e+06    1.047832e+06    7.091974e+05    2.863638e+04    1.819548e+04    1.442128e+04    1.113285e-08    0.000000e+00    0.000000e+00    2.790803e+04    1.797979e+06    3.059283e+04    2.903076e-10    0.000000e+00    0.000000e+00    9.661660e+03    0.000000e+00    9.573382e+03   -1.695573e-06   -2.536344e-06   -1.710414e-06    1.385171e-19    0.000000e+00    0.000000e+00    1.126352e-04    1.113431e-04    1.099751e-04
   4.237500e-02    1.082056e+06    1.050932e+06    7.267889e+05    2.883377e+04    1.824931e+04    1.472938e+04    1.117293e-08    0.000000e+00    0.000000e+00    2.749507e+04    1.797979e+06    3.031087e+04    2.860122e-10    0.000000e+00    0.000000e+00    9.672538e+03    0.000000e+00    9.585341e+03   -1.738903e-06   -2.543848e-06   -1.752988e-06    1.385291e-19    0.000000e+00    0.000000e+00    1.126355e-04    1.113431e-04    1.099751e-04
   4.250000e-02    1.100765e+06    1.054032e+06    7.443828e+05    2.903119e+04    1.830315e+04    1.503750e+04    1.121301e-08    0.000000e+00    0.000000e+00    2.708089e+04    1.797979e+06    3.002201e+04    2.817042e-10    0.000000e+00    0.000000e+00    9.683254e+03    0.000000e+00    9.597188e+03   -1.782241e-06   -2.551352e-06   -1.795567e-06    1.385409e-19    0.000000e+00    0.000000e+00    1.126357e-04    1.113431e-04    1.099750e-04
   4.262500e-02    1.119477e+06    1.057132e+06    7.619791e+05    2.922863e+04    1.835698e+04    1.534564e+04    1.125309e-08    0.000000e+00    0.000000e+00    2.666549e+04    1.797979e+06    2.972623e+04    2.773835e-10    0.000000e+00    0.000000e+00    9.693807e+03    0.000000e+00    9.608919e+03   -1.825587e-06   -2.558856e-06   -1.838152e-06    1.385526e-19    0.000000e+00    0.000000e+00    1.126359e-04    1.113431e-04    1.099749e-04
   4.275000e-02    1.138193e+06    1.060232e+06    7.795778e+05    2.942609e+04    1.841081e+04    1.565380e+04    1.129318e-08    0.000000e+00    0.000000e+00    2.624888e+04    1.797979e+06    2.942355e+04    2.730500e-10    0.000000e+00    0.000000e+00    9.704197e+03    0.000000e+00    9.620534e+03   -1.868942e-06   -2.566360e-06   -1.880744e-06    1.385641e-19    0.000000e+00    0.000000e+00    1.126362e-04    1.113431e-04    1.099748e-04
   4.287500e-02    1.156912e+06    1.063332e+06    7.971790e+05    2.962357e+04    1.846464e+04    1.596197e+04    1.133328e-08    0.000000e+00    0.000000e+00    2.583105e+04    1.797979e+06    2.911395e+04    2.687039e-10    0.000000e+00    0.000000e+00    9.714423e+03    0.000000e+00    9.632028e+03   -1.912305e-06   -2.573864e-06   -1.923341e-06    1.385753e-19    0.000000e+00    0.000000e+00    1.126364e-04    1.113431e-04    1.099747e-04
   4.300000e-02    1.175634e+06    1.066432e+06    8.147828e+05    2.982108e+04    1.851848e+04    1.627016e+04    1.137337e-08    0.000000e+00    0.000000e+00    2.541200e+04    1.797979e+06    2.879745e+04    2.643451e-10    0.000000e+00    0.000000e+00    9.724485e+03    0.000000e+00    9.643399e+03   -1.955677e-06   -2.581368e-06   -1.965945e-06    1.385865e-19    0.000000e+00    0.000000e+00    1.126366e-04    1.113431e-04    1.099746e-04
   4.312500e-02    1.194360e+06    1.069533e+06    8.323892e+05    3.001861e+04    1.857231e+04    1.657836e+04    1.141347e-08    0.000000e+00    0.000000e+00    2.499172e+04    1.797979e+06    2.847402e+04    2.599736e-10    0.000000e+00    0.000000e+00    9.734381e+03    0.000000e+00    9.654644e+03   -1.999057e-06   -2.588872e-06   -2.008555e-06    1.385974e-19    0.000000e+00    0.000000e+00    1.126368e-04    1.113431e-04    1.099745e-04
   4.325000e-02    1.213089e+06    1.072633e+06    8.499982e+05    3.021617e+04    1.862614e+04    1.688659e+04    1.145358e-08    0.000000e+00    0.000000e+00    2.457024e+04    1.797979e+06    2.814369e+04    2.555894e-10    0.000000e+00    0.000000e+00    9.744113e+03    0.000000e+00    9.665761e+03   -2.042445e-06   -2.596376e-06   -2.051171e-06    1.386081e-19    0.000000e+00    0.000000e+00    1.126369e-04    1.113431e-04    1.099744e-04
   4.337500e-02    1.231822e+06    1.075733e+06    8.676100e+05    3.041375e+04    1.867998e+04    1.719483e+04    1.149369e-08    0.000000e+00    0.000000e+00    2.414753e+04    1.797979e+06    2.780644e+04    2.511926e-10    0.000000e+00    0.000000e+00    9.753679e+03    0.000000e+00    9.676747e+03   -2.085842e-06   -2.603880e-06   -2.093794e-06    1.386187e-19    0.000000e+00    0.000000e+00    1.126371e-04    1.113431e-04    1.099743e-04
   4.350000e-02    1.250558e+06    1.078833e+06    8.852245e+05    3.061135e+04    1.873381e+04    1.750309e+04    1.153380e-08    0.000000e+00    0.000000e+00    2.372360e+04    1.797979e+06    2.746227e+04    2.467830e-10    0.000000e+00    0.000000e+00    9.763078e+03    0.000000e+00    9.687600e+03   -2.129247e-06   -2.611384e-06   -2.136424e-06    1.386291e-19    0.000000e+00    0.000000e+00    1.126372e-04    1.113431e-04    1.099742e-04
   4.362500e-02    1.269297e+06    1.081933e+06    9.028419e+05    3.080897e+04    1.878764e+04    1.781138e+04    1.157391e-08    0.000000e+00    0.000000e+00    2.329845e+04    1.797979e+06    2.711118e+04    2.423608e-10    0.000000e+00    0.000000e+00    9.772311e+03    0.000000e+00    9.698315e+03   -2.172661e-06   -2.618888e-06   -2.179062e-06    1.386392e-19    0.000000e+00    0.000000e+00    1.126374e-04    1.113431e-04    1.099741e-04
   4.375000e-02    1.288040e+06    1.085033e+06    9.204622e+05    3.100662e+04    1.884147e+04    1.811968e+04    1.161403e-08    0.000000e+00    0.000000e+00    2.287209e+04    1.797979e+06    2.675318e+04    2.379258e-10    0.000000e+00    0.000000e+00    9.781376e+03    0.000000e+00    9.708892e+03   -2.216083e-06   -2.626392e-06   -2.221706e-06    1.386492e-19    0.000000e+00    0.000000e+00    1.126375e-04    1.113431e-04    1.099740e-04
   4.387500e-02    1.306787e+06    1.088133e+06    9.380855e+05    3.120429e+04    1.889531e+04    1.842800e+04    1.165415e-08    0.000000e+00    0.000000e+00    2.244451e+04    1.797979e+06    2.638825e+04    2.334782e-10    0.000000e+00    0.000000e+00    9.790274e+03    0.000000e+00    9.719326e+03   -2.259514e-06   -2.633896e-06   -2.264357e-06    1.386591e-19    0.000000e+00    0.000000e+00    1.126376e-04    1.113431e-04    1.099738e-04
   4.400000e-02    1.325536e+06    1.091233e+06    9.557117e+05    3.140198e+04    1.894914e+04    1.873634e+04    1.169428e-08    0.000000e+00    0.000000e+00    2.201571e+04    1.797979e+06    2.601641e+04    2.290179e-10    0.000000e+00    0.000000e+00    9.799004e+03    0.000000e+00    9.729616e+03   -2.302953e-06   -2.641400e-06   -2.307016e-06    1.386687e-19    0.000000e+00    0.000000e+00    1.126377e-04    1.113431e-04    1.099737e-04
   4.412500e-02    1.344290e+06    1.094333e+06    9.733410e+05    3.159970e+04    1.900297e+04    1.904470e+04    1.173440e-08    0.000000e+00    0.000000e+00    2.158569e+04    1.797979e+06    2.563764e+04    2.245449e-10    0.000000e+00    0.000000e+00    9.807565e+03    0.000000e+00    9.739759e+03   -2.346401e-06   -2.648904e-06   -2.349682e-06    1.386782e-19    0.000000e+00    0.000000e+00    1.126378e-04    1.113431e-04    1.099736e-04
   4.425000e-02    1.363046e+06    1.097433e+06    9.909734e+05    3.179744e+04    1.905680e+04    1.935309e+04    1.177454e-08    0.000000e+00    0.000000e+00    2.115445e+04    1.797979e+06    2.525195e+04    2.200592e-10    0.000000e+00    0.000000e+00    9.815957e+03    0.000000e+00    9.749751e+03   -2.389857e-06   -2.656407e-06   -2.392356e-06    1.386874e-19    0.000000e+00    0.000000e+00    1.126379e-04    1.113431e-04    1.099734e-04
   4.437500e-02    1.381807e+06    1.100533e+06    1.008609e+06    3.199520e+04    1.911064e+04    1.966149e+04    1.181467e-08    0.000000e+00    0.000000e+00    2.072199e+04    1.797979e+06    2.485933e+04    2.155608e-10    0.000000e+00    0.000000e+00    9.824179e+03    0.000000e+00    9.759590e+03   -2.433323e-06   -2.663911e-06   -2.435038e-06    1.386965e-19    0.000000e+00    0.000000e+00    1.126380e-04    1.113431e-04    1.099733e-04
   4.450000e-02    1.400571e+06    1.103634e+06    1.026248e+06    3.219299e+04    1.916447e+04    1.996992e+04    1.185481e-08    0.000000e+00    0.000000e+00    2.028831e+04    1.797979e+06    2.445979e+04    2.110497e-10    0.000000e+00    0.000000e+00    9.832232e+03    0.000000e+00    9.769274e+03   -2.476796e-06   -2.671415e-06   -2.477727e-06    1.387054e-19    0.000000e+00    0.000000e+00    1.126380e-04    1.113431e-04    1.099731e-04
   4.462500e-02    1.419338e+06    1.106734e+06    1.043890e+06    3.239081e+04    1.921830e+04    2.027837e+04    1.189496e-08    0.000000e+00    0.000000e+00    1.985342e+04    1.797979e+06    2.405332e+04    2.065260e-10    0.000000e+00    0.000000e+00    9.840114e+03    0.000000e+00    9.778800e+03   -2.520279e-06   -2.678919e-06   -2.520425e-06    1.387141e-19    0.000000e+00    0.000000e+00    1.126381e-04    1.113431e-04    1.099730e-04
   4.475000e-02    1.438109e+06    1.109834e+06    1.061535e+06    3.258864e+04    1.927214e+04    2.058684e+04    1.193510e-08    0.000000e+00    0.000000e+00    1.941730e+04    1.797979e+06    2.363992e+04    2.019895e-10    0.000000e+00    0.000000e+00    9.847824e+03    0.000000e+00    9.788165e+03   -2.563770e-06   -2.686423e-06   -2.563131e-06    1.387226e-19    0.000000e+00    0.000000e+00    1.126381e-04    1.113431e-04    1.099728e-04
   4.487500e-02    1.456883e+06    1.112934e+06    1.079184e+06    3.278650e+04    1.932597e+04    2.089533e+04    1.197526e-08    0.000000e+00    0.000000e+00    1.897997e+04    1.797979e+06    2.321959e+04    1.974404e-10    0.000000e+00    0.000000e+00    9.855364e+03    0.000000e+00    9.797366e+03   -2.607270e-06   -2.693927e-06   -2.605845e-06    1.387309e-19    0.000000e+00    0.000000e+00    1.126381e-04    1.113431e-04    1.099727e-04
   4.500000e-02    1.475661e+06    1.116034e+06    1.096837e+06    3.298439e+04    1.937980e+04    2.120385e+04    1.201541e-08    0.000000e+00    0.000000e+00    1.854142e+04    1.797979e+06    2.279233e+04    1.928785e-10    0.000000e+00    0.000000e+00    9.862731e+03    0.000000e+00    9.806401e+03   -2.650779e-06   -2.701431e-06   -2.648568e-06    1.387390e-19    0.000000e+00    0.000000e+00    1.126382e-04    1.113431e-04    1.099725e-04
   4.512500e-02    1.494442e+06    1.119134e+06    1.114492e+06    3.318229e+04    1.943363e+04    2.151239e+04    1.205557e-08    0.000000e+00    0.000000e+00    1.810165e+04    1.797979e+06    2.235813e+04    1.883040e-10    0.000000e+00    0.000000e+00    9.869926e+03    0.000000e+00    9.815266e+03   -2.694296e-06   -2.708935e-06   -2.691299e-06    1.387470e-19    0.000000e+00    0.000000e+00    1.126382e-04    1.113431e-04    1.099723e-04
   4.525000e-02    1.513227e+06    1.122234e+06    1.132152e+06    3.338023e+04    1.948747e+04    2.182096e+04    1.209573e-08    0.000000e+00    0.000000e+00    1.766066e+04    1.797979e+06    2.191701e+04    1.837168e-10    0.000000e+00    0.000000e+00    9.876948e+03    0.000000e+00    9.823960e+03   -2.737822e-06   -2.716439e-06   -2.734039e-06    1.387547e-19    0.000000e+00    0.000000e+00    1.126381e-04    1.113431e-04    1.099722e-04
   4.537500e-02    1.532016e+06    1.125334e+06    1.149815e+06    3.357818e+04    1.954130e+04    2.212955e+04    1.213590e-08    0.000000e+00    0.000000e+00    1.721845e+04    1.797979e+06    2.146894e+04    1.791169e-10    0.000000e+00    0.000000e+00    9.883796e+03    0.000000e+00    9.832479e+03   -2.781357e-06   -2.723943e-06   -2.776788e-06    1.387623e-19    0.000000e+00    0.000000e+00    1.126381e-04    1.113431e-04    1.099720e-04
   4.550000e-02    1.550808e+06    1.128434e+06    1.167482e+06    3.377616e+04    1.959513e+04    2.243816e+04    1.217607e-08    0.000000e+00    0.000000e+00    1.677502e+04    1.797979e+06    2.101394e+04    1.745043e-10    0.000000e+00    0.000000e+00    9.890471e+03    0.000000e+00    9.840821e+03   -2.824901e-06   -2.731447e-06   -2.819546e-06    1.387697e-19    0.000000e+00    0.000000e+00    1.126381e-04    1.113431e-04    1.099718e-04
   4.562500e-02    1.569604e+06    1.131534e+06    1.185152e+06    3.397417e+04    1.964897e+04    2.274681e+04    1.221624e-08    0.000000e+00    0.000000e+00    1.633038e+04    1.797979e+06    2.055201e+04    1.698790e-10    0.000000e+00    0.000000e+00    9.896971e+03    0.000000e+00    9.848982e+03   -2.868454e-06   -2.738951e-06   -2.862313e-06    1.387768e-19    0.000000e+00    0.000000e+00    1.126380e-04    1.113431e-04    1.099716e-04
   4.575000e-02    1.588403e+06    1.134635e+06    1.202826e+06    3.417220e+04    1.970280e+04    2.305547e+04    1.225642e-08    0.000000e+00    0.000000e+00    1.588452e+04    1.797979e+06    2.008313e+04    1.652411e-10    0.000000e+00    0.000000e+00    9.903297e+03    0.000000e+00    9.856961e+03   -2.912016e-06   -2.746455e-06   -2.905089e-06    1.387838e-19    0.000000e+00    0.000000e+00    1.126380e-04    1.113431e-04    1.099714e-04
   4.587500e-02    1.607206e+06    1.137735e+06    1.220504e+06    3.437025e+04    1.975663e+04    2.336416e+04    1.229660e-08    0.000000e+00    0.000000e+00    1.543743e+04    1.797979e+06    1.960731e+04    1.605904e-10    0.000000e+00    0.000000e+00    9.909447e+03    0.000000e+00    9.864755e+03   -2.955586e-06   -2.753959e-06   -2.947875e-06    1.387906e-19    0.000000e+00    0.000000e+00    1.126379e-04    1.113431e-04    1.099712e-04
   4.600000e-02    1.626013e+06    1.140835e+06    1.238186e+06    3.456833e+04    1.981046e+04    2.367288e+04    1.233678e-08    0.000000e+00    0.000000e+00    1.498913e+04    1.797979e+06    1.912454e+04    1.559271e-10    0.000000e+00    0.000000e+00    9.915421e+03    0.000000e+00    9.872360e+03   -2.999166e-06   -2.761463e-06   -2.990670e-06    1.387972e-19    0.000000e+00    0.000000e+00    1.126378e-04    1.113431e-04    1.099710e-04
   4.612500e-02    1.644823e+06    1.143935e+06    1.255872e+06    3.476643e+04    1.986430e+04    2.398163e+04    1.237697e-08    0.000000e+00    0.000000e+00    1.453961e+04    1.797979e+06    1.863484e+04    1.512510e-10    0.000000e+00    0.000000e+00    9.921219e+03    0.000000e+00    9.879774e+03   -3.042754e-06   -2.768967e-06   -3.033476e-06    1.388036e-19    0.000000e+00    0.000000e+00    1.126378e-04    1.113431e-04    1.099708e-04
   4.625000e-02    1.663637e+06    1.147035e+06    1.273562e+06    3.496456e+04    1.991813e+04    2.429040e+04    1.241716e-08    0.000000e+00    0.000000e+00    1.408887e+04    1.797979e+06    1.813818e+04    1.465623e-10    0.000000e+00    0.000000e+00    9.926840e+03    0.000000e+00    9.886995e+03   -3.086352e-06   -2.776471e-06   -3.076291e-06    1.388098e-19    0.000000e+00    0.000000e+00    1.126376e-04    1.113431e-04    1.099706e-04
   4.637500e-02    1.682455e+06    1.150135e+06    1.291256e+06    3.516271e+04    1.997196e+04    2.459920e+04    1.245736e-08    0.000000e+00    0.000000e+00    1.363691e+04    1.797979e+06    1.763458e+04    1.418609e-10    0.000000e+00    0.000000e+00    9.932284e+03    0.000000e+00    9.894019e+03   -3.129958e-06   -2.783975e-06   -3.119116e-06    1.388158e-19    0.000000e+00    0.000000e+00    1.126375e-04    1.113431e-04    1.099704e-04
   4.650000e-02    1.701276e+06    1.153235e+06    1.308954e+06    3.536089e+04    2.002580e+04    2.490803e+04    1.249756e-08    0.000000e+00    0.000000e+00    1.318374e+04    1.797979e+06    1.712403e+04    1.371468e-10    0.000000e+00    0.000000e+00    9.937550e+03    0.000000e+00    9.900844e+03   -3.173574e-06   -2.791479e-06   -3.161951e-06    1.388216e-19    0.000000e+00    0.000000e+00    1.126374e-04    1.113431e-04    1.099702e-04
   4.662500e-02    1.720101e+06    1.156335e+06    1.326657e+06    3.555909e+04    2.007963e+04    2.521689e+04    1.253776e-08    0.000000e+00    0.000000e+00    1.272934e+04    1.797979e+06    1.660653e+04    1.324200e-10    0.000000e+00    0.000000e+00    9.942638e+03    0.000000e+00    9.907467e+03   -3.217199e-06   -2.798983e-06   -3.204796e-06    1.388272e-19    0.000000e+00    0.000000e+00    1.126373e-04    1.113431e-04    1.099699e-04
   4.675000e-02    1.738929e+06    1.159435e+06    1.344363e+06    3.575732e+04    2.013346e+04    2.552577e+04    1.257797e-08    0.000000e+00    0.000000e+00    1.227373e+04    1.797979e+06    1.608208e+04    1.276805e-10    0.000000e+00    0.000000e+00    9.947547e+03    0.000000e+00    9.913886e+03   -3.260832e-06   -2.806487e-06   -3.247652e-06    1.388327e-19    0.000000e+00    0.000000e+00    1.126371e-04    1.113431e-04    1.099697e-04
   4.687500e-02    1.757762e+06    1.162535e+06    1.362074e+06    3.595557e+04    2.018729e+04    2.583469e+04    1.261818e-08    0.000000e+00    0.000000e+00    1.181690e+04    1.797979e+06    1.555067e+04    1.229283e-10    0.000000e+00    0.000000e+00    9.952278e+03    0.000000e+00    9.920097e+03   -3.304475e-06   -2.813991e-06   -3.290518e-06    1.388379e-19    0.000000e+00    0.000000e+00    1.126370e-04    1.113431e-04    1.099695e-04
   4.700000e-02    1.776598e+06    1.165635e+06    1.379790e+06    3.615385e+04    2.024113e+04    2.614363e+04    1.265840e-08    0.000000e+00    0.000000e+00    1.135885e+04    1.797979e+06    1.501231e+04    1.181635e-10    0.000000e+00    0.000000e+00    9.956828e+03    0.000000e+00    9.926098e+03   -3.348127e-06   -2.821495e-06   -3.333395e-06    1.388429e-19    0.000000e+00    0.000000e+00    1.126368e-04    1.113431e-04    1.099692e-04
   4.712500e-02    1.795437e+06    1.168736e+06    1.397509e+06    3.635215e+04    2.029496e+04    2.645260e+04    1.269861e-08    0.000000e+00    0.000000e+00    1.089958e+04    1.797979e+06    1.446699e+04    1.133859e-10    0.000000e+00    0.000000e+00    9.961199e+03    0.000000e+00    9.931887e+03   -3.391788e-06   -2.828999e-06   -3.376283e-06    1.388477e-19    0.000000e+00    0.000000e+00    1.126366e-04    1.113431e-04    1.099690e-04
   4.725000e-02    1.814281e+06    1.171836e+06    1.415233e+06    3.655048e+04    2.034879e+04    2.676161e+04    1.273884e-08    0.000000e+00    0.000000e+00    1.043909e+04    1.797979e+06    1.391471e+04    1.085957e-10    0.000000e+00    0.000000e+00    9.965388e+03    0.000000e+00    9.937460e+03   -3.435459e-06   -2.836503e-06   -3.419182e-06    1.388524e-19    0.000000e+00    0.000000e+00    1.126364e-04    1.113431e-04    1.099688e-04
   4.737500e-02    1.833128e+06    1.174936e+06    1.432962e+06    3.674883e+04    2.040262e+04    2.707064e+04    1.277906e-08    0.000000e+00    0.000000e+00    9.977380e+03    1.797979e+06    1.335546e+04    1.037928e-10    0.000000e+00    0.000000e+00    9.969397e+03    0.000000e+00    9.942814e+03   -3.479138e-06   -2.844007e-06   -3.462092e-06    1.388568e-19    0.000000e+00    0.000000e+00    1.126362e-04    1.113431e-04    1.099685e-04
   4.750000e-02    1.851979e+06    1.178036e+06    1.450695e+06    3.694721e+04    2.045646e+04    2.737971e+04    1.281930e-08    0.000000e+00    0.000000e+00    9.514454e+03    1.797979e+06    1.278926e+04    9.897715e-11    0.000000e+00    0.000000e+00    9.973224e+03    0.000000e+00    9.947948e+03   -3.522827e-06   -2.851511e-06   -3.505013e-06    1.388610e-19    0.000000e+00    0.000000e+00    1.126360e-04    1.113431e-04    1.099682e-04
   4.762500e-02    1.870833e+06    1.181136e+06    1.468433e+06    3.714561e+04    2.051029e+04    2.768880e+04    1.285953e-08    0.000000e+00    0.000000e+00    9.050309e+03    1.797979e+06    1.221609e+04    9.414884e-11    0.000000e+00    0.000000e+00    9.976870e+03    0.000000e+00    9.952858e+03   -3.566525e-06   -2.859015e-06   -3.547945e-06    1.388650e-19    0.000000e+00    0.000000e+00    1.126358e-04    1.113431e-04    1.099680e-04
   4.775000e-02    1.889692e+06    1.184236e+06    1.486176e+06    3.734404e+04    2.056412e+04    2.799793e+04    1.289977e-08    0.000000e+00    0.000000e+00    8.584946e+03    1.797979e+06    1.163595e+04    8.930784e-11    0.000000e+00    0.000000e+00    9.980332e+03    0.000000e+00    9.957542e+03   -3.610233e-06   -2.866519e-06   -3.590889e-06    1.388688e-19    0.000000e+00    0.000000e+00    1.126355e-04    1.113431e-04    1.099677e-04
   4.787500e-02    1.908554e+06    1.187336e+06    1.503923e+06    3.754249e+04    2.061796e+04    2.830709e+04    1.294001e-08    0.000000e+00    0.000000e+00    8.118364e+03    1.797979e+06    1.104885e+04    8.445415e-11    0.000000e+00    0.000000e+00    9.983612e+03    0.000000e+00    9.961996e+03   -3.653949e-06   -2.874023e-06   -3.633845e-06    1.388725e-19    0.000000e+00    0.000000e+00    1.126353e-04    1.113431e-04    1.099675e-04
   4.800000e-02    1.927420e+06    1.190436e+06    1.521675e+06    3.774097e+04    2.067179e+04    2.861629e+04    1.298026e-08    0.000000e+00    0.000000e+00    7.650563e+03    1.797979e+06    1.045478e+04    7.958778e-11    0.000000e+00    0.000000e+00    9.986708e+03    0.000000e+00    9.966219e+03   -3.697675e-06   -2.881527e-06   -3.676812e-06    1.388759e-19    0.000000e+00    0.000000e+00    1.126350e-04    1.113431e-04    1.099672e-04
   4.812500e-02    1.946290e+06    1.193536e+06    1.539432e+06    3.793948e+04    2.072562e+04    2.892551e+04    1.302051e-08    0.000000e+00    0.000000e+00    7.181543e+03    1.797979e+06    9.853728e+03    7.470871e-11    0.000000e+00    0.000000e+00    9.989620e+03    0.000000e+00    9.970206e+03   -3.741411e-06   -2.889031e-06   -3.719792e-06    1.388791e-19    0.000000e+00    0.000000e+00    1.126347e-04    1.113431e-04    1.099669e-04
   4.825000e-02    1.965163e+06    1.196636e+06    1.557194e+06    3.813801e+04    2.077945e+04    2.923477e+04    1.306076e-08    0.000000e+00    0.000000e+00    6.711304e+03    1.797979e+06    9.245707e+03    6.981696e-11    0.000000e+00    0.000000e+00    9.992348e+03    0.000000e+00    9.973957e+03   -3.785155e-06   -2.896535e-06   -3.762783e-06    1.388821e-19    0.000000e+00    0.000000e+00    1.126344e-04    1.113431e-04    1.099666e-04
   4.837500e-02    1.984040e+06    1.199736e+06    1.574961e+06    3.833656e+04    2.083329e+04    2.954406e+04    1.310102e-08    0.000000e+00    0.000000e+00    6.239847e+03    1.797979e+06    8.630710e+03    6.491251e-11    0.000000e+00    0.000000e+00    9.994891e+03    0.000000e+00    9.977467e+03   -3.828910e-06   -2.904039e-06   -3.805787e-06    1.388849e-19    0.000000e+00    0.000000e+00    1.126341e-04    1.113431e-04    1.099663e-04
   4.850000e-02    2.002922e+06    1.202837e+06    1.592733e+06    3.853515e+04    2.088712e+04    2.985339e+04    1.314128e-08    0.000000e+00    0.000000e+00    5.767171e+03    1.797979e+06    8.008735e+03    5.999538e-11    0.000000e+00    0.000000e+00    9.997249e+03    0.000000e+00    9.980734e+03   -3.872673e-06   -2.911543e-06   -3.848803e-06    1.388875e-19    0.000000e+00    0.000000e+00    1.126338e-04    1.113431e-04    1.099660e-04
   4.862500e-02    2.021807e+06    1.205937e+06    1.610510e+06    3.873375e+04    2.094095e+04    3.016275e+04    1.318155e-08    0.000000e+00    0.000000e+00    5.293277e+03    1.797979e+06    7.379780e+03    5.506555e-11    0.000000e+00    0.000000e+00    9.999421e+03    0.000000e+00    9.983756e+03   -3.916446e-06   -2.919047e-06   -3.891831e-06    1.388899e-19    0.000000e+00    0.000000e+00    1.126335e-04    1.113431e-04    1.099658e-04
   4.875000e-02    2.040696e+06    1.209037e+06    1.628292e+06    3.893239e+04    2.099479e+04    3.047215e+04    1.322182e-08    0.000000e+00    0.000000e+00    4.818163e+03    1.797979e+06    6.743842e+03    5.012304e-11    0.000000e+00    0.000000e+00    1.000141e+04    0.000000e+00    9.986530e+03   -3.960229e-06   -2.926551e-06   -3.934873e-06    1.388921e-19    0.000000e+00    0.000000e+00    1.126332e-04    1.113431e-04    1.099655e-04
   4.887500e-02    2.059588e+06    1.212137e+06    1.646080e+06    3.913105e+04    2.104862e+04    3.078158e+04    1.326209e-08    0.000000e+00    0.000000e+00    4.341831e+03    1.797979e+06    6.100921e+03    4.516784e-11    0.000000e+00    0.000000e+00    1.000320e+04    0.000000e+00    9.989052e+03   -4.004021e-06   -2.934055e-06   -3.977926e-06    1.388941e-19    0.000000e+00    0.000000e+00    1.126328e-04    1.113431e-04    1.099651e-04
   4.900000e-02    2.078485e+06    1.215237e+06    1.663872e+06    3.932974e+04    2.110245e+04    3.109104e+04    1.330237e-08    0.000000e+00    0.000000e+00    3.864281e+03    1.797979e+06    5.451014e+03    4.019995e-11    0.000000e+00    0.000000e+00    1.000482e+04    0.000000e+00    9.991320e+03   -4.047822e-06   -2.941559e-06   -4.020993e-06    1.388959e-19    0.000000e+00    0.000000e+00    1.126325e-04    1.113431e-04    1.099648e-04
   4.912500e-02    2.097385e+06    1.218337e+06    1.681670e+06    3.952845e+04    2.115628e+04    3.140055e+04    1.334266e-08    0.000000e+00    0.000000e+00    3.385511e+03    1.797979e+06    4.794118e+03    3.521937e-11    0.000000e+00    0.000000e+00    1.000624e+04    0.000000e+00    9.993332e+03   -4.091634e-06   -2.949063e-06   -4.064073e-06    1.388974e-19    0.000000e+00    0.000000e+00    1.126321e-04    1.113431e-04    1.099645e-04
   4.925000e-02    2.116290e+06    1.221437e+06    1.699474e+06    3.972719e+04    2.121012e+04    3.171009e+04    1.338294e-08    0.000000e+00    0.000000e+00    2.905523e+03    1.797979e+06    4.130232e+03    3.022610e-11    0.000000e+00    0.000000e+00    1.000747e+04    0.000000e+00    9.995085e+03   -4.135454e-06   -2.956567e-06   -4.107166e-06    1.388988e-19    0.000000e+00    0.000000e+00    1.126317e-04    1.113431e-04    1.099642e-04
   4.937500e-02    2.135198e+06    1.224537e+06    1.717283e+06    3.992595e+04    2.126395e+04    3.201966e+04    1.342323e-08    0.000000e+00    0.000000e+00    2.424316e+03    1.797979e+06    3.459354e+03    2.522014e-11    0.000000e+00    0.000000e+00    1.000852e+04    0.000000e+00    9.996575e+03   -4.179285e-06   -2.964071e-06   -4.150272e-06    1.389000e-19    0.000000e+00    0.000000e+00    1.126313e-04    1.113431e-04    1.099639e-04
   4.950000e-02    2.154110e+06    1.227637e+06    1.735097e+06    4.012475e+04    2.131778e+04    3.232927e+04    1.346353e-08    0.000000e+00    0.000000e+00    1.941890e+03    1.797979e+06    2.781481e+03    2.020149e-11    0.000000e+00    0.000000e+00    1.000938e+04    0.000000e+00    9.997801e+03   -4.223125e-06   -2.971574e-06   -4.193392e-06    1.389009e-19    0.000000e+00    0.000000e+00    1.126309e-04    1.113431e-04    1.099636e-04
   4.962500e-02    2.173026e+06    1.230737e+06    1.752917e+06    4.032356e+04    2.137161e+04    3.263892e+04    1.350383e-08    0.000000e+00    0.000000e+00    1.458246e+03    1.797979e+06    2.096611e+03    1.517015e-11    0.000000e+00    0.000000e+00    1.001005e+04    0.000000e+00    9.998759e+03   -4.266974e-06   -2.979078e-06   -4.236526e-06    1.389016e-19    0.000000e+00    0.000000e+00    1.126305e-04    1.113431e-04    1.099632e-04
   4.975000e-02    2.191946e+06    1.233838e+06    1.770742e+06    4.052241e+04    2.142545e+04    3.294861e+04    1.354413e-08    0.000000e+00    0.000000e+00    9.733825e+02    1.797979e+06    1.404743e+03    1.012612e-11    0.000000e+00    0.000000e+00    1.001052e+04    0.000000e+00    9.999447e+03   -4.310833e-06   -2.986582e-06   -4.279673e-06    1.389022e-19    0.000000e+00    0.000000e+00    1.126301e-04    1.113431e-04    1.099629e-04
   4.987500e-02    2.210870e+06    1.236938e+06    1.788573e+06    4.072128e+04    2.147928e+04    3.325834e+04    1.358444e-08    0.000000e+00    0.000000e+00    4.873006e+02    1.797979e+06    7.058731e+02    5.069406e-12    0.000000e+00    0.000000e+00    1.001081e+04    0.000000e+00    9.999861e+03   -4.354702e-06   -2.994086e-06   -4.322834e-06    1.389025e-19    0.000000e+00    0.000000e+00    1.126296e-04    1.113431e-04    1.099625e-04
   5.000000e-02    2.229797e+06    1.240038e+06    1.806410e+06    4.092018e+04    2.153311e+04    3.356810e+04    1.362475e-08    0.000000e+00    0.000000e+00    3.889767e-06    1.797979e+06    5.647326e-06    4.041680e-20    0.000000e+00    0.000000e+00    1.001091e+04    0.000000e+00    1.000000e+04   -4.398581e-06   -3.001590e-06   -4.366009e-06    1.389026e-19    0.000000e+00    0.000000e+00    1.126292e-04    1.113431e-04    1.099622e-04
