# garg caseA [0/90/0], S = a/h = 10 -- three-method comparison (OpenSG-RM / FSDT (Whitney) / Pagano exact 3-D)
# stations: s11 s22 s12 s33 U3 at x = a/2; s13 s23 U1 U2 at x = 0
# Whitney k1^2 = 0.582778 (used inside the FSDT shear staircase)
# columns: z[m] then (RM, FSDT, exact) triplets for s11 s22 s12 s13 s23 s33 U1 U2 U3
  -5.000000e-02   -7.515384e+05   -6.303392e+05   -7.363036e+05   -7.515384e+03   -6.303392e+03   -7.363036e+03    4.402084e-10   -2.135396e-13   -2.050710e-13    1.984791e-06    6.827423e+04    2.298654e-06   -1.388193e-21   -5.437741e-13    6.442484e-25    0.000000e+00    0.000000e+00    1.457162e-09    9.408804e-06    8.005663e-06    9.351472e-06    4.248955e-21    1.359435e-22    1.305522e-22    9.412664e-05    9.443036e-05    9.289381e-05
  -4.958333e-02   -7.417844e+05   -6.250863e+05   -7.267605e+05   -7.422328e+03   -6.250863e+03   -7.267448e+03    4.364655e-10   -2.117601e-13   -2.050714e-13    8.235847e+02    6.827423e+04    9.575665e+02   -5.760472e-13   -5.437741e-13    2.684375e-16    5.390349e-01    0.000000e+00    6.280885e-01    9.285975e-06    7.938949e-06    9.230272e-06    4.248354e-21    1.348107e-22    1.305525e-22    9.413052e-05    9.443036e-05    9.289762e-05
  -4.916667e-02   -7.320834e+05   -6.198335e+05   -7.172791e+05   -7.329535e+03   -6.198335e+03   -7.172165e+03    4.327245e-10   -2.099806e-13   -2.050727e-13    1.640276e+03    6.827423e+04    1.902682e+03   -1.147274e-12   -5.437741e-13    5.368761e-16    2.151628e+00    0.000000e+00    2.501470e+00    9.163824e-06    7.872235e-06    9.109859e-06    4.246558e-21    1.336778e-22    1.305534e-22    9.413435e-05    9.443036e-05    9.290138e-05
  -4.875000e-02   -7.224350e+05   -6.145807e+05   -7.078584e+05   -7.237002e+03   -6.145807e+03   -7.077183e+03    4.289853e-10   -2.082011e-13   -2.050749e-13    2.450075e+03    6.827423e+04    2.835425e+03   -1.713680e-12   -5.437741e-13    8.053170e-16    4.828757e+00    0.000000e+00    5.603899e+00    9.042347e-06    7.805522e-06    8.990224e-06    4.243577e-21    1.325449e-22    1.305548e-22    9.413812e-05    9.443036e-05    9.290509e-05
  -4.833333e-02   -7.128387e+05   -6.093279e+05   -6.984978e+05   -7.144727e+03   -6.093279e+03   -6.982499e+03    4.252481e-10   -2.064216e-13   -2.050780e-13    3.252981e+03    6.827423e+04    3.755877e+03   -2.275265e-12   -5.437741e-13    1.073761e-15    8.561399e+00    0.000000e+00    9.919233e+00    8.921538e-06    7.738808e-06    8.871356e-06    4.239421e-21    1.314121e-22    1.305567e-22    9.414184e-05    9.443036e-05    9.290876e-05
  -4.791667e-02   -7.032941e+05   -6.040750e+05   -6.891965e+05   -7.052708e+03   -6.040750e+03   -6.888107e+03    4.215126e-10   -2.046421e-13   -2.050820e-13    4.048993e+03    6.827423e+04    4.664114e+03   -2.832030e-12   -5.437741e-13    1.342210e-15    1.334053e+01    0.000000e+00    1.543143e+01    8.801391e-06    7.672094e-06    8.753246e-06    4.234100e-21    1.302792e-22    1.305592e-22    9.414550e-05    9.443036e-05    9.291238e-05
  -4.750000e-02   -6.938007e+05   -5.988222e+05   -6.799536e+05   -6.960943e+03   -5.988222e+03   -6.794005e+03    4.177789e-10   -2.028626e-13   -2.050868e-13    4.838113e+03    6.827423e+04    5.560215e+03   -3.383975e-12   -5.437741e-13    1.610665e-15    1.915713e+01    0.000000e+00    2.212456e+01    8.681900e-06    7.605380e-06    8.635883e-06    4.227624e-21    1.291463e-22    1.305623e-22    9.414910e-05    9.443036e-05    9.291595e-05
  -4.708333e-02   -6.843581e+05   -5.935694e+05   -6.707684e+05   -6.869428e+03   -5.935694e+03   -6.700188e+03    4.140471e-10   -2.010831e-13   -2.050925e-13    5.620340e+03    6.827423e+04    6.444254e+03   -3.931099e-12   -5.437741e-13    1.879127e-15    2.600217e+01    0.000000e+00    2.998278e+01    8.563059e-06    7.538666e-06    8.519256e-06    4.220003e-21    1.280135e-22    1.305659e-22    9.415265e-05    9.443036e-05    9.291948e-05
  -4.666667e-02   -6.749659e+05   -5.883166e+05   -6.616400e+05   -6.778163e+03   -5.883166e+03   -6.606653e+03    4.103170e-10   -1.993036e-13   -2.050991e-13    6.395673e+03    6.827423e+04    7.316307e+03   -4.473402e-12   -5.437741e-13    2.147596e-15    3.386663e+01    0.000000e+00    3.899035e+01    8.444864e-06    7.471952e-06    8.403357e-06    4.211248e-21    1.268806e-22    1.305701e-22    9.415615e-05    9.443036e-05    9.292296e-05
  -4.625000e-02   -6.656235e+05   -5.830637e+05   -6.525678e+05   -6.687145e+03   -5.830637e+03   -6.513395e+03    4.065887e-10   -1.975241e-13   -2.051066e-13    7.164114e+03    6.827423e+04    8.176448e+03   -5.010885e-12   -5.437741e-13    2.416075e-15    4.274149e+01    0.000000e+00    4.913163e+01    8.327307e-06    7.405238e-06    8.288175e-06    4.201368e-21    1.257478e-22    1.305749e-22    9.415959e-05    9.443036e-05    9.292640e-05
  -4.583333e-02   -6.563306e+05   -5.778109e+05   -6.435509e+05   -6.596371e+03   -5.778109e+03   -6.420412e+03    4.028622e-10   -1.957446e-13   -2.051149e-13    7.925661e+03    6.827423e+04    9.024750e+03   -5.543547e-12   -5.437741e-13    2.684565e-15    5.261773e+01    0.000000e+00    6.039107e+01    8.210384e-06    7.338525e-06    8.173700e-06    4.190373e-21    1.246149e-22    1.305802e-22    9.416299e-05    9.443036e-05    9.292980e-05
  -4.541667e-02   -6.470867e+05   -5.725581e+05   -6.345886e+05   -6.505840e+03   -5.725581e+03   -6.327698e+03    3.991374e-10   -1.939651e-13   -2.051241e-13    8.680316e+03    6.827423e+04    9.861284e+03   -6.071389e-12   -5.437741e-13    2.953065e-15    6.348631e+01    0.000000e+00    7.275323e+01    8.094088e-06    7.271811e-06    8.059923e-06    4.178273e-21    1.234820e-22    1.305861e-22    9.416633e-05    9.443036e-05    9.293315e-05
  -4.500000e-02   -6.378914e+05   -5.673052e+05   -6.256802e+05   -6.415549e+03   -5.673052e+03   -6.235251e+03    3.954143e-10   -1.921856e-13   -2.051342e-13    9.428077e+03    6.827423e+04    1.068612e+04   -6.594410e-12   -5.437741e-13    3.221579e-15    7.533823e+01    0.000000e+00    8.620275e+01    7.978414e-06    7.205097e-06    7.946834e-06    4.165078e-21    1.223492e-22    1.305925e-22    9.416962e-05    9.443036e-05    9.293646e-05
  -4.458333e-02   -6.287442e+05   -5.620524e+05   -6.168248e+05   -6.325496e+03   -5.620524e+03   -6.143066e+03    3.916929e-10   -1.904061e-13   -2.051452e-13    1.016895e+04    6.827423e+04    1.149933e+04   -7.112611e-12   -5.437741e-13    3.490106e-15    8.816445e+01    0.000000e+00    1.007244e+02    7.863357e-06    7.138383e-06    7.834423e-06    4.150799e-21    1.212163e-22    1.305995e-22    9.417286e-05    9.443036e-05    9.293974e-05
  -4.416667e-02   -6.196446e+05   -5.567996e+05   -6.080217e+05   -6.235679e+03   -5.567996e+03   -6.051141e+03    3.879732e-10   -1.886266e-13   -2.051571e-13    1.090292e+04    6.827423e+04    1.230099e+04   -7.625991e-12   -5.437741e-13    3.758648e-15    1.019560e+02    0.000000e+00    1.163029e+02    7.748909e-06    7.071669e-06    7.722681e-06    4.135446e-21    1.200834e-22    1.306071e-22    9.417605e-05    9.443036e-05    9.294297e-05
  -4.375000e-02   -6.105923e+05   -5.515468e+05   -5.992701e+05   -6.146096e+03   -5.515468e+03   -5.959470e+03    3.842551e-10   -1.868471e-13   -2.051698e-13    1.163000e+04    6.827423e+04    1.309115e+04   -8.134550e-12   -5.437741e-13    4.027206e-15    1.167037e+02    0.000000e+00    1.329233e+02    7.635067e-06    7.004955e-06    7.611598e-06    4.119028e-21    1.189506e-22    1.306152e-22    9.417919e-05    9.443036e-05    9.294616e-05
  -4.333333e-02   -6.015868e+05   -5.462939e+05   -5.905694e+05   -6.056744e+03   -5.462939e+03   -5.868051e+03    3.805388e-10   -1.850676e-13   -2.051834e-13    1.235019e+04    6.827423e+04    1.386990e+04   -8.638289e-12   -5.437741e-13    4.295782e-15    1.323987e+02    0.000000e+00    1.505705e+02    7.521823e-06    6.938241e-06    7.501164e-06    4.101555e-21    1.178177e-22    1.306238e-22    9.418228e-05    9.443036e-05    9.294932e-05
  -4.291667e-02   -5.926276e+05   -5.410411e+05   -5.819188e+05   -5.967621e+03   -5.410411e+03   -5.776880e+03    3.768240e-10   -1.832881e-13   -2.051979e-13    1.306349e+04    6.827423e+04    1.463728e+04   -9.137208e-12   -5.437741e-13    4.564376e-15    1.490319e+02    0.000000e+00    1.692296e+02    7.409173e-06    6.871528e-06    7.391370e-06    4.083038e-21    1.166849e-22    1.306331e-22    9.418533e-05    9.443036e-05    9.295243e-05
  -4.250000e-02   -5.837143e+05   -5.357883e+05   -5.733175e+05   -5.878725e+03   -5.357883e+03   -5.685953e+03    3.731109e-10   -1.815087e-13   -2.052133e-13    1.376989e+04    6.827423e+04    1.539338e+04   -9.631305e-12   -5.437741e-13    4.832989e-15    1.665943e+02    0.000000e+00    1.888859e+02    7.297110e-06    6.804814e-06    7.282207e-06    4.063487e-21    1.155520e-22    1.306429e-22    9.418833e-05    9.443036e-05    9.295551e-05
  -4.208333e-02   -5.748464e+05   -5.305355e+05   -5.647648e+05   -5.790054e+03   -5.305355e+03   -5.595267e+03    3.693994e-10   -1.797292e-13   -2.052296e-13    1.446940e+04    6.827423e+04    1.613825e+04   -1.012058e-11   -5.437741e-13    5.101623e-15    1.850769e+02    0.000000e+00    2.095245e+02    7.185629e-06    6.738100e-06    7.173666e-06    4.042911e-21    1.144191e-22    1.306532e-22    9.419128e-05    9.443036e-05    9.295855e-05
  -4.166667e-02   -5.660235e+05   -5.252826e+05   -5.562601e+05   -5.701606e+03   -5.252826e+03   -5.504818e+03    3.656895e-10   -1.779497e-13   -2.052467e-13    1.516202e+04    6.827423e+04    1.687195e+04   -1.060504e-11   -5.437741e-13    5.370279e-15    2.044706e+02    0.000000e+00    2.311308e+02    7.074723e-06    6.671386e-06    7.065736e-06    4.021321e-21    1.132863e-22    1.306641e-22    9.419419e-05    9.443036e-05    9.296156e-05
  -4.125000e-02   -5.572452e+05   -5.200298e+05   -5.478025e+05   -5.613377e+03   -5.200298e+03   -5.414602e+03    3.619812e-10   -1.761702e-13   -2.052647e-13    1.584774e+04    6.827423e+04    1.759455e+04   -1.108468e-11   -5.437741e-13    5.638958e-15    2.247665e+02    0.000000e+00    2.536903e+02    6.964389e-06    6.604672e-06    6.958410e-06    3.998727e-21    1.121534e-22    1.306756e-22    9.419705e-05    9.443036e-05    9.296453e-05
  -4.083333e-02   -5.485110e+05   -5.147770e+05   -5.393913e+05   -5.525367e+03   -5.147770e+03   -5.324616e+03    3.582744e-10   -1.743907e-13   -2.052836e-13    1.652658e+04    6.827423e+04    1.830611e+04   -1.155949e-11   -5.437741e-13    5.907661e-15    2.459554e+02    0.000000e+00    2.771884e+02    6.854618e-06    6.537958e-06    6.851677e-06    3.975138e-21    1.110205e-22    1.306876e-22    9.419986e-05    9.443036e-05    9.296746e-05
  -4.041667e-02   -5.398204e+05   -5.095242e+05   -5.310259e+05   -5.437573e+03   -5.095242e+03   -5.234856e+03    3.545692e-10   -1.726112e-13   -2.053034e-13    1.719851e+04    6.827423e+04    1.900669e+04   -1.202949e-11   -5.437741e-13    6.176390e-15    2.680285e+02    0.000000e+00    3.016108e+02    6.745407e-06    6.471244e-06    6.745529e-06    3.950566e-21    1.098877e-22    1.307002e-22    9.420263e-05    9.443036e-05    9.297036e-05
  -4.000000e-02   -5.311731e+05   -5.042713e+05   -5.227055e+05   -5.349993e+03   -5.042713e+03   -5.145319e+03    3.508655e-10   -1.708317e-13   -2.053240e-13    1.786356e+04    6.827423e+04    1.969636e+04   -1.249466e-11   -5.437741e-13    6.445145e-15    2.909765e+02    0.000000e+00    3.269431e+02    6.636749e-06    6.404531e-06    6.639956e-06    3.925019e-21    1.087548e-22    1.307133e-22    9.420536e-05    9.443036e-05    9.297323e-05
  -3.958333e-02   -5.225685e+05   -4.990185e+05   -5.144295e+05   -5.262624e+03   -4.990185e+03   -5.056002e+03    3.471633e-10   -1.690522e-13   -2.053456e-13    1.852171e+04    6.827423e+04    2.037515e+04   -1.295502e-11   -5.437741e-13    6.713927e-15    3.147906e+02    0.000000e+00    3.531710e+02    6.528638e-06    6.337817e-06    6.534950e-06    3.898508e-21    1.076220e-22    1.307270e-22    9.420805e-05    9.443036e-05    9.297606e-05
  -3.916667e-02   -5.140063e+05   -4.937657e+05   -5.061970e+05   -5.175464e+03   -4.937657e+03   -4.966900e+03    3.434626e-10   -1.672727e-13   -2.053680e-13    1.917297e+04    6.827423e+04    2.104315e+04   -1.341055e-11   -5.437741e-13    6.982738e-15    3.394617e+02    0.000000e+00    3.802804e+02    6.421068e-06    6.271103e-06    6.430501e-06    3.871043e-21    1.064891e-22    1.307413e-22    9.421069e-05    9.443036e-05    9.297886e-05
  -3.875000e-02   -5.054859e+05   -4.885128e+05   -4.980075e+05   -5.088511e+03   -4.885128e+03   -4.878011e+03    3.397634e-10   -1.654932e-13   -2.053913e-13    1.981734e+04    6.827423e+04    2.170039e+04   -1.386126e-11   -5.437741e-13    7.251580e-15    3.649808e+02    0.000000e+00    4.082571e+02    6.314035e-06    6.204389e-06    6.326601e-06    3.842634e-21    1.053562e-22    1.307561e-22    9.421329e-05    9.443036e-05    9.298163e-05
  -3.833333e-02   -4.970070e+05   -4.832600e+05   -4.898602e+05   -5.001763e+03   -4.832600e+03   -4.789330e+03    3.360657e-10   -1.637137e-13   -2.054154e-13    2.045481e+04    6.827423e+04    2.234695e+04   -1.430715e-11   -5.437741e-13    7.520452e-15    3.913389e+02    0.000000e+00    4.370872e+02    6.207532e-06    6.137675e-06    6.223240e-06    3.813291e-21    1.042234e-22    1.307715e-22    9.421585e-05    9.443036e-05    9.298437e-05
  -3.791667e-02   -4.885690e+05   -4.780072e+05   -4.817544e+05   -4.915218e+03   -4.780072e+03   -4.700855e+03    3.323694e-10   -1.619342e-13   -2.054405e-13    2.108539e+04    6.827423e+04    2.298286e+04   -1.474823e-11   -5.437741e-13    7.789356e-15    4.185269e+02    0.000000e+00    4.667567e+02    6.101553e-06    6.070961e-06    6.120410e-06    3.783024e-21    1.030905e-22    1.307875e-22    9.421837e-05    9.443036e-05    9.298708e-05
  -3.750000e-02   -4.801716e+05   -4.727544e+05   -4.736895e+05   -4.828873e+03   -4.727544e+03   -4.612582e+03    3.286746e-10   -1.601547e-13   -2.054664e-13    2.170908e+04    6.827423e+04    2.360819e+04   -1.518448e-11   -5.437741e-13    8.058294e-15    4.465358e+02    0.000000e+00    4.972516e+02    5.996093e-06    6.004247e-06    6.018102e-06    3.751843e-21    1.019576e-22    1.308040e-22    9.422085e-05    9.443036e-05    9.298975e-05
  -3.708333e-02   -4.718143e+05   -4.675015e+05   -4.656647e+05   -4.742727e+03   -4.675015e+03   -4.524507e+03    3.249812e-10   -1.583752e-13   -2.054932e-13    2.232587e+04    6.827423e+04    2.422300e+04   -1.561591e-11   -5.437741e-13    8.327267e-15    4.753566e+02    0.000000e+00    5.285582e+02    5.891146e-06    5.937533e-06    5.916307e-06    3.719759e-21    1.008248e-22    1.308211e-22    9.422329e-05    9.443036e-05    9.299240e-05
  -3.666667e-02   -4.634966e+05   -4.622487e+05   -4.576794e+05   -4.656776e+03   -4.622487e+03   -4.436628e+03    3.212892e-10   -1.565957e-13   -2.055209e-13    2.293577e+04    6.827423e+04    2.482732e+04   -1.604252e-11   -5.437741e-13    8.596275e-15    5.049803e+02    0.000000e+00    5.606627e+02    5.786707e-06    5.870820e-06    5.815017e-06    3.686781e-21    9.969192e-23    1.308387e-22    9.422569e-05    9.443036e-05    9.299502e-05
  -3.625000e-02   -4.552182e+05   -4.569959e+05   -4.497329e+05   -4.571019e+03   -4.569959e+03   -4.348941e+03    3.175985e-10   -1.548162e-13   -2.055495e-13    2.353878e+04    6.827423e+04    2.542121e+04   -1.646431e-11   -5.437741e-13    8.865319e-15    5.353978e+02    0.000000e+00    5.935514e+02    5.682769e-06    5.804106e-06    5.714223e-06    3.652918e-21    9.855906e-23    1.308569e-22    9.422805e-05    9.443036e-05    9.299761e-05
  -3.583333e-02   -4.469785e+05   -4.517431e+05   -4.418245e+05   -4.485454e+03   -4.517431e+03   -4.261442e+03    3.139093e-10   -1.530367e-13   -2.055789e-13    2.413490e+04    6.827423e+04    2.600473e+04   -1.688128e-11   -5.437741e-13    9.134402e-15    5.666002e+02    0.000000e+00    6.272107e+02    5.579326e-06    5.737392e-06    5.613916e-06    3.618183e-21    9.742619e-23    1.308756e-22    9.423037e-05    9.443036e-05    9.300017e-05
  -3.541667e-02   -4.387771e+05   -4.464902e+05   -4.339536e+05   -4.400078e+03   -4.464902e+03   -4.174129e+03    3.102214e-10   -1.512572e-13   -2.056093e-13    2.472412e+04    6.827423e+04    2.657792e+04   -1.729343e-11   -5.437741e-13    9.403524e-15    5.985783e+02    0.000000e+00    6.616271e+02    5.476374e-06    5.670678e-06    5.514088e-06    3.582583e-21    9.629333e-23    1.308949e-22    9.423265e-05    9.443036e-05    9.300270e-05
  -3.500000e-02   -4.306136e+05   -4.412374e+05   -4.261194e+05   -4.314889e+03   -4.412374e+03   -4.086997e+03    3.065348e-10   -1.494777e-13   -2.056405e-13    2.530645e+04    6.827423e+04    2.714084e+04   -1.770075e-11   -5.437741e-13    9.672686e-15    6.313232e+02    0.000000e+00    6.967871e+02    5.373906e-06    5.603964e-06    5.414729e-06    3.546130e-21    9.516047e-23    1.309148e-22    9.423490e-05    9.443036e-05    9.300520e-05
  -3.458333e-02   -4.224875e+05   -4.359846e+05   -4.183213e+05   -4.229885e+03   -4.359846e+03   -4.000044e+03    3.028496e-10   -1.476982e-13   -2.056726e-13    2.588188e+04    6.827423e+04    2.769352e+04   -1.810326e-11   -5.437741e-13    9.941890e-15    6.648259e+02    0.000000e+00    7.326772e+02    5.271917e-06    5.537250e-06    5.315832e-06    3.508833e-21    9.402760e-23    1.309352e-22    9.423711e-05    9.443036e-05    9.300768e-05
  -3.416667e-02   -4.143984e+05   -4.307318e+05   -4.105587e+05   -4.145064e+03   -4.307318e+03   -3.913266e+03    2.991656e-10   -1.459187e-13   -2.057056e-13    2.645043e+04    6.827423e+04    2.823602e+04   -1.850095e-11   -5.437741e-13    1.021114e-14    6.990773e+02    0.000000e+00    7.692841e+02    5.170401e-06    5.470536e-06    5.217389e-06    3.470703e-21    9.289474e-23    1.309562e-22    9.423929e-05    9.443036e-05    9.301013e-05
  -3.375000e-02   -4.063458e+05   -4.254789e+05   -4.028309e+05   -4.060423e+03   -4.254789e+03   -3.826661e+03    2.954830e-10   -1.441392e-13   -2.057394e-13    2.701208e+04    6.827423e+04    2.876837e+04   -1.889381e-11   -5.437741e-13    1.048043e-14    7.340685e+02    0.000000e+00    8.065945e+02    5.069352e-06    5.403823e-06    5.119390e-06    3.431749e-21    9.176188e-23    1.309778e-22    9.424143e-05    9.443036e-05    9.301256e-05
  -3.333333e-02   -3.983293e+05   -4.202261e+05   -3.951373e+05   -3.975961e+03   -4.202261e+03   -3.740224e+03    2.918017e-10   -1.423597e-13   -2.057742e-13    2.756683e+04    6.827423e+04    2.929064e+04   -1.928186e-11   -5.437741e-13    1.074976e-14    7.697903e+02    0.000000e+00    8.445951e+02    4.968764e-06    5.337109e-06    5.021827e-06    3.391982e-21    9.062902e-23    1.309999e-22    9.424353e-05    9.443036e-05    9.301496e-05
  -3.291667e-02   -3.903484e+05   -4.149733e+05   -3.874771e+05   -3.891675e+03   -4.149733e+03   -3.653953e+03    2.881216e-10   -1.405802e-13   -2.058098e-13    2.811470e+04    6.827423e+04    2.980286e+04   -1.966509e-11   -5.437741e-13    1.101914e-14    8.062338e+02    0.000000e+00    8.832728e+02    4.868632e-06    5.270395e-06    4.924692e-06    3.351412e-21    8.949615e-23    1.310226e-22    9.424560e-05    9.443036e-05    9.301733e-05
  -3.250000e-02   -3.824028e+05   -4.097205e+05   -3.798497e+05   -3.807562e+03   -4.097205e+03   -3.567844e+03    2.844427e-10   -1.388007e-13   -2.058463e-13    2.865567e+04    6.827423e+04    3.030507e+04   -2.004349e-11   -5.437741e-13    1.128857e-14    8.433899e+02    0.000000e+00    9.226145e+02    4.768950e-06    5.203681e-06    4.827977e-06    3.310048e-21    8.836329e-23    1.310458e-22    9.424763e-05    9.443036e-05    9.301969e-05
  -3.208333e-02   -3.744919e+05   -4.044676e+05   -3.722545e+05   -3.723621e+03   -4.044676e+03   -3.481894e+03    2.807651e-10   -1.370212e-13   -2.058837e-13    2.918975e+04    6.827423e+04    3.079731e+04   -2.041708e-11   -5.437741e-13    1.155805e-14    8.812496e+02    0.000000e+00    9.626069e+02    4.669712e-06    5.136967e-06    4.731673e-06    3.267900e-21    8.723043e-23    1.310696e-22    9.424963e-05    9.443036e-05    9.302201e-05
  -3.166667e-02   -3.666153e+05   -3.992148e+05   -3.646909e+05   -3.639850e+03   -3.992148e+03   -3.396100e+03    2.770887e-10   -1.352417e-13   -2.059219e-13    2.971693e+04    6.827423e+04    3.127964e+04   -2.078584e-11   -5.437741e-13    1.182757e-14    9.198039e+02    0.000000e+00    1.003237e+03    4.570913e-06    5.070253e-06    4.635772e-06    3.224980e-21    8.609757e-23    1.310940e-22    9.425160e-05    9.443036e-05    9.302432e-05
  -3.125000e-02   -3.587725e+05   -3.939620e+05   -3.571581e+05   -3.556246e+03   -3.939620e+03   -3.310458e+03    2.734135e-10   -1.334622e-13   -2.059611e-13    3.023722e+04    6.827423e+04    3.175209e+04   -2.114978e-11   -5.437741e-13    1.209715e-14    9.590438e+02    0.000000e+00    1.044493e+03    4.472547e-06    5.003539e-06    4.540266e-06    3.181296e-21    8.496470e-23    1.311189e-22    9.425354e-05    9.443036e-05    9.302660e-05
  -3.083333e-02   -3.509632e+05   -3.887091e+05   -3.496556e+05   -3.472806e+03   -3.887091e+03   -3.224966e+03    2.697395e-10   -1.316827e-13   -2.060011e-13    3.075062e+04    6.827423e+04    3.221469e+04   -2.150890e-11   -5.437741e-13    1.236678e-14    9.989603e+02    0.000000e+00    1.086360e+03    4.374607e-06    4.936826e-06    4.445146e-06    3.136859e-21    8.383184e-23    1.311444e-22    9.425544e-05    9.443036e-05    9.302885e-05
  -3.041667e-02   -3.431868e+05   -3.834563e+05   -3.421827e+05   -3.389530e+03   -3.834563e+03   -3.139621e+03    2.660666e-10   -1.299033e-13   -2.060420e-13    3.125713e+04    6.827423e+04    3.266749e+04   -2.186321e-11   -5.437741e-13    1.263646e-14    1.039544e+03    0.000000e+00    1.128826e+03    4.277089e-06    4.870112e-06    4.350405e-06    3.091679e-21    8.269898e-23    1.311704e-22    9.425731e-05    9.443036e-05    9.303109e-05
  -3.000000e-02   -3.354430e+05   -3.782035e+05   -3.347388e+05   -3.306414e+03   -3.782035e+03   -3.054418e+03    2.623949e-10   -1.281238e-13   -2.060838e-13    3.175674e+04    6.827423e+04    3.311054e+04   -2.221269e-11   -5.437741e-13    1.290620e-14    1.080787e+03    0.000000e+00    1.171879e+03    4.179987e-06    4.803398e-06    4.256034e-06    3.045766e-21    8.156612e-23    1.311970e-22    9.425914e-05    9.443036e-05    9.303330e-05
  -2.958333e-02   -3.277312e+05   -3.729507e+05   -3.273232e+05   -3.223457e+03   -3.729507e+03   -2.969356e+03    2.587244e-10   -1.263443e-13   -2.061265e-13    3.224946e+04    6.827423e+04    3.354385e+04   -2.255735e-11   -5.437741e-13    1.317599e-14    1.122679e+03    0.000000e+00    1.215505e+03    4.083294e-06    4.736684e-06    4.162026e-06    2.999130e-21    8.043325e-23    1.312242e-22    9.426095e-05    9.443036e-05    9.303549e-05
  -2.916667e-02   -3.200511e+05   -3.676978e+05   -3.199354e+05   -3.140655e+03   -3.676978e+03   -2.884431e+03    2.550549e-10   -1.245648e-13   -2.061700e-13    3.273529e+04    6.827423e+04    3.396748e+04   -2.289719e-11   -5.437741e-13    1.344583e-14    1.165211e+03    0.000000e+00    1.259692e+03    3.987006e-06    4.669970e-06    4.068372e-06    2.951780e-21    7.930039e-23    1.312519e-22    9.426273e-05    9.443036e-05    9.303766e-05
  -2.875000e-02   -3.124021e+05   -3.624450e+05   -3.125746e+05   -3.058008e+03   -3.624450e+03   -2.799639e+03    2.513866e-10   -1.227853e-13   -2.062145e-13    3.321422e+04    6.827423e+04    3.438145e+04   -2.323221e-11   -5.437741e-13    1.371574e-14    1.208375e+03    0.000000e+00    1.304428e+03    3.891116e-06    4.603256e-06    3.975064e-06    2.903728e-21    7.816753e-23    1.312802e-22    9.426447e-05    9.443036e-05    9.303981e-05
  -2.833333e-02   -3.047839e+05   -3.571922e+05   -3.052403e+05   -2.975512e+03   -3.571922e+03   -2.714978e+03    2.477193e-10   -1.210058e-13   -2.062598e-13    3.368626e+04    6.827423e+04    3.478581e+04   -2.356241e-11   -5.437741e-13    1.398570e-14    1.252161e+03    0.000000e+00    1.349698e+03    3.795619e-06    4.536542e-06    3.882094e-06    2.854983e-21    7.703466e-23    1.313091e-22    9.426619e-05    9.443036e-05    9.304193e-05
  -2.791667e-02   -2.971960e+05   -3.519394e+05   -2.979318e+05   -2.893166e+03   -3.519394e+03   -2.630445e+03    2.440532e-10   -1.192263e-13   -2.063060e-13    3.415141e+04    6.827423e+04    3.518058e+04   -2.388779e-11   -5.437741e-13    1.425573e-14    1.296561e+03    0.000000e+00    1.395492e+03    3.700508e-06    4.469829e-06    3.789454e-06    2.805555e-21    7.590180e-23    1.313385e-22    9.426787e-05    9.443036e-05    9.304404e-05
  -2.750000e-02   -2.896379e+05   -3.466865e+05   -2.906485e+05   -2.810967e+03   -3.466865e+03   -2.546036e+03    2.403880e-10   -1.174468e-13   -2.063531e-13    3.460966e+04    6.827423e+04    3.556580e+04   -2.420835e-11   -5.437741e-13    1.452581e-14    1.341565e+03    0.000000e+00    1.441797e+03    3.605779e-06    4.403115e-06    3.697137e-06    2.755454e-21    7.476894e-23    1.313685e-22    9.426953e-05    9.443036e-05    9.304613e-05
  -2.708333e-02   -2.821093e+05   -3.414337e+05   -2.833898e+05   -2.728913e+03   -3.414337e+03   -2.461749e+03    2.367240e-10   -1.156673e-13   -2.064011e-13    3.506102e+04    6.827423e+04    3.594151e+04   -2.452408e-11   -5.437741e-13    1.479596e-14    1.387164e+03    0.000000e+00    1.488599e+03    3.511426e-06    4.336401e-06    3.605134e-06    2.704690e-21    7.363608e-23    1.313990e-22    9.427116e-05    9.443036e-05    9.304819e-05
  -2.666667e-02   -2.746096e+05   -3.361809e+05   -2.761551e+05   -2.647002e+03   -3.361809e+03   -2.377580e+03    2.330609e-10   -1.138878e-13   -2.064499e-13    3.550549e+04    6.827423e+04    3.630773e+04   -2.483500e-11   -5.437741e-13    1.506617e-14    1.433350e+03    0.000000e+00    1.535887e+03    3.417442e-06    4.269687e-06    3.513437e-06    2.653273e-21    7.250321e-23    1.314301e-22    9.427276e-05    9.443036e-05    9.305024e-05
  -2.625000e-02   -2.671384e+05   -3.309281e+05   -2.689438e+05   -2.565232e+03   -3.309281e+03   -2.293526e+03    2.293989e-10   -1.121083e-13   -2.064997e-13    3.594307e+04    6.827423e+04    3.666449e+04   -2.514110e-11   -5.437741e-13    1.533644e-14    1.480113e+03    0.000000e+00    1.583649e+03    3.323822e-06    4.202973e-06    3.422039e-06    2.601214e-21    7.137035e-23    1.314618e-22    9.427433e-05    9.443036e-05    9.305227e-05
  -2.583333e-02   -2.596953e+05   -3.256752e+05   -2.617552e+05   -2.483600e+03   -3.256752e+03   -2.209584e+03    2.257378e-10   -1.103288e-13   -2.065503e-13    3.637375e+04    6.827423e+04    3.701183e+04   -2.544237e-11   -5.437741e-13    1.560678e-14    1.527444e+03    0.000000e+00    1.631871e+03    3.230560e-06    4.136259e-06    3.330932e-06    2.548522e-21    7.023749e-23    1.314940e-22    9.427587e-05    9.443036e-05    9.305428e-05
  -2.541667e-02   -2.522798e+05   -3.204224e+05   -2.545887e+05   -2.402104e+03   -3.204224e+03   -2.125752e+03    2.220777e-10   -1.085493e-13   -2.066018e-13    3.679754e+04    6.827423e+04    3.734977e+04   -2.573883e-11   -5.437741e-13    1.587719e-14    1.575335e+03    0.000000e+00    1.680541e+03    3.137651e-06    4.069545e-06    3.240107e-06    2.495207e-21    6.910463e-23    1.315268e-22    9.427739e-05    9.443036e-05    9.305627e-05
  -2.500000e-02   -2.448914e+05   -3.151696e+05   -2.474438e+05   -2.320742e+03   -3.151696e+03   -2.042026e+03    2.184186e-10   -1.067698e-13   -2.066542e-13    3.721444e+04    6.827423e+04    3.767835e+04   -2.603046e-11   -5.437741e-13    1.614767e-14    1.623775e+03    0.000000e+00    1.729648e+03    3.045089e-06    4.002832e-06    3.149558e-06    2.441280e-21    6.797176e-23    1.315602e-22    9.427888e-05    9.443036e-05    9.305825e-05
  -2.458333e-02   -2.375298e+05   -3.099168e+05   -2.403198e+05   -2.239512e+03   -3.099168e+03   -1.958403e+03    2.147605e-10   -1.049903e-13   -2.067075e-13    3.762444e+04    6.827423e+04    3.799759e+04   -2.631728e-11   -5.437741e-13    1.641821e-14    1.672757e+03    0.000000e+00    1.779179e+03    2.952868e-06    3.936118e-06    3.059276e-06    2.386751e-21    6.683890e-23    1.315941e-22    9.428034e-05    9.443036e-05    9.306020e-05
  -2.416667e-02   -2.301945e+05   -3.046639e+05   -2.332161e+05   -2.158412e+03   -3.046639e+03   -1.874881e+03    2.111032e-10   -1.032108e-13   -2.067617e-13    3.802755e+04    6.827423e+04    3.830751e+04   -2.659927e-11   -5.437741e-13    1.668883e-14    1.722271e+03    0.000000e+00    1.829121e+03    2.860983e-06    3.869404e-06    2.969254e-06    2.331628e-21    6.570604e-23    1.316286e-22    9.428177e-05    9.443036e-05    9.306214e-05
  -2.375000e-02   -2.228850e+05   -2.994111e+05   -2.261321e+05   -2.077439e+03   -2.994111e+03   -1.791455e+03    2.074469e-10   -1.014313e-13   -2.068168e-13    3.842377e+04    6.827423e+04    3.860816e+04   -2.687645e-11   -5.437741e-13    1.695951e-14    1.772309e+03    0.000000e+00    1.879464e+03    2.769427e-06    3.802690e-06    2.879483e-06    2.275924e-21    6.457317e-23    1.316636e-22    9.428318e-05    9.443036e-05    9.306406e-05
  -2.333333e-02   -2.156010e+05   -2.941583e+05   -2.190672e+05   -1.996591e+03   -2.941583e+03   -1.708124e+03    2.037915e-10   -9.965181e-14   -2.068727e-13    3.881309e+04    6.827423e+04    3.889954e+04   -2.714880e-11   -5.437741e-13    1.723027e-14    1.822860e+03    0.000000e+00    1.930193e+03    2.678195e-06    3.735976e-06    2.789957e-06    2.219646e-21    6.344031e-23    1.316993e-22    9.428457e-05    9.443036e-05    9.306596e-05
  -2.291667e-02   -2.083418e+05   -2.889054e+05   -2.120208e+05   -1.915867e+03   -2.889054e+03   -1.624883e+03    2.001369e-10   -9.787231e-14   -2.069295e-13    3.919552e+04    6.827423e+04    3.918168e+04   -2.741633e-11   -5.437741e-13    1.750110e-14    1.873917e+03    0.000000e+00    1.981298e+03    2.587281e-06    3.669262e-06    2.700667e-06    2.162807e-21    6.230745e-23    1.317354e-22    9.428593e-05    9.443036e-05    9.306785e-05
  -2.250000e-02   -2.011072e+05   -2.836526e+05   -2.049923e+05   -1.835263e+03   -2.836526e+03   -1.541731e+03    1.964833e-10   -9.609282e-14   -2.069872e-13    3.957106e+04    6.827423e+04    3.945461e+04   -2.767904e-11   -5.437741e-13    1.777201e-14    1.925469e+03    0.000000e+00    2.032767e+03    2.496680e-06    3.602548e-06    2.611606e-06    2.105415e-21    6.117459e-23    1.317722e-22    9.428726e-05    9.443036e-05    9.306972e-05
  -2.208333e-02   -1.938966e+05   -2.783998e+05   -1.979811e+05   -1.754777e+03   -2.783998e+03   -1.458665e+03    1.928305e-10   -9.431332e-14   -2.070458e-13    3.993971e+04    6.827423e+04    3.971836e+04   -2.793693e-11   -5.437741e-13    1.804299e-14    1.977509e+03    0.000000e+00    2.084586e+03    2.406385e-06    3.535835e-06    2.522766e-06    2.047481e-21    6.004172e-23    1.318095e-22    9.428857e-05    9.443036e-05    9.307157e-05
  -2.166667e-02   -1.867097e+05   -2.731470e+05   -1.909867e+05   -1.674408e+03   -2.731470e+03   -1.375680e+03    1.891785e-10   -9.253382e-14   -2.071053e-13    4.030146e+04    6.827423e+04    3.997293e+04   -2.819000e-11   -5.437741e-13    1.831406e-14    2.030027e+03    0.000000e+00    2.136745e+03    2.316392e-06    3.469121e-06    2.434140e-06    1.989015e-21    5.890886e-23    1.318474e-22    9.428986e-05    9.443036e-05    9.307341e-05
  -2.125000e-02   -1.795459e+05   -2.678941e+05   -1.840083e+05   -1.594152e+03   -2.678941e+03   -1.292775e+03    1.855273e-10   -9.075433e-14   -2.071657e-13    4.065632e+04    6.827423e+04    4.021837e+04   -2.843825e-11   -5.437741e-13    1.858520e-14    2.083013e+03    0.000000e+00    2.189231e+03    2.226694e-06    3.402407e-06    2.345720e-06    1.930026e-21    5.777600e-23    1.318858e-22    9.429112e-05    9.443036e-05    9.307523e-05
  -2.083333e-02   -1.724048e+05   -2.626413e+05   -1.770454e+05   -1.514009e+03   -2.626413e+03   -1.209946e+03    1.818770e-10   -8.897483e-14   -2.072270e-13    4.100429e+04    6.827423e+04    4.045467e+04   -2.868168e-11   -5.437741e-13    1.885642e-14    2.136460e+03    0.000000e+00    2.242032e+03    2.137285e-06    3.335693e-06    2.257498e-06    1.870525e-21    5.664314e-23    1.319248e-22    9.429236e-05    9.443036e-05    9.307704e-05
  -2.041667e-02   -1.652860e+05   -2.573885e+05   -1.700975e+05   -1.433975e+03   -2.573885e+03   -1.127191e+03    1.782274e-10   -8.719533e-14   -2.072891e-13    4.134536e+04    6.827423e+04    4.068188e+04   -2.892029e-11   -5.437741e-13    1.912772e-14    2.190358e+03    0.000000e+00    2.295137e+03    2.048160e-06    3.268979e-06    2.169467e-06    1.810522e-21    5.551027e-23    1.319644e-22    9.429357e-05    9.443036e-05    9.307883e-05
  -2.000000e-02   -1.581891e+05   -2.521357e+05   -1.631639e+05   -1.354049e+03   -2.521357e+03   -1.044506e+03    1.745786e-10   -8.541584e-14   -2.073522e-13    4.167954e+04    6.827423e+04    4.089999e+04   -2.915408e-11   -5.437741e-13    1.939910e-14    2.244698e+03    0.000000e+00    2.348533e+03    1.959313e-06    3.202265e-06    2.081619e-06    1.750027e-21    5.437741e-23    1.320045e-22    9.429476e-05    9.443036e-05    9.308060e-05
  -1.958333e-02   -1.511135e+05   -2.468828e+05   -1.562441e+05   -1.274228e+03   -2.468828e+03   -9.618887e+02    1.709306e-10   -8.363634e-14   -2.074161e-13    4.200683e+04    6.827423e+04    4.110904e+04   -2.938305e-11   -5.437741e-13    1.967056e-14    2.299470e+03    0.000000e+00    2.402209e+03    1.870739e-06    3.135551e-06    1.993946e-06    1.689050e-21    5.324455e-23    1.320452e-22    9.429593e-05    9.443036e-05    9.308236e-05
  -1.916667e-02   -1.440588e+05   -2.416300e+05   -1.493374e+05   -1.194510e+03   -2.416300e+03   -8.793359e+02    1.672833e-10   -8.185684e-14   -2.074809e-13    4.232722e+04    6.827423e+04    4.130904e+04   -2.960720e-11   -5.437741e-13    1.994211e-14    2.354667e+03    0.000000e+00    2.456153e+03    1.782431e-06    3.068838e-06    1.906442e-06    1.627601e-21    5.211168e-23    1.320864e-22    9.429708e-05    9.443036e-05    9.308411e-05
  -1.875000e-02   -1.370247e+05   -2.363772e+05   -1.424433e+05   -1.114893e+03   -2.363772e+03   -7.968449e+02    1.636367e-10   -8.007735e-14   -2.075466e-13    4.264072e+04    6.827423e+04    4.150001e+04   -2.982652e-11   -5.437741e-13    2.021375e-14    2.410278e+03    0.000000e+00    2.510352e+03    1.694384e-06    3.002124e-06    1.819099e-06    1.565690e-21    5.097882e-23    1.321283e-22    9.429820e-05    9.443036e-05    9.308584e-05
  -1.833333e-02   -1.300106e+05   -2.311244e+05   -1.355612e+05   -1.035375e+03   -2.311244e+03   -7.144126e+02    1.599908e-10   -7.829785e-14   -2.076132e-13    4.294733e+04    6.827423e+04    4.168197e+04   -3.004103e-11   -5.437741e-13    2.048547e-14    2.466295e+03    0.000000e+00    2.564796e+03    1.606592e-06    2.935410e-06    1.731908e-06    1.503327e-21    4.984596e-23    1.321707e-22    9.429930e-05    9.443036e-05    9.308755e-05
  -1.791667e-02   -1.230161e+05   -2.258715e+05   -1.286904e+05   -9.559523e+02   -2.258715e+03   -6.320363e+02    1.563457e-10   -7.651835e-14   -2.076807e-13    4.324705e+04    6.827423e+04    4.185492e+04   -3.025071e-11   -5.437741e-13    2.075728e-14    2.522709e+03    0.000000e+00    2.619471e+03    1.519050e-06    2.868696e-06    1.644863e-06    1.440523e-21    4.871310e-23    1.322136e-22    9.430038e-05    9.443036e-05    9.308925e-05
  -1.750000e-02   -1.160407e+05   -2.206187e+05   -1.218305e+05   -8.766243e+02   -2.206187e+03   -5.497129e+02    1.527012e-10   -7.473886e-14   -2.077491e-13    4.353987e+04    6.827423e+04    4.201888e+04   -3.045558e-11   -5.437741e-13    2.102917e-14    2.579511e+03    0.000000e+00    2.674368e+03    1.431752e-06    2.801982e-06    1.557957e-06    1.377286e-21    4.758023e-23    1.322572e-22    9.430144e-05    9.443036e-05    9.309094e-05
  -1.708333e-02   -1.090841e+05   -2.153659e+05   -1.149808e+05   -7.973882e+02   -2.153659e+03   -4.674395e+02    1.490574e-10   -7.295936e-14   -2.078183e-13    4.382580e+04    6.827423e+04    4.217387e+04   -3.065562e-11   -5.437741e-13    2.130116e-14    2.636692e+03    0.000000e+00    2.729473e+03    1.344691e-06    2.735268e-06    1.471181e-06    1.313628e-21    4.644737e-23    1.323013e-22    9.430248e-05    9.443036e-05    9.309261e-05
  -1.666667e-02   -1.021457e+05   -2.101131e+05   -1.081407e+05   -7.182419e+02   -2.101131e+03   -3.852134e+02    1.454142e-10   -7.117986e-14   -2.078885e-13    4.410483e+04    6.827423e+04    4.231990e+04   -3.085085e-11   -5.437741e-13    2.157324e-14    2.694242e+03    0.000000e+00    2.784775e+03    1.257863e-06    2.668554e-06    1.384528e-06    1.249558e-21    4.531451e-23    1.323459e-22    9.430350e-05    9.443036e-05    9.309427e-05
  -1.666667e-02   -3.794013e+03   -8.404522e+03   -3.655607e+03   -6.452878e+02   -2.101131e+03   -2.177081e+02    1.453565e-10   -1.985504e-13   -2.637155e-13    4.410483e+04    2.730969e+04    4.231990e+04   -3.085085e-11    1.148919e-12    2.157324e-14    2.694242e+03    0.000000e+00    2.784775e+03    1.257863e-06    2.668554e-06    1.384528e-06    1.249558e-21    4.531451e-23    1.323459e-22    9.430350e-05    9.443036e-05    9.309427e-05
  -1.625000e-02   -3.666864e+03   -8.194409e+03   -3.535479e+03   -5.900513e+02   -2.048602e+03   -1.738261e+02    1.416604e-10   -1.935867e-13   -2.568435e-13    4.411651e+04    2.730969e+04    4.232461e+04   -3.104110e-11    1.148919e-12    2.191395e-14    2.751983e+03    0.000000e+00    2.840174e+03    1.226290e-06    2.601841e-06    1.350838e-06    1.220393e-21    4.418165e-23    1.291247e-22    9.430441e-05    9.443036e-05    9.309582e-05
  -1.583333e-02   -3.539778e+03   -7.984296e+03   -3.415373e+03   -5.348267e+02   -1.996074e+03   -1.299483e+02    1.379645e-10   -1.886229e-13   -2.499718e-13    4.412789e+04    2.730969e+04    4.232916e+04   -3.122654e-11    1.148919e-12    2.224566e-14    2.809739e+03    0.000000e+00    2.895580e+03    1.194739e-06    2.535127e-06    1.317156e-06    1.191070e-21    4.304878e-23    1.259034e-22    9.430535e-05    9.443036e-05    9.309737e-05
  -1.541667e-02   -3.412754e+03   -7.774183e+03   -3.295289e+03   -4.796138e+02   -1.943546e+03   -8.607428e+01    1.342689e-10   -1.836591e-13   -2.431002e-13    4.413898e+04    2.730969e+04    4.233355e+04   -3.140717e-11    1.148919e-12    2.256837e-14    2.867509e+03    0.000000e+00    2.950992e+03    1.163209e-06    2.468413e-06    1.283481e-06    1.161595e-21    4.191592e-23    1.226820e-22    9.430632e-05    9.443036e-05    9.309894e-05
  -1.500000e-02   -3.285789e+03   -7.564070e+03   -3.175225e+03   -4.244122e+02   -1.891017e+03   -4.220398e+01    1.305735e-10   -1.786954e-13   -2.362289e-13    4.414979e+04    2.730969e+04    4.233779e+04   -3.158297e-11    1.148919e-12    2.288209e-14    2.925294e+03    0.000000e+00    3.006409e+03    1.131698e-06    2.401699e-06    1.249814e-06    1.131970e-21    4.078306e-23    1.194605e-22    9.430731e-05    9.443036e-05    9.310052e-05
  -1.458333e-02   -3.158883e+03   -7.353957e+03   -3.055180e+03   -3.692216e+02   -1.838489e+03    1.662835e+00    1.268784e-10   -1.737316e-13   -2.293578e-13    4.416030e+04    2.730969e+04    4.234187e+04   -3.175396e-11    1.148919e-12    2.318682e-14    2.983093e+03    0.000000e+00    3.061832e+03    1.100207e-06    2.334985e-06    1.216152e-06    1.102199e-21    3.965019e-23    1.162390e-22    9.430833e-05    9.443036e-05    9.310211e-05
  -1.416667e-02   -3.032033e+03   -7.143844e+03   -2.935154e+03   -3.140418e+02   -1.785961e+03    4.552638e+01    1.231834e-10   -1.687679e-13   -2.224868e-13    4.417053e+04    2.730969e+04    4.234579e+04   -3.192014e-11    1.148919e-12    2.348255e-14    3.040906e+03    0.000000e+00    3.117260e+03    1.068735e-06    2.268271e-06    1.182497e-06    1.072288e-21    3.851733e-23    1.130174e-22    9.430938e-05    9.443036e-05    9.310371e-05
  -1.375000e-02   -2.905237e+03   -6.933731e+03   -2.815145e+03   -2.588722e+02   -1.733433e+03    8.938684e+01    1.194887e-10   -1.638041e-13   -2.156161e-13    4.418047e+04    2.730969e+04    4.234955e+04   -3.208149e-11    1.148919e-12    2.376929e-14    3.098731e+03    0.000000e+00    3.172693e+03    1.037281e-06    2.201557e-06    1.148848e-06    1.042239e-21    3.738447e-23    1.097958e-22    9.431045e-05    9.443036e-05    9.310532e-05
  -1.333333e-02   -2.778496e+03   -6.723618e+03   -2.695153e+03   -2.037128e+02   -1.680904e+03    1.332444e+02    1.157942e-10   -1.588403e-13   -2.087455e-13    4.419012e+04    2.730969e+04    4.235316e+04   -3.223804e-11    1.148919e-12    2.404703e-14    3.156570e+03    0.000000e+00    3.228130e+03    1.005844e-06    2.134844e-06    1.115204e-06    1.012057e-21    3.625161e-23    1.065741e-22    9.431154e-05    9.443036e-05    9.310694e-05
  -1.291667e-02   -2.651805e+03   -6.513505e+03   -2.575175e+03   -1.485630e+02   -1.628376e+03    1.770994e+02    1.120999e-10   -1.538766e-13   -2.018751e-13    4.419948e+04    2.730969e+04    4.235661e+04   -3.238976e-11    1.148919e-12    2.431578e-14    3.214420e+03    0.000000e+00    3.283573e+03    9.744245e-07    2.068130e-06    1.081566e-06    9.817454e-22    3.511874e-23    1.033524e-22    9.431266e-05    9.443036e-05    9.310857e-05
  -1.250000e-02   -2.525165e+03   -6.303392e+03   -2.455212e+03   -9.342272e+01   -1.575848e+03    2.209519e+02    1.084057e-10   -1.489128e-13   -1.950048e-13    4.420855e+04    2.730969e+04    4.235990e+04   -3.253667e-11    1.148919e-12    2.457554e-14    3.272283e+03    0.000000e+00    3.339020e+03    9.430214e-07    2.001416e-06    1.047932e-06    9.513090e-22    3.398588e-23    1.001307e-22    9.431381e-05    9.443036e-05    9.311021e-05
  -1.208333e-02   -2.398573e+03   -6.093279e+03   -2.335263e+03   -3.829148e+01   -1.523320e+03    2.648021e+02    1.047118e-10   -1.439491e-13   -1.881347e-13    4.421734e+04    2.730969e+04    4.236303e+04   -3.267876e-11    1.148919e-12    2.482630e-14    3.330158e+03    0.000000e+00    3.394471e+03    9.116341e-07    1.934702e-06    1.014303e-06    9.207515e-22    3.285302e-23    9.690890e-23    9.431498e-05    9.443036e-05    9.311186e-05
  -1.166667e-02   -2.272028e+03   -5.883166e+03   -2.215325e+03    1.683098e+01   -1.470791e+03    3.086502e+02    1.010181e-10   -1.389853e-13   -1.812647e-13    4.422583e+04    2.730969e+04    4.236601e+04   -3.281604e-11    1.148919e-12    2.506807e-14    3.388044e+03    0.000000e+00    3.449926e+03    8.802620e-07    1.867988e-06    9.806787e-07    8.900769e-22    3.172016e-23    9.368709e-23    9.431618e-05    9.443036e-05    9.311352e-05
  -1.125000e-02   -2.145528e+03   -5.673052e+03   -2.095399e+03    7.194499e+01   -1.418263e+03    3.524965e+02    9.732449e-11   -1.340215e-13   -1.743949e-13    4.423404e+04    2.730969e+04    4.236883e+04   -3.294850e-11    1.148919e-12    2.530085e-14    3.445941e+03    0.000000e+00    3.505385e+03    8.489045e-07    1.801274e-06    9.470577e-07    8.592893e-22    3.058729e-23    9.046526e-23    9.431741e-05    9.443036e-05    9.311519e-05
  -1.083333e-02   -2.019071e+03   -5.462939e+03   -1.975482e+03    1.270509e+02   -1.365735e+03    3.963412e+02    9.363109e-11   -1.290578e-13   -1.675252e-13    4.424195e+04    2.730969e+04    4.237150e+04   -3.307615e-11    1.148919e-12    2.552464e-14    3.503848e+03    0.000000e+00    3.560847e+03    8.175611e-07    1.734560e-06    9.134403e-07    8.283927e-22    2.945443e-23    8.724341e-23    9.431866e-05    9.443036e-05    9.311688e-05
  -1.041667e-02   -1.892656e+03   -5.252826e+03   -1.855575e+03    1.821489e+02   -1.313207e+03    4.401844e+02    8.993786e-11   -1.240940e-13   -1.606556e-13    4.424958e+04    2.730969e+04    4.237400e+04   -3.319898e-11    1.148919e-12    2.573943e-14    3.561766e+03    0.000000e+00    3.616313e+03    7.862312e-07    1.667846e-06    8.798261e-07    7.973912e-22    2.832157e-23    8.402154e-23    9.431993e-05    9.443036e-05    9.311857e-05
  -1.000000e-02   -1.766282e+03   -5.042713e+03   -1.735676e+03    2.372395e+02   -1.260678e+03    4.840264e+02    8.624478e-11   -1.191303e-13   -1.537861e-13    4.425692e+04    2.730969e+04    4.237635e+04   -3.331699e-11    1.148919e-12    2.594523e-14    3.619693e+03    0.000000e+00    3.671782e+03    7.549141e-07    1.601133e-06    8.462147e-07    7.662887e-22    2.718871e-23    8.079966e-23    9.432123e-05    9.443036e-05    9.312027e-05
  -9.583333e-03   -1.639946e+03   -4.832600e+03   -1.615784e+03    2.923229e+02   -1.208150e+03    5.278674e+02    8.255185e-11   -1.141665e-13   -1.469167e-13    4.426397e+04    2.730969e+04    4.237855e+04   -3.343018e-11    1.148919e-12    2.614204e-14    3.677630e+03    0.000000e+00    3.727254e+03    7.236092e-07    1.534419e-06    8.126058e-07    7.350893e-22    2.605584e-23    7.757777e-23    9.432256e-05    9.443036e-05    9.312199e-05
  -9.166667e-03   -1.513647e+03   -4.622487e+03   -1.495899e+03    3.473994e+02   -1.155622e+03    5.717075e+02    7.885907e-11   -1.092027e-13   -1.400474e-13    4.427073e+04    2.730969e+04    4.238059e+04   -3.353856e-11    1.148919e-12    2.632986e-14    3.735576e+03    0.000000e+00    3.782729e+03    6.923160e-07    1.467705e-06    7.789991e-07    7.037971e-22    2.492298e-23    7.435589e-23    9.432391e-05    9.443036e-05    9.312371e-05
  -8.750000e-03   -1.387384e+03   -4.412374e+03   -1.376018e+03    4.024695e+02   -1.103094e+03    6.155470e+02    7.516643e-11   -1.042390e-13   -1.331781e-13    4.427720e+04    2.730969e+04    4.238246e+04   -3.364213e-11    1.148919e-12    2.650869e-14    3.793530e+03    0.000000e+00    3.838206e+03    6.610339e-07    1.400991e-06    7.453942e-07    6.724160e-22    2.379012e-23    7.113400e-23    9.432529e-05    9.443036e-05    9.312545e-05
  -8.333333e-03   -1.261154e+03   -4.202261e+03   -1.256141e+03    4.575332e+02   -1.050565e+03    6.593861e+02    7.147392e-11   -9.927522e-14   -1.263090e-13    4.428339e+04    2.730969e+04    4.238419e+04   -3.374088e-11    1.148919e-12    2.667852e-14    3.851493e+03    0.000000e+00    3.893686e+03    6.297623e-07    1.334277e-06    7.117907e-07    6.409502e-22    2.265725e-23    6.791213e-23    9.432670e-05    9.443036e-05    9.312719e-05
  -7.916667e-03   -1.134956e+03   -3.992148e+03   -1.136268e+03    5.125912e+02   -9.980370e+02    7.032249e+02    6.778154e-11   -9.431145e-14   -1.194399e-13    4.428928e+04    2.730969e+04    4.238575e+04   -3.383481e-11    1.148919e-12    2.683936e-14    3.909464e+03    0.000000e+00    3.949167e+03    5.985005e-07    1.267563e-06    6.781884e-07    6.094037e-22    2.152439e-23    6.469026e-23    9.432813e-05    9.443036e-05    9.312895e-05
  -7.500000e-03   -1.008789e+03   -3.782035e+03   -1.016396e+03    5.676435e+02   -9.455087e+02    7.470638e+02    6.408928e-11   -8.934769e-14   -1.125709e-13    4.429489e+04    2.730969e+04    4.238716e+04   -3.392392e-11    1.148919e-12    2.699121e-14    3.967442e+03    0.000000e+00    4.004651e+03    5.672480e-07    1.200849e-06    6.445869e-07    5.777804e-22    2.039153e-23    6.146841e-23    9.432958e-05    9.443036e-05    9.313071e-05
  -7.083333e-03   -8.826506e+02   -3.571922e+03   -8.965255e+02    6.226906e+02   -8.929805e+02    7.909028e+02    6.039713e-11   -8.438393e-14   -1.057019e-13    4.430021e+04    2.730969e+04    4.238841e+04   -3.400822e-11    1.148919e-12    2.713407e-14    4.025427e+03    0.000000e+00    4.060137e+03    5.360043e-07    1.134136e-06    6.109859e-07    5.460844e-22    1.925867e-23    5.824658e-23    9.433107e-05    9.443036e-05    9.313249e-05
  -6.666667e-03   -7.565394e+02   -3.361809e+03   -7.766549e+02    6.777327e+02   -8.404522e+02    8.347422e+02    5.670509e-11   -7.942017e-14   -9.883296e-14    4.430524e+04    2.730969e+04    4.238951e+04   -3.408771e-11    1.148919e-12    2.726794e-14    4.083419e+03    0.000000e+00    4.115624e+03    5.047686e-07    1.067422e-06    5.773849e-07    5.143198e-22    1.812580e-23    5.502478e-23    9.433257e-05    9.443036e-05    9.313428e-05
  -6.250000e-03   -6.304539e+02   -3.151696e+03   -6.567832e+02    7.327702e+02   -7.879240e+02    8.785822e+02    5.301314e-11   -7.445641e-14   -9.196405e-14    4.430997e+04    2.730969e+04    4.239045e+04   -3.416237e-11    1.148919e-12    2.739282e-14    4.141418e+03    0.000000e+00    4.171112e+03    4.735404e-07    1.000708e-06    5.437837e-07    4.824907e-22    1.699294e-23    5.180301e-23    9.433411e-05    9.443036e-05    9.313607e-05
  -5.833333e-03   -5.043924e+02   -2.941583e+03   -5.369094e+02    7.878034e+02   -7.353957e+02    9.224230e+02    4.932130e-11   -6.949265e-14   -8.509516e-14    4.431443e+04    2.730969e+04    4.239123e+04   -3.423222e-11    1.148919e-12    2.750870e-14    4.199422e+03    0.000000e+00    4.226602e+03    4.423192e-07    9.339940e-07    5.101820e-07    4.506009e-22    1.586008e-23    4.858127e-23    9.433567e-05    9.443036e-05    9.313788e-05
  -5.416667e-03   -3.783532e+02   -2.731470e+03   -4.170325e+02    8.428327e+02   -6.828674e+02    9.662649e+02    4.562954e-11   -6.452889e-14   -7.822629e-14    4.431859e+04    2.730969e+04    4.239185e+04   -3.429726e-11    1.148919e-12    2.761560e-14    4.257433e+03    0.000000e+00    4.282092e+03    4.111042e-07    8.672802e-07    4.765793e-07    4.186546e-22    1.472722e-23    4.535957e-23    9.433725e-05    9.443036e-05    9.313970e-05
  -5.000000e-03   -2.523348e+02   -2.521357e+03   -2.971515e+02    8.978583e+02   -6.303392e+02    1.010108e+03    4.193786e-11   -5.956513e-14   -7.135742e-14    4.432246e+04    2.730969e+04    4.239232e+04   -3.435748e-11    1.148919e-12    2.771350e-14    4.315448e+03    0.000000e+00    4.337583e+03    3.798950e-07    8.005663e-07    4.429754e-07    3.866558e-22    1.359435e-23    4.213792e-23    9.433886e-05    9.443036e-05    9.314153e-05
  -4.583333e-03   -1.263355e+02   -2.311244e+03   -1.772654e+02    9.528806e+02   -5.778109e+02    1.053952e+03    3.824626e-11   -5.460137e-14   -6.448855e-14    4.432604e+04    2.730969e+04    4.239263e+04   -3.441288e-11    1.148919e-12    2.780241e-14    4.373468e+03    0.000000e+00    4.393075e+03    3.486909e-07    7.338525e-07    4.093699e-07    3.546086e-22    1.246149e-23    3.891631e-23    9.434050e-05    9.443036e-05    9.314337e-05
  -4.166667e-03   -3.536004e-01   -2.101131e+03   -5.737308e+01    1.007900e+03   -5.252826e+02    1.097798e+03    3.455473e-11   -4.963761e-14   -5.761968e-14    4.432934e+04    2.730969e+04    4.239278e+04   -3.446346e-11    1.148919e-12    2.788233e-14    4.431493e+03    0.000000e+00    4.448567e+03    3.174914e-07    6.671386e-07    3.757625e-07    3.225169e-22    1.132863e-23    3.569476e-23    9.434216e-05    9.443036e-05    9.314522e-05
  -3.750000e-03    1.256124e+02   -1.891017e+03    6.252639e+01    1.062916e+03   -4.727544e+02    1.141646e+03    3.086327e-11   -4.467385e-14   -5.075078e-14    4.433235e+04    2.730969e+04    4.239278e+04   -3.450923e-11    1.148919e-12    2.795326e-14    4.489522e+03    0.000000e+00    4.504059e+03    2.862957e-07    6.004247e-07    3.421528e-07    2.903848e-22    1.019576e-23    3.247326e-23    9.434385e-05    9.443036e-05    9.314708e-05
  -3.333333e-03    2.515642e+02   -1.680904e+03    1.824341e+02    1.117931e+03   -4.202261e+02    1.185496e+03    2.717185e-11   -3.971009e-14   -4.388185e-14    4.433506e+04    2.730969e+04    4.239262e+04   -3.455019e-11    1.148919e-12    2.801519e-14    4.547555e+03    0.000000e+00    4.559551e+03    2.551035e-07    5.337109e-07    3.085405e-07    2.582164e-22    9.062902e-24    2.925183e-23    9.434557e-05    9.443036e-05    9.314895e-05
  -2.916667e-03    3.775034e+02   -1.470791e+03    3.023509e+02    1.172943e+03   -3.676978e+02    1.229348e+03    2.348049e-11   -3.474633e-14   -3.701289e-14    4.433749e+04    2.730969e+04    4.239230e+04   -3.458632e-11    1.148919e-12    2.806814e-14    4.605591e+03    0.000000e+00    4.615042e+03    2.239140e-07    4.669970e-07    2.749252e-07    2.260157e-22    7.930039e-24    2.603046e-23    9.434731e-05    9.443036e-05    9.315083e-05
  -2.500000e-03    5.034316e+02   -1.260678e+03    4.222781e+02    1.227953e+03   -3.151696e+02    1.273203e+03    1.978918e-11   -2.978256e-14   -3.014388e-14    4.433963e+04    2.730969e+04    4.239183e+04   -3.461765e-11    1.148919e-12    2.811209e-14    4.663630e+03    0.000000e+00    4.670533e+03    1.927266e-07    4.002832e-07    2.413067e-07    1.937867e-22    6.797176e-24    2.280916e-23    9.434907e-05    9.443036e-05    9.315272e-05
  -2.083333e-03    6.293504e+02   -1.050565e+03    5.422165e+02    1.282962e+03   -2.626413e+02    1.317060e+03    1.609790e-11   -2.481880e-14   -2.327483e-14    4.434148e+04    2.730969e+04    4.239120e+04   -3.464415e-11    1.148919e-12    2.814706e-14    4.721671e+03    0.000000e+00    4.726024e+03    1.615408e-07    3.335693e-07    2.076845e-07    1.615334e-22    5.664314e-24    1.958793e-23    9.435087e-05    9.443036e-05    9.315462e-05
  -1.666667e-03    7.552616e+02   -8.404522e+02    6.621672e+02    1.337970e+03   -2.101131e+02    1.360920e+03    1.240665e-11   -1.985504e-14   -1.640571e-14    4.434305e+04    2.730969e+04    4.239041e+04   -3.466584e-11    1.148919e-12    2.817303e-14    4.779715e+03    0.000000e+00    4.781513e+03    1.303560e-07    2.668554e-07    1.740583e-07    1.292599e-22    4.531451e-24    1.636679e-23    9.435268e-05    9.443036e-05    9.315654e-05
  -1.250000e-03    8.811666e+02   -6.303392e+02    7.821311e+02    1.392977e+03   -1.575848e+02    1.404783e+03    8.715432e-12   -1.489128e-14   -9.536517e-15    4.434432e+04    2.730969e+04    4.238946e+04   -3.468271e-11    1.148919e-12    2.819001e-14    4.837761e+03    0.000000e+00    4.837002e+03    9.917155e-08    2.001416e-07    1.404278e-07    9.697029e-23    3.398588e-24    1.314573e-23    9.435453e-05    9.443036e-05    9.315846e-05
  -8.333333e-04    1.007067e+03   -4.202261e+02    9.021095e+02    1.447984e+03   -1.050565e+02    1.448649e+03    5.024230e-12   -9.927522e-15   -2.667250e-15    4.434530e+04    2.730969e+04    4.238836e+04   -3.469477e-11    1.148919e-12    2.819799e-14    4.895808e+03    0.000000e+00    4.892489e+03    6.798689e-08    1.334277e-07    1.067927e-07    6.466850e-23    2.265725e-24    9.924760e-24    9.435640e-05    9.443036e-05    9.316039e-05
  -4.166667e-04    1.132965e+03   -2.101131e+02    1.022103e+03    1.502990e+03   -5.252826e+01    1.492519e+03    1.333040e-12   -4.963761e-15    4.202103e-15    4.434600e+04    2.730969e+04    4.238710e+04   -3.470201e-11    1.148919e-12    2.819699e-14    4.953857e+03    0.000000e+00    4.947974e+03    3.680142e-08    6.671386e-08    7.315256e-08    3.235861e-23    1.132863e-24    6.703882e-24    9.435829e-05    9.443036e-05    9.316234e-05
  -3.469447e-18    1.258861e+03   -1.749543e-12    1.142113e+03    1.557997e+03   -4.373857e-13    1.536393e+03   -2.358143e-12   -3.304588e-29    1.107155e-14    4.434641e+04    2.730969e+04    4.238569e+04   -3.470443e-11    1.148919e-12    2.818699e-14    5.011906e+03    0.000000e+00    5.003458e+03    5.614543e-09    5.555045e-22    3.950709e-08    4.464102e-26    4.158119e-39    3.483103e-24    9.436021e-05    9.443036e-05    9.316429e-05
   4.166667e-04    1.384758e+03    2.101131e+02    1.262141e+03    1.613004e+03    5.252826e+01    1.580270e+03   -6.049327e-12    4.963761e-15    1.794110e-14    4.434652e+04    2.730969e+04    4.238411e+04   -3.470204e-11    1.148919e-12    2.816800e-14    5.069955e+03    0.000000e+00    5.058939e+03   -2.557433e-08   -6.671386e-08    5.855932e-09   -3.226936e-23   -1.132863e-24    2.624253e-25    9.436216e-05    9.443036e-05    9.316626e-05
   8.333333e-04    1.510657e+03    4.202261e+02    1.382186e+03    1.668012e+03    1.050565e+02    1.624151e+03   -9.740517e-12    9.927522e-15    2.481076e-14    4.434635e+04    2.730969e+04    4.238238e+04   -3.469483e-11    1.148919e-12    2.814002e-14    5.128004e+03    0.000000e+00    5.114419e+03   -5.676580e-08   -1.334277e-07   -2.780124e-08   -6.457935e-23   -2.265725e-24   -2.958145e-24    9.436414e-05    9.443036e-05    9.316823e-05
   1.250000e-03    1.636560e+03    6.303392e+02    1.502252e+03    1.723021e+03    1.575848e+02    1.668037e+03   -1.343172e-11    1.489128e-14    3.168055e-14    4.434589e+04    2.730969e+04    4.238049e+04   -3.468281e-11    1.148919e-12    2.810305e-14    5.186053e+03    0.000000e+00    5.169896e+03   -8.796045e-08   -2.001416e-07   -6.146478e-08   -9.688131e-23   -3.398588e-24   -6.178604e-24    9.436613e-05    9.443036e-05    9.317022e-05
   1.666667e-03    1.762468e+03    8.404522e+02    1.622337e+03    1.778032e+03    2.101131e+02    1.711927e+03   -1.712294e-11    1.985504e-14    3.855046e-14    4.434515e+04    2.730969e+04    4.237845e+04   -3.466597e-11    1.148919e-12    2.805708e-14    5.244102e+03    0.000000e+00    5.225371e+03   -1.191589e-07   -2.668554e-07   -9.513502e-08   -1.291712e-22   -4.531451e-24   -9.398947e-24    9.436816e-05    9.443036e-05    9.317221e-05
   2.083333e-03    1.888382e+03    1.050565e+03    1.742445e+03    1.833044e+03    2.626413e+02    1.755822e+03   -2.081419e-11    2.481880e-14    4.542051e-14    4.434411e+04    2.730969e+04    4.237625e+04   -3.464431e-11    1.148919e-12    2.800212e-14    5.302149e+03    0.000000e+00    5.280843e+03   -1.503617e-07   -3.335693e-07   -1.288123e-07   -1.614450e-22   -5.664314e-24   -1.261917e-23    9.437021e-05    9.443036e-05    9.317422e-05
   2.500000e-03    2.014306e+03    1.260678e+03    1.862574e+03    1.888058e+03    3.151696e+02    1.799721e+03   -2.450546e-11    2.978256e-14    5.229070e-14    4.434278e+04    2.730969e+04    4.237389e+04   -3.461784e-11    1.148919e-12    2.793817e-14    5.360194e+03    0.000000e+00    5.336311e+03   -1.815695e-07   -4.002832e-07   -1.624970e-07   -1.936986e-22   -6.797176e-24   -1.583927e-23    9.437229e-05    9.443036e-05    9.317624e-05
   2.916667e-03    2.140239e+03    1.470791e+03    1.982728e+03    1.943075e+03    3.676978e+02    1.843626e+03   -2.819678e-11    3.474633e-14    5.916104e-14    4.434117e+04    2.730969e+04    4.237137e+04   -3.458655e-11    1.148919e-12    2.786523e-14    5.418237e+03    0.000000e+00    5.391777e+03   -2.127828e-07   -4.669970e-07   -1.961894e-07   -2.259281e-22   -7.930039e-24   -1.905924e-23    9.437439e-05    9.443036e-05    9.317826e-05
   3.333333e-03    2.266184e+03    1.680904e+03    2.102905e+03    1.998095e+03    4.202261e+02    1.887536e+03   -3.188814e-11    3.971009e-14    6.603155e-14    4.433926e+04    2.730969e+04    4.236870e+04   -3.455044e-11    1.148919e-12    2.778329e-14    5.476279e+03    0.000000e+00    5.447239e+03   -2.440023e-07   -5.337109e-07   -2.298898e-07   -2.581293e-22   -9.062902e-24   -2.227907e-23    9.437652e-05    9.443036e-05    9.318030e-05
   3.750000e-03    2.392143e+03    1.891017e+03    2.223109e+03    2.053118e+03    4.727544e+02    1.931452e+03   -3.557955e-11    4.467385e-14    7.290223e-14    4.433707e+04    2.730969e+04    4.236587e+04   -3.450952e-11    1.148919e-12    2.769236e-14    5.534317e+03    0.000000e+00    5.502698e+03   -2.752286e-07   -6.004247e-07   -2.635987e-07   -2.902983e-22   -1.019576e-23   -2.549876e-23    9.437867e-05    9.443036e-05    9.318235e-05
   4.166667e-03    2.518117e+03    2.101131e+03    2.343339e+03    2.108144e+03    5.252826e+02    1.975373e+03   -3.927102e-11    4.963761e-14    7.977309e-14    4.433459e+04    2.730969e+04    4.236288e+04   -3.446378e-11    1.148919e-12    2.759243e-14    5.592353e+03    0.000000e+00    5.558153e+03   -3.064622e-07   -6.671386e-07   -2.973163e-07   -3.224310e-22   -1.132863e-23   -2.871832e-23    9.438085e-05    9.443036e-05    9.318441e-05
   4.583333e-03    2.644107e+03    2.311244e+03    2.463596e+03    2.163174e+03    5.778109e+02    2.019300e+03   -4.296255e-11    5.460137e-14    8.664413e-14    4.433182e+04    2.730969e+04    4.235973e+04   -3.441323e-11    1.148919e-12    2.748351e-14    5.650385e+03    0.000000e+00    5.613604e+03   -3.377037e-07   -7.338525e-07   -3.310430e-07   -3.545233e-22   -1.246149e-23   -3.193772e-23    9.438306e-05    9.443036e-05    9.318648e-05
   5.000000e-03    2.770116e+03    2.521357e+03    2.583882e+03    2.218207e+03    6.303392e+02    2.063233e+03   -4.665415e-11    5.956513e-14    9.351537e-14    4.432876e+04    2.730969e+04    4.235643e+04   -3.435786e-11    1.148919e-12    2.736560e-14    5.708413e+03    0.000000e+00    5.669050e+03   -3.689538e-07   -8.005663e-07   -3.647792e-07   -3.865714e-22   -1.359435e-23   -3.515697e-23    9.438529e-05    9.443036e-05    9.318855e-05
   5.416667e-03    2.896144e+03    2.731470e+03    2.704198e+03    2.273245e+03    6.828674e+02    2.107173e+03   -5.034583e-11    6.452889e-14    1.003868e-13    4.432541e+04    2.730969e+04    4.235297e+04   -3.429767e-11    1.148919e-12    2.723869e-14    5.766437e+03    0.000000e+00    5.724492e+03   -4.002130e-07   -8.672802e-07   -3.985251e-07   -4.185710e-22   -1.472722e-23   -3.837607e-23    9.438755e-05    9.443036e-05    9.319064e-05
   5.833333e-03    3.022194e+03    2.941583e+03    2.824545e+03    2.328288e+03    7.353957e+02    2.151119e+03   -5.403758e-11    6.949265e-14    1.072585e-13    4.432177e+04    2.730969e+04    4.234935e+04   -3.423267e-11    1.148919e-12    2.710279e-14    5.824456e+03    0.000000e+00    5.779930e+03   -4.314819e-07   -9.339940e-07   -4.322811e-07   -4.505182e-22   -1.586008e-23   -4.159500e-23    9.438983e-05    9.443036e-05    9.319274e-05
   6.250000e-03    3.148268e+03    3.151696e+03    2.944923e+03    2.383336e+03    7.879240e+02    2.195071e+03   -5.772943e-11    7.445641e-14    1.141303e-13    4.431785e+04    2.730969e+04    4.234557e+04   -3.416285e-11    1.148919e-12    2.695789e-14    5.882471e+03    0.000000e+00    5.835363e+03   -4.627611e-07   -1.000708e-06   -4.660476e-07   -4.824089e-22   -1.699294e-23   -4.481377e-23    9.439214e-05    9.443036e-05    9.319485e-05
   6.666667e-03    3.274366e+03    3.361809e+03    3.065334e+03    2.438389e+03    8.404522e+02    2.239031e+03   -6.142137e-11    7.942017e-14    1.210024e-13    4.431363e+04    2.730969e+04    4.234164e+04   -3.408822e-11    1.148919e-12    2.680399e-14    5.940480e+03    0.000000e+00    5.890790e+03   -4.940513e-07   -1.067422e-06   -4.998249e-07   -5.142391e-22   -1.812580e-23   -4.803237e-23    9.439448e-05    9.443036e-05    9.319697e-05
   7.083333e-03    3.400490e+03    3.571922e+03    3.185779e+03    2.493448e+03    8.929805e+02    2.282998e+03   -6.511341e-11    8.438393e-14    1.278748e-13    4.430913e+04    2.730969e+04    4.233755e+04   -3.400877e-11    1.148919e-12    2.664110e-14    5.998483e+03    0.000000e+00    5.946213e+03   -5.253529e-07   -1.134136e-06   -5.336134e-07   -5.460048e-22   -1.925867e-23   -5.125079e-23    9.439684e-05    9.443036e-05    9.319911e-05
   7.500000e-03    3.526643e+03    3.782035e+03    3.306259e+03    2.548512e+03    9.455087e+02    2.326972e+03   -6.880556e-11    8.934769e-14    1.347474e-13    4.430434e+04    2.730969e+04    4.233330e+04   -3.392450e-11    1.148919e-12    2.646922e-14    6.056481e+03    0.000000e+00    6.001630e+03   -5.566667e-07   -1.200849e-06   -5.674133e-07   -5.777020e-22   -2.039153e-23   -5.446903e-23    9.439923e-05    9.443036e-05    9.320125e-05
   7.916667e-03    3.652825e+03    3.992148e+03    3.426774e+03    2.603583e+03    9.980370e+02    2.370954e+03   -7.249782e-11    9.431145e-14    1.416202e-13    4.429926e+04    2.730969e+04    4.232889e+04   -3.383542e-11    1.148919e-12    2.628834e-14    6.114472e+03    0.000000e+00    6.057041e+03   -5.879931e-07   -1.267563e-06   -6.012250e-07   -6.093265e-22   -2.152439e-23   -5.768709e-23    9.440164e-05    9.443036e-05    9.320340e-05
   8.333333e-03    3.779038e+03    4.202261e+03    3.547326e+03    2.658661e+03    1.050565e+03    2.414943e+03   -7.619021e-11    9.927522e-14    1.484933e-13    4.429389e+04    2.730969e+04    4.232433e+04   -3.374152e-11    1.148919e-12    2.609846e-14    6.172456e+03    0.000000e+00    6.112446e+03   -6.193329e-07   -1.334277e-06   -6.350490e-07   -6.408743e-22   -2.265725e-23   -6.090496e-23    9.440408e-05    9.443036e-05    9.320556e-05
   8.750000e-03    3.905285e+03    4.412374e+03    3.667916e+03    2.713745e+03    1.103094e+03    2.458941e+03   -7.988272e-11    1.042390e-13    1.553667e-13    4.428823e+04    2.730969e+04    4.231960e+04   -3.364280e-11    1.148919e-12    2.589958e-14    6.230433e+03    0.000000e+00    6.167846e+03   -6.506865e-07   -1.400991e-06   -6.688854e-07   -6.723415e-22   -2.379012e-23   -6.412263e-23    9.440654e-05    9.443036e-05    9.320773e-05
   9.166667e-03    4.031566e+03    4.622487e+03    3.788545e+03    2.768837e+03    1.155622e+03    2.502946e+03   -8.357536e-11    1.092027e-13    1.622404e-13    4.428228e+04    2.730969e+04    4.231472e+04   -3.353927e-11    1.148919e-12    2.569171e-14    6.288402e+03    0.000000e+00    6.223239e+03   -6.820545e-07   -1.467705e-06   -7.027347e-07   -7.037240e-22   -2.492298e-23   -6.734011e-23    9.440903e-05    9.443036e-05    9.320992e-05
   9.583333e-03    4.157883e+03    4.832600e+03    3.909214e+03    2.823936e+03    1.208150e+03    2.546960e+03   -8.726814e-11    1.141665e-13    1.691143e-13    4.427604e+04    2.730969e+04    4.230969e+04   -3.343092e-11    1.148919e-12    2.547484e-14    6.346363e+03    0.000000e+00    6.278625e+03   -7.134377e-07   -1.534419e-06   -7.365971e-07   -7.350177e-22   -2.605584e-23   -7.055739e-23    9.441155e-05    9.443036e-05    9.321211e-05
   1.000000e-02    4.284238e+03    5.042713e+03    4.029924e+03    2.879043e+03    1.260678e+03    2.590982e+03   -9.096106e-11    1.191303e-13    1.759885e-13    4.426952e+04    2.730969e+04    4.230449e+04   -3.331776e-11    1.148919e-12    2.524897e-14    6.404316e+03    0.000000e+00    6.334005e+03   -7.448365e-07   -1.601133e-06   -7.704732e-07   -7.662187e-22   -2.718871e-23   -7.377445e-23    9.441409e-05    9.443036e-05    9.321431e-05
   1.041667e-02    4.410632e+03    5.252826e+03    4.150676e+03    2.934158e+03    1.313207e+03    2.635013e+03   -9.465414e-11    1.240940e-13    1.828631e-13    4.426270e+04    2.730969e+04    4.229913e+04   -3.319978e-11    1.148919e-12    2.501410e-14    6.462260e+03    0.000000e+00    6.389378e+03   -7.762516e-07   -1.667846e-06   -8.043630e-07   -7.973228e-22   -2.832157e-23   -7.699131e-23    9.441666e-05    9.443036e-05    9.321653e-05
   1.083333e-02    4.537068e+03    5.462939e+03    4.271471e+03    2.989281e+03    1.365735e+03    2.679054e+03   -9.834738e-11    1.290578e-13    1.897379e-13    4.425560e+04    2.730969e+04    4.229362e+04   -3.307698e-11    1.148919e-12    2.477023e-14    6.520195e+03    0.000000e+00    6.444744e+03   -8.076835e-07   -1.734560e-06   -8.382672e-07   -8.283261e-22   -2.945443e-23   -8.020795e-23    9.441925e-05    9.443036e-05    9.321875e-05
   1.125000e-02    4.663546e+03    5.673052e+03    4.392309e+03    3.044414e+03    1.418263e+03    2.723103e+03   -1.020408e-10    1.340215e-13    1.966131e-13    4.424821e+04    2.730969e+04    4.228795e+04   -3.294937e-11    1.148919e-12    2.451737e-14    6.578121e+03    0.000000e+00    6.500103e+03   -8.391328e-07   -1.801274e-06   -8.721859e-07   -8.592245e-22   -3.058729e-23   -8.342437e-23    9.442187e-05    9.443036e-05    9.322098e-05
   1.166667e-02    4.790068e+03    5.883166e+03    4.513193e+03    3.099555e+03    1.470791e+03    2.767162e+03   -1.057343e-10    1.389853e-13    2.034886e-13    4.424053e+04    2.730969e+04    4.228212e+04   -3.281694e-11    1.148919e-12    2.425550e-14    6.636037e+03    0.000000e+00    6.555454e+03   -8.706002e-07   -1.867988e-06   -9.061195e-07   -8.900139e-22   -3.172016e-23   -8.664056e-23    9.442452e-05    9.443036e-05    9.322323e-05
   1.208333e-02    4.916636e+03    6.093279e+03    4.634123e+03    3.154706e+03    1.523320e+03    2.811230e+03   -1.094281e-10    1.439491e-13    2.103645e-13    4.423256e+04    2.730969e+04    4.227614e+04   -3.267970e-11    1.148919e-12    2.398463e-14    6.693942e+03    0.000000e+00    6.610797e+03   -9.020863e-07   -1.934702e-06   -9.400683e-07   -9.206904e-22   -3.285302e-23   -8.985652e-23    9.442719e-05    9.443036e-05    9.322548e-05
   1.250000e-02    5.043252e+03    6.303392e+03    4.755100e+03    3.209867e+03    1.575848e+03    2.855308e+03   -1.131220e-10    1.489128e-13    2.172407e-13    4.422430e+04    2.730969e+04    4.226999e+04   -3.253764e-11    1.148919e-12    2.370477e-14    6.751837e+03    0.000000e+00    6.666132e+03   -9.335915e-07   -2.001416e-06   -9.740327e-07   -9.512499e-22   -3.398588e-23   -9.307225e-23    9.442989e-05    9.443036e-05    9.322775e-05
   1.291667e-02    5.169917e+03    6.513505e+03    4.876125e+03    3.265038e+03    1.628376e+03    2.899396e+03   -1.168161e-10    1.538766e-13    2.241172e-13    4.421575e+04    2.730969e+04    4.226369e+04   -3.239076e-11    1.148919e-12    2.341590e-14    6.809721e+03    0.000000e+00    6.721459e+03   -9.651166e-07   -2.068130e-06   -1.008013e-06   -9.816883e-22   -3.511874e-23   -9.628774e-23    9.443261e-05    9.443036e-05    9.323003e-05
   1.333333e-02    5.296633e+03    6.723618e+03    4.997200e+03    3.320219e+03    1.680904e+03    2.943495e+03   -1.205105e-10    1.588403e-13    2.309941e-13    4.420692e+04    2.730969e+04    4.225723e+04   -3.223906e-11    1.148919e-12    2.311803e-14    6.867594e+03    0.000000e+00    6.776778e+03   -9.966621e-07   -2.134844e-06   -1.042010e-06   -1.012002e-21   -3.625161e-23   -9.950299e-23    9.443536e-05    9.443036e-05    9.323231e-05
   1.375000e-02    5.423401e+03    6.933731e+03    5.118324e+03    3.375411e+03    1.733433e+03    2.987603e+03   -1.242050e-10    1.638041e-13    2.378714e-13    4.419779e+04    2.730969e+04    4.225061e+04   -3.208256e-11    1.148919e-12    2.281116e-14    6.925454e+03    0.000000e+00    6.832088e+03   -1.028229e-06   -2.201557e-06   -1.076023e-06   -1.042186e-21   -3.738447e-23   -1.027180e-22    9.443813e-05    9.443036e-05    9.323461e-05
   1.416667e-02    5.550223e+03    7.143844e+03    5.239500e+03    3.430615e+03    1.785961e+03    3.031723e+03   -1.278997e-10    1.687679e-13    2.447491e-13    4.418838e+04    2.730969e+04    4.224383e+04   -3.192123e-11    1.148919e-12    2.249528e-14    6.983303e+03    0.000000e+00    6.887390e+03   -1.059817e-06   -2.268271e-06   -1.110053e-06   -1.072237e-21   -3.851733e-23   -1.059327e-22    9.444093e-05    9.443036e-05    9.323691e-05
   1.458333e-02    5.677101e+03    7.353957e+03    5.360728e+03    3.485829e+03    1.838489e+03    3.075853e+03   -1.315946e-10    1.737316e-13    2.516271e-13    4.417868e+04    2.730969e+04    4.223689e+04   -3.175509e-11    1.148919e-12    2.217041e-14    7.041139e+03    0.000000e+00    6.942682e+03   -1.091427e-06   -2.334985e-06   -1.144101e-06   -1.102151e-21   -3.965019e-23   -1.091472e-22    9.444376e-05    9.443036e-05    9.323923e-05
   1.500000e-02    5.804037e+03    7.564070e+03    5.482010e+03    3.541055e+03    1.891017e+03    3.119994e+03   -1.352898e-10    1.786954e-13    2.585055e-13    4.416868e+04    2.730969e+04    4.222979e+04   -3.158413e-11    1.148919e-12    2.183653e-14    7.098962e+03    0.000000e+00    6.997966e+03   -1.123060e-06   -2.401699e-06   -1.178166e-06   -1.131924e-21   -4.078306e-23   -1.123614e-22    9.444661e-05    9.443036e-05    9.324156e-05
   1.541667e-02    5.931031e+03    7.774183e+03    5.603345e+03    3.596293e+03    1.943546e+03    3.164146e+03   -1.389852e-10    1.836591e-13    2.653844e-13    4.415840e+04    2.730969e+04    4.222254e+04   -3.140835e-11    1.148919e-12    2.149364e-14    7.156772e+03    0.000000e+00    7.053240e+03   -1.154717e-06   -2.468413e-06   -1.212249e-06   -1.161551e-21   -4.191592e-23   -1.155754e-22    9.444949e-05    9.443036e-05    9.324389e-05
   1.583333e-02    6.058086e+03    7.984296e+03    5.724736e+03    3.651544e+03    1.996074e+03    3.208310e+03   -1.426808e-10    1.886229e-13    2.722637e-13    4.414783e+04    2.730969e+04    4.221512e+04   -3.122776e-11    1.148919e-12    2.114175e-14    7.214569e+03    0.000000e+00    7.108504e+03   -1.186397e-06   -2.535127e-06   -1.246351e-06   -1.191030e-21   -4.304878e-23   -1.187891e-22    9.445239e-05    9.443036e-05    9.324624e-05
   1.625000e-02    6.185203e+03    8.194409e+03    5.846184e+03    3.706807e+03    2.048602e+03    3.252486e+03   -1.463767e-10    1.935867e-13    2.791433e-13    4.413698e+04    2.730969e+04    4.220755e+04   -3.104236e-11    1.148919e-12    2.078086e-14    7.272351e+03    0.000000e+00    7.163759e+03   -1.218102e-06   -2.601841e-06   -1.280471e-06   -1.220354e-21   -4.418165e-23   -1.220025e-22    9.445532e-05    9.443036e-05    9.324860e-05
   1.666667e-02    6.312383e+03    8.404522e+03    5.967688e+03    3.762083e+03    2.101131e+03    3.296673e+03   -1.500728e-10    1.985504e-13    2.860235e-13    4.412583e+04    2.730969e+04    4.219982e+04   -3.085213e-11    1.148919e-12    2.041095e-14    7.330119e+03    0.000000e+00    7.219003e+03   -1.249832e-06   -2.668554e-06   -1.314611e-06   -1.249522e-21   -4.531451e-23   -1.252156e-22    9.445827e-05    9.443036e-05    9.325096e-05
   1.666667e-02    1.052625e+05    2.101131e+05    1.057696e+05    3.236613e+03    2.101131e+03    2.862447e+03   -1.501671e-10    7.117986e-14    1.966882e-13    4.412583e+04    6.827423e+04    4.219982e+04   -3.085213e-11   -5.437741e-13    2.041095e-14    7.330119e+03    0.000000e+00    7.219003e+03   -1.249832e-06   -2.668554e-06   -1.314611e-06   -1.249522e-21   -4.531451e-23   -1.252156e-22    9.445827e-05    9.443036e-05    9.325096e-05
   1.708333e-02    1.122010e+05    2.153659e+05    1.126338e+05    3.315841e+03    2.153659e+03    2.944875e+03   -1.538103e-10    7.295936e-14    1.966218e-13    4.384653e+04    6.827423e+04    4.205687e+04   -3.065689e-11   -5.437741e-13    2.015353e-14    7.387696e+03    0.000000e+00    7.274150e+03   -1.336849e-06   -2.735268e-06   -1.401570e-06   -1.313595e-21   -4.644737e-23   -1.251733e-22    9.446112e-05    9.443036e-05    9.325323e-05
   1.750000e-02    1.191577e+05    2.206187e+05    1.195078e+05    3.395161e+03    2.206187e+03    3.027354e+03   -1.574541e-10    7.473886e-14    1.965563e-13    4.356034e+04    6.827423e+04    4.190494e+04   -3.045683e-11   -5.437741e-13    1.989620e-14    7.444904e+03    0.000000e+00    7.329104e+03   -1.424104e-06   -2.801982e-06   -1.488655e-06   -1.377256e-21   -4.758023e-23   -1.251316e-22    9.446396e-05    9.443036e-05    9.325547e-05
   1.791667e-02    1.261332e+05    2.258715e+05    1.263922e+05    3.474575e+03    2.258715e+03    3.109885e+03   -1.610986e-10    7.651835e-14    1.964916e-13    4.326725e+04    6.827423e+04    4.174400e+04   -3.025195e-11   -5.437741e-13    1.963895e-14    7.501733e+03    0.000000e+00    7.383853e+03   -1.511602e-06   -2.868696e-06   -1.575873e-06   -1.440495e-21   -4.871310e-23   -1.250904e-22    9.446677e-05    9.443036e-05    9.325771e-05
   1.833333e-02    1.331278e+05    2.311244e+05    1.332876e+05    3.554085e+03    2.311244e+03    3.192473e+03   -1.647438e-10    7.829785e-14    1.964278e-13    4.296728e+04    6.827423e+04    4.157404e+04   -3.004225e-11   -5.437741e-13    1.938179e-14    7.558173e+03    0.000000e+00    7.438385e+03   -1.599349e-06   -2.935410e-06   -1.663232e-06   -1.503302e-21   -4.984596e-23   -1.250498e-22    9.446956e-05    9.443036e-05    9.325993e-05
   1.875000e-02    1.401420e+05    2.363772e+05    1.401947e+05    3.633694e+03    2.363772e+03    3.275119e+03   -1.683896e-10    8.007735e-14    1.963648e-13    4.266041e+04    6.827423e+04    4.139505e+04   -2.982773e-11   -5.437741e-13    1.912470e-14    7.614216e+03    0.000000e+00    7.492690e+03   -1.687351e-06   -3.002124e-06   -1.750739e-06   -1.565668e-21   -5.097882e-23   -1.250097e-22    9.447233e-05    9.443036e-05    9.326213e-05
   1.916667e-02    1.471763e+05    2.416300e+05    1.471139e+05    3.713403e+03    2.416300e+03    3.357828e+03   -1.720362e-10    8.185684e-14    1.963026e-13    4.234664e+04    6.827423e+04    4.120700e+04   -2.960839e-11   -5.437741e-13    1.886770e-14    7.669853e+03    0.000000e+00    7.546753e+03   -1.775613e-06   -3.068838e-06   -1.838402e-06   -1.627581e-21   -5.211168e-23   -1.249701e-22    9.447508e-05    9.443036e-05    9.326432e-05
   1.958333e-02    1.542310e+05    2.468828e+05    1.540460e+05    3.793215e+03    2.468828e+03    3.440601e+03   -1.756835e-10    8.363634e-14    1.962413e-13    4.202599e+04    6.827423e+04    4.100990e+04   -2.938422e-11   -5.437741e-13    1.861078e-14    7.725075e+03    0.000000e+00    7.600565e+03   -1.864142e-06   -3.135551e-06   -1.926229e-06   -1.689032e-21   -5.324455e-23   -1.249311e-22    9.447780e-05    9.443036e-05    9.326649e-05
   2.000000e-02    1.613067e+05    2.521357e+05    1.609913e+05    3.873132e+03    2.521357e+03    3.523442e+03   -1.793315e-10    8.541584e-14    1.961808e-13    4.169844e+04    6.827423e+04    4.080371e+04   -2.915524e-11   -5.437741e-13    1.835394e-14    7.779872e+03    0.000000e+00    7.654113e+03   -1.952942e-06   -3.202265e-06   -2.014226e-06   -1.750012e-21   -5.437741e-23   -1.248926e-22    9.448050e-05    9.443036e-05    9.326865e-05
   2.041667e-02    1.684038e+05    2.573885e+05    1.679507e+05    3.953157e+03    2.573885e+03    3.606353e+03   -1.829803e-10    8.719533e-14    1.961211e-13    4.136399e+04    6.827423e+04    4.058842e+04   -2.892143e-11   -5.437741e-13    1.809718e-14    7.834237e+03    0.000000e+00    7.707385e+03   -2.042020e-06   -3.268979e-06   -2.102402e-06   -1.810509e-21   -5.551027e-23   -1.248546e-22    9.448318e-05    9.443036e-05    9.327080e-05
   2.083333e-02    1.755227e+05    2.626413e+05    1.749246e+05    4.033291e+03    2.626413e+03    3.689338e+03   -1.866299e-10    8.897483e-14    1.960623e-13    4.102266e+04    6.827423e+04    4.036401e+04   -2.868281e-11   -5.437741e-13    1.784050e-14    7.888159e+03    0.000000e+00    7.760369e+03   -2.131382e-06   -3.335693e-06   -2.190764e-06   -1.870515e-21   -5.664314e-23   -1.248172e-22    9.448584e-05    9.443036e-05    9.327292e-05
   2.125000e-02    1.826639e+05    2.678941e+05    1.819137e+05    4.113536e+03    2.678941e+03    3.772400e+03   -1.902802e-10    9.075433e-14    1.960044e-13    4.067443e+04    6.827423e+04    4.013046e+04   -2.843936e-11   -5.437741e-13    1.758389e-14    7.941629e+03    0.000000e+00    7.813054e+03   -2.221032e-06   -3.402407e-06   -2.279319e-06   -1.930018e-21   -5.777600e-23   -1.247803e-22    9.448847e-05    9.443036e-05    9.327504e-05
   2.166667e-02    1.898279e+05    2.731470e+05    1.889185e+05    4.193896e+03    2.731470e+03    3.855541e+03   -1.939314e-10    9.253382e-14    1.959473e-13    4.031931e+04    6.827423e+04    3.988775e+04   -2.819110e-11   -5.437741e-13    1.732736e-14    7.994640e+03    0.000000e+00    7.865427e+03   -2.310978e-06   -3.469121e-06   -2.368076e-06   -1.989009e-21   -5.890886e-23   -1.247439e-22    9.449108e-05    9.443036e-05    9.327713e-05
   2.208333e-02    1.970150e+05    2.783998e+05    1.959396e+05    4.274371e+03    2.783998e+03    3.938765e+03   -1.975834e-10    9.431332e-14    1.958910e-13    3.995729e+04    6.827423e+04    3.963586e+04   -2.793801e-11   -5.437741e-13    1.707090e-14    8.047180e+03    0.000000e+00    7.917476e+03   -2.401224e-06   -3.535835e-06   -2.457041e-06   -2.047477e-21   -6.004172e-23   -1.247081e-22    9.449367e-05    9.443036e-05    9.327921e-05
   2.250000e-02    2.042257e+05    2.836526e+05    2.029777e+05    4.354965e+03    2.836526e+03    4.022074e+03   -2.012362e-10    9.609282e-14    1.958355e-13    3.958839e+04    6.827423e+04    3.937478e+04   -2.768010e-11   -5.437741e-13    1.681452e-14    8.099243e+03    0.000000e+00    7.969189e+03   -2.491776e-06   -3.602548e-06   -2.546223e-06   -2.105414e-21   -6.117459e-23   -1.246728e-22    9.449623e-05    9.443036e-05    9.328128e-05
   2.291667e-02    2.114604e+05    2.889054e+05    2.100333e+05    4.435680e+03    2.889054e+03    4.105472e+03   -2.048899e-10    9.787231e-14    1.957809e-13    3.921258e+04    6.827423e+04    3.910446e+04   -2.741738e-11   -5.437741e-13    1.655821e-14    8.150818e+03    0.000000e+00    8.020555e+03   -2.582641e-06   -3.669262e-06   -2.635629e-06   -2.162808e-21   -6.230745e-23   -1.246380e-22    9.449877e-05    9.443036e-05    9.328333e-05
   2.333333e-02    2.187197e+05    2.941583e+05    2.171071e+05    4.516517e+03    2.941583e+03    4.188961e+03   -2.085444e-10    9.965181e-14    1.957271e-13    3.882989e+04    6.827423e+04    3.882490e+04   -2.714983e-11   -5.437741e-13    1.630197e-14    8.201897e+03    0.000000e+00    8.071560e+03   -2.673823e-06   -3.735976e-06   -2.725266e-06   -2.219649e-21   -6.344031e-23   -1.246038e-22    9.450128e-05    9.443036e-05    9.328536e-05
   2.375000e-02    2.260039e+05    2.994111e+05    2.241995e+05    4.597479e+03    2.994111e+03    4.272544e+03   -2.121998e-10    1.014313e-13    1.956742e-13    3.844030e+04    6.827423e+04    3.853607e+04   -2.687746e-11   -5.437741e-13    1.604579e-14    8.252470e+03    0.000000e+00    8.122194e+03   -2.765329e-06   -3.802690e-06   -2.815144e-06   -2.275929e-21   -6.457317e-23   -1.245701e-22    9.450377e-05    9.443036e-05    9.328737e-05
   2.416667e-02    2.333135e+05    3.046639e+05    2.313114e+05    4.678568e+03    3.046639e+03    4.356225e+03   -2.158561e-10    1.032108e-13    1.956221e-13    3.804382e+04    6.827423e+04    3.823794e+04   -2.660027e-11   -5.437741e-13    1.578969e-14    8.302529e+03    0.000000e+00    8.172443e+03   -2.857164e-06   -3.869404e-06   -2.905268e-06   -2.331635e-21   -6.570604e-23   -1.245369e-22    9.450623e-05    9.443036e-05    9.328937e-05
   2.458333e-02    2.406490e+05    3.099168e+05    2.384432e+05    4.759787e+03    3.099168e+03    4.440006e+03   -2.195134e-10    1.049903e-13    1.955709e-13    3.764045e+04    6.827423e+04    3.793049e+04   -2.631826e-11   -5.437741e-13    1.553366e-14    8.352064e+03    0.000000e+00    8.222297e+03   -2.949334e-06   -3.936118e-06   -2.995647e-06   -2.386760e-21   -6.683890e-23   -1.245043e-22    9.450867e-05    9.443036e-05    9.329135e-05
   2.500000e-02    2.480107e+05    3.151696e+05    2.455955e+05    4.841138e+03    3.151696e+03    4.523890e+03   -2.231715e-10    1.067698e-13    1.955205e-13    3.723018e+04    6.827423e+04    3.761369e+04   -2.603143e-11   -5.437741e-13    1.527769e-14    8.401067e+03    0.000000e+00    8.271741e+03   -3.041845e-06   -4.002832e-06   -3.086289e-06   -2.441291e-21   -6.797176e-23   -1.244722e-22    9.451108e-05    9.443036e-05    9.329331e-05
   2.541667e-02    2.553992e+05    3.204224e+05    2.527690e+05    4.922622e+03    3.204224e+03    4.607881e+03   -2.268306e-10    1.085493e-13    1.954709e-13    3.681303e+04    6.827423e+04    3.728751e+04   -2.573978e-11   -5.437741e-13    1.502178e-14    8.449528e+03    0.000000e+00    8.320765e+03   -3.134702e-06   -4.069545e-06   -3.177202e-06   -2.495221e-21   -6.910463e-23   -1.244406e-22    9.451346e-05    9.443036e-05    9.329525e-05
   2.583333e-02    2.628149e+05    3.256752e+05    2.599643e+05    5.004242e+03    3.256752e+03    4.691982e+03   -2.304907e-10    1.103288e-13    1.954221e-13    3.638897e+04    6.827423e+04    3.695193e+04   -2.544331e-11   -5.437741e-13    1.476595e-14    8.497438e+03    0.000000e+00    8.369356e+03   -3.227911e-06   -4.136259e-06   -3.268392e-06   -2.548537e-21   -7.023749e-23   -1.244096e-22    9.451582e-05    9.443036e-05    9.329717e-05
   2.625000e-02    2.702581e+05    3.309281e+05    2.671819e+05    5.086000e+03    3.309281e+03    4.776195e+03   -2.341518e-10    1.121083e-13    1.953742e-13    3.595803e+04    6.827423e+04    3.660692e+04   -2.514201e-11   -5.437741e-13    1.451017e-14    8.544789e+03    0.000000e+00    8.417501e+03   -3.321478e-06   -4.202973e-06   -3.359869e-06   -2.601231e-21   -7.137035e-23   -1.243791e-22    9.451815e-05    9.443036e-05    9.329908e-05
   2.666667e-02    2.777295e+05    3.361809e+05    2.744226e+05    5.167899e+03    3.361809e+03    4.860523e+03   -2.378138e-10    1.138878e-13    1.953272e-13    3.552019e+04    6.827423e+04    3.625244e+04   -2.483590e-11   -5.437741e-13    1.425446e-14    8.591572e+03    0.000000e+00    8.465188e+03   -3.415409e-06   -4.269687e-06   -3.451640e-06   -2.653292e-21   -7.250321e-23   -1.243491e-22    9.452045e-05    9.443036e-05    9.330097e-05
   2.708333e-02    2.852294e+05    3.414337e+05    2.816869e+05    5.249941e+03    3.414337e+03    4.944970e+03   -2.414769e-10    1.156673e-13    1.952809e-13    3.507546e+04    6.827423e+04    3.588847e+04   -2.452497e-11   -5.437741e-13    1.399880e-14    8.637777e+03    0.000000e+00    8.512405e+03   -3.509709e-06   -4.336401e-06   -3.543712e-06   -2.704711e-21   -7.363608e-23   -1.243197e-22    9.452273e-05    9.443036e-05    9.330283e-05
   2.750000e-02    2.927582e+05    3.466865e+05    2.889754e+05    5.332127e+03    3.466865e+03    5.029539e+03   -2.451410e-10    1.174468e-13    1.952356e-13    3.462384e+04    6.827423e+04    3.551498e+04   -2.420921e-11   -5.437741e-13    1.374321e-14    8.683395e+03    0.000000e+00    8.559140e+03   -3.604384e-06   -4.403115e-06   -3.636095e-06   -2.755476e-21   -7.476894e-23   -1.242908e-22    9.452498e-05    9.443036e-05    9.330468e-05
   2.791667e-02    3.003164e+05    3.519394e+05    2.962887e+05    5.414461e+03    3.519394e+03    5.114232e+03   -2.488061e-10    1.192263e-13    1.951910e-13    3.416532e+04    6.827423e+04    3.513192e+04   -2.388864e-11   -5.437741e-13    1.348768e-14    8.728417e+03    0.000000e+00    8.605379e+03   -3.699440e-06   -4.469829e-06   -3.728795e-06   -2.805579e-21   -7.590180e-23   -1.242624e-22    9.452719e-05    9.443036e-05    9.330651e-05
   2.833333e-02    3.079045e+05    3.571922e+05    3.036276e+05    5.496944e+03    3.571922e+03    5.199054e+03   -2.524723e-10    1.210058e-13    1.951473e-13    3.369991e+04    6.827423e+04    3.473928e+04   -2.356324e-11   -5.437741e-13    1.323220e-14    8.772835e+03    0.000000e+00    8.651111e+03   -3.794883e-06   -4.536542e-06   -3.821820e-06   -2.855009e-21   -7.703466e-23   -1.242346e-22    9.452938e-05    9.443036e-05    9.330832e-05
   2.875000e-02    3.155229e+05    3.624450e+05    3.109925e+05    5.579578e+03    3.624450e+03    5.284006e+03   -2.561395e-10    1.227853e-13    1.951044e-13    3.322761e+04    6.827423e+04    3.433702e+04   -2.323303e-11   -5.437741e-13    1.297678e-14    8.816639e+03    0.000000e+00    8.696322e+03   -3.890718e-06   -4.603256e-06   -3.915179e-06   -2.903756e-21   -7.816753e-23   -1.242073e-22    9.453154e-05    9.443036e-05    9.331011e-05
   2.916667e-02    3.231720e+05    3.676978e+05    3.183842e+05    5.662366e+03    3.676978e+03    5.369092e+03   -2.598078e-10    1.245648e-13    1.950623e-13    3.274841e+04    6.827423e+04    3.392509e+04   -2.289799e-11   -5.437741e-13    1.272142e-14    8.859820e+03    0.000000e+00    8.741001e+03   -3.986951e-06   -4.669970e-06   -4.008880e-06   -2.951810e-21   -7.930039e-23   -1.241805e-22    9.453367e-05    9.443036e-05    9.331187e-05
   2.958333e-02    3.308523e+05    3.729507e+05    3.258032e+05    5.745311e+03    3.729507e+03    5.454316e+03   -2.634773e-10    1.263443e-13    1.950211e-13    3.226232e+04    6.827423e+04    3.350348e+04   -2.255814e-11   -5.437741e-13    1.246611e-14    8.902369e+03    0.000000e+00    8.785134e+03   -4.083587e-06   -4.736684e-06   -4.102930e-06   -2.999161e-21   -8.043325e-23   -1.241543e-22    9.453577e-05    9.443036e-05    9.331362e-05
   3.000000e-02    3.385643e+05    3.782035e+05    3.332502e+05    5.828413e+03    3.782035e+03    5.539679e+03   -2.671479e-10    1.281238e-13    1.949808e-13    3.176934e+04    6.827423e+04    3.307213e+04   -2.221346e-11   -5.437741e-13    1.221086e-14    8.944278e+03    0.000000e+00    8.828708e+03   -4.180633e-06   -4.803398e-06   -4.197338e-06   -3.045799e-21   -8.156612e-23   -1.241286e-22    9.453784e-05    9.443036e-05    9.331534e-05
   3.041667e-02    3.463083e+05    3.834563e+05    3.407259e+05    5.911675e+03    3.834563e+03    5.625187e+03   -2.708196e-10    1.299033e-13    1.949412e-13    3.126946e+04    6.827423e+04    3.263102e+04   -2.186396e-11   -5.437741e-13    1.195565e-14    8.985537e+03    0.000000e+00    8.871712e+03   -4.278094e-06   -4.870112e-06   -4.292111e-06   -3.091714e-21   -8.269898e-23   -1.241034e-22    9.453988e-05    9.443036e-05    9.331704e-05
   3.083333e-02    3.540848e+05    3.887091e+05    3.482307e+05    5.995101e+03    3.887091e+03    5.710840e+03   -2.744924e-10    1.316827e-13    1.949025e-13    3.076269e+04    6.827423e+04    3.218010e+04   -2.150964e-11   -5.437741e-13    1.170050e-14    9.026137e+03    0.000000e+00    8.914132e+03   -4.375977e-06   -4.936826e-06   -4.387259e-06   -3.136895e-21   -8.383184e-23   -1.240788e-22    9.454188e-05    9.443036e-05    9.331872e-05
   3.125000e-02    3.618943e+05    3.939620e+05    3.557655e+05    6.078691e+03    3.939620e+03    5.796644e+03   -2.781664e-10    1.334622e-13    1.948646e-13    3.024903e+04    6.827423e+04    3.171934e+04   -2.115051e-11   -5.437741e-13    1.144540e-14    9.066069e+03    0.000000e+00    8.955955e+03   -4.474285e-06   -5.003539e-06   -4.482788e-06   -3.181334e-21   -8.496470e-23   -1.240547e-22    9.454386e-05    9.443036e-05    9.332038e-05
   3.166667e-02    3.697373e+05    3.992148e+05    3.633308e+05    6.162448e+03    3.992148e+03    5.882601e+03   -2.818416e-10    1.352417e-13    1.948276e-13    2.972848e+04    6.827423e+04    3.124869e+04   -2.078655e-11   -5.437741e-13    1.119035e-14    9.105324e+03    0.000000e+00    8.997169e+03   -4.573026e-06   -5.070253e-06   -4.578708e-06   -3.225019e-21   -8.609757e-23   -1.240311e-22    9.454580e-05    9.443036e-05    9.332202e-05
   3.208333e-02    3.776141e+05    4.044676e+05    3.709273e+05    6.246374e+03    4.044676e+03    5.968713e+03   -2.855180e-10    1.370212e-13    1.947914e-13    2.920103e+04    6.827423e+04    3.076813e+04   -2.041777e-11   -5.437741e-13    1.093534e-14    9.143893e+03    0.000000e+00    9.037760e+03   -4.672206e-06   -5.136967e-06   -4.675026e-06   -3.267941e-21   -8.723043e-23   -1.240081e-22    9.454771e-05    9.443036e-05    9.332363e-05
   3.250000e-02    3.855252e+05    4.097205e+05    3.785557e+05    6.330472e+03    4.097205e+03    6.054985e+03   -2.891956e-10    1.388007e-13    1.947560e-13    2.866669e+04    6.827423e+04    3.027760e+04   -2.004417e-11   -5.437741e-13    1.068038e-14    9.181768e+03    0.000000e+00    9.077715e+03   -4.771829e-06   -5.203681e-06   -4.771751e-06   -3.310090e-21   -8.836329e-23   -1.239855e-22    9.454959e-05    9.443036e-05    9.332521e-05
   3.291667e-02    3.934710e+05    4.149733e+05    3.862164e+05    6.414743e+03    4.149733e+03    6.141420e+03   -2.928745e-10    1.405802e-13    1.947215e-13    2.812546e+04    6.827423e+04    2.977706e+04   -1.966575e-11   -5.437741e-13    1.042547e-14    9.218938e+03    0.000000e+00    9.117022e+03   -4.871901e-06   -5.270395e-06   -4.868891e-06   -3.351455e-21   -8.949615e-23   -1.239635e-22    9.455143e-05    9.443036e-05    9.332677e-05
   3.333333e-02    4.014521e+05    4.202261e+05    3.939104e+05    6.499191e+03    4.202261e+03    6.228020e+03   -2.965546e-10    1.423597e-13    1.946878e-13    2.757733e+04    6.827423e+04    2.926647e+04   -1.928250e-11   -5.437741e-13    1.017060e-14    9.255395e+03    0.000000e+00    9.155667e+03   -4.972429e-06   -5.337109e-06   -4.966455e-06   -3.392027e-21   -9.062902e-23   -1.239421e-22    9.455324e-05    9.443036e-05    9.332831e-05
   3.375000e-02    4.094688e+05    4.254789e+05    4.016381e+05    6.583816e+03    4.254789e+03    6.314790e+03   -3.002359e-10    1.441392e-13    1.946549e-13    2.702231e+04    6.827423e+04    2.874579e+04   -1.889444e-11   -5.437741e-13    9.915779e-15    9.291131e+03    0.000000e+00    9.193637e+03   -5.073418e-06   -5.403823e-06   -5.064450e-06   -3.431795e-21   -9.176188e-23   -1.239212e-22    9.455501e-05    9.443036e-05    9.332982e-05
   3.416667e-02    4.175216e+05    4.307318e+05    4.094002e+05    6.668622e+03    4.307318e+03    6.401731e+03   -3.039186e-10    1.459187e-13    1.946229e-13    2.646040e+04    6.827423e+04    2.821497e+04   -1.850156e-11   -5.437741e-13    9.660997e-15    9.326135e+03    0.000000e+00    9.230919e+03   -5.174874e-06   -5.470536e-06   -5.162885e-06   -3.470750e-21   -9.289474e-23   -1.239008e-22    9.455675e-05    9.443036e-05    9.333131e-05
   3.458333e-02    4.256109e+05    4.359846e+05    4.171974e+05    6.753610e+03    4.359846e+03    6.488849e+03   -3.076025e-10    1.476982e-13    1.945917e-13    2.589159e+04    6.827423e+04    2.767396e+04   -1.810386e-11   -5.437741e-13    9.406257e-15    9.360399e+03    0.000000e+00    9.267499e+03   -5.276802e-06   -5.537250e-06   -5.261768e-06   -3.508882e-21   -9.402760e-23   -1.238809e-22    9.455845e-05    9.443036e-05    9.333277e-05
   3.500000e-02    4.337372e+05    4.412374e+05    4.250304e+05    6.838783e+03    4.412374e+03    6.576145e+03   -3.112877e-10    1.494777e-13    1.945613e-13    2.531590e+04    6.827423e+04    2.712273e+04   -1.770133e-11   -5.437741e-13    9.151557e-15    9.393915e+03    0.000000e+00    9.303364e+03   -5.379209e-06   -5.603964e-06   -5.361109e-06   -3.546180e-21   -9.516047e-23   -1.238616e-22    9.456012e-05    9.443036e-05    9.333420e-05
   3.541667e-02    4.419009e+05    4.464902e+05    4.328998e+05    6.924143e+03    4.464902e+03    6.663623e+03   -3.149743e-10    1.512572e-13    1.945318e-13    2.473330e+04    6.827423e+04    2.656122e+04   -1.729399e-11   -5.437741e-13    8.896896e-15    9.426672e+03    0.000000e+00    9.338502e+03   -5.482099e-06   -5.670678e-06   -5.460915e-06   -3.582634e-21   -9.629333e-23   -1.238428e-22    9.456175e-05    9.443036e-05    9.333561e-05
   3.583333e-02    4.501025e+05    4.517431e+05    4.408063e+05    7.009692e+03    4.517431e+03    6.751287e+03   -3.186622e-10    1.530367e-13    1.945031e-13    2.414382e+04    6.827423e+04    2.598939e+04   -1.688182e-11   -5.437741e-13    8.642274e-15    9.458662e+03    0.000000e+00    9.372897e+03   -5.585479e-06   -5.737392e-06   -5.561195e-06   -3.618235e-21   -9.742619e-23   -1.238245e-22    9.456335e-05    9.443036e-05    9.333699e-05
   3.625000e-02    4.583424e+05    4.569959e+05    4.487506e+05    7.095432e+03    4.569959e+03    6.839140e+03   -3.223514e-10    1.548162e-13    1.944752e-13    2.354744e+04    6.827423e+04    2.540718e+04   -1.646484e-11   -5.437741e-13    8.387688e-15    9.489876e+03    0.000000e+00    9.406537e+03   -5.689354e-06   -5.804106e-06   -5.661958e-06   -3.652972e-21   -9.855906e-23   -1.238068e-22    9.456490e-05    9.443036e-05    9.333834e-05
   3.666667e-02    4.666211e+05    4.622487e+05    4.567333e+05    7.181366e+03    4.622487e+03    6.927185e+03   -3.260421e-10    1.565957e-13    1.944482e-13    2.294417e+04    6.827423e+04    2.481454e+04   -1.604303e-11   -5.437741e-13    8.133139e-15    9.520304e+03    0.000000e+00    9.439408e+03   -5.793731e-06   -5.870820e-06   -5.763212e-06   -3.686835e-21   -9.969192e-23   -1.237896e-22    9.456642e-05    9.443036e-05    9.333966e-05
   3.708333e-02    4.749390e+05    4.675015e+05    4.647551e+05    7.267496e+03    4.675015e+03    7.015425e+03   -3.297341e-10    1.583752e-13    1.944220e-13    2.233401e+04    6.827423e+04    2.421144e+04   -1.561641e-11   -5.437741e-13    7.878624e-15    9.549939e+03    0.000000e+00    9.471497e+03   -5.898614e-06   -5.937533e-06   -5.864966e-06   -3.719814e-21   -1.008248e-22   -1.237729e-22    9.456790e-05    9.443036e-05    9.334096e-05
   3.750000e-02    4.832965e+05    4.727544e+05    4.728167e+05    7.353824e+03    4.727544e+03    7.103864e+03   -3.334275e-10    1.601547e-13    1.943966e-13    2.171695e+04    6.827423e+04    2.359780e+04   -1.518496e-11   -5.437741e-13    7.624143e-15    9.578770e+03    0.000000e+00    9.502789e+03   -6.004010e-06   -6.004247e-06   -5.967229e-06   -3.751900e-21   -1.019576e-22   -1.237567e-22    9.456934e-05    9.443036e-05    9.334222e-05
   3.791667e-02    4.916942e+05    4.780072e+05    4.809188e+05    7.440352e+03    4.780072e+03    7.192506e+03   -3.371224e-10    1.619342e-13    1.943721e-13    2.109300e+04    6.827423e+04    2.297359e+04   -1.474869e-11   -5.437741e-13    7.369694e-15    9.606789e+03    0.000000e+00    9.533271e+03   -6.109924e-06   -6.070961e-06   -6.070009e-06   -3.783082e-21   -1.030905e-22   -1.237411e-22    9.457075e-05    9.443036e-05    9.334346e-05
   3.833333e-02    5.001323e+05    4.832600e+05    4.890621e+05    7.527082e+03    4.832600e+03    7.281353e+03   -3.408186e-10    1.637137e-13    1.943484e-13    2.046216e+04    6.827423e+04    2.233874e+04   -1.430760e-11   -5.437741e-13    7.115277e-15    9.633987e+03    0.000000e+00    9.562929e+03   -6.216363e-06   -6.137675e-06   -6.173315e-06   -3.813349e-21   -1.042234e-22   -1.237260e-22    9.457211e-05    9.443036e-05    9.334466e-05
   3.875000e-02    5.086115e+05    4.885128e+05    4.972472e+05    7.614018e+03    4.885128e+03    7.370409e+03   -3.445164e-10    1.654932e-13    1.943255e-13    1.982442e+04    6.827423e+04    2.169321e+04   -1.386170e-11   -5.437741e-13    6.860891e-15    9.660354e+03    0.000000e+00    9.591749e+03   -6.323331e-06   -6.204389e-06   -6.277156e-06   -3.842693e-21   -1.053562e-22   -1.237115e-22    9.457343e-05    9.443036e-05    9.334583e-05
   3.916667e-02    5.171321e+05    4.937657e+05    5.054749e+05    7.701160e+03    4.937657e+03    7.459679e+03   -3.482156e-10    1.672727e-13    1.943035e-13    1.917980e+04    6.827423e+04    2.103693e+04   -1.341097e-11   -5.437741e-13    6.606534e-15    9.685883e+03    0.000000e+00    9.619717e+03   -6.430835e-06   -6.271103e-06   -6.381541e-06   -3.871103e-21   -1.064891e-22   -1.236974e-22    9.457471e-05    9.443036e-05    9.334697e-05
   3.958333e-02    5.256946e+05    4.990185e+05    5.137459e+05    7.788511e+03    4.990185e+03    7.549164e+03   -3.519162e-10    1.690522e-13    1.942823e-13    1.852827e+04    6.827423e+04    2.036986e+04   -1.295542e-11   -5.437741e-13    6.352205e-15    9.710562e+03    0.000000e+00    9.646819e+03   -6.538879e-06   -6.337817e-06   -6.486479e-06   -3.898569e-21   -1.076220e-22   -1.236839e-22    9.457595e-05    9.443036e-05    9.334808e-05
   4.000000e-02    5.342994e+05    5.042713e+05    5.220608e+05    7.876073e+03    5.042713e+03    7.638868e+03   -3.556184e-10    1.708317e-13    1.942619e-13    1.786986e+04    6.827423e+04    1.969193e+04   -1.249505e-11   -5.437741e-13    6.097904e-15    9.734385e+03    0.000000e+00    9.673041e+03   -6.647471e-06   -6.404531e-06   -6.591979e-06   -3.925081e-21   -1.087548e-22   -1.236710e-22    9.457714e-05    9.443036e-05    9.334916e-05
   4.041667e-02    5.429470e+05    5.095242e+05    5.304204e+05    7.963849e+03    5.095242e+03    7.728796e+03   -3.593221e-10    1.726112e-13    1.942424e-13    1.720455e+04    6.827423e+04    1.900309e+04   -1.202986e-11   -5.437741e-13    5.843628e-15    9.757341e+03    0.000000e+00    9.698368e+03   -6.756616e-06   -6.471244e-06   -6.698050e-06   -3.950628e-21   -1.098877e-22   -1.236585e-22    9.457830e-05    9.443036e-05    9.335020e-05
   4.083333e-02    5.516378e+05    5.147770e+05    5.388254e+05    8.051840e+03    5.147770e+03    7.818950e+03   -3.630273e-10    1.743907e-13    1.942237e-13    1.653235e+04    6.827423e+04    1.830327e+04   -1.155985e-11   -5.437741e-13    5.589378e-15    9.779422e+03    0.000000e+00    9.722786e+03   -6.866319e-06   -6.537958e-06   -6.804701e-06   -3.975202e-21   -1.110205e-22   -1.236466e-22    9.457941e-05    9.443036e-05    9.335121e-05
   4.125000e-02    5.603723e+05    5.200298e+05    5.472764e+05    8.140050e+03    5.200298e+03    7.909334e+03   -3.667341e-10    1.761702e-13    1.942058e-13    1.585326e+04    6.827423e+04    1.759242e+04   -1.108501e-11   -5.437741e-13    5.335152e-15    9.800618e+03    0.000000e+00    9.746281e+03   -6.976586e-06   -6.604672e-06   -6.911940e-06   -3.998791e-21   -1.121534e-22   -1.236352e-22    9.458048e-05    9.443036e-05    9.335219e-05
   4.166667e-02    5.691508e+05    5.252826e+05    5.557743e+05    8.228480e+03    5.252826e+03    7.999953e+03   -3.704424e-10    1.779497e-13    1.941888e-13    1.516727e+04    6.827423e+04    1.687048e+04   -1.060536e-11   -5.437741e-13    5.080948e-15    9.820921e+03    0.000000e+00    9.768838e+03   -7.087423e-06   -6.671386e-06   -7.019778e-06   -4.021386e-21   -1.132863e-22   -1.236244e-22    9.458150e-05    9.443036e-05    9.335312e-05
   4.208333e-02    5.779740e+05    5.305355e+05    5.643197e+05    8.317132e+03    5.305355e+03    8.090808e+03   -3.741523e-10    1.797292e-13    1.941725e-13    1.447439e+04    6.827423e+04    1.613739e+04   -1.012089e-11   -5.437741e-13    4.826766e-15    9.840322e+03    0.000000e+00    9.790443e+03   -7.198836e-06   -6.738100e-06   -7.128224e-06   -4.042977e-21   -1.144191e-22   -1.236141e-22    9.458247e-05    9.443036e-05    9.335403e-05
   4.250000e-02    5.868421e+05    5.357883e+05    5.729134e+05    8.406008e+03    5.357883e+03    8.181904e+03   -3.778638e-10    1.815087e-13    1.941572e-13    1.377462e+04    6.827423e+04    1.539308e+04   -9.631595e-12   -5.437741e-13    4.572605e-15    9.858810e+03    0.000000e+00    9.811080e+03   -7.310829e-06   -6.804814e-06   -7.237286e-06   -4.063553e-21   -1.155520e-22   -1.236043e-22    9.458341e-05    9.443036e-05    9.335489e-05
   4.291667e-02    5.957557e+05    5.410411e+05    5.815560e+05    8.495112e+03    5.410411e+03    8.273244e+03   -3.815769e-10    1.832881e-13    1.941426e-13    1.306795e+04    6.827423e+04    1.463748e+04   -9.137481e-12   -5.437741e-13    4.318464e-15    9.876379e+03    0.000000e+00    9.830737e+03   -7.423410e-06   -6.871528e-06   -7.346974e-06   -4.083105e-21   -1.166849e-22   -1.235950e-22    9.458429e-05    9.443036e-05    9.335572e-05
   4.333333e-02    6.047151e+05    5.462939e+05    5.902484e+05    8.584444e+03    5.462939e+03    8.364833e+03   -3.852917e-10    1.850676e-13    1.941289e-13    1.235439e+04    6.827423e+04    1.387055e+04   -8.638546e-12   -5.437741e-13    4.064341e-15    9.893018e+03    0.000000e+00    9.849396e+03   -7.536584e-06   -6.938241e-06   -7.457298e-06   -4.101622e-21   -1.178177e-22   -1.235863e-22    9.458513e-05    9.443036e-05    9.335652e-05
   4.375000e-02    6.137209e+05    5.515468e+05    5.989912e+05    8.674008e+03    5.515468e+03    8.456673e+03   -3.890081e-10    1.868471e-13    1.941160e-13    1.163394e+04    6.827423e+04    1.309220e+04   -8.134791e-12   -5.437741e-13    3.810235e-15    9.908718e+03    0.000000e+00    9.867045e+03   -7.650357e-06   -7.004955e-06   -7.568267e-06   -4.119095e-21   -1.189506e-22   -1.235781e-22    9.458592e-05    9.443036e-05    9.335727e-05
   4.416667e-02    6.227735e+05    5.567996e+05    6.077852e+05    8.763805e+03    5.567996e+03    8.548769e+03   -3.927261e-10    1.886266e-13    1.941040e-13    1.090660e+04    6.827423e+04    1.230237e+04   -7.626216e-12   -5.437741e-13    3.556146e-15    9.923471e+03    0.000000e+00    9.883667e+03   -7.764733e-06   -7.071669e-06   -7.679890e-06   -4.135514e-21   -1.200834e-22   -1.235704e-22    9.458666e-05    9.443036e-05    9.335799e-05
   4.458333e-02    6.318733e+05    5.620524e+05    6.166312e+05    8.853837e+03    5.620524e+03    8.641124e+03   -3.964458e-10    1.904061e-13    1.940927e-13    1.017236e+04    6.827423e+04    1.150100e+04   -7.112819e-12   -5.437741e-13    3.302072e-15    9.937267e+03    0.000000e+00    9.899247e+03   -7.879720e-06   -7.138383e-06   -7.792177e-06   -4.150868e-21   -1.212163e-22   -1.235633e-22    9.458736e-05    9.443036e-05    9.335866e-05
   4.500000e-02    6.410208e+05    5.673052e+05    6.255299e+05    8.944108e+03    5.673052e+03    8.733742e+03   -4.001672e-10    1.921856e-13    1.940823e-13    9.431227e+03    6.827423e+04    1.068801e+04   -6.594603e-12   -5.437741e-13    3.048012e-15    9.950097e+03    0.000000e+00    9.913771e+03   -7.995322e-06   -7.205097e-06   -7.905137e-06   -4.165147e-21   -1.223492e-22   -1.235567e-22    9.458800e-05    9.443036e-05    9.335930e-05
   4.541667e-02    6.502164e+05    5.725581e+05    6.344820e+05    9.034618e+03    5.725581e+03    8.826626e+03   -4.038903e-10    1.939651e-13    1.940728e-13    8.683203e+03    6.827423e+04    9.863339e+03   -6.071566e-12   -5.437741e-13    2.793965e-15    9.961953e+03    0.000000e+00    9.927223e+03   -8.111546e-06   -7.271811e-06   -8.018781e-06   -4.178342e-21   -1.234820e-22   -1.235506e-22    9.458860e-05    9.443036e-05    9.335989e-05
   4.583333e-02    6.594606e+05    5.778109e+05    6.434884e+05    9.125371e+03    5.778109e+03    8.919781e+03   -4.076151e-10    1.957446e-13    1.940641e-13    7.928286e+03    6.827423e+04    9.026915e+03   -5.543708e-12   -5.437741e-13    2.539930e-15    9.972826e+03    0.000000e+00    9.939588e+03   -8.228397e-06   -7.338525e-06   -8.133117e-06   -4.190442e-21   -1.246149e-22   -1.235450e-22    9.458914e-05    9.443036e-05    9.336044e-05
   4.625000e-02    6.687537e+05    5.830637e+05    6.525497e+05    9.216369e+03    5.830637e+03    9.013209e+03   -4.113416e-10    1.975241e-13    1.940562e-13    7.166476e+03    6.827423e+04    8.178666e+03   -5.011029e-12   -5.437741e-13    2.285906e-15    9.982705e+03    0.000000e+00    9.950850e+03   -8.345881e-06   -7.405238e-06   -8.248156e-06   -4.201438e-21   -1.257478e-22   -1.235400e-22    9.458964e-05    9.443036e-05    9.336095e-05
   4.666667e-02    6.780964e+05    5.883166e+05    6.616667e+05    9.307613e+03    5.883166e+03    9.106916e+03   -4.150699e-10    1.993036e-13    1.940491e-13    6.397773e+03    6.827423e+04    7.318520e+03   -4.473531e-12   -5.437741e-13    2.031892e-15    9.991583e+03    0.000000e+00    9.960995e+03   -8.464003e-06   -7.471952e-06   -8.363908e-06   -4.211318e-21   -1.268806e-22   -1.235355e-22    9.459008e-05    9.443036e-05    9.336142e-05
   4.708333e-02    6.874889e+05    5.935694e+05    6.708403e+05    9.399106e+03    5.935694e+03    9.200905e+03   -4.188000e-10    2.010831e-13    1.940429e-13    5.622177e+03    6.827423e+04    6.446402e+03   -3.931211e-12   -5.437741e-13    1.777886e-15    9.999450e+03    0.000000e+00    9.970005e+03   -8.582770e-06   -7.538666e-06   -8.480382e-06   -4.220074e-21   -1.280135e-22   -1.235315e-22    9.459047e-05    9.443036e-05    9.336184e-05
   4.750000e-02    6.969318e+05    5.988222e+05    6.800712e+05    9.490850e+03    5.988222e+03    9.295179e+03   -4.225319e-10    2.028626e-13    1.940375e-13    4.839688e+03    6.827423e+04    5.562239e+03   -3.384071e-12   -5.437741e-13    1.523888e-15    1.000630e+04    0.000000e+00    9.977866e+03   -8.702187e-06   -7.605380e-06   -8.597588e-06   -4.227695e-21   -1.291463e-22   -1.235281e-22    9.459081e-05    9.443036e-05    9.336222e-05
   4.791667e-02    7.064254e+05    6.040750e+05    6.893602e+05    9.582847e+03    6.040750e+03    9.389742e+03   -4.262655e-10    2.046421e-13    1.940329e-13    4.050306e+03    6.827423e+04    4.665954e+03   -2.832111e-12   -5.437741e-13    1.269897e-15    1.001212e+04    0.000000e+00    9.984562e+03   -8.822260e-06   -7.672094e-06   -8.715536e-06   -4.234171e-21   -1.302792e-22   -1.235252e-22    9.459109e-05    9.443036e-05    9.336255e-05
   4.833333e-02    7.159703e+05    6.093279e+05    6.987080e+05    9.675100e+03    6.093279e+03    9.484599e+03   -4.300010e-10    2.064216e-13    1.940292e-13    3.254031e+03    6.827423e+04    3.757472e+03   -2.275330e-12   -5.437741e-13    1.015911e-15    1.001690e+04    0.000000e+00    9.990076e+03   -8.942994e-06   -7.738808e-06   -8.834237e-06   -4.239492e-21   -1.314121e-22   -1.235228e-22    9.459132e-05    9.443036e-05    9.336284e-05
   4.875000e-02    7.255669e+05    6.145807e+05    7.081155e+05    9.767611e+03    6.145807e+03    9.579754e+03   -4.337383e-10    2.082011e-13    1.940262e-13    2.450862e+03    6.827423e+04    2.836715e+03   -1.713728e-12   -5.437741e-13    7.619295e-16    1.002063e+04    0.000000e+00    9.994393e+03   -9.064396e-06   -7.805522e-06   -8.953700e-06   -4.243648e-21   -1.325449e-22   -1.235209e-22    9.459149e-05    9.443036e-05    9.336308e-05
   4.916667e-02    7.352156e+05    6.198335e+05    7.175835e+05    9.860382e+03    6.198335e+03    9.675209e+03   -4.374774e-10    2.099806e-13    1.940242e-13    1.640801e+03    6.827423e+04    1.903604e+03   -1.147306e-12   -5.437741e-13    5.079512e-16    1.002331e+04    0.000000e+00    9.997497e+03   -9.186471e-06   -7.872235e-06   -9.073937e-06   -4.246629e-21   -1.336778e-22   -1.235196e-22    9.459161e-05    9.443036e-05    9.336327e-05
   4.958333e-02    7.449169e+05    6.250863e+05    7.271127e+05    9.953415e+03    6.250863e+03    9.770970e+03   -4.412184e-10    2.117601e-13    1.940229e-13    8.238472e+02    6.827423e+04    9.580590e+02   -5.760632e-13   -5.437741e-13    2.539750e-16    1.002492e+04    0.000000e+00    9.999372e+03   -9.309224e-06   -7.938949e-06   -9.194956e-06   -4.248425e-21   -1.348107e-22   -1.235188e-22    9.459167e-05    9.443036e-05    9.336341e-05
   5.000000e-02    7.546712e+05    6.303392e+05    7.367040e+05    1.004671e+04    6.303392e+03    9.867040e+03   -4.449613e-10    2.135396e-13    1.940225e-13    1.985331e-06    6.827423e+04    2.299790e-06   -1.388307e-21   -5.437741e-13    6.095259e-25    1.002546e+04    0.000000e+00    1.000000e+04   -9.432662e-06   -8.005663e-06   -9.316768e-06   -4.249026e-21   -1.359435e-22   -1.235186e-22    9.459168e-05    9.443036e-05    9.336351e-05
