# yu2003 case2 [30/-30/-30/30], L/h = 4 -- three-method comparison (OpenSG-RM / Whitney-1973 FSDT / Pagano exact 3-D)
# stations: s11 s22 s12 s33 U3 at x = a/2; s13 s23 U1 U2 at x = 0
# Whitney k1^2 = 0.833333 (used inside the FSDT shear staircase)
# columns: z[in] then (RM, FSDT, exact) triplets for s11 s22 s12 s13 s23 s33 U1 U2 U3
  -5.000000e-01   -1.520582e+01   -8.663645e+00   -1.341323e+01   -4.851122e+00   -2.665334e+00   -4.239533e+00   -7.610551e+00   -4.156052e+00   -6.485405e+00    6.690717e-12    1.709175e+00    1.046392e-11    3.046351e-12    8.507852e-01    5.056092e-12   -5.000000e-01    0.000000e+00   -5.000000e-01    1.692706e-06    1.124153e-06    1.628929e-06   -9.568717e-07   -6.977766e-07   -8.945618e-07    8.812774e-06    7.439966e-06    8.504748e-06
  -4.968750e-01   -1.495454e+01   -8.609497e+00   -1.317487e+01   -4.770754e+00   -2.648676e+00   -4.163460e+00   -7.475876e+00   -4.130077e+00   -6.358997e+00    2.082202e-02    1.709175e+00    3.262790e-02    9.501878e-03    8.507852e-01    1.576212e-02   -4.999744e-01    0.000000e+00   -4.999598e-01    1.671208e-06    1.117127e-06    1.608164e-06   -9.568508e-07   -6.934155e-07   -8.945232e-07    8.812466e-06    7.439966e-06    8.504417e-06
  -4.937500e-01   -1.470505e+01   -8.555349e+00   -1.293942e+01   -4.690957e+00   -2.632018e+00   -4.088314e+00   -7.342187e+00   -4.104102e+00   -6.234193e+00    4.151350e-02    1.709175e+00    6.467436e-02    1.894418e-02    8.507852e-01    3.121597e-02   -4.998980e-01    0.000000e+00   -4.998403e-01    1.649852e-06    1.110101e-06    1.587614e-06   -9.567884e-07   -6.890544e-07   -8.944086e-07    8.812141e-06    7.439966e-06    8.504071e-06
  -4.906250e-01   -1.445735e+01   -8.501201e+00   -1.270683e+01   -4.611726e+00   -2.615359e+00   -4.014078e+00   -7.209477e+00   -4.078126e+00   -6.110964e+00    6.207443e-02    1.709175e+00    9.614647e-02    2.832692e-02    8.507852e-01    4.636543e-02   -4.997708e-01    0.000000e+00   -4.996428e-01    1.628637e-06    1.103075e-06    1.567276e-06   -9.566847e-07   -6.846933e-07   -8.942197e-07    8.811799e-06    7.439966e-06    8.503710e-06
  -4.875000e-01   -1.421142e+01   -8.447054e+00   -1.247705e+01   -4.533059e+00   -2.598701e+00   -3.940737e+00   -7.077740e+00   -4.052151e+00   -5.989282e+00    8.250482e-02    1.709175e+00    1.270512e-01    3.765008e-02    8.507852e-01    6.121436e-02   -4.995934e-01    0.000000e+00   -4.993688e-01    1.607562e-06    1.096049e-06    1.547147e-06   -9.565400e-07   -6.803322e-07   -8.939582e-07    8.811440e-06    7.439966e-06    8.503336e-06
  -4.843750e-01   -1.396725e+01   -8.392906e+00   -1.225004e+01   -4.454952e+00   -2.582043e+00   -3.868272e+00   -6.946970e+00   -4.026176e+00   -5.869117e+00    1.028047e-01    1.709175e+00    1.573953e-01    4.691366e-02    8.507852e-01    7.576649e-02   -4.993660e-01    0.000000e+00   -4.990196e-01    1.586625e-06    1.089023e-06    1.527221e-06   -9.563546e-07   -6.759711e-07   -8.936258e-07    8.811065e-06    7.439966e-06    8.502947e-06
  -4.812500e-01   -1.372483e+01   -8.338758e+00   -1.202573e+01   -4.377402e+00   -2.565384e+00   -3.796670e+00   -6.817161e+00   -4.000200e+00   -5.750442e+00    1.229740e-01    1.709175e+00    1.871856e-01    5.611768e-02    8.507852e-01    9.002554e-02   -4.990889e-01    0.000000e+00   -4.985967e-01    1.565826e-06    1.081998e-06    1.507497e-06   -9.561287e-07   -6.716100e-07   -8.932241e-07    8.810673e-06    7.439966e-06    8.502546e-06
  -4.781250e-01   -1.348414e+01   -8.284610e+00   -1.180407e+01   -4.300403e+00   -2.548726e+00   -3.725912e+00   -6.688307e+00   -3.974225e+00   -5.633230e+00    1.430127e-01    1.709175e+00    2.164286e-01    6.526212e-02    8.507852e-01    1.039951e-01   -4.987625e-01    0.000000e+00   -4.981012e-01    1.545164e-06    1.074972e-06    1.487970e-06   -9.558625e-07   -6.672489e-07   -8.927548e-07    8.810265e-06    7.439966e-06    8.502131e-06
  -4.750000e-01   -1.324519e+01   -8.230462e+00   -1.158503e+01   -4.223954e+00   -2.532068e+00   -3.655985e+00   -6.560401e+00   -3.948250e+00   -5.517452e+00    1.629209e-01    1.709175e+00    2.451309e-01    7.434698e-02    8.507852e-01    1.176788e-01   -4.983871e-01    0.000000e+00   -4.975347e-01    1.524638e-06    1.067946e-06    1.468636e-06   -9.555563e-07   -6.628878e-07   -8.922194e-07    8.809842e-06    7.439966e-06    8.501704e-06
  -4.718750e-01   -1.300795e+01   -8.176315e+00   -1.136855e+01   -4.148050e+00   -2.515409e+00   -3.586872e+00   -6.433437e+00   -3.922274e+00   -5.403083e+00    1.826986e-01    1.709175e+00    2.732986e-01    8.337228e-02    8.507852e-01    1.310800e-01   -4.979629e-01    0.000000e+00   -4.968984e-01    1.504248e-06    1.060920e-06    1.449494e-06   -9.552105e-07   -6.585267e-07   -8.916197e-07    8.809403e-06    7.439966e-06    8.501264e-06
  -4.687500e-01   -1.277242e+01   -8.122167e+00   -1.115458e+01   -4.072688e+00   -2.498751e+00   -3.518557e+00   -6.307409e+00   -3.896299e+00   -5.290094e+00    2.023457e-01    1.709175e+00    3.009382e-01    9.233800e-02    8.507852e-01    1.442022e-01   -4.974904e-01    0.000000e+00   -4.961936e-01    1.483992e-06    1.053894e-06    1.430538e-06   -9.548252e-07   -6.541656e-07   -8.909570e-07    8.808948e-06    7.439966e-06    8.500813e-06
  -4.656250e-01   -1.253858e+01   -8.068019e+00   -1.094307e+01   -3.997865e+00   -2.482093e+00   -3.451026e+00   -6.182311e+00   -3.870324e+00   -5.178460e+00    2.218622e-01    1.709175e+00    3.280555e-01    1.012441e-01    8.507852e-01    1.570488e-01   -4.969698e-01    0.000000e+00   -4.954216e-01    1.463869e-06    1.046868e-06    1.411766e-06   -9.544007e-07   -6.498045e-07   -8.902331e-07    8.808479e-06    7.439966e-06    8.500349e-06
  -4.625000e-01   -1.230642e+01   -8.013871e+00   -1.073398e+01   -3.923576e+00   -2.465434e+00   -3.384263e+00   -6.058136e+00   -3.844348e+00   -5.068154e+00    2.412483e-01    1.709175e+00    3.546568e-01    1.100907e-01    8.507852e-01    1.696230e-01   -4.964015e-01    0.000000e+00   -4.945837e-01    1.443879e-06    1.039842e-06    1.393174e-06   -9.539373e-07   -6.454434e-07   -8.894494e-07    8.807994e-06    7.439966e-06    8.499875e-06
  -4.593750e-01   -1.207594e+01   -7.959724e+00   -1.052726e+01   -3.849818e+00   -2.448776e+00   -3.318254e+00   -5.934879e+00   -3.818373e+00   -4.959151e+00    2.605037e-01    1.709175e+00    3.807478e-01    1.188777e-01    8.507852e-01    1.819281e-01   -4.957858e-01    0.000000e+00   -4.936811e-01    1.424021e-06    1.032816e-06    1.374760e-06   -9.534352e-07   -6.410823e-07   -8.886075e-07    8.807495e-06    7.439966e-06    8.499390e-06
  -4.562500e-01   -1.184711e+01   -7.905576e+00   -1.032287e+01   -3.776588e+00   -2.432118e+00   -3.252985e+00   -5.812533e+00   -3.792398e+00   -4.851425e+00    2.796287e-01    1.709175e+00    4.063343e-01    1.276052e-01    8.507852e-01    1.939672e-01   -4.951229e-01    0.000000e+00   -4.927151e-01    1.404293e-06    1.025790e-06    1.356519e-06   -9.528947e-07   -6.367212e-07   -8.877087e-07    8.806981e-06    7.439966e-06    8.498894e-06
  -4.531250e-01   -1.161994e+01   -7.851428e+00   -1.012075e+01   -3.703881e+00   -2.415459e+00   -3.188439e+00   -5.691092e+00   -3.766422e+00   -4.744951e+00    2.986231e-01    1.709175e+00    4.314219e-01    1.362730e-01    8.507852e-01    2.057435e-01   -4.944133e-01    0.000000e+00   -4.916869e-01    1.384696e-06    1.018764e-06    1.338449e-06   -9.523160e-07   -6.323601e-07   -8.867547e-07    8.806453e-06    7.439966e-06    8.498387e-06
  -4.500000e-01   -1.139439e+01   -7.797280e+00   -9.920869e+00   -3.631695e+00   -2.398801e+00   -3.124604e+00   -5.570550e+00   -3.740447e+00   -4.639704e+00    3.174869e-01    1.709175e+00    4.560162e-01    1.448813e-01    8.507852e-01    2.172600e-01   -4.936572e-01    0.000000e+00   -4.905978e-01    1.365227e-06    1.011738e-06    1.320546e-06   -9.516995e-07   -6.279990e-07   -8.857469e-07    8.805911e-06    7.439966e-06    8.497871e-06
  -4.468750e-01   -1.117048e+01   -7.743132e+00   -9.723176e+00   -3.560026e+00   -2.382143e+00   -3.061464e+00   -5.450900e+00   -3.714472e+00   -4.535659e+00    3.362202e-01    1.709175e+00    4.801226e-01    1.534300e-01    8.507852e-01    2.285196e-01   -4.928550e-01    0.000000e+00   -4.894488e-01    1.345887e-06    1.004712e-06    1.302808e-06   -9.510454e-07   -6.236379e-07   -8.846866e-07    8.805356e-06    7.439966e-06    8.497345e-06
  -4.437500e-01   -1.094818e+01   -7.688985e+00   -9.527629e+00   -3.488870e+00   -2.365484e+00   -2.999007e+00   -5.332137e+00   -3.688496e+00   -4.432792e+00    3.548229e-01    1.709175e+00    5.037465e-01    1.619192e-01    8.507852e-01    2.395253e-01   -4.920070e-01    0.000000e+00   -4.882414e-01    1.326673e-06    9.976860e-07    1.285231e-06   -9.503539e-07   -6.192768e-07   -8.835754e-07    8.804787e-06    7.439966e-06    8.496809e-06
  -4.406250e-01   -1.072748e+01   -7.634837e+00   -9.334183e+00   -3.418223e+00   -2.348826e+00   -2.937217e+00   -5.214254e+00   -3.662521e+00   -4.331079e+00    3.732951e-01    1.709175e+00    5.268930e-01    1.703487e-01    8.507852e-01    2.502799e-01   -4.911134e-01    0.000000e+00   -4.869765e-01    1.307587e-06    9.906601e-07    1.267811e-06   -9.496253e-07   -6.149157e-07   -8.824146e-07    8.804204e-06    7.439966e-06    8.496265e-06
  -4.375000e-01   -1.050838e+01   -7.580689e+00   -9.142797e+00   -3.348083e+00   -2.332168e+00   -2.876081e+00   -5.097245e+00   -3.636546e+00   -4.230495e+00    3.916368e-01    1.709175e+00    5.495673e-01    1.787187e-01    8.507852e-01    2.607863e-01   -4.901747e-01    0.000000e+00   -4.856554e-01    1.288625e-06    9.836341e-07    1.250548e-06   -9.488599e-07   -6.105546e-07   -8.812056e-07    8.803609e-06    7.439966e-06    8.495711e-06
  -4.343750e-01   -1.029086e+01   -7.526541e+00   -8.953426e+00   -3.278444e+00   -2.315509e+00   -2.815586e+00   -4.981104e+00   -3.610570e+00   -4.131018e+00    4.098479e-01    1.709175e+00    5.717743e-01    1.870291e-01    8.507852e-01    2.710472e-01   -4.891911e-01    0.000000e+00   -4.842792e-01    1.269788e-06    9.766082e-07    1.233436e-06   -9.480579e-07   -6.061935e-07   -8.799498e-07    8.803000e-06    7.439966e-06    8.495149e-06
  -4.312500e-01   -1.007490e+01   -7.472394e+00   -8.766029e+00   -3.209305e+00   -2.298851e+00   -2.755718e+00   -4.865824e+00   -3.584595e+00   -4.032623e+00    4.279285e-01    1.709175e+00    5.935189e-01    1.952800e-01    8.507852e-01    2.810653e-01   -4.881630e-01    0.000000e+00   -4.828491e-01    1.251075e-06    9.695822e-07    1.216473e-06   -9.472196e-07   -6.018324e-07   -8.786486e-07    8.802379e-06    7.439966e-06    8.494579e-06
  -4.281250e-01   -9.860506e+00   -7.418246e+00   -8.580564e+00   -3.140661e+00   -2.282193e+00   -2.696464e+00   -4.751400e+00   -3.558620e+00   -3.935289e+00    4.458785e-01    1.709175e+00    6.148060e-01    2.034713e-01    8.507852e-01    2.908432e-01   -4.870907e-01    0.000000e+00   -4.813661e-01    1.232485e-06    9.625562e-07    1.199656e-06   -9.463452e-07   -5.974713e-07   -8.773033e-07    8.801745e-06    7.439966e-06    8.494000e-06
  -4.250000e-01   -9.647657e+00   -7.364098e+00   -8.396991e+00   -3.072508e+00   -2.265534e+00   -2.637810e+00   -4.637825e+00   -3.532644e+00   -3.838990e+00    4.636980e-01    1.709175e+00    6.356402e-01    2.116030e-01    8.507852e-01    3.003835e-01   -4.859745e-01    0.000000e+00   -4.798315e-01    1.214016e-06    9.555303e-07    1.182983e-06   -9.454350e-07   -5.931101e-07   -8.759151e-07    8.801099e-06    7.439966e-06    8.493414e-06
  -4.218750e-01   -9.436343e+00   -7.309950e+00   -8.215267e+00   -3.004844e+00   -2.248876e+00   -2.579744e+00   -4.525093e+00   -3.506669e+00   -3.743706e+00    4.813869e-01    1.709175e+00    6.560261e-01    2.196751e-01    8.507852e-01    3.096886e-01   -4.848147e-01    0.000000e+00   -4.782463e-01    1.195669e-06    9.485043e-07    1.166449e-06   -9.444893e-07   -5.887490e-07   -8.744855e-07    8.800441e-06    7.439966e-06    8.492821e-06
  -4.187500e-01   -9.226554e+00   -7.255802e+00   -8.035352e+00   -2.937663e+00   -2.232218e+00   -2.522253e+00   -4.413198e+00   -3.480694e+00   -3.649414e+00    4.989453e-01    1.709175e+00    6.759683e-01    2.276876e-01    8.507852e-01    3.187611e-01   -4.836117e-01    0.000000e+00   -4.766116e-01    1.177441e-06    9.414784e-07    1.150054e-06   -9.435084e-07   -5.843879e-07   -8.730157e-07    8.799771e-06    7.439966e-06    8.492220e-06
  -4.156250e-01   -9.018277e+00   -7.201655e+00   -7.857206e+00   -2.870964e+00   -2.215559e+00   -2.465323e+00   -4.302133e+00   -3.454718e+00   -3.556091e+00    5.163731e-01    1.709175e+00    6.954710e-01    2.356406e-01    8.507852e-01    3.276034e-01   -4.823657e-01    0.000000e+00   -4.749285e-01    1.159333e-06    9.344524e-07    1.133793e-06   -9.424924e-07   -5.800268e-07   -8.715070e-07    8.799090e-06    7.439966e-06    8.491612e-06
  -4.125000e-01   -8.811502e+00   -7.147507e+00   -7.680791e+00   -2.804742e+00   -2.198901e+00   -2.408943e+00   -4.191893e+00   -3.428743e+00   -3.463715e+00    5.336704e-01    1.709175e+00    7.145387e-01    2.435340e-01    8.507852e-01    3.362178e-01   -4.810771e-01    0.000000e+00   -4.731981e-01    1.141343e-06    9.274264e-07    1.117663e-06   -9.414417e-07   -5.756657e-07   -8.699607e-07    8.798397e-06    7.439966e-06    8.490997e-06
  -4.093750e-01   -8.606218e+00   -7.093359e+00   -7.506065e+00   -2.738994e+00   -2.182242e+00   -2.353099e+00   -4.082471e+00   -3.402768e+00   -3.372265e+00    5.508371e-01    1.709175e+00    7.331754e-01    2.513679e-01    8.507852e-01    3.446067e-01   -4.797462e-01    0.000000e+00   -4.714214e-01    1.123471e-06    9.204005e-07    1.101663e-06   -9.403565e-07   -5.713046e-07   -8.683780e-07    8.797693e-06    7.439966e-06    8.490376e-06
  -4.062500e-01   -8.402413e+00   -7.039211e+00   -7.332991e+00   -2.673716e+00   -2.165584e+00   -2.297780e+00   -3.973861e+00   -3.376792e+00   -3.281719e+00    5.678733e-01    1.709175e+00    7.513853e-01    2.591421e-01    8.507852e-01    3.527721e-01   -4.783733e-01    0.000000e+00   -4.695995e-01    1.105715e-06    9.133745e-07    1.085789e-06   -9.392370e-07   -5.669435e-07   -8.667601e-07    8.796977e-06    7.439966e-06    8.489748e-06
  -4.031250e-01   -8.200076e+00   -6.985063e+00   -7.161530e+00   -2.608904e+00   -2.148926e+00   -2.242972e+00   -3.866056e+00   -3.350817e+00   -3.192055e+00    5.847790e-01    1.709175e+00    7.691724e-01    2.668568e-01    8.507852e-01    3.607165e-01   -4.769588e-01    0.000000e+00   -4.677334e-01    1.088075e-06    9.063486e-07    1.070038e-06   -9.380837e-07   -5.625824e-07   -8.651084e-07    8.796251e-06    7.439966e-06    8.489115e-06
  -4.000000e-01   -7.999195e+00   -6.930916e+00   -6.991643e+00   -2.544555e+00   -2.132267e+00   -2.188664e+00   -3.759052e+00   -3.324842e+00   -3.103254e+00    6.015541e-01    1.709175e+00    7.865407e-01    2.745119e-01    8.507852e-01    3.684418e-01   -4.755030e-01    0.000000e+00   -4.658241e-01    1.070550e-06    8.993226e-07    1.054409e-06   -9.368966e-07   -5.582213e-07   -8.634239e-07    8.795515e-06    7.439966e-06    8.488475e-06
  -3.968750e-01   -7.799759e+00   -6.876768e+00   -6.823293e+00   -2.480666e+00   -2.115609e+00   -2.134844e+00   -3.652841e+00   -3.298866e+00   -3.015292e+00    6.181987e-01    1.709175e+00    8.034938e-01    2.821075e-01    8.507852e-01    3.759502e-01   -4.740061e-01    0.000000e+00   -4.638728e-01    1.053139e-06    8.922967e-07    1.038897e-06   -9.356760e-07   -5.538602e-07   -8.617080e-07    8.794768e-06    7.439966e-06    8.487830e-06
  -3.937500e-01   -7.601757e+00   -6.822620e+00   -6.656442e+00   -2.417232e+00   -2.098951e+00   -2.081499e+00   -3.547417e+00   -3.272891e+00   -2.928151e+00    6.347127e-01    1.709175e+00    8.200357e-01    2.896435e-01    8.507852e-01    3.832438e-01   -4.724685e-01    0.000000e+00   -4.618803e-01    1.035840e-06    8.852707e-07    1.023501e-06   -9.344223e-07   -5.494991e-07   -8.599617e-07    8.794010e-06    7.439966e-06    8.487179e-06
  -3.906250e-01   -7.405178e+00   -6.768472e+00   -6.491053e+00   -2.354250e+00   -2.082292e+00   -2.028618e+00   -3.442774e+00   -3.246916e+00   -2.841808e+00    6.510962e-01    1.709175e+00    8.361698e-01    2.971199e-01    8.507852e-01    3.903244e-01   -4.708906e-01    0.000000e+00   -4.598478e-01    1.018654e-06    8.782447e-07    1.008218e-06   -9.331357e-07   -5.451380e-07   -8.581863e-07    8.793243e-06    7.439966e-06    8.486523e-06
  -3.875000e-01   -7.210011e+00   -6.714325e+00   -6.327089e+00   -2.291717e+00   -2.065634e+00   -1.976189e+00   -3.338905e+00   -3.220940e+00   -2.756245e+00    6.673491e-01    1.709175e+00    8.518997e-01    3.045367e-01    8.507852e-01    3.971941e-01   -4.692726e-01    0.000000e+00   -4.577761e-01    1.001579e-06    8.712188e-07    9.930446e-07   -9.318164e-07   -5.407769e-07   -8.563829e-07    8.792466e-06    7.439966e-06    8.485863e-06
  -3.843750e-01   -7.016243e+00   -6.660177e+00   -6.164513e+00   -2.229629e+00   -2.048976e+00   -1.924201e+00   -3.235806e+00   -3.194965e+00   -2.671439e+00    6.834715e-01    1.709175e+00    8.672289e-01    3.118939e-01    8.507852e-01    4.038547e-01   -4.676149e-01    0.000000e+00   -4.556664e-01    9.846140e-07    8.641928e-07    9.779792e-07   -9.304647e-07   -5.364158e-07   -8.545528e-07    8.791679e-06    7.439966e-06    8.485197e-06
  -3.812500e-01   -6.823864e+00   -6.606029e+00   -6.003290e+00   -2.167983e+00   -2.032317e+00   -1.872641e+00   -3.133469e+00   -3.168990e+00   -2.587373e+00    6.994633e-01    1.709175e+00    8.821608e-01    3.191916e-01    8.507852e-01    4.103081e-01   -4.659178e-01    0.000000e+00   -4.535194e-01    9.677587e-07    8.571669e-07    9.630188e-07   -9.290809e-07   -5.320547e-07   -8.526969e-07    8.790882e-06    7.439966e-06    8.484526e-06
  -3.781250e-01   -6.632863e+00   -6.551881e+00   -5.843384e+00   -2.106774e+00   -2.015659e+00   -1.821499e+00   -3.031888e+00   -3.143014e+00   -2.504024e+00    7.153246e-01    1.709175e+00    8.966986e-01    3.264297e-01    8.507852e-01    4.165560e-01   -4.641816e-01    0.000000e+00   -4.513364e-01    9.510119e-07    8.501409e-07    9.481609e-07   -9.276652e-07   -5.276936e-07   -8.508166e-07    8.790077e-06    7.439966e-06    8.483851e-06
  -3.750000e-01   -6.443228e+00   -6.497733e+00   -5.684758e+00   -2.045999e+00   -1.999001e+00   -1.770763e+00   -2.931057e+00   -3.117039e+00   -2.421375e+00    7.310553e-01    1.709175e+00    9.108455e-01    3.336083e-01    8.507852e-01    4.226003e-01   -4.624066e-01    0.000000e+00   -4.491181e-01    9.343728e-07    8.431149e-07    9.334029e-07   -9.262179e-07   -5.233325e-07   -8.489128e-07    8.789262e-06    7.439966e-06    8.483172e-06
  -3.718750e-01   -6.254948e+00   -6.443586e+00   -5.527377e+00   -1.985655e+00   -1.982342e+00   -1.720421e+00   -2.830970e+00   -3.091064e+00   -2.339404e+00    7.466555e-01    1.709175e+00    9.246046e-01    3.407272e-01    8.507852e-01    4.284425e-01   -4.605932e-01    0.000000e+00   -4.468656e-01    9.178405e-07    8.360890e-07    9.187424e-07   -9.247393e-07   -5.189714e-07   -8.469868e-07    8.788438e-06    7.439966e-06    8.482489e-06
  -3.687500e-01   -6.068011e+00   -6.389438e+00   -5.371207e+00   -1.925738e+00   -1.965684e+00   -1.670463e+00   -2.731621e+00   -3.065088e+00   -2.258093e+00    7.621252e-01    1.709175e+00    9.379789e-01    3.477866e-01    8.507852e-01    4.340843e-01   -4.587417e-01    0.000000e+00   -4.445798e-01    9.014141e-07    8.290630e-07    9.041769e-07   -9.232295e-07   -5.146103e-07   -8.450395e-07    8.787606e-06    7.439966e-06    8.481802e-06
  -3.656250e-01   -5.882407e+00   -6.335290e+00   -5.216212e+00   -1.866244e+00   -1.949026e+00   -1.620878e+00   -2.633003e+00   -3.039113e+00   -2.177423e+00    7.774643e-01    1.709175e+00    9.509714e-01    3.547864e-01    8.507852e-01    4.395274e-01   -4.568523e-01    0.000000e+00   -4.422616e-01    8.850926e-07    8.220371e-07    8.897038e-07   -9.216889e-07   -5.102492e-07   -8.430722e-07    8.786765e-06    7.439966e-06    8.481111e-06
  -3.625000e-01   -5.698124e+00   -6.281142e+00   -5.062358e+00   -1.807171e+00   -1.932367e+00   -1.571653e+00   -2.535110e+00   -3.013138e+00   -2.097374e+00    7.926729e-01    1.709175e+00    9.635849e-01    3.617267e-01    8.507852e-01    4.447732e-01   -4.549254e-01    0.000000e+00   -4.399120e-01    8.688753e-07    8.150111e-07    8.753208e-07   -9.201178e-07   -5.058881e-07   -8.410859e-07    8.785916e-06    7.439966e-06    8.480416e-06
  -3.593750e-01   -5.515150e+00   -6.226995e+00   -4.909611e+00   -1.748513e+00   -1.915709e+00   -1.522780e+00   -2.437936e+00   -2.987163e+00   -2.017928e+00    8.077509e-01    1.709175e+00    9.758221e-01    3.686073e-01    8.507852e-01    4.498234e-01   -4.529614e-01    0.000000e+00   -4.375319e-01    8.527612e-07    8.079852e-07    8.610254e-07   -9.185164e-07   -5.015270e-07   -8.390816e-07    8.785058e-06    7.439966e-06    8.479718e-06
  -3.562500e-01   -5.333475e+00   -6.172847e+00   -4.757936e+00   -1.690268e+00   -1.899051e+00   -1.474245e+00   -2.341475e+00   -2.961187e+00   -1.939064e+00    8.226983e-01    1.709175e+00    9.876858e-01    3.754284e-01    8.507852e-01    4.546792e-01   -4.509606e-01    0.000000e+00   -4.351223e-01    8.367494e-07    8.009592e-07    8.468151e-07   -9.168849e-07   -4.971659e-07   -8.370605e-07    8.784193e-06    7.439966e-06    8.479016e-06
  -3.531250e-01   -5.153087e+00   -6.118699e+00   -4.607300e+00   -1.632433e+00   -1.882392e+00   -1.426040e+00   -2.245721e+00   -2.935212e+00   -1.860766e+00    8.375153e-01    1.709175e+00    9.991784e-01    3.821900e-01    8.507852e-01    4.593422e-01   -4.489232e-01    0.000000e+00   -4.326839e-01    8.208390e-07    7.939332e-07    8.326876e-07   -9.152236e-07   -4.928048e-07   -8.350236e-07    8.783319e-06    7.439966e-06    8.478312e-06
  -3.500000e-01   -4.973975e+00   -6.064551e+00   -4.457669e+00   -1.575003e+00   -1.865734e+00   -1.378152e+00   -2.150667e+00   -2.909237e+00   -1.783013e+00    8.522017e-01    1.709175e+00    1.010303e+00    3.888919e-01    8.507852e-01    4.638137e-01   -4.468496e-01    0.000000e+00   -4.302179e-01    8.050292e-07    7.869073e-07    8.186405e-07   -9.135328e-07   -4.884437e-07   -8.329719e-07    8.782438e-06    7.439966e-06    8.477604e-06
  -3.468750e-01   -4.796128e+00   -6.010403e+00   -4.309009e+00   -1.517974e+00   -1.849076e+00   -1.330573e+00   -2.056307e+00   -2.883261e+00   -1.705789e+00    8.667575e-01    1.709175e+00    1.021061e+00    3.955343e-01    8.507852e-01    4.680950e-01   -4.447401e-01    0.000000e+00   -4.277249e-01    7.893191e-07    7.798813e-07    8.046714e-07   -9.118128e-07   -4.840825e-07   -8.309065e-07    8.781550e-06    7.439966e-06    8.476893e-06
  -3.437500e-01   -4.619534e+00   -5.956256e+00   -4.161289e+00   -1.461344e+00   -1.832417e+00   -1.283289e+00   -1.962636e+00   -2.857286e+00   -1.629073e+00    8.811828e-01    1.709175e+00    1.031455e+00    4.021171e-01    8.507852e-01    4.721874e-01   -4.425951e-01    0.000000e+00   -4.252060e-01    7.737077e-07    7.728554e-07    7.907779e-07   -9.100637e-07   -4.797214e-07   -8.288284e-07    8.780654e-06    7.439966e-06    8.476180e-06
  -3.406250e-01   -4.444182e+00   -5.902108e+00   -4.014474e+00   -1.405109e+00   -1.815759e+00   -1.236293e+00   -1.869646e+00   -2.831311e+00   -1.552849e+00    8.954775e-01    1.709175e+00    1.041488e+00    4.086403e-01    8.507852e-01    4.760921e-01   -4.404148e-01    0.000000e+00   -4.226621e-01    7.581942e-07    7.658294e-07    7.769577e-07   -9.082859e-07   -4.753603e-07   -8.267387e-07    8.779751e-06    7.439966e-06    8.475464e-06
  -3.375000e-01   -4.270060e+00   -5.847960e+00   -3.868531e+00   -1.349265e+00   -1.799101e+00   -1.189572e+00   -1.777332e+00   -2.805335e+00   -1.477097e+00    9.096417e-01    1.709175e+00    1.051162e+00    4.151040e-01    8.507852e-01    4.798103e-01   -4.381996e-01    0.000000e+00   -4.200939e-01    7.427776e-07    7.588035e-07    7.632085e-07   -9.064797e-07   -4.709992e-07   -8.246384e-07    8.778841e-06    7.439966e-06    8.474746e-06
  -3.343750e-01   -4.097158e+00   -5.793812e+00   -3.723430e+00   -1.293808e+00   -1.782442e+00   -1.143117e+00   -1.685687e+00   -2.779360e+00   -1.401800e+00    9.236754e-01    1.709175e+00    1.060478e+00    4.215081e-01    8.507852e-01    4.833431e-01   -4.359497e-01    0.000000e+00   -4.175025e-01    7.274572e-07    7.517775e-07    7.495279e-07   -9.046452e-07   -4.666381e-07   -8.225285e-07    8.777925e-06    7.439966e-06    8.474025e-06
  -3.312500e-01   -3.925465e+00   -5.739665e+00   -3.579136e+00   -1.238736e+00   -1.765784e+00   -1.096917e+00   -1.594706e+00   -2.753385e+00   -1.326941e+00    9.375785e-01    1.709175e+00    1.069440e+00    4.278526e-01    8.507852e-01    4.866917e-01   -4.336656e-01    0.000000e+00   -4.148886e-01    7.122320e-07    7.447515e-07    7.359137e-07   -9.027828e-07   -4.622770e-07   -8.204100e-07    8.777001e-06    7.439966e-06    8.473302e-06
  -3.281250e-01   -3.754968e+00   -5.685517e+00   -3.435618e+00   -1.184044e+00   -1.749126e+00   -1.050961e+00   -1.504382e+00   -2.727409e+00   -1.252500e+00    9.513510e-01    1.709175e+00    1.078048e+00    4.341375e-01    8.507852e-01    4.898571e-01   -4.313476e-01    0.000000e+00   -4.122532e-01    6.971011e-07    7.377256e-07    7.223635e-07   -9.008926e-07   -4.579159e-07   -8.182838e-07    8.776071e-06    7.439966e-06    8.472577e-06
  -3.250000e-01   -3.585656e+00   -5.631369e+00   -3.292843e+00   -1.129728e+00   -1.732467e+00   -1.005241e+00   -1.414708e+00   -2.701434e+00   -1.178461e+00    9.649930e-01    1.709175e+00    1.086305e+00    4.403629e-01    8.507852e-01    4.928402e-01   -4.289959e-01    0.000000e+00   -4.095971e-01    6.820636e-07    7.306996e-07    7.088750e-07   -8.989751e-07   -4.535548e-07   -8.161511e-07    8.775135e-06    7.439966e-06    8.471849e-06
  -3.218750e-01   -3.417519e+00   -5.577221e+00   -3.150781e+00   -1.075786e+00   -1.715809e+00   -9.597451e-01   -1.325679e+00   -2.675459e+00   -1.104805e+00    9.785045e-01    1.709175e+00    1.094212e+00    4.465287e-01    8.507852e-01    4.956421e-01   -4.266108e-01    0.000000e+00   -4.069211e-01    6.671187e-07    7.236737e-07    6.954461e-07   -8.970304e-07   -4.491937e-07   -8.140128e-07    8.774193e-06    7.439966e-06    8.471120e-06
  -3.187500e-01   -3.250545e+00   -5.523073e+00   -3.009398e+00   -1.022214e+00   -1.699151e+00   -9.144637e-01   -1.237289e+00   -2.649483e+00   -1.031516e+00    9.918854e-01    1.709175e+00    1.101772e+00    4.526349e-01    8.507852e-01    4.982637e-01   -4.241928e-01    0.000000e+00   -4.042261e-01    6.522654e-07    7.166477e-07    6.820744e-07   -8.950587e-07   -4.448326e-07   -8.118699e-07    8.773245e-06    7.439966e-06    8.470389e-06
  -3.156250e-01   -3.084722e+00   -5.468926e+00   -2.868665e+00   -9.690071e-01   -1.682492e+00   -8.693867e-01   -1.149531e+00   -2.623508e+00   -9.585759e-01    1.005136e+00    1.709175e+00    1.108985e+00    4.586816e-01    8.507852e-01    5.007059e-01   -4.217421e-01    0.000000e+00   -4.015131e-01    6.375029e-07    7.096217e-07    6.687578e-07   -8.930604e-07   -4.404715e-07   -8.097233e-07    8.772290e-06    7.439966e-06    8.469656e-06
  -3.125000e-01   -2.920040e+00   -5.414778e+00   -2.728548e+00   -9.161630e-01   -1.665834e+00   -8.245041e-01   -1.062399e+00   -2.597533e+00   -8.859669e-01    1.018256e+00    1.709175e+00    1.115854e+00    4.646686e-01    8.507852e-01    5.029694e-01   -4.192590e-01    0.000000e+00   -3.987827e-01    6.228302e-07    7.025958e-07    6.554938e-07   -8.910358e-07   -4.361104e-07   -8.075740e-07    8.771331e-06    7.439966e-06    8.468922e-06
  -3.093750e-01   -2.756487e+00   -5.360630e+00   -2.589018e+00   -8.636777e-01   -1.649176e+00   -7.798059e-01   -9.758863e-01   -2.571557e+00   -8.136719e-01    1.031245e+00    1.709175e+00    1.122380e+00    4.705962e-01    8.507852e-01    5.050551e-01   -4.167439e-01    0.000000e+00   -3.960359e-01    6.082465e-07    6.955698e-07    6.422804e-07   -8.889850e-07   -4.317493e-07   -8.054231e-07    8.770365e-06    7.439966e-06    8.468186e-06
  -3.062500e-01   -2.594052e+00   -5.306482e+00   -2.450043e+00   -8.115477e-01   -1.632517e+00   -7.352822e-01   -8.899876e-01   -2.545582e+00   -7.416738e-01    1.044104e+00    1.709175e+00    1.128563e+00    4.764641e-01    8.507852e-01    5.069637e-01   -4.141971e-01    0.000000e+00   -3.932735e-01    5.937509e-07    6.885439e-07    6.291153e-07   -8.869083e-07   -4.273882e-07   -8.032714e-07    8.769394e-06    7.439966e-06    8.467448e-06
  -3.031250e-01   -2.432723e+00   -5.252335e+00   -2.311591e+00   -7.597694e-01   -1.615859e+00   -6.909231e-01   -8.046965e-01   -2.519607e+00   -6.699554e-01    1.056832e+00    1.709175e+00    1.134407e+00    4.822724e-01    8.507852e-01    5.086960e-01   -4.116188e-01    0.000000e+00   -3.904964e-01    5.793425e-07    6.815179e-07    6.159964e-07   -8.848060e-07   -4.230271e-07   -8.011200e-07    8.768418e-06    7.439966e-06    8.466710e-06
  -3.000000e-01   -2.272489e+00   -5.198187e+00   -2.173632e+00   -7.083392e-01   -1.599201e+00   -6.467187e-01   -7.200066e-01   -2.493631e+00   -5.984995e-01    1.069430e+00    1.709175e+00    1.139911e+00    4.880212e-01    8.507852e-01    5.102526e-01   -4.090095e-01    0.000000e+00   -3.877053e-01    5.650204e-07    6.744920e-07    6.029213e-07   -8.826784e-07   -4.186660e-07   -7.989697e-07    8.767437e-06    7.439966e-06    8.465969e-06
  -2.968750e-01   -2.113340e+00   -5.144039e+00   -2.036136e+00   -6.572535e-01   -1.582542e+00   -6.026593e-01   -6.359118e-01   -2.467656e+00   -5.272892e-01    1.081897e+00    1.709175e+00    1.145077e+00    4.937104e-01    8.507852e-01    5.116341e-01   -4.063694e-01    0.000000e+00   -3.849011e-01    5.507838e-07    6.674660e-07    5.898879e-07   -8.805257e-07   -4.143049e-07   -7.968216e-07    8.766451e-06    7.439966e-06    8.465228e-06
  -2.937500e-01   -1.955263e+00   -5.089891e+00   -1.899071e+00   -6.065086e-01   -1.565884e+00   -5.587350e-01   -5.524058e-01   -2.441681e+00   -4.563074e-01    1.094233e+00    1.709175e+00    1.149906e+00    4.993401e-01    8.507852e-01    5.128411e-01   -4.036989e-01    0.000000e+00   -3.820847e-01    5.366316e-07    6.604400e-07    5.768940e-07   -8.783482e-07   -4.099438e-07   -7.946766e-07    8.765461e-06    7.439966e-06    8.464485e-06
  -2.906250e-01   -1.798247e+00   -5.035743e+00   -1.762407e+00   -5.561011e-01   -1.549226e+00   -5.149361e-01   -4.694825e-01   -2.415705e+00   -3.855372e-01    1.106439e+00    1.709175e+00    1.154399e+00    5.049101e-01    8.507852e-01    5.138742e-01   -4.009983e-01    0.000000e+00   -3.792568e-01    5.225631e-07    6.534141e-07    5.639375e-07   -8.761462e-07   -4.055827e-07   -7.925357e-07    8.764465e-06    7.439966e-06    8.463741e-06
  -2.875000e-01   -1.642282e+00   -4.981596e+00   -1.626113e+00   -5.060273e-01   -1.532567e+00   -4.712528e-01   -3.871356e-01   -2.389730e+00   -3.149618e-01    1.118515e+00    1.709175e+00    1.158557e+00    5.104206e-01    8.507852e-01    5.147338e-01   -3.982679e-01    0.000000e+00   -3.764183e-01    5.085774e-07    6.463881e-07    5.510161e-07   -8.739198e-07   -4.012216e-07   -7.903997e-07    8.763465e-06    7.439966e-06    8.462997e-06
  -2.843750e-01   -1.487355e+00   -4.927448e+00   -1.490159e+00   -4.562837e-01   -1.515909e+00   -4.276755e-01   -3.053590e-01   -2.363755e+00   -2.445642e-01    1.130460e+00    1.709175e+00    1.162382e+00    5.158716e-01    8.507852e-01    5.154204e-01   -3.955080e-01    0.000000e+00   -3.735700e-01    4.946735e-07    6.393622e-07    5.381277e-07   -8.716694e-07   -3.968605e-07   -7.882697e-07    8.762461e-06    7.439966e-06    8.462251e-06
  -2.812500e-01   -1.333456e+00   -4.873300e+00   -1.354515e+00   -4.068666e-01   -1.499251e+00   -3.841944e-01   -2.241465e-01   -2.337779e+00   -1.743277e-01    1.142274e+00    1.709175e+00    1.165872e+00    5.212629e-01    8.507852e-01    5.159344e-01   -3.927189e-01    0.000000e+00   -3.707128e-01    4.808506e-07    6.323362e-07    5.252701e-07   -8.693953e-07   -3.924994e-07   -7.861465e-07    8.761452e-06    7.439966e-06    8.461504e-06
  -2.781250e-01   -1.180572e+00   -4.819152e+00   -1.219150e+00   -3.577724e-01   -1.482592e+00   -3.408000e-01   -1.434918e-01   -2.311804e+00   -1.042356e-01    1.153958e+00    1.709175e+00    1.169031e+00    5.265947e-01    8.507852e-01    5.162762e-01   -3.899010e-01    0.000000e+00   -3.678473e-01    4.671077e-07    6.253103e-07    5.124412e-07   -8.670976e-07   -3.881383e-07   -7.840312e-07    8.760440e-06    7.439966e-06    8.460756e-06
  -2.750000e-01   -1.028694e+00   -4.765005e+00   -1.084034e+00   -3.089977e-01   -1.465934e+00   -2.974826e-01   -6.338886e-02   -2.285829e+00   -3.427105e-02    1.165511e+00    1.709175e+00    1.171857e+00    5.318669e-01    8.507852e-01    5.164462e-01   -3.870546e-01    0.000000e+00   -3.649746e-01    4.534441e-07    6.182843e-07    4.996388e-07   -8.647766e-07   -3.837772e-07   -7.819246e-07    8.759423e-06    7.439966e-06    8.460008e-06
  -2.718750e-01   -8.778095e-01   -4.710857e+00   -9.491376e-01   -2.605387e-01   -1.449276e+00   -2.542325e-01    1.616865e-02   -2.259853e+00    3.558259e-02    1.176934e+00    1.709175e+00    1.174352e+00    5.370795e-01    8.507852e-01    5.164445e-01   -3.841800e-01    0.000000e+00   -3.620953e-01    4.398587e-07    6.112583e-07    4.868608e-07   -8.624327e-07   -3.794161e-07   -7.798277e-07    8.758403e-06    7.439966e-06    8.459258e-06
  -2.687500e-01   -7.279071e-01   -4.656709e+00   -8.144297e-01   -2.123920e-01   -1.432617e+00   -2.110402e-01    9.518689e-02   -2.233878e+00    1.053420e-01    1.188226e+00    1.709175e+00    1.176516e+00    5.422326e-01    8.507852e-01    5.162716e-01   -3.812775e-01    0.000000e+00   -3.592102e-01    4.263508e-07    6.042324e-07    4.741050e-07   -8.600661e-07   -3.750549e-07   -7.777414e-07    8.757379e-06    7.439966e-06    8.458508e-06
  -2.656250e-01   -5.789758e-01   -4.602561e+00   -6.798805e-01   -1.645538e-01   -1.415959e+00   -1.678961e-01    1.736721e-01   -2.207903e+00    1.750238e-01    1.199388e+00    1.709175e+00    1.178350e+00    5.473261e-01    8.507852e-01    5.159275e-01   -3.783474e-01    0.000000e+00   -3.563203e-01    4.129194e-07    5.972064e-07    4.613693e-07   -8.576769e-07   -3.706938e-07   -7.756667e-07    8.756351e-06    7.439966e-06    8.457757e-06
  -2.625000e-01   -4.310042e-01   -4.548413e+00   -5.454600e-01   -1.170207e-01   -1.399301e+00   -1.247905e-01    2.516304e-01   -2.181927e+00    2.446447e-01    1.210419e+00    1.709175e+00    1.179854e+00    5.523600e-01    8.507852e-01    5.154125e-01   -3.753902e-01    0.000000e+00   -3.534263e-01    3.995636e-07    5.901805e-07    4.486515e-07   -8.552656e-07   -3.663327e-07   -7.736044e-07    8.755320e-06    7.439966e-06    8.457005e-06
  -2.593750e-01   -2.839810e-01   -4.494266e+00   -4.111382e-01   -6.978896e-02   -1.382642e+00   -8.171400e-02    3.290680e-01   -2.155952e+00    3.142212e-01    1.221319e+00    1.709175e+00    1.181028e+00    5.573343e-01    8.507852e-01    5.147266e-01   -3.724060e-01    0.000000e+00   -3.505290e-01    3.862826e-07    5.831545e-07    4.359494e-07   -8.528323e-07   -3.619716e-07   -7.715555e-07    8.754286e-06    7.439966e-06    8.456253e-06
  -2.562500e-01   -1.378950e-01   -4.440118e+00   -2.768852e-01   -2.285510e-02   -1.365984e+00   -3.865692e-02    4.059911e-01   -2.129977e+00    3.837700e-01    1.232089e+00    1.709175e+00    1.181872e+00    5.622491e-01    8.507852e-01    5.138701e-01   -3.693952e-01    0.000000e+00   -3.476292e-01    3.730754e-07    5.761285e-07    4.232611e-07   -8.503774e-07   -3.576105e-07   -7.695210e-07    8.753249e-06    7.439966e-06    8.455499e-06
  -2.531250e-01    7.265128e-03   -4.385970e+00   -1.426708e-01    2.378450e-02   -1.349326e+00    4.390259e-03    4.824060e-01   -2.104001e+00    4.533076e-01    1.242729e+00    1.709175e+00    1.182387e+00    5.671043e-01    8.507852e-01    5.128428e-01   -3.663581e-01    0.000000e+00   -3.447278e-01    3.599412e-07    5.691026e-07    4.105842e-07   -8.479010e-07   -3.532494e-07   -7.675018e-07    8.752208e-06    7.439966e-06    8.454745e-06
  -2.500000e-01    1.515107e-01   -4.331822e+00   -8.465275e-03    7.013343e-02   -1.332667e+00    4.743711e-02    5.583187e-01   -2.078026e+00    5.228507e-01    1.253238e+00    1.709175e+00    1.182572e+00    5.718999e-01    8.507852e-01    5.116449e-01   -3.632951e-01    0.000000e+00   -3.418255e-01    3.468790e-07    5.620766e-07    3.979167e-07   -8.454035e-07   -3.488883e-07   -7.654987e-07    8.751165e-06    7.439966e-06    8.453991e-06
  -2.500000e-01   -8.007356e+00   -8.584578e+00   -9.339472e+00   -2.724796e+00   -2.789506e+00   -3.149025e+00    4.612684e+00    4.773378e+00    5.391042e+00    1.253238e+00    1.346600e+00    1.182572e+00    5.718999e-01   -8.323085e-02    5.116449e-01   -3.632951e-01    0.000000e+00   -3.418255e-01    3.468790e-07    5.620766e-07    3.979167e-07   -8.454035e-07   -3.488883e-07   -7.654987e-07    8.751165e-06    7.439966e-06    8.453991e-06
  -2.468750e-01   -7.850334e+00   -8.477271e+00   -9.171229e+00   -2.672529e+00   -2.754637e+00   -3.093175e+00    4.523312e+00    4.713710e+00    5.294908e+00    1.276940e+00    1.346600e+00    1.205288e+00    5.587192e-01   -8.323085e-02    4.985315e-01   -3.601901e-01    0.000000e+00   -3.388950e-01    3.385714e-07    5.550507e-07    3.894793e-07   -8.327599e-07   -3.445272e-07   -7.539439e-07    8.750208e-06    7.439966e-06    8.453335e-06
  -2.437500e-01   -7.695460e+00   -8.369964e+00   -9.005100e+00   -2.620949e+00   -2.719768e+00   -3.038002e+00    4.435137e+00    4.654043e+00    5.199954e+00    1.300344e+00    1.346600e+00    1.227593e+00    5.457044e-01   -8.323085e-02    4.856526e-01   -3.570273e-01    0.000000e+00   -3.359093e-01    3.304137e-07    5.480247e-07    3.811841e-07   -8.201947e-07   -3.401661e-07   -7.424703e-07    8.749256e-06    7.439966e-06    8.452680e-06
  -2.406250e-01   -7.542707e+00   -8.262657e+00   -8.841046e+00   -2.570048e+00   -2.684899e+00   -2.983493e+00    4.348143e+00    4.594376e+00    5.106158e+00    1.323450e+00    1.346600e+00    1.249493e+00    5.328553e-01   -8.323085e-02    4.730053e-01   -3.538074e-01    0.000000e+00   -3.328694e-01    3.224040e-07    5.409988e-07    3.730287e-07   -8.077068e-07   -3.358050e-07   -7.310765e-07    8.748309e-06    7.439966e-06    8.452028e-06
  -2.375000e-01   -7.392048e+00   -8.155349e+00   -8.679030e+00   -2.519816e+00   -2.650031e+00   -2.929637e+00    4.262316e+00    4.534709e+00    5.013500e+00    1.346258e+00    1.346600e+00    1.270993e+00    5.201720e-01   -8.323085e-02    4.605869e-01   -3.505312e-01    0.000000e+00   -3.297762e-01    3.145403e-07    5.339728e-07    3.650105e-07   -7.952953e-07   -3.314439e-07   -7.197610e-07    8.747368e-06    7.439966e-06    8.451378e-06
  -2.343750e-01   -7.243456e+00   -8.048042e+00   -8.519016e+00   -2.470245e+00   -2.615162e+00   -2.876421e+00    4.177640e+00    4.475042e+00    4.921958e+00    1.368768e+00    1.346600e+00    1.292098e+00    5.076546e-01   -8.323085e-02    4.483945e-01   -3.471994e-01    0.000000e+00   -3.266308e-01    3.068208e-07    5.269468e-07    3.571270e-07   -7.829592e-07   -3.270828e-07   -7.085225e-07    8.746431e-06    7.439966e-06    8.450730e-06
  -2.312500e-01   -7.096903e+00   -7.940735e+00   -8.360966e+00   -2.421327e+00   -2.580293e+00   -2.823834e+00    4.094100e+00    4.415374e+00    4.831513e+00    1.390980e+00    1.346600e+00    1.312813e+00    4.953029e-01   -8.323085e-02    4.364254e-01   -3.438126e-01    0.000000e+00   -3.234340e-01    2.992436e-07    5.199209e-07    3.493757e-07   -7.706974e-07   -3.227217e-07   -6.973595e-07    8.745501e-06    7.439966e-06    8.450085e-06
  -2.281250e-01   -6.952363e+00   -7.833428e+00   -8.204844e+00   -2.373052e+00   -2.545424e+00   -2.771864e+00    4.011681e+00    4.355707e+00    4.742144e+00    1.412893e+00    1.346600e+00    1.333141e+00    4.831170e-01   -8.323085e-02    4.246770e-01   -3.403718e-01    0.000000e+00   -3.201868e-01    2.918068e-07    5.128949e-07    3.417542e-07   -7.585090e-07   -3.183606e-07   -6.862708e-07    8.744577e-06    7.439966e-06    8.449443e-06
  -2.250000e-01   -6.809808e+00   -7.726120e+00   -8.050616e+00   -2.325411e+00   -2.510555e+00   -2.720501e+00    3.930368e+00    4.296040e+00    4.653832e+00    1.434509e+00    1.346600e+00    1.353090e+00    4.710969e-01   -8.323085e-02    4.131466e-01   -3.368775e-01    0.000000e+00   -3.168903e-01    2.845084e-07    5.058690e-07    3.342601e-07   -7.463930e-07   -3.139995e-07   -6.752548e-07    8.743659e-06    7.439966e-06    8.448805e-06
  -2.218750e-01   -6.669210e+00   -7.618813e+00   -7.898244e+00   -2.278397e+00   -2.475687e+00   -2.669732e+00    3.850146e+00    4.236373e+00    4.566556e+00    1.455826e+00    1.346600e+00    1.372661e+00    4.592426e-01   -8.323085e-02    4.018317e-01   -3.333305e-01    0.000000e+00   -3.135452e-01    2.773467e-07    4.988430e-07    3.268910e-07   -7.343484e-07   -3.096384e-07   -6.643104e-07    8.742748e-06    7.439966e-06    8.448170e-06
  -2.187500e-01   -6.530544e+00   -7.511506e+00   -7.747696e+00   -2.232001e+00   -2.440818e+00   -2.619546e+00    3.770999e+00    4.176705e+00    4.480298e+00    1.476845e+00    1.346600e+00    1.391861e+00    4.475541e-01   -8.323085e-02    3.907297e-01   -3.297316e-01    0.000000e+00   -3.101525e-01    2.703197e-07    4.918171e-07    3.196445e-07   -7.223742e-07   -3.052773e-07   -6.534361e-07    8.741844e-06    7.439966e-06    8.447539e-06
  -2.156250e-01   -6.393781e+00   -7.404199e+00   -7.598936e+00   -2.186213e+00   -2.405949e+00   -2.569933e+00    3.692913e+00    4.117038e+00    4.395037e+00    1.497566e+00    1.346600e+00    1.410694e+00    4.360314e-01   -8.323085e-02    3.798382e-01   -3.260814e-01    0.000000e+00   -3.067132e-01    2.634254e-07    4.847911e-07    3.125184e-07   -7.104694e-07   -3.009162e-07   -6.426307e-07    8.740946e-06    7.439966e-06    8.446912e-06
  -2.125000e-01   -6.258895e+00   -7.296892e+00   -7.451930e+00   -2.141026e+00   -2.371080e+00   -2.520881e+00    3.615872e+00    4.057371e+00    4.310756e+00    1.517989e+00    1.346600e+00    1.429164e+00    4.246745e-01   -8.323085e-02    3.691548e-01   -3.223808e-01    0.000000e+00   -3.032281e-01    2.566621e-07    4.777651e-07    3.055103e-07   -6.986331e-07   -2.965551e-07   -6.318928e-07    8.740057e-06    7.439966e-06    8.446289e-06
  -2.093750e-01   -6.125857e+00   -7.189584e+00   -7.306644e+00   -2.096429e+00   -2.336211e+00   -2.472381e+00    3.539861e+00    3.997704e+00    4.227435e+00    1.538113e+00    1.346600e+00    1.447275e+00    4.134834e-01   -8.323085e-02    3.586771e-01   -3.186304e-01    0.000000e+00   -2.996981e-01    2.500277e-07    4.707392e-07    2.986180e-07   -6.868642e-07   -2.921940e-07   -6.212212e-07    8.739174e-06    7.439966e-06    8.445671e-06
  -2.062500e-01   -5.994642e+00   -7.082277e+00   -7.163045e+00   -2.052416e+00   -2.301342e+00   -2.424420e+00    3.464865e+00    3.938037e+00    4.145056e+00    1.557940e+00    1.346600e+00    1.465032e+00    4.024580e-01   -8.323085e-02    3.484027e-01   -3.148310e-01    0.000000e+00   -2.961241e-01    2.435205e-07    4.637132e-07    2.918391e-07   -6.751617e-07   -2.878329e-07   -6.106146e-07    8.738300e-06    7.439966e-06    8.445057e-06
  -2.031250e-01   -5.865221e+00   -6.974970e+00   -7.021101e+00   -2.008976e+00   -2.266474e+00   -2.376989e+00    3.390869e+00    3.878369e+00    4.063601e+00    1.577468e+00    1.346600e+00    1.482438e+00    3.915985e-01   -8.323085e-02    3.383293e-01   -3.109832e-01    0.000000e+00   -2.925069e-01    2.371385e-07    4.566873e-07    2.851716e-07   -6.635246e-07   -2.834718e-07   -6.000718e-07    8.737434e-06    7.439966e-06    8.444448e-06
  -2.000000e-01   -5.737568e+00   -6.867663e+00   -6.880779e+00   -1.966102e+00   -2.231605e+00   -2.330077e+00    3.317857e+00    3.818702e+00    3.983050e+00    1.596698e+00    1.346600e+00    1.499498e+00    3.809048e-01   -8.323085e-02    3.284548e-01   -3.070879e-01    0.000000e+00   -2.888475e-01    2.308798e-07    4.496613e-07    2.786131e-07   -6.519521e-07   -2.791107e-07   -5.895915e-07    8.736576e-06    7.439966e-06    8.443845e-06
  -1.968750e-01   -5.611656e+00   -6.760355e+00   -6.742047e+00   -1.923784e+00   -2.196736e+00   -2.283674e+00    3.245815e+00    3.759035e+00    3.903387e+00    1.615631e+00    1.346600e+00    1.516215e+00    3.703768e-01   -8.323085e-02    3.187769e-01   -3.031458e-01    0.000000e+00   -2.851466e-01    2.247425e-07    4.426353e-07    2.721616e-07   -6.404430e-07   -2.747496e-07   -5.791724e-07    8.735726e-06    7.439966e-06    8.443246e-06
  -1.937500e-01   -5.487457e+00   -6.653048e+00   -6.604872e+00   -1.882015e+00   -2.161867e+00   -2.237770e+00    3.174727e+00    3.699368e+00    3.824593e+00    1.634265e+00    1.346600e+00    1.532594e+00    3.600147e-01   -8.323085e-02    3.092934e-01   -2.991576e-01    0.000000e+00   -2.814050e-01    2.187247e-07    4.356094e-07    2.658148e-07   -6.289963e-07   -2.703884e-07   -5.688134e-07    8.734885e-06    7.439966e-06    8.442654e-06
  -1.906250e-01   -5.364943e+00   -6.545741e+00   -6.469224e+00   -1.840784e+00   -2.126998e+00   -2.192354e+00    3.104579e+00    3.639700e+00    3.746652e+00    1.652600e+00    1.346600e+00    1.548638e+00    3.498183e-01   -8.323085e-02    3.000022e-01   -2.951240e-01    0.000000e+00   -2.776237e-01    2.128245e-07    4.285834e-07    2.595707e-07   -6.176112e-07   -2.660273e-07   -5.585133e-07    8.734054e-06    7.439966e-06    8.442066e-06
  -1.875000e-01   -5.244089e+00   -6.438434e+00   -6.335071e+00   -1.800084e+00   -2.092129e+00   -2.147418e+00    3.035354e+00    3.580033e+00    3.669545e+00    1.670638e+00    1.346600e+00    1.564351e+00    3.397878e-01   -8.323085e-02    2.909014e-01   -2.910458e-01    0.000000e+00   -2.738035e-01    2.070401e-07    4.215575e-07    2.534271e-07   -6.062865e-07   -2.616662e-07   -5.482708e-07    8.733231e-06    7.439966e-06    8.441485e-06
  -1.843750e-01   -5.124866e+00   -6.331126e+00   -6.202382e+00   -1.759906e+00   -2.057261e+00   -2.102950e+00    2.967039e+00    3.520366e+00    3.593255e+00    1.688377e+00    1.346600e+00    1.579737e+00    3.299230e-01   -8.323085e-02    2.819887e-01   -2.869237e-01    0.000000e+00   -2.699450e-01    2.013695e-07    4.145315e-07    2.473821e-07   -5.950213e-07   -2.573051e-07   -5.380849e-07    8.732418e-06    7.439966e-06    8.440910e-06
  -1.812500e-01   -5.007248e+00   -6.223819e+00   -6.071128e+00   -1.720241e+00   -2.022392e+00   -2.058941e+00    2.899617e+00    3.460699e+00    3.517766e+00    1.705819e+00    1.346600e+00    1.594798e+00    3.202240e-01   -8.323085e-02    2.732623e-01   -2.827583e-01    0.000000e+00   -2.660492e-01    1.958108e-07    4.075056e-07    2.414334e-07   -5.838147e-07   -2.529440e-07   -5.279543e-07    8.731615e-06    7.439966e-06    8.440341e-06
  -1.781250e-01   -4.891206e+00   -6.116512e+00   -5.941277e+00   -1.681080e+00   -1.987523e+00   -2.015381e+00    2.833074e+00    3.401032e+00    3.443061e+00    1.722962e+00    1.346600e+00    1.609539e+00    3.106908e-01   -8.323085e-02    2.647203e-01   -2.785506e-01    0.000000e+00   -2.621168e-01    1.903622e-07    4.004796e-07    2.355792e-07   -5.726655e-07   -2.485829e-07   -5.178778e-07    8.730821e-06    7.439966e-06    8.439779e-06
  -1.750000e-01   -4.776715e+00   -6.009205e+00   -5.812800e+00   -1.642415e+00   -1.952654e+00   -1.972262e+00    2.767394e+00    3.341364e+00    3.369122e+00    1.739807e+00    1.346600e+00    1.623963e+00    3.013235e-01   -8.323085e-02    2.563606e-01   -2.743011e-01    0.000000e+00   -2.581487e-01    1.850217e-07    3.934536e-07    2.298173e-07   -5.615729e-07   -2.442218e-07   -5.078544e-07    8.730037e-06    7.439966e-06    8.439223e-06
  -1.718750e-01   -4.663747e+00   -5.901898e+00   -5.685668e+00   -1.604237e+00   -1.917785e+00   -1.929572e+00    2.702563e+00    3.281697e+00    3.295934e+00    1.756354e+00    1.346600e+00    1.638074e+00    2.921219e-01   -8.323085e-02    2.481815e-01   -2.700107e-01    0.000000e+00   -2.541455e-01    1.797874e-07    3.864277e-07    2.241458e-07   -5.505358e-07   -2.398607e-07   -4.978829e-07    8.729264e-06    7.439966e-06    8.438674e-06
  -1.687500e-01   -4.552275e+00   -5.794590e+00   -5.559852e+00   -1.566538e+00   -1.882917e+00   -1.887304e+00    2.638564e+00    3.222030e+00    3.223481e+00    1.772603e+00    1.346600e+00    1.651874e+00    2.830861e-01   -8.323085e-02    2.401812e-01   -2.656800e-01    0.000000e+00   -2.501080e-01    1.746575e-07    3.794017e-07    2.185628e-07   -5.395533e-07   -2.354996e-07   -4.879622e-07    8.728501e-06    7.439966e-06    8.438132e-06
  -1.656250e-01   -4.442270e+00   -5.687283e+00   -5.435321e+00   -1.529308e+00   -1.848048e+00   -1.845448e+00    2.575384e+00    3.162363e+00    3.151745e+00    1.788554e+00    1.346600e+00    1.665367e+00    2.742161e-01   -8.323085e-02    2.323577e-01   -2.613098e-01    0.000000e+00   -2.460371e-01    1.696300e-07    3.723758e-07    2.130662e-07   -5.286243e-07   -2.311385e-07   -4.780912e-07    8.727748e-06    7.439966e-06    8.437597e-06
  -1.625000e-01   -4.333708e+00   -5.579976e+00   -5.312049e+00   -1.492539e+00   -1.813179e+00   -1.803995e+00    2.513007e+00    3.102695e+00    3.080711e+00    1.804206e+00    1.346600e+00    1.678556e+00    2.655119e-01   -8.323085e-02    2.247095e-01   -2.569009e-01    0.000000e+00   -2.419334e-01    1.647030e-07    3.653498e-07    2.076542e-07   -5.177478e-07   -2.267774e-07   -4.682688e-07    8.727007e-06    7.439966e-06    8.437069e-06
  -1.593750e-01   -4.226559e+00   -5.472669e+00   -5.190006e+00   -1.456222e+00   -1.778310e+00   -1.762935e+00    2.451417e+00    3.043028e+00    3.010364e+00    1.819560e+00    1.346600e+00    1.691443e+00    2.569735e-01   -8.323085e-02    2.172348e-01   -2.524538e-01    0.000000e+00   -2.377978e-01    1.598748e-07    3.583239e-07    2.023248e-07   -5.069230e-07   -2.224163e-07   -4.584938e-07    8.726276e-06    7.439966e-06    8.436549e-06
  -1.562500e-01   -4.120797e+00   -5.365361e+00   -5.069164e+00   -1.420348e+00   -1.743441e+00   -1.722260e+00    2.390600e+00    2.983361e+00    2.940688e+00    1.834617e+00    1.346600e+00    1.704033e+00    2.486008e-01   -8.323085e-02    2.099319e-01   -2.479695e-01    0.000000e+00   -2.336308e-01    1.551432e-07    3.512979e-07    1.970762e-07   -4.961487e-07   -2.180552e-07   -4.487653e-07    8.725557e-06    7.439966e-06    8.436037e-06
  -1.531250e-01   -4.016395e+00   -5.258054e+00   -4.949496e+00   -1.384910e+00   -1.708572e+00   -1.681960e+00    2.330541e+00    2.923694e+00    2.871666e+00    1.849375e+00    1.346600e+00    1.716327e+00    2.403940e-01   -8.323085e-02    2.027992e-01   -2.434485e-01    0.000000e+00   -2.294333e-01    1.505065e-07    3.442719e-07    1.919064e-07   -4.854239e-07   -2.136941e-07   -4.390821e-07    8.724849e-06    7.439966e-06    8.435532e-06
  -1.500000e-01   -3.913325e+00   -5.150747e+00   -4.830973e+00   -1.349898e+00   -1.673704e+00   -1.642027e+00    2.271223e+00    2.864027e+00    2.803284e+00    1.863835e+00    1.346600e+00    1.728330e+00    2.323530e-01   -8.323085e-02    1.958351e-01   -2.388917e-01    0.000000e+00   -2.252061e-01    1.459628e-07    3.372460e-07    1.868136e-07   -4.747478e-07   -2.093330e-07   -4.294432e-07    8.724152e-06    7.439966e-06    8.435035e-06
  -1.468750e-01   -3.811561e+00   -5.043440e+00   -4.713570e+00   -1.315303e+00   -1.638835e+00   -1.602453e+00    2.212633e+00    2.804359e+00    2.735527e+00    1.877996e+00    1.346600e+00    1.740042e+00    2.244778e-01   -8.323085e-02    1.890381e-01   -2.342998e-01    0.000000e+00   -2.209497e-01    1.415102e-07    3.302200e-07    1.817960e-07   -4.641193e-07   -2.049719e-07   -4.198476e-07    8.723467e-06    7.439966e-06    8.434546e-06
  -1.437500e-01   -3.711074e+00   -4.936133e+00   -4.597258e+00   -1.281117e+00   -1.603966e+00   -1.563228e+00    2.154755e+00    2.744692e+00    2.668379e+00    1.891860e+00    1.346600e+00    1.751468e+00    2.167683e-01   -8.323085e-02    1.824066e-01   -2.296735e-01    0.000000e+00   -2.166649e-01    1.371467e-07    3.231941e-07    1.768518e-07   -4.535374e-07   -2.006108e-07   -4.102942e-07    8.722794e-06    7.439966e-06    8.434066e-06
  -1.406250e-01   -3.611839e+00   -4.828825e+00   -4.482010e+00   -1.247331e+00   -1.569097e+00   -1.524344e+00    2.097574e+00    2.685025e+00    2.601825e+00    1.905426e+00    1.346600e+00    1.762610e+00    2.092247e-01   -8.323085e-02    1.759392e-01   -2.250135e-01    0.000000e+00   -2.123524e-01    1.328704e-07    3.161681e-07    1.719791e-07   -4.430010e-07   -1.962497e-07   -4.007820e-07    8.722133e-06    7.439966e-06    8.433593e-06
  -1.375000e-01   -3.513827e+00   -4.721518e+00   -4.367801e+00   -1.213936e+00   -1.534228e+00   -1.485792e+00    2.041074e+00    2.625358e+00    2.535851e+00    1.918693e+00    1.346600e+00    1.773470e+00    2.018468e-01   -8.323085e-02    1.696344e-01   -2.203206e-01    0.000000e+00   -2.080129e-01    1.286796e-07    3.091421e-07    1.671762e-07   -4.325094e-07   -1.918886e-07   -3.913099e-07    8.721484e-06    7.439966e-06    8.433130e-06
  -1.343750e-01   -3.417012e+00   -4.614211e+00   -4.254604e+00   -1.180924e+00   -1.499359e+00   -1.447564e+00    1.985241e+00    2.565690e+00    2.470442e+00    1.931662e+00    1.346600e+00    1.784051e+00    1.946348e-01   -8.323085e-02    1.634909e-01   -2.155955e-01    0.000000e+00   -2.036471e-01    1.245722e-07    3.021162e-07    1.624413e-07   -4.220613e-07   -1.875275e-07   -3.818769e-07    8.720848e-06    7.439966e-06    8.432675e-06
  -1.312500e-01   -3.321367e+00   -4.506904e+00   -4.142393e+00   -1.148286e+00   -1.464491e+00   -1.409652e+00    1.930059e+00    2.506023e+00    2.405583e+00    1.944333e+00    1.346600e+00    1.794356e+00    1.875885e-01   -8.323085e-02    1.575072e-01   -2.108390e-01    0.000000e+00   -1.992557e-01    1.205464e-07    2.950902e-07    1.577726e-07   -4.116559e-07   -1.831664e-07   -3.724821e-07    8.720224e-06    7.439966e-06    8.432228e-06
  -1.281250e-01   -3.226863e+00   -4.399596e+00   -4.031142e+00   -1.116014e+00   -1.429622e+00   -1.372047e+00    1.875513e+00    2.446356e+00    2.341261e+00    1.956706e+00    1.346600e+00    1.804386e+00    1.807081e-01   -8.323085e-02    1.516821e-01   -2.060517e-01    0.000000e+00   -1.948393e-01    1.166002e-07    2.880643e-07    1.531684e-07   -4.012921e-07   -1.788053e-07   -3.631244e-07    8.719612e-06    7.439966e-06    8.431791e-06
  -1.250000e-01   -3.133474e+00   -4.292289e+00   -3.920825e+00   -1.084097e+00   -1.394753e+00   -1.334742e+00    1.821589e+00    2.386689e+00    2.277459e+00    1.968781e+00    1.346600e+00    1.814144e+00    1.739934e-01   -8.323085e-02    1.460142e-01   -2.012344e-01    0.000000e+00   -1.903987e-01    1.127319e-07    2.810383e-07    1.486270e-07   -3.909690e-07   -1.744442e-07   -3.538029e-07    8.719014e-06    7.439966e-06    8.431362e-06
  -1.218750e-01   -3.041173e+00   -4.184982e+00   -3.811416e+00   -1.052529e+00   -1.359884e+00   -1.297727e+00    1.768270e+00    2.327022e+00    2.214165e+00    1.980558e+00    1.346600e+00    1.823633e+00    1.674445e-01   -8.323085e-02    1.405022e-01   -1.963878e-01    0.000000e+00   -1.859344e-01    1.089394e-07    2.740124e-07    1.441466e-07   -3.806856e-07   -1.700831e-07   -3.445166e-07    8.718428e-06    7.439966e-06    8.430942e-06
  -1.187500e-01   -2.949933e+00   -4.077675e+00   -3.702892e+00   -1.021300e+00   -1.325015e+00   -1.260995e+00    1.715543e+00    2.267354e+00    2.151364e+00    1.992036e+00    1.346600e+00    1.832854e+00    1.610614e-01   -8.323085e-02    1.351450e-01   -1.915127e-01    0.000000e+00   -1.814472e-01    1.052210e-07    2.669864e-07    1.397255e-07   -3.704408e-07   -1.657220e-07   -3.352645e-07    8.717855e-06    7.439966e-06    8.430532e-06
  -1.156250e-01   -2.859726e+00   -3.970367e+00   -3.595225e+00   -9.904013e-01   -1.290147e+00   -1.224538e+00    1.663391e+00    2.207687e+00    2.089043e+00    2.003216e+00    1.346600e+00    1.841810e+00    1.548441e-01   -8.323085e-02    1.299413e-01   -1.866098e-01    0.000000e+00   -1.769376e-01    1.015746e-07    2.599604e-07    1.353622e-07   -3.602338e-07   -1.613608e-07   -3.260456e-07    8.717296e-06    7.439966e-06    8.430131e-06
  -1.125000e-01   -2.770525e+00   -3.863060e+00   -3.488393e+00   -9.598245e-01   -1.255278e+00   -1.188348e+00    1.611799e+00    2.148020e+00    2.027187e+00    2.014099e+00    1.346600e+00    1.850503e+00    1.487926e-01   -8.323085e-02    1.248901e-01   -1.816798e-01    0.000000e+00   -1.724064e-01    9.799837e-08    2.529345e-07    1.310548e-07   -3.500634e-07   -1.569997e-07   -3.168590e-07    8.716750e-06    7.439966e-06    8.429740e-06
  -1.093750e-01   -2.682303e+00   -3.755753e+00   -3.382369e+00   -9.295607e-01   -1.220409e+00   -1.152417e+00    1.560753e+00    2.088353e+00    1.965782e+00    2.024683e+00    1.346600e+00    1.858934e+00    1.429069e-01   -8.323085e-02    1.199900e-01   -1.767235e-01    0.000000e+00   -1.678542e-01    9.449047e-08    2.459085e-07    1.268017e-07   -3.399287e-07   -1.526386e-07   -3.077037e-07    8.716217e-06    7.439966e-06    8.429358e-06
  -1.062500e-01   -2.595033e+00   -3.648446e+00   -3.277129e+00   -8.996014e-01   -1.185540e+00   -1.116737e+00    1.510237e+00    2.028685e+00    1.904816e+00    2.034969e+00    1.346600e+00    1.867107e+00    1.371870e-01   -8.323085e-02    1.152402e-01   -1.717415e-01    0.000000e+00   -1.632816e-01    9.104897e-08    2.388826e-07    1.226013e-07   -3.298287e-07   -1.482775e-07   -2.985787e-07    8.715698e-06    7.439966e-06    8.428985e-06
  -1.031250e-01   -2.508688e+00   -3.541139e+00   -3.172650e+00   -8.699377e-01   -1.150671e+00   -1.081301e+00    1.460236e+00    1.969018e+00    1.844273e+00    2.044957e+00    1.346600e+00    1.875022e+00    1.316329e-01   -8.323085e-02    1.106394e-01   -1.667347e-01    0.000000e+00   -1.586893e-01    8.767198e-08    2.318566e-07    1.184520e-07   -3.197624e-07   -1.439164e-07   -2.894833e-07    8.715193e-06    7.439966e-06    8.428623e-06
  -1.000000e-01   -2.423240e+00   -3.433831e+00   -3.068906e+00   -8.405610e-01   -1.115802e+00   -1.046100e+00    1.410735e+00    1.909351e+00    1.784142e+00    2.054646e+00    1.346600e+00    1.882681e+00    1.262446e-01   -8.323085e-02    1.061868e-01   -1.617038e-01    0.000000e+00   -1.540778e-01    8.435758e-08    2.248307e-07    1.143521e-07   -3.097289e-07   -1.395553e-07   -2.804163e-07    8.714701e-06    7.439966e-06    8.428270e-06
  -9.687500e-02   -2.338662e+00   -3.326524e+00   -2.965875e+00   -8.114627e-01   -1.080934e+00   -1.011127e+00    1.361719e+00    1.849684e+00    1.724408e+00    2.064038e+00    1.346600e+00    1.890087e+00    1.210221e-01   -8.323085e-02    1.018812e-01   -1.566494e-01    0.000000e+00   -1.494479e-01    8.110390e-08    2.178047e-07    1.103000e-07   -2.997271e-07   -1.351942e-07   -2.713769e-07    8.714224e-06    7.439966e-06    8.427927e-06
  -9.375000e-02   -2.254927e+00   -3.219217e+00   -2.863531e+00   -7.826339e-01   -1.046065e+00   -9.763742e-01    1.313172e+00    1.790017e+00    1.665058e+00    2.073131e+00    1.346600e+00    1.897240e+00    1.159654e-01   -8.323085e-02    9.772182e-02   -1.515723e-01    0.000000e+00   -1.448001e-01    7.790902e-08    2.107787e-07    1.062941e-07   -2.897560e-07   -1.308331e-07   -2.623642e-07    8.713760e-06    7.439966e-06    8.427594e-06
  -9.062500e-02   -2.172008e+00   -3.111910e+00   -2.761852e+00   -7.540660e-01   -1.011196e+00   -9.418343e-01    1.265080e+00    1.730349e+00    1.606079e+00    2.081926e+00    1.346600e+00    1.904144e+00    1.110744e-01   -8.323085e-02    9.370760e-02   -1.464733e-01    0.000000e+00   -1.401350e-01    7.477106e-08    2.037528e-07    1.023329e-07   -2.798147e-07   -1.264720e-07   -2.533772e-07    8.713311e-06    7.439966e-06    8.427271e-06
  -8.750000e-02   -2.089878e+00   -3.004602e+00   -2.660814e+00   -7.257504e-01   -9.763271e-01   -9.074995e-01    1.217427e+00    1.670682e+00    1.547457e+00    2.090423e+00    1.346600e+00    1.910798e+00    1.063493e-01   -8.323085e-02    8.983770e-02   -1.413530e-01    0.000000e+00   -1.354533e-01    7.168812e-08    1.967268e-07    9.841462e-08   -2.699021e-07   -1.221109e-07   -2.444150e-07    8.712876e-06    7.439966e-06    8.426958e-06
  -8.437500e-02   -2.008509e+00   -2.897295e+00   -2.560393e+00   -6.976782e-01   -9.414583e-01   -8.733624e-01    1.170198e+00    1.611015e+00    1.489181e+00    2.098622e+00    1.346600e+00    1.917205e+00    1.017899e-01   -8.323085e-02    8.611126e-02   -1.362123e-01    0.000000e+00   -1.307556e-01    6.865829e-08    1.897009e-07    9.453783e-08   -2.600173e-07   -1.177498e-07   -2.354768e-07    8.712455e-06    7.439966e-06    8.426656e-06
  -8.125000e-02   -1.927874e+00   -2.789988e+00   -2.460566e+00   -6.698409e-01   -9.065894e-01   -8.394155e-01    1.123378e+00    1.551348e+00    1.431236e+00    2.106523e+00    1.346600e+00    1.923367e+00    9.739638e-02   -8.323085e-02    8.252743e-02   -1.310518e-01    0.000000e+00   -1.260425e-01    6.567969e-08    1.826749e-07    9.070095e-08   -2.501593e-07   -1.133887e-07   -2.265616e-07    8.712049e-06    7.439966e-06    8.426364e-06
  -7.812500e-02   -1.847946e+00   -2.682681e+00   -2.361311e+00   -6.422297e-01   -8.717206e-01   -8.056516e-01    1.076952e+00    1.491681e+00    1.373610e+00    2.114126e+00    1.346600e+00    1.929284e+00    9.316862e-02   -8.323085e-02    7.908543e-02   -1.258723e-01    0.000000e+00   -1.213145e-01    6.275041e-08    1.756489e-07    8.690240e-08   -2.403271e-07   -1.090276e-07   -2.176686e-07    8.711657e-06    7.439966e-06    8.426082e-06
  -7.500000e-02   -1.768699e+00   -2.575373e+00   -2.262603e+00   -6.148359e-01   -8.368518e-01   -7.720631e-01    1.030905e+00    1.432013e+00    1.316290e+00    2.121430e+00    1.346600e+00    1.934958e+00    8.910666e-02   -8.323085e-02    7.578449e-02   -1.206745e-01    0.000000e+00   -1.165723e-01    5.986856e-08    1.686230e-07    8.314066e-08   -2.305196e-07   -1.046665e-07   -2.087968e-07    8.711280e-06    7.439966e-06    8.425811e-06
  -7.187500e-02   -1.690103e+00   -2.468066e+00   -2.164421e+00   -5.876509e-01   -8.019830e-01   -7.386427e-01    9.852213e-01    1.372346e+00    1.259263e+00    2.128437e+00    1.346600e+00    1.940391e+00    8.521049e-02   -8.323085e-02    7.262387e-02   -1.154591e-01    0.000000e+00   -1.118165e-01    5.703224e-08    1.615970e-07    7.941418e-08   -2.207360e-07   -1.003054e-07   -1.999454e-07    8.710918e-06    7.439966e-06    8.425551e-06
  -6.875000e-02   -1.612134e+00   -2.360759e+00   -2.066741e+00   -5.606659e-01   -7.671141e-01   -7.053833e-01    9.398861e-01    1.312679e+00    1.202517e+00    2.135145e+00    1.346600e+00    1.945583e+00    8.148012e-02   -8.323085e-02    6.960287e-02   -1.102269e-01    0.000000e+00   -1.070476e-01    5.423955e-08    1.545711e-07    7.572143e-08   -2.109752e-07   -9.594429e-08   -1.911134e-07    8.710570e-06    7.439966e-06    8.425301e-06
  -6.562500e-02   -1.534762e+00   -2.253452e+00   -1.969541e+00   -5.338722e-01   -7.322453e-01   -6.722774e-01    8.948841e-01    1.253012e+00    1.146038e+00    2.141555e+00    1.346600e+00    1.950536e+00    7.791554e-02   -8.323085e-02    6.672081e-02   -1.049786e-01    0.000000e+00   -1.022663e-01    5.148860e-08    1.475451e-07    7.206089e-08   -2.012361e-07   -9.158318e-08   -1.823001e-07    8.710238e-06    7.439966e-06    8.425061e-06
  -6.250000e-02   -1.457962e+00   -2.146145e+00   -1.872798e+00   -5.072611e-01   -6.973765e-01   -6.393180e-01    8.502003e-01    1.193344e+00    1.089815e+00    2.147667e+00    1.346600e+00    1.955252e+00    7.451676e-02   -8.323085e-02    6.397706e-02   -9.971495e-02    0.000000e+00   -9.747317e-02    4.877749e-08    1.405192e-07    6.843105e-08   -1.915179e-07   -8.722208e-08   -1.735045e-07    8.709920e-06    7.439966e-06    8.424833e-06
  -5.937500e-02   -1.381705e+00   -2.038837e+00   -1.776490e+00   -4.808240e-01   -6.625077e-01   -6.064978e-01    8.058194e-01    1.133677e+00    1.033835e+00    2.153481e+00    1.346600e+00    1.959730e+00    7.128377e-02   -8.323085e-02    6.137099e-02   -9.443664e-02    0.000000e+00   -9.266872e-02    4.610433e-08    1.334932e-07    6.483041e-08   -1.818196e-07   -8.286098e-08   -1.647257e-07    8.709617e-06    7.439966e-06    8.424615e-06
  -5.625000e-02   -1.305965e+00   -1.931530e+00   -1.680595e+00   -4.545521e-01   -6.276388e-01   -5.738097e-01    7.617264e-01    1.074010e+00    9.780849e-01    2.158996e+00    1.346600e+00    1.963972e+00    6.821657e-02   -8.323085e-02    5.890204e-02   -8.914444e-02    0.000000e+00   -8.785356e-02    4.346720e-08    1.264672e-07    6.125745e-08   -1.721400e-07   -7.849987e-08   -1.559630e-07    8.709330e-06    7.439966e-06    8.424408e-06
  -5.312500e-02   -1.230715e+00   -1.824223e+00   -1.585090e+00   -4.284368e-01   -5.927700e-01   -5.412466e-01    7.179060e-01    1.014343e+00    9.225527e-01    2.164214e+00    1.346600e+00    1.967980e+00    6.531517e-02   -8.323085e-02    5.656965e-02   -8.383906e-02    0.000000e+00   -8.302828e-02    4.086423e-08    1.194413e-07    5.771069e-08   -1.624784e-07   -7.413877e-08   -1.472154e-07    8.709058e-06    7.439966e-06    8.424212e-06
  -5.000000e-02   -1.155927e+00   -1.716916e+00   -1.489953e+00   -4.024693e-01   -5.579012e-01   -5.088013e-01    6.743432e-01    9.546755e-01    8.672261e-01    2.169133e+00    1.346600e+00    1.971753e+00    6.257956e-02   -8.323085e-02    5.437331e-02   -7.852125e-02    0.000000e+00   -7.819345e-02    3.829350e-08    1.124153e-07    5.418864e-08   -1.528336e-07   -6.977766e-08   -1.384821e-07    8.708800e-06    7.439966e-06    8.424027e-06
  -4.687500e-02   -1.081574e+00   -1.609608e+00   -1.395162e+00   -3.766409e-01   -5.230324e-01   -4.764668e-01    6.310227e-01    8.950083e-01    8.120926e-01    2.173754e+00    1.346600e+00    1.975294e+00    6.000975e-02   -8.323085e-02    5.231251e-02   -7.319172e-02    0.000000e+00   -7.334965e-02    3.575313e-08    1.053894e-07    5.068982e-08   -1.432046e-07   -6.541656e-08   -1.297622e-07    8.708559e-06    7.439966e-06    8.423853e-06
  -4.375000e-02   -1.007629e+00   -1.502301e+00   -1.300694e+00   -3.509430e-01   -4.881635e-01   -4.442360e-01    5.879295e-01    8.353411e-01    7.571400e-01    2.178077e+00    1.346600e+00    1.978602e+00    5.760573e-02   -8.323085e-02    5.038681e-02   -6.785122e-02    0.000000e+00   -6.849744e-02    3.324122e-08    9.836341e-08    4.721275e-08   -1.335905e-07   -6.105546e-08   -1.210549e-07    8.708332e-06    7.439966e-06    8.423690e-06
  -4.062500e-02   -9.340646e-01   -1.394994e+00   -1.206529e+00   -3.253669e-01   -4.532947e-01   -4.121020e-01    5.450484e-01    7.756739e-01    7.023561e-01    2.182102e+00    1.346600e+00    1.981679e+00    5.536751e-02   -8.323085e-02    4.859577e-02   -6.250047e-02    0.000000e+00   -6.363740e-02    3.075587e-08    9.133745e-08    4.375595e-08   -1.239903e-07   -5.669435e-08   -1.123593e-07    8.708121e-06    7.439966e-06    8.423538e-06
  -3.750000e-02   -8.608538e-01   -1.287687e+00   -1.112645e+00   -2.999038e-01   -4.184259e-01   -3.800577e-01    5.023641e-01    7.160066e-01    6.477286e-01    2.185829e+00    1.346600e+00    1.984525e+00    5.329508e-02   -8.323085e-02    4.693900e-02   -5.714022e-02    0.000000e+00   -5.877009e-02    2.829517e-08    8.431149e-08    4.031797e-08   -1.144030e-07   -5.233325e-08   -1.036745e-07    8.707925e-06    7.439966e-06    8.423397e-06
  -3.437500e-02   -7.879693e-01   -1.180380e+00   -1.019018e+00   -2.745451e-01   -3.835571e-01   -3.480961e-01    4.598617e-01    6.563394e-01    5.932454e-01    2.189258e+00    1.346600e+00    1.987141e+00    5.138844e-02   -8.323085e-02    4.541612e-02   -5.177118e-02    0.000000e+00   -5.389607e-02    2.585725e-08    7.728554e-08    3.689733e-08   -1.048276e-07   -4.797214e-08   -9.499983e-08    8.707745e-06    7.439966e-06    8.423267e-06
  -3.125000e-02   -7.153839e-01   -1.073072e+00   -9.256288e-01   -2.492821e-01   -3.486882e-01   -3.162104e-01    4.175259e-01    5.966722e-01    5.388944e-01    2.192388e+00    1.346600e+00    1.989527e+00    4.964760e-02   -8.323085e-02    4.402680e-02   -4.639409e-02    0.000000e+00   -4.901592e-02    2.344019e-08    7.025958e-08    3.349258e-08   -9.526314e-08   -4.361104e-08   -8.633431e-08    8.707581e-06    7.439966e-06    8.423149e-06
  -2.812500e-02   -6.430705e-01   -9.657651e-01   -8.324542e-01   -2.241060e-01   -3.138194e-01   -2.843935e-01    3.753416e-01    5.370050e-01    4.846634e-01    2.195221e+00    1.346600e+00    1.991685e+00    4.807256e-02   -8.323085e-02    4.277073e-02   -4.100968e-02    0.000000e+00   -4.413019e-02    2.104210e-08    6.323362e-08    3.010227e-08   -8.570857e-08   -3.924994e-08   -7.767714e-08    8.707432e-06    7.439966e-06    8.423041e-06
  -2.500000e-02   -5.710018e-01   -8.584578e-01   -7.394729e-01   -1.990082e-01   -2.789506e-01   -2.526385e-01    3.332936e-01    4.773378e-01    4.305404e-01    2.197755e+00    1.346600e+00    1.993614e+00    4.666330e-02   -8.323085e-02    4.164763e-02   -3.561869e-02    0.000000e+00   -3.923945e-02    1.866109e-08    5.620766e-08    2.672493e-08   -7.616292e-08   -3.488883e-08   -6.902747e-08    8.707298e-06    7.439966e-06    8.422945e-06
  -2.187500e-02   -4.991507e-01   -7.511506e-01   -6.466635e-01   -1.739800e-01   -2.440818e-01   -2.209385e-01    2.913668e-01    4.176705e-01    3.765133e-01    2.199991e+00    1.346600e+00    1.995315e+00    4.541985e-02   -8.323085e-02    4.065724e-02   -3.022184e-02    0.000000e+00   -3.434425e-02    1.629526e-08    4.918171e-08    2.335912e-08   -6.662520e-08   -3.052773e-08   -6.038447e-08    8.707180e-06    7.439966e-06    8.422860e-06
  -1.875000e-02   -4.274899e-01   -6.438434e-01   -5.540042e-01   -1.490127e-01   -2.092129e-01   -1.892866e-01    2.495460e-01    3.580033e-01    3.225701e-01    2.201929e+00    1.346600e+00    1.996788e+00    4.434218e-02   -8.323085e-02    3.979935e-02   -2.481988e-02    0.000000e+00   -2.944516e-02    1.394270e-08    4.215575e-08    2.000339e-08   -5.709442e-08   -2.616662e-08   -5.174730e-08    8.707078e-06    7.439966e-06    8.422787e-06
  -1.562500e-02   -3.559923e-01   -5.365361e-01   -4.614737e-01   -1.240975e-01   -1.743441e-01   -1.576759e-01    2.078162e-01    2.983361e-01    2.686987e-01    2.203569e+00    1.346600e+00    1.998034e+00    4.343031e-02   -8.323085e-02    3.907377e-02   -1.941352e-02    0.000000e+00   -2.454273e-02    1.160153e-08    3.512979e-08    1.665631e-08   -4.756959e-08   -2.180552e-08   -4.311512e-08    8.706992e-06    7.439966e-06    8.422724e-06
  -1.250000e-02   -2.846307e-01   -4.292289e-01   -3.690504e-01   -9.922581e-02   -1.394753e-01   -1.260996e-01    1.661620e-01    2.386689e-01    2.148872e-01    2.204910e+00    1.346600e+00    1.999053e+00    4.268424e-02   -8.323085e-02    3.848033e-02   -1.400350e-02    0.000000e+00   -1.963751e-02    9.269838e-09    2.810383e-08    1.331642e-08   -3.804973e-08   -1.744442e-08   -3.448711e-08    8.706921e-06    7.439966e-06    8.422673e-06
  -9.375000e-03   -2.133779e-01   -3.219217e-01   -2.767128e-01   -7.438892e-02   -1.046065e-01   -9.455065e-02    1.245685e-01    1.790017e-01    1.611235e-01    2.205954e+00    1.346600e+00    1.999846e+00    4.210396e-02   -8.323085e-02    3.801891e-02   -8.590555e-03    0.000000e+00   -1.473008e-02    6.945739e-09    2.107787e-08    9.982278e-09   -2.853382e-08   -1.308331e-08   -2.586242e-08    8.706866e-06    7.439966e-06    8.422634e-06
  -6.250000e-03   -1.422066e-01   -2.146145e-01   -1.844395e-01   -4.957812e-02   -6.973765e-02   -6.302233e-02    8.302042e-02    1.193344e-01    1.073957e-01    2.206699e+00    1.346600e+00    2.000412e+00    4.168947e-02   -8.323085e-02    3.768939e-02   -3.175416e-03    0.000000e+00   -9.820980e-03    4.627330e-09    1.405192e-08    6.652456e-09   -1.902090e-08   -8.722208e-09   -1.724023e-08    8.706826e-06    7.439966e-06    8.422605e-06
  -3.125000e-03   -7.108969e-02   -1.073072e-01   -9.220903e-02   -2.478471e-02   -3.486882e-02   -3.150774e-02    4.150264e-02    5.966722e-02    5.369188e-02    2.207146e+00    1.346600e+00    2.000751e+00    4.144078e-02   -8.323085e-02    3.749171e-02    2.241188e-03    0.000000e+00   -4.910768e-03    2.312717e-09    7.025958e-09    3.325509e-09   -9.509952e-09   -4.361104e-09   -8.619698e-09    8.706803e-06    7.439966e-06    8.422588e-06
  -1.000000e-12   -2.276324e-11   -3.433831e-11   -2.953993e-11   -7.935355e-12   -1.115802e-11   -1.009389e-11    1.328859e-11    1.909351e-11    1.720292e-11    2.207295e+00    1.346600e+00    2.000864e+00    4.135788e-02   -8.323085e-02    3.742582e-02    7.658523e-03    0.000000e+00   -1.571291e-12    7.417023e-19    2.248307e-18    1.063696e-18   -3.044286e-18   -1.395553e-18   -2.764610e-18    8.706795e-06    7.439966e-06    8.422583e-06
   1.000000e-12    2.273115e-11    3.433831e-11    2.944964e-11    7.925692e-12    1.115802e-11    1.006340e-11   -1.327160e-11   -1.909351e-11   -1.714700e-11    2.207295e+00    1.346600e+00    2.000864e+00    4.135788e-02   -8.323085e-02    3.742582e-02    7.658523e-03    0.000000e+00    1.572008e-12   -7.381649e-19   -2.248307e-18   -1.062503e-18    3.042012e-18    1.395553e-18    2.752012e-18    8.706795e-06    7.439966e-06    8.422583e-06
   3.125000e-03    7.108969e-02    1.073072e-01    9.220903e-02    2.478471e-02    3.486882e-02    3.150774e-02   -4.150264e-02   -5.966722e-02   -5.369188e-02    2.207146e+00    1.346600e+00    2.000751e+00    4.144078e-02   -8.323085e-02    3.749171e-02    1.307586e-02    0.000000e+00    4.910768e-03   -2.312717e-09   -7.025958e-09   -3.325509e-09    9.509952e-09    4.361104e-09    8.619698e-09    8.706803e-06    7.439966e-06    8.422588e-06
   6.250000e-03    1.422066e-01    2.146145e-01    1.844395e-01    4.957812e-02    6.973765e-02    6.302233e-02   -8.302042e-02   -1.193344e-01   -1.073957e-01    2.206699e+00    1.346600e+00    2.000412e+00    4.168947e-02   -8.323085e-02    3.768939e-02    1.849246e-02    0.000000e+00    9.820980e-03   -4.627330e-09   -1.405192e-08   -6.652456e-09    1.902090e-08    8.722208e-09    1.724023e-08    8.706826e-06    7.439966e-06    8.422605e-06
   9.375000e-03    2.133779e-01    3.219217e-01    2.767128e-01    7.438892e-02    1.046065e-01    9.455065e-02   -1.245685e-01   -1.790017e-01   -1.611235e-01    2.205954e+00    1.346600e+00    1.999846e+00    4.210396e-02   -8.323085e-02    3.801891e-02    2.390760e-02    0.000000e+00    1.473008e-02   -6.945739e-09   -2.107787e-08   -9.982278e-09    2.853382e-08    1.308331e-08    2.586242e-08    8.706866e-06    7.439966e-06    8.422634e-06
   1.250000e-02    2.846307e-01    4.292289e-01    3.690504e-01    9.922581e-02    1.394753e-01    1.260996e-01   -1.661620e-01   -2.386689e-01   -2.148872e-01    2.204910e+00    1.346600e+00    1.999053e+00    4.268424e-02   -8.323085e-02    3.848033e-02    2.932055e-02    0.000000e+00    1.963751e-02   -9.269838e-09   -2.810383e-08   -1.331642e-08    3.804973e-08    1.744442e-08    3.448711e-08    8.706921e-06    7.439966e-06    8.422673e-06
   1.562500e-02    3.559923e-01    5.365361e-01    4.614737e-01    1.240975e-01    1.743441e-01    1.576759e-01   -2.078162e-01   -2.983361e-01   -2.686987e-01    2.203569e+00    1.346600e+00    1.998034e+00    4.343031e-02   -8.323085e-02    3.907377e-02    3.473056e-02    0.000000e+00    2.454273e-02   -1.160153e-08   -3.512979e-08   -1.665631e-08    4.756959e-08    2.180552e-08    4.311512e-08    8.706992e-06    7.439966e-06    8.422724e-06
   1.875000e-02    4.274899e-01    6.438434e-01    5.540042e-01    1.490127e-01    2.092129e-01    1.892866e-01   -2.495460e-01   -3.580033e-01   -3.225701e-01    2.201929e+00    1.346600e+00    1.996788e+00    4.434218e-02   -8.323085e-02    3.979935e-02    4.013692e-02    0.000000e+00    2.944516e-02   -1.394270e-08   -4.215575e-08   -2.000339e-08    5.709442e-08    2.616662e-08    5.174730e-08    8.707078e-06    7.439966e-06    8.422787e-06
   2.187500e-02    4.991507e-01    7.511506e-01    6.466635e-01    1.739800e-01    2.440818e-01    2.209385e-01   -2.913668e-01   -4.176705e-01   -3.765133e-01    2.199991e+00    1.346600e+00    1.995315e+00    4.541985e-02   -8.323085e-02    4.065724e-02    4.553889e-02    0.000000e+00    3.434425e-02   -1.629526e-08   -4.918171e-08   -2.335912e-08    6.662520e-08    3.052773e-08    6.038447e-08    8.707180e-06    7.439966e-06    8.422860e-06
   2.500000e-02    5.710018e-01    8.584578e-01    7.394729e-01    1.990082e-01    2.789506e-01    2.526385e-01   -3.332936e-01   -4.773378e-01   -4.305404e-01    2.197755e+00    1.346600e+00    1.993614e+00    4.666330e-02   -8.323085e-02    4.164763e-02    5.093574e-02    0.000000e+00    3.923945e-02   -1.866109e-08   -5.620766e-08   -2.672493e-08    7.616292e-08    3.488883e-08    6.902747e-08    8.707298e-06    7.439966e-06    8.422945e-06
   2.812500e-02    6.430705e-01    9.657651e-01    8.324542e-01    2.241060e-01    3.138194e-01    2.843935e-01   -3.753416e-01   -5.370050e-01   -4.846634e-01    2.195221e+00    1.346600e+00    1.991685e+00    4.807256e-02   -8.323085e-02    4.277073e-02    5.632673e-02    0.000000e+00    4.413019e-02   -2.104210e-08   -6.323362e-08   -3.010227e-08    8.570857e-08    3.924994e-08    7.767714e-08    8.707432e-06    7.439966e-06    8.423041e-06
   3.125000e-02    7.153839e-01    1.073072e+00    9.256288e-01    2.492821e-01    3.486882e-01    3.162104e-01   -4.175259e-01   -5.966722e-01   -5.388944e-01    2.192388e+00    1.346600e+00    1.989527e+00    4.964760e-02   -8.323085e-02    4.402680e-02    6.171113e-02    0.000000e+00    4.901592e-02   -2.344019e-08   -7.025958e-08   -3.349258e-08    9.526314e-08    4.361104e-08    8.633431e-08    8.707581e-06    7.439966e-06    8.423149e-06
   3.437500e-02    7.879693e-01    1.180380e+00    1.019018e+00    2.745451e-01    3.835571e-01    3.480961e-01   -4.598617e-01   -6.563394e-01   -5.932454e-01    2.189258e+00    1.346600e+00    1.987141e+00    5.138844e-02   -8.323085e-02    4.541612e-02    6.708822e-02    0.000000e+00    5.389607e-02   -2.585725e-08   -7.728554e-08   -3.689733e-08    1.048276e-07    4.797214e-08    9.499983e-08    8.707745e-06    7.439966e-06    8.423267e-06
   3.750000e-02    8.608538e-01    1.287687e+00    1.112645e+00    2.999038e-01    4.184259e-01    3.800577e-01   -5.023641e-01   -7.160066e-01   -6.477286e-01    2.185829e+00    1.346600e+00    1.984525e+00    5.329508e-02   -8.323085e-02    4.693900e-02    7.245726e-02    0.000000e+00    5.877009e-02   -2.829517e-08   -8.431149e-08   -4.031797e-08    1.144030e-07    5.233325e-08    1.036745e-07    8.707925e-06    7.439966e-06    8.423397e-06
   4.062500e-02    9.340646e-01    1.394994e+00    1.206529e+00    3.253669e-01    4.532947e-01    4.121020e-01   -5.450484e-01   -7.756739e-01   -7.023561e-01    2.182102e+00    1.346600e+00    1.981679e+00    5.536751e-02   -8.323085e-02    4.859577e-02    7.781752e-02    0.000000e+00    6.363740e-02   -3.075587e-08   -9.133745e-08   -4.375595e-08    1.239903e-07    5.669435e-08    1.123593e-07    8.708121e-06    7.439966e-06    8.423538e-06
   4.375000e-02    1.007629e+00    1.502301e+00    1.300694e+00    3.509430e-01    4.881635e-01    4.442360e-01   -5.879295e-01   -8.353411e-01   -7.571400e-01    2.178077e+00    1.346600e+00    1.978602e+00    5.760573e-02   -8.323085e-02    5.038681e-02    8.316827e-02    0.000000e+00    6.849744e-02   -3.324122e-08   -9.836341e-08   -4.721275e-08    1.335905e-07    6.105546e-08    1.210549e-07    8.708332e-06    7.439966e-06    8.423690e-06
   4.687500e-02    1.081574e+00    1.609608e+00    1.395162e+00    3.766409e-01    5.230324e-01    4.764668e-01   -6.310227e-01   -8.950083e-01   -8.120926e-01    2.173754e+00    1.346600e+00    1.975294e+00    6.000975e-02   -8.323085e-02    5.231251e-02    8.850877e-02    0.000000e+00    7.334965e-02   -3.575313e-08   -1.053894e-07   -5.068982e-08    1.432046e-07    6.541656e-08    1.297622e-07    8.708559e-06    7.439966e-06    8.423853e-06
   5.000000e-02    1.155927e+00    1.716916e+00    1.489953e+00    4.024693e-01    5.579012e-01    5.088013e-01   -6.743432e-01   -9.546755e-01   -8.672261e-01    2.169133e+00    1.346600e+00    1.971753e+00    6.257956e-02   -8.323085e-02    5.437331e-02    9.383829e-02    0.000000e+00    7.819345e-02   -3.829350e-08   -1.124153e-07   -5.418864e-08    1.528336e-07    6.977766e-08    1.384821e-07    8.708800e-06    7.439966e-06    8.424027e-06
   5.312500e-02    1.230715e+00    1.824223e+00    1.585090e+00    4.284368e-01    5.927700e-01    5.412466e-01   -7.179060e-01   -1.014343e+00   -9.225527e-01    2.164214e+00    1.346600e+00    1.967980e+00    6.531517e-02   -8.323085e-02    5.656965e-02    9.915611e-02    0.000000e+00    8.302828e-02   -4.086423e-08   -1.194413e-07   -5.771069e-08    1.624784e-07    7.413877e-08    1.472154e-07    8.709058e-06    7.439966e-06    8.424212e-06
   5.625000e-02    1.305965e+00    1.931530e+00    1.680595e+00    4.545521e-01    6.276388e-01    5.738097e-01   -7.617264e-01   -1.074010e+00   -9.780849e-01    2.158996e+00    1.346600e+00    1.963972e+00    6.821657e-02   -8.323085e-02    5.890204e-02    1.044615e-01    0.000000e+00    8.785356e-02   -4.346720e-08   -1.264672e-07   -6.125745e-08    1.721400e-07    7.849987e-08    1.559630e-07    8.709330e-06    7.439966e-06    8.424408e-06
   5.937500e-02    1.381705e+00    2.038837e+00    1.776490e+00    4.808240e-01    6.625077e-01    6.064978e-01   -8.058194e-01   -1.133677e+00   -1.033835e+00    2.153481e+00    1.346600e+00    1.959730e+00    7.128377e-02   -8.323085e-02    6.137099e-02    1.097537e-01    0.000000e+00    9.266872e-02   -4.610433e-08   -1.334932e-07   -6.483041e-08    1.818196e-07    8.286098e-08    1.647257e-07    8.709617e-06    7.439966e-06    8.424615e-06
   6.250000e-02    1.457962e+00    2.146145e+00    1.872798e+00    5.072611e-01    6.973765e-01    6.393180e-01   -8.502003e-01   -1.193344e+00   -1.089815e+00    2.147667e+00    1.346600e+00    1.955252e+00    7.451676e-02   -8.323085e-02    6.397706e-02    1.150320e-01    0.000000e+00    9.747317e-02   -4.877749e-08   -1.405192e-07   -6.843105e-08    1.915179e-07    8.722208e-08    1.735045e-07    8.709920e-06    7.439966e-06    8.424833e-06
   6.562500e-02    1.534762e+00    2.253452e+00    1.969541e+00    5.338722e-01    7.322453e-01    6.722774e-01   -8.948841e-01   -1.253012e+00   -1.146038e+00    2.141555e+00    1.346600e+00    1.950536e+00    7.791554e-02   -8.323085e-02    6.672081e-02    1.202957e-01    0.000000e+00    1.022663e-01   -5.148860e-08   -1.475451e-07   -7.206089e-08    2.012361e-07    9.158318e-08    1.823001e-07    8.710238e-06    7.439966e-06    8.425061e-06
   6.875000e-02    1.612134e+00    2.360759e+00    2.066741e+00    5.606659e-01    7.671141e-01    7.053833e-01   -9.398861e-01   -1.312679e+00   -1.202517e+00    2.135145e+00    1.346600e+00    1.945583e+00    8.148012e-02   -8.323085e-02    6.960287e-02    1.255440e-01    0.000000e+00    1.070476e-01   -5.423955e-08   -1.545711e-07   -7.572143e-08    2.109752e-07    9.594429e-08    1.911134e-07    8.710570e-06    7.439966e-06    8.425301e-06
   7.187500e-02    1.690103e+00    2.468066e+00    2.164421e+00    5.876509e-01    8.019830e-01    7.386427e-01   -9.852213e-01   -1.372346e+00   -1.259263e+00    2.128437e+00    1.346600e+00    1.940391e+00    8.521049e-02   -8.323085e-02    7.262387e-02    1.307762e-01    0.000000e+00    1.118165e-01   -5.703224e-08   -1.615970e-07   -7.941418e-08    2.207360e-07    1.003054e-07    1.999454e-07    8.710918e-06    7.439966e-06    8.425551e-06
   7.500000e-02    1.768699e+00    2.575373e+00    2.262603e+00    6.148359e-01    8.368518e-01    7.720631e-01   -1.030905e+00   -1.432013e+00   -1.316290e+00    2.121430e+00    1.346600e+00    1.934958e+00    8.910666e-02   -8.323085e-02    7.578449e-02    1.359915e-01    0.000000e+00    1.165723e-01   -5.986856e-08   -1.686230e-07   -8.314066e-08    2.305196e-07    1.046665e-07    2.087968e-07    8.711280e-06    7.439966e-06    8.425811e-06
   7.812500e-02    1.847946e+00    2.682681e+00    2.361311e+00    6.422297e-01    8.717206e-01    8.056516e-01   -1.076952e+00   -1.491681e+00   -1.373610e+00    2.114126e+00    1.346600e+00    1.929284e+00    9.316862e-02   -8.323085e-02    7.908543e-02    1.411893e-01    0.000000e+00    1.213145e-01   -6.275041e-08   -1.756489e-07   -8.690240e-08    2.403271e-07    1.090276e-07    2.176686e-07    8.711657e-06    7.439966e-06    8.426082e-06
   8.125000e-02    1.927874e+00    2.789988e+00    2.460566e+00    6.698409e-01    9.065894e-01    8.394155e-01   -1.123378e+00   -1.551348e+00   -1.431236e+00    2.106523e+00    1.346600e+00    1.923367e+00    9.739638e-02   -8.323085e-02    8.252743e-02    1.463689e-01    0.000000e+00    1.260425e-01   -6.567969e-08   -1.826749e-07   -9.070095e-08    2.501593e-07    1.133887e-07    2.265616e-07    8.712049e-06    7.439966e-06    8.426364e-06
   8.437500e-02    2.008509e+00    2.897295e+00    2.560393e+00    6.976782e-01    9.414583e-01    8.733624e-01   -1.170198e+00   -1.611015e+00   -1.489181e+00    2.098622e+00    1.346600e+00    1.917205e+00    1.017899e-01   -8.323085e-02    8.611126e-02    1.515293e-01    0.000000e+00    1.307556e-01   -6.865829e-08   -1.897009e-07   -9.453783e-08    2.600173e-07    1.177498e-07    2.354768e-07    8.712455e-06    7.439966e-06    8.426656e-06
   8.750000e-02    2.089878e+00    3.004602e+00    2.660814e+00    7.257504e-01    9.763271e-01    9.074995e-01   -1.217427e+00   -1.670682e+00   -1.547457e+00    2.090423e+00    1.346600e+00    1.910798e+00    1.063493e-01   -8.323085e-02    8.983770e-02    1.566701e-01    0.000000e+00    1.354533e-01   -7.168812e-08   -1.967268e-07   -9.841462e-08    2.699021e-07    1.221109e-07    2.444150e-07    8.712876e-06    7.439966e-06    8.426958e-06
   9.062500e-02    2.172008e+00    3.111910e+00    2.761852e+00    7.540660e-01    1.011196e+00    9.418343e-01   -1.265080e+00   -1.730349e+00   -1.606079e+00    2.081926e+00    1.346600e+00    1.904144e+00    1.110744e-01   -8.323085e-02    9.370760e-02    1.617903e-01    0.000000e+00    1.401350e-01   -7.477106e-08   -2.037528e-07   -1.023329e-07    2.798147e-07    1.264720e-07    2.533772e-07    8.713311e-06    7.439966e-06    8.427271e-06
   9.375000e-02    2.254927e+00    3.219217e+00    2.863531e+00    7.826339e-01    1.046065e+00    9.763742e-01   -1.313172e+00   -1.790017e+00   -1.665058e+00    2.073131e+00    1.346600e+00    1.897240e+00    1.159654e-01   -8.323085e-02    9.772182e-02    1.668893e-01    0.000000e+00    1.448001e-01   -7.790902e-08   -2.107787e-07   -1.062941e-07    2.897560e-07    1.308331e-07    2.623642e-07    8.713760e-06    7.439966e-06    8.427594e-06
   9.687500e-02    2.338662e+00    3.326524e+00    2.965875e+00    8.114627e-01    1.080934e+00    1.011127e+00   -1.361719e+00   -1.849684e+00   -1.724408e+00    2.064038e+00    1.346600e+00    1.890087e+00    1.210221e-01   -8.323085e-02    1.018812e-01    1.719664e-01    0.000000e+00    1.494479e-01   -8.110390e-08   -2.178047e-07   -1.103000e-07    2.997271e-07    1.351942e-07    2.713769e-07    8.714224e-06    7.439966e-06    8.427927e-06
   1.000000e-01    2.423240e+00    3.433831e+00    3.068906e+00    8.405610e-01    1.115802e+00    1.046100e+00   -1.410735e+00   -1.909351e+00   -1.784142e+00    2.054646e+00    1.346600e+00    1.882681e+00    1.262446e-01   -8.323085e-02    1.061868e-01    1.770208e-01    0.000000e+00    1.540778e-01   -8.435758e-08   -2.248307e-07   -1.143521e-07    3.097289e-07    1.395553e-07    2.804163e-07    8.714701e-06    7.439966e-06    8.428270e-06
   1.031250e-01    2.508688e+00    3.541139e+00    3.172650e+00    8.699377e-01    1.150671e+00    1.081301e+00   -1.460236e+00   -1.969018e+00   -1.844273e+00    2.044957e+00    1.346600e+00    1.875022e+00    1.316329e-01   -8.323085e-02    1.106394e-01    1.820518e-01    0.000000e+00    1.586893e-01   -8.767198e-08   -2.318566e-07   -1.184520e-07    3.197624e-07    1.439164e-07    2.894833e-07    8.715193e-06    7.439966e-06    8.428623e-06
   1.062500e-01    2.595033e+00    3.648446e+00    3.277129e+00    8.996014e-01    1.185540e+00    1.116737e+00   -1.510237e+00   -2.028685e+00   -1.904816e+00    2.034969e+00    1.346600e+00    1.867107e+00    1.371870e-01   -8.323085e-02    1.152402e-01    1.870586e-01    0.000000e+00    1.632816e-01   -9.104897e-08   -2.388826e-07   -1.226013e-07    3.298287e-07    1.482775e-07    2.985787e-07    8.715698e-06    7.439966e-06    8.428985e-06
   1.093750e-01    2.682303e+00    3.755753e+00    3.382369e+00    9.295607e-01    1.220409e+00    1.152417e+00   -1.560753e+00   -2.088353e+00   -1.965782e+00    2.024683e+00    1.346600e+00    1.858934e+00    1.429069e-01   -8.323085e-02    1.199900e-01    1.920405e-01    0.000000e+00    1.678542e-01   -9.449047e-08   -2.459085e-07   -1.268017e-07    3.399287e-07    1.526386e-07    3.077037e-07    8.716217e-06    7.439966e-06    8.429358e-06
   1.125000e-01    2.770525e+00    3.863060e+00    3.488393e+00    9.598245e-01    1.255278e+00    1.188348e+00   -1.611799e+00   -2.148020e+00   -2.027187e+00    2.014099e+00    1.346600e+00    1.850503e+00    1.487926e-01   -8.323085e-02    1.248901e-01    1.969969e-01    0.000000e+00    1.724064e-01   -9.799837e-08   -2.529345e-07   -1.310548e-07    3.500634e-07    1.569997e-07    3.168590e-07    8.716750e-06    7.439966e-06    8.429740e-06
   1.156250e-01    2.859726e+00    3.970367e+00    3.595225e+00    9.904013e-01    1.290147e+00    1.224538e+00   -1.663391e+00   -2.207687e+00   -2.089043e+00    2.003216e+00    1.346600e+00    1.841810e+00    1.548441e-01   -8.323085e-02    1.299413e-01    2.019268e-01    0.000000e+00    1.769376e-01   -1.015746e-07   -2.599604e-07   -1.353622e-07    3.602338e-07    1.613608e-07    3.260456e-07    8.717296e-06    7.439966e-06    8.430131e-06
   1.187500e-01    2.949933e+00    4.077675e+00    3.702892e+00    1.021300e+00    1.325015e+00    1.260995e+00   -1.715543e+00   -2.267354e+00   -2.151364e+00    1.992036e+00    1.346600e+00    1.832854e+00    1.610614e-01   -8.323085e-02    1.351450e-01    2.068298e-01    0.000000e+00    1.814472e-01   -1.052210e-07   -2.669864e-07   -1.397255e-07    3.704408e-07    1.657220e-07    3.352645e-07    8.717855e-06    7.439966e-06    8.430532e-06
   1.218750e-01    3.041173e+00    4.184982e+00    3.811416e+00    1.052529e+00    1.359884e+00    1.297727e+00   -1.768270e+00   -2.327022e+00   -2.214165e+00    1.980558e+00    1.346600e+00    1.823633e+00    1.674445e-01   -8.323085e-02    1.405022e-01    2.117049e-01    0.000000e+00    1.859344e-01   -1.089394e-07   -2.740124e-07   -1.441466e-07    3.806856e-07    1.700831e-07    3.445166e-07    8.718428e-06    7.439966e-06    8.430942e-06
   1.250000e-01    3.133474e+00    4.292289e+00    3.920825e+00    1.084097e+00    1.394753e+00    1.334742e+00   -1.821589e+00   -2.386689e+00   -2.277459e+00    1.968781e+00    1.346600e+00    1.814144e+00    1.739934e-01   -8.323085e-02    1.460142e-01    2.165514e-01    0.000000e+00    1.903987e-01   -1.127319e-07   -2.810383e-07   -1.486270e-07    3.909690e-07    1.744442e-07    3.538029e-07    8.719014e-06    7.439966e-06    8.431362e-06
   1.281250e-01    3.226863e+00    4.399596e+00    4.031142e+00    1.116014e+00    1.429622e+00    1.372047e+00   -1.875513e+00   -2.446356e+00   -2.341261e+00    1.956706e+00    1.346600e+00    1.804386e+00    1.807081e-01   -8.323085e-02    1.516821e-01    2.213687e-01    0.000000e+00    1.948393e-01   -1.166002e-07   -2.880643e-07   -1.531684e-07    4.012921e-07    1.788053e-07    3.631244e-07    8.719612e-06    7.439966e-06    8.431791e-06
   1.312500e-01    3.321367e+00    4.506904e+00    4.142393e+00    1.148286e+00    1.464491e+00    1.409652e+00   -1.930059e+00   -2.506023e+00   -2.405583e+00    1.944333e+00    1.346600e+00    1.794356e+00    1.875885e-01   -8.323085e-02    1.575072e-01    2.261560e-01    0.000000e+00    1.992557e-01   -1.205464e-07   -2.950902e-07   -1.577726e-07    4.116559e-07    1.831664e-07    3.724821e-07    8.720224e-06    7.439966e-06    8.432228e-06
   1.343750e-01    3.417012e+00    4.614211e+00    4.254604e+00    1.180924e+00    1.499359e+00    1.447564e+00   -1.985241e+00   -2.565690e+00   -2.470442e+00    1.931662e+00    1.346600e+00    1.784051e+00    1.946348e-01   -8.323085e-02    1.634909e-01    2.309126e-01    0.000000e+00    2.036471e-01   -1.245722e-07   -3.021162e-07   -1.624413e-07    4.220613e-07    1.875275e-07    3.818769e-07    8.720848e-06    7.439966e-06    8.432675e-06
   1.375000e-01    3.513827e+00    4.721518e+00    4.367801e+00    1.213936e+00    1.534228e+00    1.485792e+00   -2.041074e+00   -2.625358e+00   -2.535851e+00    1.918693e+00    1.346600e+00    1.773470e+00    2.018468e-01   -8.323085e-02    1.696344e-01    2.356377e-01    0.000000e+00    2.080129e-01   -1.286796e-07   -3.091421e-07   -1.671762e-07    4.325094e-07    1.918886e-07    3.913099e-07    8.721484e-06    7.439966e-06    8.433130e-06
   1.406250e-01    3.611839e+00    4.828825e+00    4.482010e+00    1.247331e+00    1.569097e+00    1.524344e+00   -2.097574e+00   -2.685025e+00   -2.601825e+00    1.905426e+00    1.346600e+00    1.762610e+00    2.092247e-01   -8.323085e-02    1.759392e-01    2.403306e-01    0.000000e+00    2.123524e-01   -1.328704e-07   -3.161681e-07   -1.719791e-07    4.430010e-07    1.962497e-07    4.007820e-07    8.722133e-06    7.439966e-06    8.433593e-06
   1.437500e-01    3.711074e+00    4.936133e+00    4.597258e+00    1.281117e+00    1.603966e+00    1.563228e+00   -2.154755e+00   -2.744692e+00   -2.668379e+00    1.891860e+00    1.346600e+00    1.751468e+00    2.167683e-01   -8.323085e-02    1.824066e-01    2.449906e-01    0.000000e+00    2.166649e-01   -1.371467e-07   -3.231941e-07   -1.768518e-07    4.535374e-07    2.006108e-07    4.102942e-07    8.722794e-06    7.439966e-06    8.434066e-06
   1.468750e-01    3.811561e+00    5.043440e+00    4.713570e+00    1.315303e+00    1.638835e+00    1.602453e+00   -2.212633e+00   -2.804359e+00   -2.735527e+00    1.877996e+00    1.346600e+00    1.740042e+00    2.244778e-01   -8.323085e-02    1.890381e-01    2.496169e-01    0.000000e+00    2.209497e-01   -1.415102e-07   -3.302200e-07   -1.817960e-07    4.641193e-07    2.049719e-07    4.198476e-07    8.723467e-06    7.439966e-06    8.434546e-06
   1.500000e-01    3.913325e+00    5.150747e+00    4.830973e+00    1.349898e+00    1.673704e+00    1.642027e+00   -2.271223e+00   -2.864027e+00   -2.803284e+00    1.863835e+00    1.346600e+00    1.728330e+00    2.323530e-01   -8.323085e-02    1.958351e-01    2.542088e-01    0.000000e+00    2.252061e-01   -1.459628e-07   -3.372460e-07   -1.868136e-07    4.747478e-07    2.093330e-07    4.294432e-07    8.724152e-06    7.439966e-06    8.435035e-06
   1.531250e-01    4.016395e+00    5.258054e+00    4.949496e+00    1.384910e+00    1.708572e+00    1.681960e+00   -2.330541e+00   -2.923694e+00   -2.871666e+00    1.849375e+00    1.346600e+00    1.716327e+00    2.403940e-01   -8.323085e-02    2.027992e-01    2.587656e-01    0.000000e+00    2.294333e-01   -1.505065e-07   -3.442719e-07   -1.919064e-07    4.854239e-07    2.136941e-07    4.390821e-07    8.724849e-06    7.439966e-06    8.435532e-06
   1.562500e-01    4.120797e+00    5.365361e+00    5.069164e+00    1.420348e+00    1.743441e+00    1.722260e+00   -2.390600e+00   -2.983361e+00   -2.940688e+00    1.834617e+00    1.346600e+00    1.704033e+00    2.486008e-01   -8.323085e-02    2.099319e-01    2.632865e-01    0.000000e+00    2.336308e-01   -1.551432e-07   -3.512979e-07   -1.970762e-07    4.961487e-07    2.180552e-07    4.487653e-07    8.725557e-06    7.439966e-06    8.436037e-06
   1.593750e-01    4.226559e+00    5.472669e+00    5.190006e+00    1.456222e+00    1.778310e+00    1.762935e+00   -2.451417e+00   -3.043028e+00   -3.010364e+00    1.819560e+00    1.346600e+00    1.691443e+00    2.569735e-01   -8.323085e-02    2.172348e-01    2.677709e-01    0.000000e+00    2.377978e-01   -1.598748e-07   -3.583239e-07   -2.023248e-07    5.069230e-07    2.224163e-07    4.584938e-07    8.726276e-06    7.439966e-06    8.436549e-06
   1.625000e-01    4.333708e+00    5.579976e+00    5.312049e+00    1.492539e+00    1.813179e+00    1.803995e+00   -2.513007e+00   -3.102695e+00   -3.080711e+00    1.804206e+00    1.346600e+00    1.678556e+00    2.655119e-01   -8.323085e-02    2.247095e-01    2.722179e-01    0.000000e+00    2.419334e-01   -1.647030e-07   -3.653498e-07   -2.076542e-07    5.177478e-07    2.267774e-07    4.682688e-07    8.727007e-06    7.439966e-06    8.437069e-06
   1.656250e-01    4.442270e+00    5.687283e+00    5.435321e+00    1.529308e+00    1.848048e+00    1.845448e+00   -2.575384e+00   -3.162363e+00   -3.151745e+00    1.788554e+00    1.346600e+00    1.665367e+00    2.742161e-01   -8.323085e-02    2.323577e-01    2.766269e-01    0.000000e+00    2.460371e-01   -1.696300e-07   -3.723758e-07   -2.130662e-07    5.286243e-07    2.311385e-07    4.780912e-07    8.727748e-06    7.439966e-06    8.437597e-06
   1.687500e-01    4.552275e+00    5.794590e+00    5.559852e+00    1.566538e+00    1.882917e+00    1.887304e+00   -2.638564e+00   -3.222030e+00   -3.223481e+00    1.772603e+00    1.346600e+00    1.651874e+00    2.830861e-01   -8.323085e-02    2.401812e-01    2.809971e-01    0.000000e+00    2.501080e-01   -1.746575e-07   -3.794017e-07   -2.185628e-07    5.395533e-07    2.354996e-07    4.879622e-07    8.728501e-06    7.439966e-06    8.438132e-06
   1.718750e-01    4.663747e+00    5.901898e+00    5.685668e+00    1.604237e+00    1.917785e+00    1.929572e+00   -2.702563e+00   -3.281697e+00   -3.295934e+00    1.756354e+00    1.346600e+00    1.638074e+00    2.921219e-01   -8.323085e-02    2.481815e-01    2.853278e-01    0.000000e+00    2.541455e-01   -1.797874e-07   -3.864277e-07   -2.241458e-07    5.505358e-07    2.398607e-07    4.978829e-07    8.729264e-06    7.439966e-06    8.438674e-06
   1.750000e-01    4.776715e+00    6.009205e+00    5.812800e+00    1.642415e+00    1.952654e+00    1.972262e+00   -2.767394e+00   -3.341364e+00   -3.369122e+00    1.739807e+00    1.346600e+00    1.623963e+00    3.013235e-01   -8.323085e-02    2.563606e-01    2.896182e-01    0.000000e+00    2.581487e-01   -1.850217e-07   -3.934536e-07   -2.298173e-07    5.615729e-07    2.442218e-07    5.078544e-07    8.730037e-06    7.439966e-06    8.439223e-06
   1.781250e-01    4.891206e+00    6.116512e+00    5.941277e+00    1.681080e+00    1.987523e+00    2.015381e+00   -2.833074e+00   -3.401032e+00   -3.443061e+00    1.722962e+00    1.346600e+00    1.609539e+00    3.106908e-01   -8.323085e-02    2.647203e-01    2.938676e-01    0.000000e+00    2.621168e-01   -1.903622e-07   -4.004796e-07   -2.355792e-07    5.726655e-07    2.485829e-07    5.178778e-07    8.730821e-06    7.439966e-06    8.439779e-06
   1.812500e-01    5.007248e+00    6.223819e+00    6.071128e+00    1.720241e+00    2.022392e+00    2.058941e+00   -2.899617e+00   -3.460699e+00   -3.517766e+00    1.705819e+00    1.346600e+00    1.594798e+00    3.202240e-01   -8.323085e-02    2.732623e-01    2.980754e-01    0.000000e+00    2.660492e-01   -1.958108e-07   -4.075056e-07   -2.414334e-07    5.838147e-07    2.529440e-07    5.279543e-07    8.731615e-06    7.439966e-06    8.440341e-06
   1.843750e-01    5.124866e+00    6.331126e+00    6.202382e+00    1.759906e+00    2.057261e+00    2.102950e+00   -2.967039e+00   -3.520366e+00   -3.593255e+00    1.688377e+00    1.346600e+00    1.579737e+00    3.299230e-01   -8.323085e-02    2.819887e-01    3.022407e-01    0.000000e+00    2.699450e-01   -2.013695e-07   -4.145315e-07   -2.473821e-07    5.950213e-07    2.573051e-07    5.380849e-07    8.732418e-06    7.439966e-06    8.440910e-06
   1.875000e-01    5.244089e+00    6.438434e+00    6.335071e+00    1.800084e+00    2.092129e+00    2.147418e+00   -3.035354e+00   -3.580033e+00   -3.669545e+00    1.670638e+00    1.346600e+00    1.564351e+00    3.397878e-01   -8.323085e-02    2.909014e-01    3.063628e-01    0.000000e+00    2.738035e-01   -2.070401e-07   -4.215575e-07   -2.534271e-07    6.062865e-07    2.616662e-07    5.482708e-07    8.733231e-06    7.439966e-06    8.441485e-06
   1.906250e-01    5.364943e+00    6.545741e+00    6.469224e+00    1.840784e+00    2.126998e+00    2.192354e+00   -3.104579e+00   -3.639700e+00   -3.746652e+00    1.652600e+00    1.346600e+00    1.548638e+00    3.498183e-01   -8.323085e-02    3.000022e-01    3.104411e-01    0.000000e+00    2.776237e-01   -2.128245e-07   -4.285834e-07   -2.595707e-07    6.176112e-07    2.660273e-07    5.585133e-07    8.734054e-06    7.439966e-06    8.442066e-06
   1.937500e-01    5.487457e+00    6.653048e+00    6.604872e+00    1.882015e+00    2.161867e+00    2.237770e+00   -3.174727e+00   -3.699368e+00   -3.824593e+00    1.634265e+00    1.346600e+00    1.532594e+00    3.600147e-01   -8.323085e-02    3.092934e-01    3.144746e-01    0.000000e+00    2.814050e-01   -2.187247e-07   -4.356094e-07   -2.658148e-07    6.289963e-07    2.703884e-07    5.688134e-07    8.734885e-06    7.439966e-06    8.442654e-06
   1.968750e-01    5.611656e+00    6.760355e+00    6.742047e+00    1.923784e+00    2.196736e+00    2.283674e+00   -3.245815e+00   -3.759035e+00   -3.903387e+00    1.615631e+00    1.346600e+00    1.516215e+00    3.703768e-01   -8.323085e-02    3.187769e-01    3.184629e-01    0.000000e+00    2.851466e-01   -2.247425e-07   -4.426353e-07   -2.721616e-07    6.404430e-07    2.747496e-07    5.791724e-07    8.735726e-06    7.439966e-06    8.443246e-06
   2.000000e-01    5.737568e+00    6.867663e+00    6.880779e+00    1.966102e+00    2.231605e+00    2.330077e+00   -3.317857e+00   -3.818702e+00   -3.983050e+00    1.596698e+00    1.346600e+00    1.499498e+00    3.809048e-01   -8.323085e-02    3.284548e-01    3.224050e-01    0.000000e+00    2.888475e-01   -2.308798e-07   -4.496613e-07   -2.786131e-07    6.519521e-07    2.791107e-07    5.895915e-07    8.736576e-06    7.439966e-06    8.443845e-06
   2.031250e-01    5.865221e+00    6.974970e+00    7.021101e+00    2.008976e+00    2.266474e+00    2.376989e+00   -3.390869e+00   -3.878369e+00   -4.063601e+00    1.577468e+00    1.346600e+00    1.482438e+00    3.915985e-01   -8.323085e-02    3.383293e-01    3.263003e-01    0.000000e+00    2.925069e-01   -2.371385e-07   -4.566873e-07   -2.851716e-07    6.635246e-07    2.834718e-07    6.000718e-07    8.737434e-06    7.439966e-06    8.444448e-06
   2.062500e-01    5.994642e+00    7.082277e+00    7.163045e+00    2.052416e+00    2.301342e+00    2.424420e+00   -3.464865e+00   -3.938037e+00   -4.145056e+00    1.557940e+00    1.346600e+00    1.465032e+00    4.024580e-01   -8.323085e-02    3.484027e-01    3.301480e-01    0.000000e+00    2.961241e-01   -2.435205e-07   -4.637132e-07   -2.918391e-07    6.751617e-07    2.878329e-07    6.106146e-07    8.738300e-06    7.439966e-06    8.445057e-06
   2.093750e-01    6.125857e+00    7.189584e+00    7.306644e+00    2.096429e+00    2.336211e+00    2.472381e+00   -3.539861e+00   -3.997704e+00   -4.227435e+00    1.538113e+00    1.346600e+00    1.447275e+00    4.134834e-01   -8.323085e-02    3.586771e-01    3.339474e-01    0.000000e+00    2.996981e-01   -2.500277e-07   -4.707392e-07   -2.986180e-07    6.868642e-07    2.921940e-07    6.212212e-07    8.739174e-06    7.439966e-06    8.445671e-06
   2.125000e-01    6.258895e+00    7.296892e+00    7.451930e+00    2.141026e+00    2.371080e+00    2.520881e+00   -3.615872e+00   -4.057371e+00   -4.310756e+00    1.517989e+00    1.346600e+00    1.429164e+00    4.246745e-01   -8.323085e-02    3.691548e-01    3.376978e-01    0.000000e+00    3.032281e-01   -2.566621e-07   -4.777651e-07   -3.055103e-07    6.986331e-07    2.965551e-07    6.318928e-07    8.740057e-06    7.439966e-06    8.446289e-06
   2.156250e-01    6.393781e+00    7.404199e+00    7.598936e+00    2.186213e+00    2.405949e+00    2.569933e+00   -3.692913e+00   -4.117038e+00   -4.395037e+00    1.497566e+00    1.346600e+00    1.410694e+00    4.360314e-01   -8.323085e-02    3.798382e-01    3.413985e-01    0.000000e+00    3.067132e-01   -2.634254e-07   -4.847911e-07   -3.125184e-07    7.104694e-07    3.009162e-07    6.426307e-07    8.740946e-06    7.439966e-06    8.446912e-06
   2.187500e-01    6.530544e+00    7.511506e+00    7.747696e+00    2.232001e+00    2.440818e+00    2.619546e+00   -3.770999e+00   -4.176705e+00   -4.480298e+00    1.476845e+00    1.346600e+00    1.391861e+00    4.475541e-01   -8.323085e-02    3.907297e-01    3.450486e-01    0.000000e+00    3.101525e-01   -2.703197e-07   -4.918171e-07   -3.196445e-07    7.223742e-07    3.052773e-07    6.534361e-07    8.741844e-06    7.439966e-06    8.447539e-06
   2.218750e-01    6.669210e+00    7.618813e+00    7.898244e+00    2.278397e+00    2.475687e+00    2.669732e+00   -3.850146e+00   -4.236373e+00   -4.566556e+00    1.455826e+00    1.346600e+00    1.372661e+00    4.592426e-01   -8.323085e-02    4.018317e-01    3.486476e-01    0.000000e+00    3.135452e-01   -2.773467e-07   -4.988430e-07   -3.268910e-07    7.343484e-07    3.096384e-07    6.643104e-07    8.742748e-06    7.439966e-06    8.448170e-06
   2.250000e-01    6.809808e+00    7.726120e+00    8.050616e+00    2.325411e+00    2.510555e+00    2.720501e+00   -3.930368e+00   -4.296040e+00   -4.653832e+00    1.434509e+00    1.346600e+00    1.353090e+00    4.710969e-01   -8.323085e-02    4.131466e-01    3.521945e-01    0.000000e+00    3.168903e-01   -2.845084e-07   -5.058690e-07   -3.342601e-07    7.463930e-07    3.139995e-07    6.752548e-07    8.743659e-06    7.439966e-06    8.448805e-06
   2.281250e-01    6.952363e+00    7.833428e+00    8.204844e+00    2.373052e+00    2.545424e+00    2.771864e+00   -4.011681e+00   -4.355707e+00   -4.742144e+00    1.412893e+00    1.346600e+00    1.333141e+00    4.831170e-01   -8.323085e-02    4.246770e-01    3.556888e-01    0.000000e+00    3.201868e-01   -2.918068e-07   -5.128949e-07   -3.417542e-07    7.585090e-07    3.183606e-07    6.862708e-07    8.744577e-06    7.439966e-06    8.449443e-06
   2.312500e-01    7.096903e+00    7.940735e+00    8.360966e+00    2.421327e+00    2.580293e+00    2.823834e+00   -4.094100e+00   -4.415374e+00   -4.831513e+00    1.390980e+00    1.346600e+00    1.312813e+00    4.953029e-01   -8.323085e-02    4.364254e-01    3.591297e-01    0.000000e+00    3.234340e-01   -2.992436e-07   -5.199209e-07   -3.493757e-07    7.706974e-07    3.227217e-07    6.973595e-07    8.745501e-06    7.439966e-06    8.450085e-06
   2.343750e-01    7.243456e+00    8.048042e+00    8.519016e+00    2.470245e+00    2.615162e+00    2.876421e+00   -4.177640e+00   -4.475042e+00   -4.921958e+00    1.368768e+00    1.346600e+00    1.292098e+00    5.076546e-01   -8.323085e-02    4.483945e-01    3.625164e-01    0.000000e+00    3.266308e-01   -3.068208e-07   -5.269468e-07   -3.571270e-07    7.829592e-07    3.270828e-07    7.085225e-07    8.746431e-06    7.439966e-06    8.450730e-06
   2.375000e-01    7.392048e+00    8.155349e+00    8.679030e+00    2.519816e+00    2.650031e+00    2.929637e+00   -4.262316e+00   -4.534709e+00   -5.013500e+00    1.346258e+00    1.346600e+00    1.270993e+00    5.201720e-01   -8.323085e-02    4.605869e-01    3.658482e-01    0.000000e+00    3.297762e-01   -3.145403e-07   -5.339728e-07   -3.650105e-07    7.952953e-07    3.314439e-07    7.197610e-07    8.747368e-06    7.439966e-06    8.451378e-06
   2.406250e-01    7.542707e+00    8.262657e+00    8.841046e+00    2.570048e+00    2.684899e+00    2.983493e+00   -4.348143e+00   -4.594376e+00   -5.106158e+00    1.323450e+00    1.346600e+00    1.249493e+00    5.328553e-01   -8.323085e-02    4.730053e-01    3.691245e-01    0.000000e+00    3.328694e-01   -3.224040e-07   -5.409988e-07   -3.730287e-07    8.077068e-07    3.358050e-07    7.310765e-07    8.748309e-06    7.439966e-06    8.452028e-06
   2.437500e-01    7.695460e+00    8.369964e+00    9.005100e+00    2.620949e+00    2.719768e+00    3.038002e+00   -4.435137e+00   -4.654043e+00   -5.199954e+00    1.300344e+00    1.346600e+00    1.227593e+00    5.457044e-01   -8.323085e-02    4.856526e-01    3.723444e-01    0.000000e+00    3.359093e-01   -3.304137e-07   -5.480247e-07   -3.811841e-07    8.201947e-07    3.401661e-07    7.424703e-07    8.749256e-06    7.439966e-06    8.452680e-06
   2.468750e-01    7.850334e+00    8.477271e+00    9.171229e+00    2.672529e+00    2.754637e+00    3.093175e+00   -4.523312e+00   -4.713710e+00   -5.294908e+00    1.276940e+00    1.346600e+00    1.205288e+00    5.587192e-01   -8.323085e-02    4.985315e-01    3.755072e-01    0.000000e+00    3.388950e-01   -3.385714e-07   -5.550507e-07   -3.894793e-07    8.327599e-07    3.445272e-07    7.539439e-07    8.750208e-06    7.439966e-06    8.453335e-06
   2.500000e-01    8.007356e+00    8.584578e+00    9.339472e+00    2.724796e+00    2.789506e+00    3.149025e+00   -4.612684e+00   -4.773378e+00   -5.391042e+00    1.253238e+00    1.346600e+00    1.182572e+00    5.718999e-01   -8.323085e-02    5.116449e-01    3.786122e-01    0.000000e+00    3.418255e-01   -3.468790e-07   -5.620766e-07   -3.979167e-07    8.454035e-07    3.488883e-07    7.654987e-07    8.751165e-06    7.439966e-06    8.453991e-06
   2.500000e-01   -1.515107e-01    4.331822e+00    8.465275e-03   -7.013343e-02    1.332667e+00   -4.743711e-02   -5.583187e-01    2.078026e+00   -5.228507e-01    1.253238e+00    1.709175e+00    1.182572e+00    5.718999e-01    8.507852e-01    5.116449e-01    3.786122e-01    0.000000e+00    3.418255e-01   -3.468790e-07   -5.620766e-07   -3.979167e-07    8.454035e-07    3.488883e-07    7.654987e-07    8.751165e-06    7.439966e-06    8.453991e-06
   2.531250e-01   -7.265128e-03    4.385970e+00    1.426708e-01   -2.378450e-02    1.349326e+00   -4.390259e-03   -4.824060e-01    2.104001e+00   -4.533076e-01    1.242729e+00    1.709175e+00    1.182387e+00    5.671043e-01    8.507852e-01    5.128428e-01    3.816752e-01    0.000000e+00    3.447278e-01   -3.599412e-07   -5.691026e-07   -4.105842e-07    8.479010e-07    3.532494e-07    7.675018e-07    8.752208e-06    7.439966e-06    8.454745e-06
   2.562500e-01    1.378950e-01    4.440118e+00    2.768852e-01    2.285510e-02    1.365984e+00    3.865692e-02   -4.059911e-01    2.129977e+00   -3.837700e-01    1.232089e+00    1.709175e+00    1.181872e+00    5.622491e-01    8.507852e-01    5.138701e-01    3.847122e-01    0.000000e+00    3.476292e-01   -3.730754e-07   -5.761285e-07   -4.232611e-07    8.503774e-07    3.576105e-07    7.695210e-07    8.753249e-06    7.439966e-06    8.455499e-06
   2.593750e-01    2.839810e-01    4.494266e+00    4.111382e-01    6.978896e-02    1.382642e+00    8.171400e-02   -3.290680e-01    2.155952e+00   -3.142212e-01    1.221319e+00    1.709175e+00    1.181028e+00    5.573343e-01    8.507852e-01    5.147266e-01    3.877230e-01    0.000000e+00    3.505290e-01   -3.862826e-07   -5.831545e-07   -4.359494e-07    8.528323e-07    3.619716e-07    7.715555e-07    8.754286e-06    7.439966e-06    8.456253e-06
   2.625000e-01    4.310042e-01    4.548413e+00    5.454600e-01    1.170207e-01    1.399301e+00    1.247905e-01   -2.516304e-01    2.181927e+00   -2.446447e-01    1.210419e+00    1.709175e+00    1.179854e+00    5.523600e-01    8.507852e-01    5.154125e-01    3.907072e-01    0.000000e+00    3.534263e-01   -3.995636e-07   -5.901805e-07   -4.486515e-07    8.552656e-07    3.663327e-07    7.736044e-07    8.755320e-06    7.439966e-06    8.457005e-06
   2.656250e-01    5.789758e-01    4.602561e+00    6.798805e-01    1.645538e-01    1.415959e+00    1.678961e-01   -1.736721e-01    2.207903e+00   -1.750238e-01    1.199388e+00    1.709175e+00    1.178350e+00    5.473261e-01    8.507852e-01    5.159275e-01    3.936645e-01    0.000000e+00    3.563203e-01   -4.129194e-07   -5.972064e-07   -4.613693e-07    8.576769e-07    3.706938e-07    7.756667e-07    8.756351e-06    7.439966e-06    8.457757e-06
   2.687500e-01    7.279071e-01    4.656709e+00    8.144297e-01    2.123920e-01    1.432617e+00    2.110402e-01   -9.518689e-02    2.233878e+00   -1.053420e-01    1.188226e+00    1.709175e+00    1.176516e+00    5.422326e-01    8.507852e-01    5.162716e-01    3.965945e-01    0.000000e+00    3.592102e-01   -4.263508e-07   -6.042324e-07   -4.741050e-07    8.600661e-07    3.750549e-07    7.777414e-07    8.757379e-06    7.439966e-06    8.458508e-06
   2.718750e-01    8.778095e-01    4.710857e+00    9.491376e-01    2.605387e-01    1.449276e+00    2.542325e-01   -1.616865e-02    2.259853e+00   -3.558259e-02    1.176934e+00    1.709175e+00    1.174352e+00    5.370795e-01    8.507852e-01    5.164445e-01    3.994970e-01    0.000000e+00    3.620953e-01   -4.398587e-07   -6.112583e-07   -4.868608e-07    8.624327e-07    3.794161e-07    7.798277e-07    8.758403e-06    7.439966e-06    8.459258e-06
   2.750000e-01    1.028694e+00    4.765005e+00    1.084034e+00    3.089977e-01    1.465934e+00    2.974826e-01    6.338886e-02    2.285829e+00    3.427105e-02    1.165511e+00    1.709175e+00    1.171857e+00    5.318669e-01    8.507852e-01    5.164462e-01    4.023716e-01    0.000000e+00    3.649746e-01   -4.534441e-07   -6.182843e-07   -4.996388e-07    8.647766e-07    3.837772e-07    7.819246e-07    8.759423e-06    7.439966e-06    8.460008e-06
   2.781250e-01    1.180572e+00    4.819152e+00    1.219150e+00    3.577724e-01    1.482592e+00    3.408000e-01    1.434918e-01    2.311804e+00    1.042356e-01    1.153958e+00    1.709175e+00    1.169031e+00    5.265947e-01    8.507852e-01    5.162762e-01    4.052180e-01    0.000000e+00    3.678473e-01   -4.671077e-07   -6.253103e-07   -5.124412e-07    8.670976e-07    3.881383e-07    7.840312e-07    8.760440e-06    7.439966e-06    8.460756e-06
   2.812500e-01    1.333456e+00    4.873300e+00    1.354515e+00    4.068666e-01    1.499251e+00    3.841944e-01    2.241465e-01    2.337779e+00    1.743277e-01    1.142274e+00    1.709175e+00    1.165872e+00    5.212629e-01    8.507852e-01    5.159344e-01    4.080359e-01    0.000000e+00    3.707128e-01   -4.808506e-07   -6.323362e-07   -5.252701e-07    8.693953e-07    3.924994e-07    7.861465e-07    8.761452e-06    7.439966e-06    8.461504e-06
   2.843750e-01    1.487355e+00    4.927448e+00    1.490159e+00    4.562837e-01    1.515909e+00    4.276755e-01    3.053590e-01    2.363755e+00    2.445642e-01    1.130460e+00    1.709175e+00    1.162382e+00    5.158716e-01    8.507852e-01    5.154204e-01    4.108250e-01    0.000000e+00    3.735700e-01   -4.946735e-07   -6.393622e-07   -5.381277e-07    8.716694e-07    3.968605e-07    7.882697e-07    8.762461e-06    7.439966e-06    8.462251e-06
   2.875000e-01    1.642282e+00    4.981596e+00    1.626113e+00    5.060273e-01    1.532567e+00    4.712528e-01    3.871356e-01    2.389730e+00    3.149618e-01    1.118515e+00    1.709175e+00    1.158557e+00    5.104206e-01    8.507852e-01    5.147338e-01    4.135849e-01    0.000000e+00    3.764183e-01   -5.085774e-07   -6.463881e-07   -5.510161e-07    8.739198e-07    4.012216e-07    7.903997e-07    8.763465e-06    7.439966e-06    8.462997e-06
   2.906250e-01    1.798247e+00    5.035743e+00    1.762407e+00    5.561011e-01    1.549226e+00    5.149361e-01    4.694825e-01    2.415705e+00    3.855372e-01    1.106439e+00    1.709175e+00    1.154399e+00    5.049101e-01    8.507852e-01    5.138742e-01    4.163153e-01    0.000000e+00    3.792568e-01   -5.225631e-07   -6.534141e-07   -5.639375e-07    8.761462e-07    4.055827e-07    7.925357e-07    8.764465e-06    7.439966e-06    8.463741e-06
   2.937500e-01    1.955263e+00    5.089891e+00    1.899071e+00    6.065086e-01    1.565884e+00    5.587350e-01    5.524058e-01    2.441681e+00    4.563074e-01    1.094233e+00    1.709175e+00    1.149906e+00    4.993401e-01    8.507852e-01    5.128411e-01    4.190160e-01    0.000000e+00    3.820847e-01   -5.366316e-07   -6.604400e-07   -5.768940e-07    8.783482e-07    4.099438e-07    7.946766e-07    8.765461e-06    7.439966e-06    8.464485e-06
   2.968750e-01    2.113340e+00    5.144039e+00    2.036136e+00    6.572535e-01    1.582542e+00    6.026593e-01    6.359118e-01    2.467656e+00    5.272892e-01    1.081897e+00    1.709175e+00    1.145077e+00    4.937104e-01    8.507852e-01    5.116341e-01    4.216865e-01    0.000000e+00    3.849011e-01   -5.507838e-07   -6.674660e-07   -5.898879e-07    8.805257e-07    4.143049e-07    7.968216e-07    8.766451e-06    7.439966e-06    8.465228e-06
   3.000000e-01    2.272489e+00    5.198187e+00    2.173632e+00    7.083392e-01    1.599201e+00    6.467187e-01    7.200066e-01    2.493631e+00    5.984995e-01    1.069430e+00    1.709175e+00    1.139911e+00    4.880212e-01    8.507852e-01    5.102526e-01    4.243266e-01    0.000000e+00    3.877053e-01   -5.650204e-07   -6.744920e-07   -6.029213e-07    8.826784e-07    4.186660e-07    7.989697e-07    8.767437e-06    7.439966e-06    8.465969e-06
   3.031250e-01    2.432723e+00    5.252335e+00    2.311591e+00    7.597694e-01    1.615859e+00    6.909231e-01    8.046965e-01    2.519607e+00    6.699554e-01    1.056832e+00    1.709175e+00    1.134407e+00    4.822724e-01    8.507852e-01    5.086960e-01    4.269359e-01    0.000000e+00    3.904964e-01   -5.793425e-07   -6.815179e-07   -6.159964e-07    8.848060e-07    4.230271e-07    8.011200e-07    8.768418e-06    7.439966e-06    8.466710e-06
   3.062500e-01    2.594052e+00    5.306482e+00    2.450043e+00    8.115477e-01    1.632517e+00    7.352822e-01    8.899876e-01    2.545582e+00    7.416738e-01    1.044104e+00    1.709175e+00    1.128563e+00    4.764641e-01    8.507852e-01    5.069637e-01    4.295141e-01    0.000000e+00    3.932735e-01   -5.937509e-07   -6.885439e-07   -6.291153e-07    8.869083e-07    4.273882e-07    8.032714e-07    8.769394e-06    7.439966e-06    8.467448e-06
   3.093750e-01    2.756487e+00    5.360630e+00    2.589018e+00    8.636777e-01    1.649176e+00    7.798059e-01    9.758863e-01    2.571557e+00    8.136719e-01    1.031245e+00    1.709175e+00    1.122380e+00    4.705962e-01    8.507852e-01    5.050551e-01    4.320609e-01    0.000000e+00    3.960359e-01   -6.082465e-07   -6.955698e-07   -6.422804e-07    8.889850e-07    4.317493e-07    8.054231e-07    8.770365e-06    7.439966e-06    8.468186e-06
   3.125000e-01    2.920040e+00    5.414778e+00    2.728548e+00    9.161630e-01    1.665834e+00    8.245041e-01    1.062399e+00    2.597533e+00    8.859669e-01    1.018256e+00    1.709175e+00    1.115854e+00    4.646686e-01    8.507852e-01    5.029694e-01    4.345761e-01    0.000000e+00    3.987827e-01   -6.228302e-07   -7.025958e-07   -6.554938e-07    8.910358e-07    4.361104e-07    8.075740e-07    8.771331e-06    7.439966e-06    8.468922e-06
   3.156250e-01    3.084722e+00    5.468926e+00    2.868665e+00    9.690071e-01    1.682492e+00    8.693867e-01    1.149531e+00    2.623508e+00    9.585759e-01    1.005136e+00    1.709175e+00    1.108985e+00    4.586816e-01    8.507852e-01    5.007059e-01    4.370591e-01    0.000000e+00    4.015131e-01   -6.375029e-07   -7.096217e-07   -6.687578e-07    8.930604e-07    4.404715e-07    8.097233e-07    8.772290e-06    7.439966e-06    8.469656e-06
   3.187500e-01    3.250545e+00    5.523073e+00    3.009398e+00    1.022214e+00    1.699151e+00    9.144637e-01    1.237289e+00    2.649483e+00    1.031516e+00    9.918854e-01    1.709175e+00    1.101772e+00    4.526349e-01    8.507852e-01    4.982637e-01    4.395098e-01    0.000000e+00    4.042261e-01   -6.522654e-07   -7.166477e-07   -6.820744e-07    8.950587e-07    4.448326e-07    8.118699e-07    8.773245e-06    7.439966e-06    8.470389e-06
   3.218750e-01    3.417519e+00    5.577221e+00    3.150781e+00    1.075786e+00    1.715809e+00    9.597451e-01    1.325679e+00    2.675459e+00    1.104805e+00    9.785045e-01    1.709175e+00    1.094212e+00    4.465287e-01    8.507852e-01    4.956421e-01    4.419279e-01    0.000000e+00    4.069211e-01   -6.671187e-07   -7.236737e-07   -6.954461e-07    8.970304e-07    4.491937e-07    8.140128e-07    8.774193e-06    7.439966e-06    8.471120e-06
   3.250000e-01    3.585656e+00    5.631369e+00    3.292843e+00    1.129728e+00    1.732467e+00    1.005241e+00    1.414708e+00    2.701434e+00    1.178461e+00    9.649930e-01    1.709175e+00    1.086305e+00    4.403629e-01    8.507852e-01    4.928402e-01    4.443129e-01    0.000000e+00    4.095971e-01   -6.820636e-07   -7.306996e-07   -7.088750e-07    8.989751e-07    4.535548e-07    8.161511e-07    8.775135e-06    7.439966e-06    8.471849e-06
   3.281250e-01    3.754968e+00    5.685517e+00    3.435618e+00    1.184044e+00    1.749126e+00    1.050961e+00    1.504382e+00    2.727409e+00    1.252500e+00    9.513510e-01    1.709175e+00    1.078048e+00    4.341375e-01    8.507852e-01    4.898571e-01    4.466646e-01    0.000000e+00    4.122532e-01   -6.971011e-07   -7.377256e-07   -7.223635e-07    9.008926e-07    4.579159e-07    8.182838e-07    8.776071e-06    7.439966e-06    8.472577e-06
   3.312500e-01    3.925465e+00    5.739665e+00    3.579136e+00    1.238736e+00    1.765784e+00    1.096917e+00    1.594706e+00    2.753385e+00    1.326941e+00    9.375785e-01    1.709175e+00    1.069440e+00    4.278526e-01    8.507852e-01    4.866917e-01    4.489827e-01    0.000000e+00    4.148886e-01   -7.122320e-07   -7.447515e-07   -7.359137e-07    9.027828e-07    4.622770e-07    8.204100e-07    8.777001e-06    7.439966e-06    8.473302e-06
   3.343750e-01    4.097158e+00    5.793812e+00    3.723430e+00    1.293808e+00    1.782442e+00    1.143117e+00    1.685687e+00    2.779360e+00    1.401800e+00    9.236754e-01    1.709175e+00    1.060478e+00    4.215081e-01    8.507852e-01    4.833431e-01    4.512668e-01    0.000000e+00    4.175025e-01   -7.274572e-07   -7.517775e-07   -7.495279e-07    9.046452e-07    4.666381e-07    8.225285e-07    8.777925e-06    7.439966e-06    8.474025e-06
   3.375000e-01    4.270060e+00    5.847960e+00    3.868531e+00    1.349265e+00    1.799101e+00    1.189572e+00    1.777332e+00    2.805335e+00    1.477097e+00    9.096417e-01    1.709175e+00    1.051162e+00    4.151040e-01    8.507852e-01    4.798103e-01    4.535166e-01    0.000000e+00    4.200939e-01   -7.427776e-07   -7.588035e-07   -7.632085e-07    9.064797e-07    4.709992e-07    8.246384e-07    8.778841e-06    7.439966e-06    8.474746e-06
   3.406250e-01    4.444182e+00    5.902108e+00    4.014474e+00    1.405109e+00    1.815759e+00    1.236293e+00    1.869646e+00    2.831311e+00    1.552849e+00    8.954775e-01    1.709175e+00    1.041488e+00    4.086403e-01    8.507852e-01    4.760921e-01    4.557318e-01    0.000000e+00    4.226621e-01   -7.581942e-07   -7.658294e-07   -7.769577e-07    9.082859e-07    4.753603e-07    8.267387e-07    8.779751e-06    7.439966e-06    8.475464e-06
   3.437500e-01    4.619534e+00    5.956256e+00    4.161289e+00    1.461344e+00    1.832417e+00    1.283289e+00    1.962636e+00    2.857286e+00    1.629073e+00    8.811828e-01    1.709175e+00    1.031455e+00    4.021171e-01    8.507852e-01    4.721874e-01    4.579121e-01    0.000000e+00    4.252060e-01   -7.737077e-07   -7.728554e-07   -7.907779e-07    9.100637e-07    4.797214e-07    8.288284e-07    8.780654e-06    7.439966e-06    8.476180e-06
   3.468750e-01    4.796128e+00    6.010403e+00    4.309009e+00    1.517974e+00    1.849076e+00    1.330573e+00    2.056307e+00    2.883261e+00    1.705789e+00    8.667575e-01    1.709175e+00    1.021061e+00    3.955343e-01    8.507852e-01    4.680950e-01    4.600572e-01    0.000000e+00    4.277249e-01   -7.893191e-07   -7.798813e-07   -8.046714e-07    9.118128e-07    4.840825e-07    8.309065e-07    8.781550e-06    7.439966e-06    8.476893e-06
   3.500000e-01    4.973975e+00    6.064551e+00    4.457669e+00    1.575003e+00    1.865734e+00    1.378152e+00    2.150667e+00    2.909237e+00    1.783013e+00    8.522017e-01    1.709175e+00    1.010303e+00    3.888919e-01    8.507852e-01    4.638137e-01    4.621666e-01    0.000000e+00    4.302179e-01   -8.050292e-07   -7.869073e-07   -8.186405e-07    9.135328e-07    4.884437e-07    8.329719e-07    8.782438e-06    7.439966e-06    8.477604e-06
   3.531250e-01    5.153087e+00    6.118699e+00    4.607300e+00    1.632433e+00    1.882392e+00    1.426040e+00    2.245721e+00    2.935212e+00    1.860766e+00    8.375153e-01    1.709175e+00    9.991784e-01    3.821900e-01    8.507852e-01    4.593422e-01    4.642402e-01    0.000000e+00    4.326839e-01   -8.208390e-07   -7.939332e-07   -8.326876e-07    9.152236e-07    4.928048e-07    8.350236e-07    8.783319e-06    7.439966e-06    8.478312e-06
   3.562500e-01    5.333475e+00    6.172847e+00    4.757936e+00    1.690268e+00    1.899051e+00    1.474245e+00    2.341475e+00    2.961187e+00    1.939064e+00    8.226983e-01    1.709175e+00    9.876858e-01    3.754284e-01    8.507852e-01    4.546792e-01    4.662776e-01    0.000000e+00    4.351223e-01   -8.367494e-07   -8.009592e-07   -8.468151e-07    9.168849e-07    4.971659e-07    8.370605e-07    8.784193e-06    7.439966e-06    8.479016e-06
   3.593750e-01    5.515150e+00    6.226995e+00    4.909611e+00    1.748513e+00    1.915709e+00    1.522780e+00    2.437936e+00    2.987163e+00    2.017928e+00    8.077509e-01    1.709175e+00    9.758221e-01    3.686073e-01    8.507852e-01    4.498234e-01    4.682785e-01    0.000000e+00    4.375319e-01   -8.527612e-07   -8.079852e-07   -8.610254e-07    9.185164e-07    5.015270e-07    8.390816e-07    8.785058e-06    7.439966e-06    8.479718e-06
   3.625000e-01    5.698124e+00    6.281142e+00    5.062358e+00    1.807171e+00    1.932367e+00    1.571653e+00    2.535110e+00    3.013138e+00    2.097374e+00    7.926729e-01    1.709175e+00    9.635849e-01    3.617267e-01    8.507852e-01    4.447732e-01    4.702425e-01    0.000000e+00    4.399120e-01   -8.688753e-07   -8.150111e-07   -8.753208e-07    9.201178e-07    5.058881e-07    8.410859e-07    8.785916e-06    7.439966e-06    8.480416e-06
   3.656250e-01    5.882407e+00    6.335290e+00    5.216212e+00    1.866244e+00    1.949026e+00    1.620878e+00    2.633003e+00    3.039113e+00    2.177423e+00    7.774643e-01    1.709175e+00    9.509714e-01    3.547864e-01    8.507852e-01    4.395274e-01    4.721693e-01    0.000000e+00    4.422616e-01   -8.850926e-07   -8.220371e-07   -8.897038e-07    9.216889e-07    5.102492e-07    8.430722e-07    8.786765e-06    7.439966e-06    8.481111e-06
   3.687500e-01    6.068011e+00    6.389438e+00    5.371207e+00    1.925738e+00    1.965684e+00    1.670463e+00    2.731621e+00    3.065088e+00    2.258093e+00    7.621252e-01    1.709175e+00    9.379789e-01    3.477866e-01    8.507852e-01    4.340843e-01    4.740587e-01    0.000000e+00    4.445798e-01   -9.014141e-07   -8.290630e-07   -9.041769e-07    9.232295e-07    5.146103e-07    8.450395e-07    8.787606e-06    7.439966e-06    8.481802e-06
   3.718750e-01    6.254948e+00    6.443586e+00    5.527377e+00    1.985655e+00    1.982342e+00    1.720421e+00    2.830970e+00    3.091064e+00    2.339404e+00    7.466555e-01    1.709175e+00    9.246046e-01    3.407272e-01    8.507852e-01    4.284425e-01    4.759103e-01    0.000000e+00    4.468656e-01   -9.178405e-07   -8.360890e-07   -9.187424e-07    9.247393e-07    5.189714e-07    8.469868e-07    8.788438e-06    7.439966e-06    8.482489e-06
   3.750000e-01    6.443228e+00    6.497733e+00    5.684758e+00    2.045999e+00    1.999001e+00    1.770763e+00    2.931057e+00    3.117039e+00    2.421375e+00    7.310553e-01    1.709175e+00    9.108455e-01    3.336083e-01    8.507852e-01    4.226003e-01    4.777237e-01    0.000000e+00    4.491181e-01   -9.343728e-07   -8.431149e-07   -9.334029e-07    9.262179e-07    5.233325e-07    8.489128e-07    8.789262e-06    7.439966e-06    8.483172e-06
   3.781250e-01    6.632863e+00    6.551881e+00    5.843384e+00    2.106774e+00    2.015659e+00    1.821499e+00    3.031888e+00    3.143014e+00    2.504024e+00    7.153246e-01    1.709175e+00    8.966986e-01    3.264297e-01    8.507852e-01    4.165560e-01    4.794987e-01    0.000000e+00    4.513364e-01   -9.510119e-07   -8.501409e-07   -9.481609e-07    9.276652e-07    5.276936e-07    8.508166e-07    8.790077e-06    7.439966e-06    8.483851e-06
   3.812500e-01    6.823864e+00    6.606029e+00    6.003290e+00    2.167983e+00    2.032317e+00    1.872641e+00    3.133469e+00    3.168990e+00    2.587373e+00    6.994633e-01    1.709175e+00    8.821608e-01    3.191916e-01    8.507852e-01    4.103081e-01    4.812349e-01    0.000000e+00    4.535194e-01   -9.677587e-07   -8.571669e-07   -9.630188e-07    9.290809e-07    5.320547e-07    8.526969e-07    8.790882e-06    7.439966e-06    8.484526e-06
   3.843750e-01    7.016243e+00    6.660177e+00    6.164513e+00    2.229629e+00    2.048976e+00    1.924201e+00    3.235806e+00    3.194965e+00    2.671439e+00    6.834715e-01    1.709175e+00    8.672289e-01    3.118939e-01    8.507852e-01    4.038547e-01    4.829320e-01    0.000000e+00    4.556664e-01   -9.846140e-07   -8.641928e-07   -9.779792e-07    9.304647e-07    5.364158e-07    8.545528e-07    8.791679e-06    7.439966e-06    8.485197e-06
   3.875000e-01    7.210011e+00    6.714325e+00    6.327089e+00    2.291717e+00    2.065634e+00    1.976189e+00    3.338905e+00    3.220940e+00    2.756245e+00    6.673491e-01    1.709175e+00    8.518997e-01    3.045367e-01    8.507852e-01    3.971941e-01    4.845897e-01    0.000000e+00    4.577761e-01   -1.001579e-06   -8.712188e-07   -9.930446e-07    9.318164e-07    5.407769e-07    8.563829e-07    8.792466e-06    7.439966e-06    8.485863e-06
   3.906250e-01    7.405178e+00    6.768472e+00    6.491053e+00    2.354250e+00    2.082292e+00    2.028618e+00    3.442774e+00    3.246916e+00    2.841808e+00    6.510962e-01    1.709175e+00    8.361698e-01    2.971199e-01    8.507852e-01    3.903244e-01    4.862077e-01    0.000000e+00    4.598478e-01   -1.018654e-06   -8.782447e-07   -1.008218e-06    9.331357e-07    5.451380e-07    8.581863e-07    8.793243e-06    7.439966e-06    8.486523e-06
   3.937500e-01    7.601757e+00    6.822620e+00    6.656442e+00    2.417232e+00    2.098951e+00    2.081499e+00    3.547417e+00    3.272891e+00    2.928151e+00    6.347127e-01    1.709175e+00    8.200357e-01    2.896435e-01    8.507852e-01    3.832438e-01    4.877856e-01    0.000000e+00    4.618803e-01   -1.035840e-06   -8.852707e-07   -1.023501e-06    9.344223e-07    5.494991e-07    8.599617e-07    8.794010e-06    7.439966e-06    8.487179e-06
   3.968750e-01    7.799759e+00    6.876768e+00    6.823293e+00    2.480666e+00    2.115609e+00    2.134844e+00    3.652841e+00    3.298866e+00    3.015292e+00    6.181987e-01    1.709175e+00    8.034938e-01    2.821075e-01    8.507852e-01    3.759502e-01    4.893231e-01    0.000000e+00    4.638728e-01   -1.053139e-06   -8.922967e-07   -1.038897e-06    9.356760e-07    5.538602e-07    8.617080e-07    8.794768e-06    7.439966e-06    8.487830e-06
   4.000000e-01    7.999195e+00    6.930916e+00    6.991643e+00    2.544555e+00    2.132267e+00    2.188664e+00    3.759052e+00    3.324842e+00    3.103254e+00    6.015541e-01    1.709175e+00    7.865407e-01    2.745119e-01    8.507852e-01    3.684418e-01    4.908200e-01    0.000000e+00    4.658241e-01   -1.070550e-06   -8.993226e-07   -1.054409e-06    9.368966e-07    5.582213e-07    8.634239e-07    8.795515e-06    7.439966e-06    8.488475e-06
   4.031250e-01    8.200076e+00    6.985063e+00    7.161530e+00    2.608904e+00    2.148926e+00    2.242972e+00    3.866056e+00    3.350817e+00    3.192055e+00    5.847790e-01    1.709175e+00    7.691724e-01    2.668568e-01    8.507852e-01    3.607165e-01    4.922758e-01    0.000000e+00    4.677334e-01   -1.088075e-06   -9.063486e-07   -1.070038e-06    9.380837e-07    5.625824e-07    8.651084e-07    8.796251e-06    7.439966e-06    8.489115e-06
   4.062500e-01    8.402413e+00    7.039211e+00    7.332991e+00    2.673716e+00    2.165584e+00    2.297780e+00    3.973861e+00    3.376792e+00    3.281719e+00    5.678733e-01    1.709175e+00    7.513853e-01    2.591421e-01    8.507852e-01    3.527721e-01    4.936904e-01    0.000000e+00    4.695995e-01   -1.105715e-06   -9.133745e-07   -1.085789e-06    9.392370e-07    5.669435e-07    8.667601e-07    8.796977e-06    7.439966e-06    8.489748e-06
   4.093750e-01    8.606218e+00    7.093359e+00    7.506065e+00    2.738994e+00    2.182242e+00    2.353099e+00    4.082471e+00    3.402768e+00    3.372265e+00    5.508371e-01    1.709175e+00    7.331754e-01    2.513679e-01    8.507852e-01    3.446067e-01    4.950632e-01    0.000000e+00    4.714214e-01   -1.123471e-06   -9.204005e-07   -1.101663e-06    9.403565e-07    5.713046e-07    8.683780e-07    8.797693e-06    7.439966e-06    8.490376e-06
   4.125000e-01    8.811502e+00    7.147507e+00    7.680791e+00    2.804742e+00    2.198901e+00    2.408943e+00    4.191893e+00    3.428743e+00    3.463715e+00    5.336704e-01    1.709175e+00    7.145387e-01    2.435340e-01    8.507852e-01    3.362178e-01    4.963941e-01    0.000000e+00    4.731981e-01   -1.141343e-06   -9.274264e-07   -1.117663e-06    9.414417e-07    5.756657e-07    8.699607e-07    8.798397e-06    7.439966e-06    8.490997e-06
   4.156250e-01    9.018277e+00    7.201655e+00    7.857206e+00    2.870964e+00    2.215559e+00    2.465323e+00    4.302133e+00    3.454718e+00    3.556091e+00    5.163731e-01    1.709175e+00    6.954710e-01    2.356406e-01    8.507852e-01    3.276034e-01    4.976827e-01    0.000000e+00    4.749285e-01   -1.159333e-06   -9.344524e-07   -1.133793e-06    9.424924e-07    5.800268e-07    8.715070e-07    8.799090e-06    7.439966e-06    8.491612e-06
   4.187500e-01    9.226554e+00    7.255802e+00    8.035352e+00    2.937663e+00    2.232218e+00    2.522253e+00    4.413198e+00    3.480694e+00    3.649414e+00    4.989453e-01    1.709175e+00    6.759683e-01    2.276876e-01    8.507852e-01    3.187611e-01    4.989287e-01    0.000000e+00    4.766116e-01   -1.177441e-06   -9.414784e-07   -1.150054e-06    9.435084e-07    5.843879e-07    8.730157e-07    8.799771e-06    7.439966e-06    8.492220e-06
   4.218750e-01    9.436343e+00    7.309950e+00    8.215267e+00    3.004844e+00    2.248876e+00    2.579744e+00    4.525093e+00    3.506669e+00    3.743706e+00    4.813869e-01    1.709175e+00    6.560261e-01    2.196751e-01    8.507852e-01    3.096886e-01    5.001318e-01    0.000000e+00    4.782463e-01   -1.195669e-06   -9.485043e-07   -1.166449e-06    9.444893e-07    5.887490e-07    8.744855e-07    8.800441e-06    7.439966e-06    8.492821e-06
   4.250000e-01    9.647657e+00    7.364098e+00    8.396991e+00    3.072508e+00    2.265534e+00    2.637810e+00    4.637825e+00    3.532644e+00    3.838990e+00    4.636980e-01    1.709175e+00    6.356402e-01    2.116030e-01    8.507852e-01    3.003835e-01    5.012915e-01    0.000000e+00    4.798315e-01   -1.214016e-06   -9.555303e-07   -1.182983e-06    9.454350e-07    5.931101e-07    8.759151e-07    8.801099e-06    7.439966e-06    8.493414e-06
   4.281250e-01    9.860506e+00    7.418246e+00    8.580564e+00    3.140661e+00    2.282193e+00    2.696464e+00    4.751400e+00    3.558620e+00    3.935289e+00    4.458785e-01    1.709175e+00    6.148060e-01    2.034713e-01    8.507852e-01    2.908432e-01    5.024078e-01    0.000000e+00    4.813661e-01   -1.232485e-06   -9.625562e-07   -1.199656e-06    9.463452e-07    5.974713e-07    8.773033e-07    8.801745e-06    7.439966e-06    8.494000e-06
   4.312500e-01    1.007490e+01    7.472394e+00    8.766029e+00    3.209305e+00    2.298851e+00    2.755718e+00    4.865824e+00    3.584595e+00    4.032623e+00    4.279285e-01    1.709175e+00    5.935189e-01    1.952800e-01    8.507852e-01    2.810653e-01    5.034801e-01    0.000000e+00    4.828491e-01   -1.251075e-06   -9.695822e-07   -1.216473e-06    9.472196e-07    6.018324e-07    8.786486e-07    8.802379e-06    7.439966e-06    8.494579e-06
   4.343750e-01    1.029086e+01    7.526541e+00    8.953426e+00    3.278444e+00    2.315509e+00    2.815586e+00    4.981104e+00    3.610570e+00    4.131018e+00    4.098479e-01    1.709175e+00    5.717743e-01    1.870291e-01    8.507852e-01    2.710472e-01    5.045082e-01    0.000000e+00    4.842792e-01   -1.269788e-06   -9.766082e-07   -1.233436e-06    9.480579e-07    6.061935e-07    8.799498e-07    8.803000e-06    7.439966e-06    8.495149e-06
   4.375000e-01    1.050838e+01    7.580689e+00    9.142797e+00    3.348083e+00    2.332168e+00    2.876081e+00    5.097245e+00    3.636546e+00    4.230495e+00    3.916368e-01    1.709175e+00    5.495673e-01    1.787187e-01    8.507852e-01    2.607863e-01    5.054918e-01    0.000000e+00    4.856554e-01   -1.288625e-06   -9.836341e-07   -1.250548e-06    9.488599e-07    6.105546e-07    8.812056e-07    8.803609e-06    7.439966e-06    8.495711e-06
   4.406250e-01    1.072748e+01    7.634837e+00    9.334183e+00    3.418223e+00    2.348826e+00    2.937217e+00    5.214254e+00    3.662521e+00    4.331079e+00    3.732951e-01    1.709175e+00    5.268930e-01    1.703487e-01    8.507852e-01    2.502799e-01    5.064305e-01    0.000000e+00    4.869765e-01   -1.307587e-06   -9.906601e-07   -1.267811e-06    9.496253e-07    6.149157e-07    8.824146e-07    8.804204e-06    7.439966e-06    8.496265e-06
   4.437500e-01    1.094818e+01    7.688985e+00    9.527629e+00    3.488870e+00    2.365484e+00    2.999007e+00    5.332137e+00    3.688496e+00    4.432792e+00    3.548229e-01    1.709175e+00    5.037465e-01    1.619192e-01    8.507852e-01    2.395253e-01    5.073240e-01    0.000000e+00    4.882414e-01   -1.326673e-06   -9.976860e-07   -1.285231e-06    9.503539e-07    6.192768e-07    8.835754e-07    8.804787e-06    7.439966e-06    8.496809e-06
   4.468750e-01    1.117048e+01    7.743132e+00    9.723176e+00    3.560026e+00    2.382143e+00    3.061464e+00    5.450900e+00    3.714472e+00    4.535659e+00    3.362202e-01    1.709175e+00    4.801226e-01    1.534300e-01    8.507852e-01    2.285196e-01    5.081720e-01    0.000000e+00    4.894488e-01   -1.345887e-06   -1.004712e-06   -1.302808e-06    9.510454e-07    6.236379e-07    8.846866e-07    8.805356e-06    7.439966e-06    8.497345e-06
   4.500000e-01    1.139439e+01    7.797280e+00    9.920869e+00    3.631695e+00    2.398801e+00    3.124604e+00    5.570550e+00    3.740447e+00    4.639704e+00    3.174869e-01    1.709175e+00    4.560162e-01    1.448813e-01    8.507852e-01    2.172600e-01    5.089743e-01    0.000000e+00    4.905978e-01   -1.365227e-06   -1.011738e-06   -1.320546e-06    9.516995e-07    6.279990e-07    8.857469e-07    8.805911e-06    7.439966e-06    8.497871e-06
   4.531250e-01    1.161994e+01    7.851428e+00    1.012075e+01    3.703881e+00    2.415459e+00    3.188439e+00    5.691092e+00    3.766422e+00    4.744951e+00    2.986231e-01    1.709175e+00    4.314219e-01    1.362730e-01    8.507852e-01    2.057435e-01    5.097303e-01    0.000000e+00    4.916869e-01   -1.384696e-06   -1.018764e-06   -1.338449e-06    9.523160e-07    6.323601e-07    8.867547e-07    8.806453e-06    7.439966e-06    8.498387e-06
   4.562500e-01    1.184711e+01    7.905576e+00    1.032287e+01    3.776588e+00    2.432118e+00    3.252985e+00    5.812533e+00    3.792398e+00    4.851425e+00    2.796287e-01    1.709175e+00    4.063343e-01    1.276052e-01    8.507852e-01    1.939672e-01    5.104400e-01    0.000000e+00    4.927151e-01   -1.404293e-06   -1.025790e-06   -1.356519e-06    9.528947e-07    6.367212e-07    8.877087e-07    8.806981e-06    7.439966e-06    8.498894e-06
   4.593750e-01    1.207594e+01    7.959724e+00    1.052726e+01    3.849818e+00    2.448776e+00    3.318254e+00    5.934879e+00    3.818373e+00    4.959151e+00    2.605037e-01    1.709175e+00    3.807478e-01    1.188777e-01    8.507852e-01    1.819281e-01    5.111028e-01    0.000000e+00    4.936811e-01   -1.424021e-06   -1.032816e-06   -1.374760e-06    9.534352e-07    6.410823e-07    8.886075e-07    8.807495e-06    7.439966e-06    8.499390e-06
   4.625000e-01    1.230642e+01    8.013871e+00    1.073398e+01    3.923576e+00    2.465434e+00    3.384263e+00    6.058136e+00    3.844348e+00    5.068154e+00    2.412483e-01    1.709175e+00    3.546568e-01    1.100907e-01    8.507852e-01    1.696230e-01    5.117186e-01    0.000000e+00    4.945837e-01   -1.443879e-06   -1.039842e-06   -1.393174e-06    9.539373e-07    6.454434e-07    8.894494e-07    8.807994e-06    7.439966e-06    8.499875e-06
   4.656250e-01    1.253858e+01    8.068019e+00    1.094307e+01    3.997865e+00    2.482093e+00    3.451026e+00    6.182311e+00    3.870324e+00    5.178460e+00    2.218622e-01    1.709175e+00    3.280555e-01    1.012441e-01    8.507852e-01    1.570488e-01    5.122869e-01    0.000000e+00    4.954216e-01   -1.463869e-06   -1.046868e-06   -1.411766e-06    9.544007e-07    6.498045e-07    8.902331e-07    8.808479e-06    7.439966e-06    8.500349e-06
   4.687500e-01    1.277242e+01    8.122167e+00    1.115458e+01    4.072688e+00    2.498751e+00    3.518557e+00    6.307409e+00    3.896299e+00    5.290094e+00    2.023457e-01    1.709175e+00    3.009382e-01    9.233800e-02    8.507852e-01    1.442022e-01    5.128075e-01    0.000000e+00    4.961936e-01   -1.483992e-06   -1.053894e-06   -1.430538e-06    9.548252e-07    6.541656e-07    8.909570e-07    8.808948e-06    7.439966e-06    8.500813e-06
   4.718750e-01    1.300795e+01    8.176315e+00    1.136855e+01    4.148050e+00    2.515409e+00    3.586872e+00    6.433437e+00    3.922274e+00    5.403083e+00    1.826986e-01    1.709175e+00    2.732986e-01    8.337228e-02    8.507852e-01    1.310800e-01    5.132800e-01    0.000000e+00    4.968984e-01   -1.504248e-06   -1.060920e-06   -1.449494e-06    9.552105e-07    6.585267e-07    8.916197e-07    8.809403e-06    7.439966e-06    8.501264e-06
   4.750000e-01    1.324519e+01    8.230462e+00    1.158503e+01    4.223954e+00    2.532068e+00    3.655985e+00    6.560401e+00    3.948250e+00    5.517452e+00    1.629209e-01    1.709175e+00    2.451309e-01    7.434698e-02    8.507852e-01    1.176788e-01    5.137041e-01    0.000000e+00    4.975347e-01   -1.524638e-06   -1.067946e-06   -1.468636e-06    9.555563e-07    6.628878e-07    8.922194e-07    8.809842e-06    7.439966e-06    8.501704e-06
   4.781250e-01    1.348414e+01    8.284610e+00    1.180407e+01    4.300403e+00    2.548726e+00    3.725912e+00    6.688307e+00    3.974225e+00    5.633230e+00    1.430127e-01    1.709175e+00    2.164286e-01    6.526212e-02    8.507852e-01    1.039951e-01    5.140796e-01    0.000000e+00    4.981012e-01   -1.545164e-06   -1.074972e-06   -1.487970e-06    9.558625e-07    6.672489e-07    8.927548e-07    8.810265e-06    7.439966e-06    8.502131e-06
   4.812500e-01    1.372483e+01    8.338758e+00    1.202573e+01    4.377402e+00    2.565384e+00    3.796670e+00    6.817161e+00    4.000200e+00    5.750442e+00    1.229740e-01    1.709175e+00    1.871856e-01    5.611768e-02    8.507852e-01    9.002554e-02    5.144060e-01    0.000000e+00    4.985967e-01   -1.565826e-06   -1.081998e-06   -1.507497e-06    9.561287e-07    6.716100e-07    8.932241e-07    8.810673e-06    7.439966e-06    8.502546e-06
   4.843750e-01    1.396725e+01    8.392906e+00    1.225004e+01    4.454952e+00    2.582043e+00    3.868272e+00    6.946970e+00    4.026176e+00    5.869117e+00    1.028047e-01    1.709175e+00    1.573953e-01    4.691366e-02    8.507852e-01    7.576649e-02    5.146830e-01    0.000000e+00    4.990196e-01   -1.586625e-06   -1.089023e-06   -1.527221e-06    9.563546e-07    6.759711e-07    8.936258e-07    8.811065e-06    7.439966e-06    8.502947e-06
   4.875000e-01    1.421142e+01    8.447054e+00    1.247705e+01    4.533059e+00    2.598701e+00    3.940737e+00    7.077740e+00    4.052151e+00    5.989282e+00    8.250482e-02    1.709175e+00    1.270512e-01    3.765008e-02    8.507852e-01    6.121436e-02    5.149104e-01    0.000000e+00    4.993688e-01   -1.607562e-06   -1.096049e-06   -1.547147e-06    9.565400e-07    6.803322e-07    8.939582e-07    8.811440e-06    7.439966e-06    8.503336e-06
   4.906250e-01    1.445735e+01    8.501201e+00    1.270683e+01    4.611726e+00    2.615359e+00    4.014078e+00    7.209477e+00    4.078126e+00    6.110964e+00    6.207443e-02    1.709175e+00    9.614647e-02    2.832692e-02    8.507852e-01    4.636543e-02    5.150879e-01    0.000000e+00    4.996428e-01   -1.628637e-06   -1.103075e-06   -1.567276e-06    9.566847e-07    6.846933e-07    8.942197e-07    8.811799e-06    7.439966e-06    8.503710e-06
   4.937500e-01    1.470505e+01    8.555349e+00    1.293942e+01    4.690957e+00    2.632018e+00    4.088314e+00    7.342187e+00    4.104102e+00    6.234193e+00    4.151350e-02    1.709175e+00    6.467436e-02    1.894418e-02    8.507852e-01    3.121597e-02    5.152150e-01    0.000000e+00    4.998403e-01   -1.649852e-06   -1.110101e-06   -1.587614e-06    9.567884e-07    6.890544e-07    8.944086e-07    8.812141e-06    7.439966e-06    8.504071e-06
   4.968750e-01    1.495454e+01    8.609497e+00    1.317487e+01    4.770754e+00    2.648676e+00    4.163460e+00    7.475876e+00    4.130077e+00    6.358997e+00    2.082202e-02    1.709175e+00    3.262790e-02    9.501878e-03    8.507852e-01    1.576212e-02    5.152915e-01    0.000000e+00    4.999598e-01   -1.671208e-06   -1.117127e-06   -1.608164e-06    9.568508e-07    6.934155e-07    8.945232e-07    8.812466e-06    7.439966e-06    8.504417e-06
   5.000000e-01    1.520582e+01    8.663645e+00    1.341323e+01    4.851122e+00    2.665334e+00    4.239533e+00    7.610551e+00    4.156052e+00    6.485405e+00    6.684381e-12    1.709175e+00    1.049651e-11    3.049197e-12    8.507852e-01    5.047785e-12    5.153170e-01    0.000000e+00    5.000000e-01   -1.692706e-06   -1.124153e-06   -1.628929e-06    9.568717e-07    6.977766e-07    8.945618e-07    8.812774e-06    7.439966e-06    8.504748e-06
