# garg caseA [0/90/0], L/h = 4 -- three-method comparison (OpenSG-RM / Whitney-1973 FSDT / Pagano exact 3-D)
# stations: s11 s22 s12 s33 U3 at x = a/2; s13 s23 U1 U2 at x = 0
# Whitney k1^2 = 0.582778 (used inside the FSDT shear staircase)
# columns: z[m] then (RM, FSDT, exact) triplets for s11 s22 s12 s13 s23 s33 U1 U2 U3
  -1.250000e-01   -2.220535e+05   -1.008543e+05   -1.810442e+05   -2.220535e+03   -1.008543e+03   -1.810442e+03    2.554115e-10   -1.905498e-13   -1.576839e-13    3.215388e-07    2.730969e+04    5.620725e-07   -7.906424e-22   -1.940924e-13    4.953820e-25    0.000000e+00    0.000000e+00    8.457752e-10    2.548028e-06    1.280906e-06    2.299364e-06    1.478070e-20    1.213078e-22    1.003847e-22    2.027523e-05    2.064769e-05    1.817198e-05
  -1.239583e-01   -2.167124e+05   -1.000138e+05   -1.764095e+05   -2.172047e+03   -1.000138e+03   -1.763855e+03    2.531060e-10   -1.889619e-13   -1.576860e-13    3.334463e+02    2.730969e+04    5.848564e+02   -8.202505e-13   -1.940924e-13    5.160216e-16    5.456002e-01    0.000000e+00    9.611052e-01    2.482312e-06    1.270232e-06    2.240504e-06    1.477856e-20    1.202969e-22    1.003860e-22    2.027808e-05    2.064769e-05    1.817431e-05
  -1.229167e-01   -2.114243e+05   -9.917336e+04   -1.718683e+05   -2.123822e+03   -9.917336e+02   -1.717730e+03    2.508071e-10   -1.873740e-13   -1.576923e-13    6.640995e+02    2.730969e+04    1.154699e+03   -1.633637e-12   -1.940924e-13    1.032057e-15    2.177831e+00    0.000000e+00    3.811499e+00    2.417283e-06    1.259558e-06    2.182839e-06    1.477216e-20    1.192860e-22    1.003901e-22    2.028084e-05    2.064769e-05    1.817658e-05
  -1.218750e-01   -2.061888e+05   -9.833291e+04   -1.674182e+05   -2.075857e+03   -9.833291e+02   -1.672056e+03    2.485149e-10   -1.857861e-13   -1.577029e-13    9.919596e+02    2.730969e+04    1.709831e+03   -2.440159e-12   -1.940924e-13    1.548120e-15    4.887551e+00    0.000000e+00    8.502548e+00    2.352935e-06    1.248883e-06    2.126340e-06    1.476155e-20    1.182751e-22    1.003968e-22    2.028351e-05    2.064769e-05    1.817880e-05
  -1.208333e-01   -2.010055e+05   -9.749246e+04   -1.630569e+05   -2.028149e+03   -9.749246e+02   -1.626822e+03    2.462293e-10   -1.841982e-13   -1.577177e-13    1.317027e+03    2.730969e+04    2.250546e+03   -3.239817e-12   -1.940924e-13    2.064225e-15    8.665621e+00    0.000000e+00    1.498659e+01    2.289263e-06    1.238209e-06    2.070974e-06    1.474676e-20    1.172642e-22    1.004062e-22    2.028610e-05    2.064769e-05    1.818096e-05
  -1.197917e-01   -1.958738e+05   -9.665200e+04   -1.587820e+05   -1.980697e+03   -9.665200e+02   -1.582015e+03    2.439502e-10   -1.826102e-13   -1.577367e-13    1.639301e+03    2.730969e+04    2.777130e+03   -4.032611e-12   -1.940924e-13    2.580384e-15    1.350290e+01    0.000000e+00    2.321692e+01    2.226261e-06    1.227535e-06    2.016713e-06    1.472782e-20    1.162533e-22    1.004183e-22    2.028860e-05    2.064769e-05    1.818307e-05
  -1.187500e-01   -1.907933e+05   -9.581155e+04   -1.545912e+05   -1.933499e+03   -9.581155e+02   -1.537625e+03    2.416775e-10   -1.810223e-13   -1.577599e-13    1.958781e+03    2.730969e+04    3.289863e+03   -4.818540e-12   -1.940924e-13    3.096613e-15    1.939025e+01    0.000000e+00    3.314776e+01    2.163922e-06    1.216861e-06    1.963528e-06    1.470476e-20    1.152424e-22    1.004331e-22    2.029103e-05    2.064769e-05    1.818514e-05
  -1.177083e-01   -1.857637e+05   -9.497110e+04   -1.504824e+05   -1.886552e+03   -9.497110e+02   -1.493641e+03    2.394112e-10   -1.794344e-13   -1.577873e-13    2.275469e+03    2.730969e+04    3.789017e+03   -5.597606e-12   -1.940924e-13    3.612925e-15    2.631852e+01    0.000000e+00    4.473421e+01    2.102241e-06    1.206187e-06    1.911390e-06    1.467763e-20    1.142315e-22    1.004505e-22    2.029337e-05    2.064769e-05    1.818716e-05
  -1.166667e-01   -1.807843e+05   -9.413065e+04   -1.464534e+05   -1.839853e+03   -9.413065e+02   -1.450051e+03    2.371513e-10   -1.778465e-13   -1.578190e-13    2.589364e+03    2.730969e+04    4.274855e+03   -6.369807e-12   -1.940924e-13    4.129334e-15    3.427859e+01    0.000000e+00    5.793229e+01    2.041212e-06    1.195512e-06    1.860271e-06    1.464647e-20    1.132206e-22    1.004707e-22    2.029564e-05    2.064769e-05    1.818915e-05
  -1.156250e-01   -1.758549e+05   -9.329020e+04   -1.425020e+05   -1.793401e+03   -9.329020e+02   -1.406845e+03    2.348977e-10   -1.762586e-13   -1.578549e-13    2.900465e+03    2.730969e+04    4.747637e+03   -7.135144e-12   -1.940924e-13    4.645853e-15    4.326130e+01    0.000000e+00    7.269883e+01    1.980829e-06    1.184838e-06    1.810145e-06    1.461129e-20    1.122097e-22    1.004935e-22    2.029783e-05    2.064769e-05    1.819109e-05
  -1.145833e-01   -1.709749e+05   -9.244974e+04   -1.386261e+05   -1.747193e+03   -9.244974e+02   -1.364013e+03    2.326503e-10   -1.746707e-13   -1.578950e-13    3.208774e+03    2.730969e+04    5.207611e+03   -7.893617e-12   -1.940924e-13    5.162496e-15    5.325752e+01    0.000000e+00    8.899153e+01    1.921086e-06    1.174164e-06    1.760984e-06    1.457215e-20    1.111988e-22    1.005191e-22    2.029995e-05    2.064769e-05    1.819300e-05
  -1.135417e-01   -1.661440e+05   -9.160929e+04   -1.348237e+05   -1.701227e+03   -9.160929e+02   -1.321545e+03    2.304091e-10   -1.730827e-13   -1.579394e-13    3.514289e+03    2.730969e+04    5.655023e+03   -8.645225e-12   -1.940924e-13    5.679278e-15    6.425810e+01    0.000000e+00    1.067689e+02    1.861977e-06    1.163490e-06    1.712762e-06    1.452908e-20    1.101879e-22    1.005473e-22    2.030199e-05    2.064769e-05    1.819488e-05
  -1.125000e-01   -1.613616e+05   -9.076884e+04   -1.310927e+05   -1.655501e+03   -9.076884e+02   -1.279430e+03    2.281740e-10   -1.714948e-13   -1.579879e-13    3.817011e+03    2.730969e+04    6.090108e+03   -9.389970e-12   -1.940924e-13    6.196211e-15    7.625392e+01    0.000000e+00    1.259901e+02    1.803497e-06    1.152815e-06    1.665453e-06    1.448211e-20    1.091770e-22    1.005783e-22    2.030396e-05    2.064769e-05    1.819672e-05
  -1.114583e-01   -1.566273e+05   -8.992839e+04   -1.274312e+05   -1.610013e+03   -8.992839e+02   -1.237658e+03    2.259449e-10   -1.699069e-13   -1.580408e-13    4.116941e+03    2.730969e+04    6.513098e+03   -1.012785e-11   -1.940924e-13    6.713311e-15    8.923581e+01    0.000000e+00    1.466153e+02    1.745638e-06    1.142141e-06    1.619032e-06    1.443128e-20    1.081661e-22    1.006119e-22    2.030587e-05    2.064769e-05    1.819854e-05
  -1.104167e-01   -1.519407e+05   -8.908793e+04   -1.238372e+05   -1.564759e+03   -8.908793e+02   -1.196221e+03    2.237219e-10   -1.683190e-13   -1.580978e-13    4.414077e+03    2.730969e+04    6.924217e+03   -1.085887e-11   -1.940924e-13    7.230590e-15    1.031947e+02    0.000000e+00    1.686053e+02    1.688396e-06    1.131467e-06    1.573473e-06    1.437662e-20    1.071552e-22    1.006482e-22    2.030770e-05    2.064769e-05    1.820033e-05
  -1.093750e-01   -1.473013e+05   -8.824748e+04   -1.203088e+05   -1.519739e+03   -8.824748e+02   -1.155108e+03    2.215048e-10   -1.667311e-13   -1.581591e-13    4.708420e+03    2.730969e+04    7.323682e+03   -1.158302e-11   -1.940924e-13    7.748063e-15    1.181213e+02    0.000000e+00    1.919215e+02    1.631765e-06    1.120793e-06    1.528754e-06    1.431818e-20    1.061443e-22    1.006872e-22    2.030947e-05    2.064769e-05    1.820209e-05
  -1.083333e-01   -1.427086e+05   -8.740703e+04   -1.168442e+05   -1.474950e+03   -8.740703e+02   -1.114310e+03    2.192937e-10   -1.651432e-13   -1.582246e-13    4.999970e+03    2.730969e+04    7.711706e+03   -1.230031e-11   -1.940924e-13    8.265744e-15    1.340066e+02    0.000000e+00    2.165262e+02    1.575738e-06    1.110119e-06    1.484848e-06    1.425598e-20    1.051334e-22    1.007289e-22    2.031117e-05    2.064769e-05    1.820383e-05
  -1.072917e-01   -1.381624e+05   -8.656658e+04   -1.134414e+05   -1.430389e+03   -8.656658e+02   -1.073818e+03    2.170883e-10   -1.635553e-13   -1.582943e-13    5.288726e+03    2.730969e+04    8.088493e+03   -1.301073e-11   -1.940924e-13    8.783645e-15    1.508415e+02    0.000000e+00    2.423823e+02    1.520310e-06    1.099444e-06    1.441734e-06    1.419006e-20    1.041225e-22    1.007733e-22    2.031281e-05    2.064769e-05    1.820556e-05
  -1.062500e-01   -1.336620e+05   -8.572613e+04   -1.100987e+05   -1.386054e+03   -8.572613e+02   -1.033624e+03    2.148888e-10   -1.619673e-13   -1.583683e-13    5.574690e+03    2.730969e+04    8.454244e+03   -1.371429e-11   -1.940924e-13    9.301782e-15    1.686167e+02    0.000000e+00    2.694532e+02    1.465474e-06    1.088770e-06    1.399388e-06    1.412046e-20    1.031116e-22    1.008204e-22    2.031439e-05    2.064769e-05    1.820726e-05
  -1.052083e-01   -1.292070e+05   -8.488567e+04   -1.068143e+05   -1.341943e+03   -8.488567e+02   -9.937171e+02    2.126950e-10   -1.603794e-13   -1.584465e-13    5.857861e+03    2.730969e+04    8.809151e+03   -1.441098e-11   -1.940924e-13    9.820168e-15    1.873232e+02    0.000000e+00    2.977033e+02    1.411225e-06    1.078096e-06    1.357786e-06    1.404722e-20    1.021007e-22    1.008702e-22    2.031591e-05    2.064769e-05    1.820895e-05
  -1.041667e-01   -1.247970e+05   -8.404522e+04   -1.035864e+05   -1.298054e+03   -8.404522e+02   -9.540901e+02    2.105068e-10   -1.587915e-13   -1.585290e-13    6.138238e+03    2.730969e+04    9.153403e+03   -1.510081e-11   -1.940924e-13    1.033882e-14    2.069517e+02    0.000000e+00    3.270974e+02    1.357557e-06    1.067422e-06    1.316908e-06    1.397036e-20    1.010898e-22    1.009227e-22    2.031737e-05    2.064769e-05    1.821063e-05
  -1.031250e-01   -1.204316e+05   -8.320477e+04   -1.004134e+05   -1.254384e+03   -8.320477e+02   -9.147341e+02    2.083243e-10   -1.572036e-13   -1.586157e-13    6.415823e+03    2.730969e+04    9.487183e+03   -1.578378e-11   -1.940924e-13    1.085774e-14    2.274933e+02    0.000000e+00    3.576008e+02    1.304465e-06    1.056748e-06    1.276730e-06    1.388993e-20    1.000789e-22    1.009779e-22    2.031877e-05    2.064769e-05    1.821229e-05
  -1.020833e-01   -1.161103e+05   -8.236432e+04   -9.729355e+04   -1.210932e+03   -8.236432e+02   -8.756406e+02    2.061473e-10   -1.556157e-13   -1.587066e-13    6.690614e+03    2.730969e+04    9.810666e+03   -1.645988e-11   -1.940924e-13    1.137696e-14    2.489386e+02    0.000000e+00    3.891796e+02    1.251941e-06    1.046073e-06    1.237231e-06    1.380596e-20    9.906802e-23    1.010358e-22    2.032011e-05    2.064769e-05    1.821394e-05
  -1.010417e-01   -1.118327e+05   -8.152386e+04   -9.422515e+04   -1.167694e+03   -8.152386e+02   -8.368014e+02    2.039758e-10   -1.540278e-13   -1.588018e-13    6.962613e+03    2.730969e+04    1.012402e+04   -1.712912e-11   -1.940924e-13    1.189648e-14    2.712787e+02    0.000000e+00    4.218004e+02    1.199980e-06    1.035399e-06    1.198391e-06    1.371848e-20    9.805712e-23    1.010964e-22    2.032140e-05    2.064769e-05    1.821558e-05
  -1.000000e-01   -1.075982e+05   -8.068341e+04   -9.120659e+04   -1.124669e+03   -8.068341e+02   -7.982083e+02    2.018098e-10   -1.524398e-13   -1.589013e-13    7.231818e+03    2.730969e+04    1.042742e+04   -1.779150e-11   -1.940924e-13    1.241632e-14    2.945042e+02    0.000000e+00    4.554303e+02    1.148577e-06    1.024725e-06    1.160187e-06    1.362754e-20    9.704622e-23    1.011597e-22    2.032264e-05    2.064769e-05    1.821722e-05
  -9.895833e-02   -1.034066e+05   -7.984296e+04   -8.823627e+04   -1.081855e+03   -7.984296e+02   -7.598534e+02    1.996492e-10   -1.508519e-13   -1.590050e-13    7.498230e+03    2.730969e+04    1.072102e+04   -1.844701e-11   -1.940924e-13    1.293649e-14    3.186062e+02    0.000000e+00    4.900370e+02    1.097724e-06    1.014051e-06    1.122600e-06    1.353317e-20    9.603532e-23    1.012257e-22    2.032382e-05    2.064769e-05    1.821885e-05
  -9.791667e-02   -9.925722e+04   -7.900251e+04   -8.531260e+04   -1.039248e+03   -7.900251e+02   -7.217288e+02    1.974939e-10   -1.492640e-13   -1.591130e-13    7.761849e+03    2.730969e+04    1.100498e+04   -1.909565e-11   -1.940924e-13    1.345701e-14    3.435755e+02    0.000000e+00    5.255887e+02    1.047418e-06    1.003376e-06    1.085609e-06    1.343540e-20    9.502443e-23    1.012945e-22    2.032496e-05    2.064769e-05    1.822047e-05
  -9.687500e-02   -9.514976e+04   -7.816206e+04   -8.243402e+04   -9.968479e+02   -7.816206e+02   -6.838267e+02    1.953439e-10   -1.476761e-13   -1.592252e-13    8.022675e+03    2.730969e+04    1.127944e+04   -1.973743e-11   -1.940924e-13    1.397789e-14    3.694028e+02    0.000000e+00    5.620541e+02    9.976505e-07    9.927022e-07    1.049195e-06    1.333427e-20    9.401353e-23    1.013659e-22    2.032605e-05    2.064769e-05    1.822210e-05
  -9.583333e-02   -9.108372e+04   -7.732160e+04   -7.959901e+04   -9.546511e+02   -7.732160e+02   -6.461395e+02    1.931991e-10   -1.460882e-13   -1.593417e-13    8.280708e+03    2.730969e+04    1.154456e+04   -2.037235e-11   -1.940924e-13    1.449914e-14    3.960792e+02    0.000000e+00    5.994023e+02    9.484168e-07    9.820280e-07    1.013337e-06    1.322981e-20    9.300263e-23    1.014401e-22    2.032708e-05    2.064769e-05    1.822372e-05
  -9.479167e-02   -8.705867e+04   -7.648115e+04   -7.680603e+04   -9.126557e+02   -7.648115e+02   -6.086596e+02    1.910594e-10   -1.445003e-13   -1.594624e-13    8.535947e+03    2.730969e+04    1.180046e+04   -2.100040e-11   -1.940924e-13    1.502078e-14    4.235954e+02    0.000000e+00    6.376030e+02    8.997108e-07    9.713538e-07    9.780169e-07    1.312207e-20    9.199173e-23    1.015169e-22    2.032808e-05    2.064769e-05    1.822534e-05
  -9.375000e-02   -8.307416e+04   -7.564070e+04   -7.405362e+04   -8.708595e+02   -7.564070e+02   -5.713796e+02    1.889249e-10   -1.429124e-13   -1.595875e-13    8.788394e+03    2.730969e+04    1.204729e+04   -2.162159e-11   -1.940924e-13    1.554282e-14    4.519423e+02    0.000000e+00    6.766262e+02    8.515265e-07    9.606796e-07    9.432150e-07    1.301107e-20    9.098083e-23    1.015965e-22    2.032902e-05    2.064769e-05    1.822697e-05
  -9.270833e-02   -7.912975e+04   -7.480025e+04   -7.134029e+04   -8.292601e+02   -7.480025e+02   -5.342922e+02    1.867955e-10   -1.413244e-13   -1.597168e-13    9.038048e+03    2.730969e+04    1.228518e+04   -2.223592e-11   -1.940924e-13    1.606528e-14    4.811107e+02    0.000000e+00    7.164426e+02    8.038580e-07    9.500054e-07    9.089126e-07    1.289685e-20    8.996993e-23    1.016788e-22    2.032993e-05    2.064769e-05    1.822859e-05
  -9.166667e-02   -7.522498e+04   -7.395979e+04   -6.866460e+04   -7.878553e+02   -7.395979e+02   -4.973902e+02    1.846710e-10   -1.397365e-13   -1.598503e-13    9.284908e+03    2.730969e+04    1.251426e+04   -2.284338e-11   -1.940924e-13    1.658817e-14    5.110916e+02    0.000000e+00    7.570230e+02    7.566994e-07    9.393311e-07    8.750912e-07    1.277946e-20    8.895904e-23    1.017639e-22    2.033079e-05    2.064769e-05    1.823022e-05
  -9.062500e-02   -7.135942e+04   -7.311934e+04   -6.602512e+04   -7.466428e+02   -7.311934e+02   -4.606665e+02    1.825515e-10   -1.381486e-13   -1.599882e-13    9.528975e+03    2.730969e+04    1.273463e+04   -2.344397e-11   -1.940924e-13    1.711151e-14    5.418757e+02    0.000000e+00    7.983387e+02    7.100448e-07    9.286569e-07    8.417327e-07    1.265891e-20    8.794814e-23    1.018516e-22    2.033161e-05    2.064769e-05    1.823186e-05
  -8.958333e-02   -6.753262e+04   -7.227889e+04   -6.342043e+04   -7.056205e+02   -7.227889e+02   -4.241139e+02    1.804368e-10   -1.365607e-13   -1.601303e-13    9.770250e+03    2.730969e+04    1.294643e+04   -2.403771e-11   -1.940924e-13    1.763530e-14    5.734540e+02    0.000000e+00    8.403616e+02    6.638883e-07    9.179827e-07    8.088190e-07    1.253526e-20    8.693724e-23    1.019421e-22    2.033239e-05    2.064769e-05    1.823350e-05
  -8.854167e-02   -6.374412e+04   -7.143844e+04   -6.084916e+04   -6.647860e+02   -7.143844e+02   -3.877257e+02    1.783270e-10   -1.349728e-13   -1.602767e-13    1.000873e+04    2.730969e+04    1.314975e+04   -2.462458e-11   -1.940924e-13    1.815956e-14    6.058173e+02    0.000000e+00    8.830636e+02    6.182240e-07    9.073085e-07    7.763323e-07    1.240853e-20    8.592634e-23    1.020353e-22    2.033313e-05    2.064769e-05    1.823515e-05
  -8.750000e-02   -5.999350e+04   -7.059799e+04   -5.830992e+04   -6.241371e+02   -7.059799e+02   -3.514949e+02    1.762220e-10   -1.333849e-13   -1.604275e-13    1.024442e+04    2.730969e+04    1.334472e+04   -2.520458e-11   -1.940924e-13    1.868431e-14    6.389564e+02    0.000000e+00    9.264174e+02    5.730459e-07    8.966343e-07    7.442550e-07    1.227877e-20    8.491544e-23    1.021313e-22    2.033383e-05    2.064769e-05    1.823681e-05
  -8.645833e-02   -5.628029e+04   -6.975753e+04   -5.580136e+04   -5.836715e+02   -6.975753e+02   -3.154147e+02    1.741217e-10   -1.317970e-13   -1.605825e-13    1.047731e+04    2.730969e+04    1.353142e+04   -2.577772e-11   -1.940924e-13    1.920956e-14    6.728623e+02    0.000000e+00    9.703956e+02    5.283481e-07    8.859601e-07    7.125699e-07    1.214600e-20    8.390455e-23    1.022300e-22    2.033450e-05    2.064769e-05    1.823848e-05
  -8.541667e-02   -5.260407e+04   -6.891708e+04   -5.332214e+04   -5.433870e+02   -6.891708e+02   -2.794785e+02    1.720260e-10   -1.302090e-13   -1.607418e-13    1.070742e+04    2.730969e+04    1.370997e+04   -2.634399e-11   -1.940924e-13    1.973532e-14    7.075257e+02    0.000000e+00    1.014971e+03    4.841247e-07    8.752858e-07    6.812597e-07    1.201026e-20    8.289365e-23    1.023314e-22    2.033514e-05    2.064769e-05    1.824016e-05
  -8.437500e-02   -4.896437e+04   -6.807663e+04   -5.087093e+04   -5.032813e+02   -6.807663e+02   -2.436797e+02    1.699350e-10   -1.286211e-13   -1.609054e-13    1.093472e+04    2.730969e+04    1.388045e+04   -2.690341e-11   -1.940924e-13    2.026162e-14    7.429376e+02    0.000000e+00    1.060118e+03    4.403698e-07    8.646116e-07    6.503076e-07    1.187159e-20    8.188275e-23    1.024355e-22    2.033574e-05    2.064769e-05    1.824185e-05
  -8.333333e-02   -4.536075e+04   -6.723618e+04   -4.844642e+04   -4.633522e+02   -6.723618e+02   -2.080117e+02    1.678484e-10   -1.270332e-13   -1.610733e-13    1.115924e+04    2.730969e+04    1.404295e+04   -2.745595e-11   -1.940924e-13    2.078845e-14    7.790887e+02    0.000000e+00    1.105810e+03    3.970775e-07    8.539374e-07    6.196967e-07    1.173003e-20    8.087185e-23    1.025424e-22    2.033631e-05    2.064769e-05    1.824356e-05
  -8.229167e-02   -4.179278e+04   -6.639572e+04   -4.604731e+04   -4.235973e+02   -6.639572e+02   -1.724679e+02    1.657664e-10   -1.254453e-13   -1.612455e-13    1.138096e+04    2.730969e+04    1.419756e+04   -2.800164e-11   -1.940924e-13    2.131584e-14    8.159701e+02    0.000000e+00    1.152021e+03    3.542419e-07    8.432632e-07    5.894106e-07    1.158560e-20    7.986095e-23    1.026521e-22    2.033684e-05    2.064769e-05    1.824527e-05
  -8.125000e-02   -3.825999e+04   -6.555527e+04   -4.367232e+04   -3.840145e+02   -6.555527e+02   -1.370421e+02    1.636889e-10   -1.238574e-13   -1.614221e-13    1.159989e+04    2.730969e+04    1.434435e+04   -2.854045e-11   -1.940924e-13    2.184381e-14    8.535724e+02    0.000000e+00    1.198724e+03    3.118570e-07    8.325890e-07    5.594327e-07    1.143836e-20    7.885006e-23    1.027645e-22    2.033735e-05    2.064769e-05    1.824701e-05
  -8.020833e-02   -3.476196e+04   -6.471482e+04   -4.132019e+04   -3.446014e+02   -6.471482e+02   -1.017279e+02    1.616157e-10   -1.222695e-13   -1.616030e-13    1.181603e+04    2.730969e+04    1.448342e+04   -2.907241e-11   -1.940924e-13    2.237235e-14    8.918866e+02    0.000000e+00    1.245896e+03    2.699169e-07    8.219147e-07    5.297470e-07    1.128832e-20    7.783916e-23    1.028796e-22    2.033783e-05    2.064769e-05    1.824875e-05
  -7.916667e-02   -3.129823e+04   -6.387437e+04   -3.898964e+04   -3.053559e+02   -6.387437e+02   -6.651898e+01    1.595468e-10   -1.206815e-13   -1.617881e-13    1.202937e+04    2.730969e+04    1.461482e+04   -2.959750e-11   -1.940924e-13    2.290150e-14    9.309036e+02    0.000000e+00    1.293510e+03    2.284158e-07    8.112405e-07    5.003372e-07    1.113553e-20    7.682826e-23    1.029975e-22    2.033828e-05    2.064769e-05    1.825051e-05
  -7.812500e-02   -2.786835e+04   -6.303392e+04   -3.667944e+04   -2.662756e+02   -6.303392e+02   -3.140907e+01    1.574822e-10   -1.190936e-13   -1.619777e-13    1.223992e+04    2.730969e+04    1.473863e+04   -3.011573e-11   -1.940924e-13    2.343126e-14    9.706141e+02    0.000000e+00    1.341541e+03    1.873476e-07    8.005663e-07    4.711874e-07    1.098003e-20    7.581736e-23    1.031182e-22    2.033870e-05    2.064769e-05    1.825229e-05
  -7.708333e-02   -2.447188e+04   -6.219346e+04   -3.438834e+04   -2.273584e+02   -6.219346e+02    3.607968e+00    1.554218e-10   -1.175057e-13   -1.621715e-13    1.244768e+04    2.730969e+04    1.485490e+04   -3.062709e-11   -1.940924e-13    2.396165e-14    1.011009e+03    0.000000e+00    1.389966e+03    1.467065e-07    7.898921e-07    4.422819e-07    1.082184e-20    7.480646e-23    1.032416e-22    2.033910e-05    2.064769e-05    1.825409e-05
  -7.604167e-02   -2.110838e+04   -6.135301e+04   -3.211513e+04   -1.886018e+02   -6.135301e+02    3.853828e+01    1.533656e-10   -1.159178e-13   -1.623698e-13    1.265264e+04    2.730969e+04    1.496372e+04   -3.113159e-11   -1.940924e-13    2.449268e-14    1.052079e+03    0.000000e+00    1.438758e+03    1.064866e-07    7.792179e-07    4.136049e-07    1.066100e-20    7.379556e-23    1.033678e-22    2.033948e-05    2.064769e-05    1.825590e-05
  -7.500000e-02   -1.777740e+04   -6.051256e+04   -2.985857e+04   -1.500038e+02   -6.051256e+02    7.338795e+01    1.513134e-10   -1.143299e-13   -1.625723e-13    1.285482e+04    2.730969e+04    1.506512e+04   -3.162922e-11   -1.940924e-13    2.502436e-14    1.093816e+03    0.000000e+00    1.487895e+03    6.668200e-08    7.685437e-07    3.851409e-07    1.049756e-20    7.278467e-23    1.034967e-22    2.033983e-05    2.064769e-05    1.825774e-05
  -7.395833e-02   -1.447850e+04   -5.967211e+04   -2.761748e+04   -1.115620e+02   -5.967211e+02    1.081630e+02    1.492653e-10   -1.127420e-13   -1.627792e-13    1.305419e+04    2.730969e+04    1.515916e+04   -3.211999e-11   -1.940924e-13    2.555671e-14    1.136209e+03    0.000000e+00    1.537351e+03    2.728669e-08    7.578694e-07    3.568745e-07    1.033155e-20    7.177377e-23    1.036285e-22    2.034016e-05    2.064769e-05    1.825959e-05
  -7.291667e-02   -1.121122e+04   -5.883166e+04   -2.539063e+04   -7.327419e+01   -5.883166e+02    1.428695e+02    1.472212e-10   -1.111541e-13   -1.629905e-13    1.325078e+04    2.730969e+04    1.524589e+04   -3.260389e-11   -1.940924e-13    2.608975e-14    1.179251e+03    0.000000e+00    1.587103e+03   -1.170520e-08    7.471952e-07    3.287902e-07    1.016299e-20    7.076287e-23    1.037630e-22    2.034047e-05    2.064769e-05    1.826146e-05
  -7.187500e-02   -7.975124e+03   -5.799120e+04   -2.317685e+04   -3.513809e+01   -5.799120e+02    1.775134e+02    1.451811e-10   -1.095661e-13   -1.632061e-13    1.344457e+04    2.730969e+04    1.532535e+04   -3.308093e-11   -1.940924e-13    2.662349e-14    1.222931e+03    0.000000e+00    1.637127e+03   -5.029958e-08    7.365210e-07    3.008729e-07    9.991934e-21    6.975197e-23    1.039002e-22    2.034075e-05    2.064769e-05    1.826335e-05
  -7.083333e-02   -4.769766e+03   -5.715075e+04   -2.097494e+04    2.848562e+00   -5.715075e+02    2.121005e+02    1.431448e-10   -1.079782e-13   -1.634261e-13    1.363557e+04    2.730969e+04    1.539759e+04   -3.355111e-11   -1.940924e-13    2.715794e-14    1.267241e+03    0.000000e+00    1.687400e+03   -8.850237e-08    7.258468e-07    2.731075e-07    9.818410e-21    6.874107e-23    1.040403e-22    2.034102e-05    2.064769e-05    1.826526e-05
  -6.979167e-02   -1.594700e+03   -5.631030e+04   -1.878372e+04    4.068801e+01   -5.631030e+02    2.466369e+02    1.411123e-10   -1.063903e-13   -1.636505e-13    1.382377e+04    2.730969e+04    1.546264e+04   -3.401442e-11   -1.940924e-13    2.769311e-14    1.312171e+03    0.000000e+00    1.737896e+03   -1.263195e-07    7.151726e-07    2.454787e-07    9.642455e-21    6.773018e-23    1.041831e-22    2.034127e-05    2.064769e-05    1.826719e-05
  -6.875000e-02    1.550520e+03   -5.546985e+04   -1.660202e+04    7.838252e+01   -5.546985e+02    2.811284e+02    1.390836e-10   -1.048024e-13   -1.638792e-13    1.400919e+04    2.730969e+04    1.552054e+04   -3.447087e-11   -1.940924e-13    2.822903e-14    1.357713e+03    0.000000e+00    1.788595e+03   -1.637568e-07    7.044984e-07    2.179717e-07    9.464105e-21    6.671928e-23    1.043288e-22    2.034151e-05    2.064769e-05    1.826914e-05
  -6.770833e-02    4.666339e+03   -5.462939e+04   -1.442868e+04    1.159343e+02   -5.462939e+02    3.155808e+02    1.370585e-10   -1.032145e-13   -1.641124e-13    1.419181e+04    2.730969e+04    1.557131e+04   -3.492046e-11   -1.940924e-13    2.876571e-14    1.403856e+03    0.000000e+00    1.839470e+03   -2.008204e-07    6.938241e-07    1.905714e-07    9.283395e-21    6.570838e-23    1.044772e-22    2.034172e-05    2.064769e-05    1.827112e-05
  -6.666667e-02    7.753203e+03   -5.378894e+04   -1.226252e+04    1.533457e+02   -5.378894e+02    3.500000e+02    1.350372e-10   -1.016266e-13   -1.643499e-13    1.437163e+04    2.730969e+04    1.561499e+04   -3.536318e-11   -1.940924e-13    2.930315e-14    1.450593e+03    0.000000e+00    1.890501e+03   -2.375160e-07    6.831499e-07    1.632630e-07    9.100362e-21    6.469748e-23    1.046284e-22    2.034193e-05    2.064769e-05    1.827311e-05
  -6.562500e-02    1.081156e+04   -5.294849e+04   -1.010239e+04    1.906190e+02   -5.294849e+02    3.843918e+02    1.330194e-10   -1.000387e-13   -1.645919e-13    1.454867e+04    2.730969e+04    1.565158e+04   -3.579903e-11   -1.940924e-13    2.984138e-14    1.497914e+03    0.000000e+00    1.941663e+03   -2.738495e-07    6.724757e-07    1.360317e-07    8.915041e-21    6.368658e-23    1.047824e-22    2.034211e-05    2.064769e-05    1.827513e-05
  -6.458333e-02    1.384185e+04   -5.210804e+04   -7.947121e+03    2.277563e+02   -5.210804e+02    4.187619e+02    1.310052e-10   -9.845074e-14   -1.648382e-13    1.472291e+04    2.730969e+04    1.568111e+04   -3.622802e-11   -1.940924e-13    3.038041e-14    1.545809e+03    0.000000e+00    1.992932e+03   -3.098270e-07    6.618015e-07    1.088625e-07    8.727467e-21    6.267568e-23    1.049393e-22    2.034229e-05    2.064769e-05    1.827717e-05
  -6.354167e-02    1.684452e+04   -5.126759e+04   -5.795566e+03    2.647599e+02   -5.126759e+02    4.531162e+02    1.289944e-10   -9.686282e-14   -1.650890e-13    1.489435e+04    2.730969e+04    1.570360e+04   -3.665015e-11   -1.940924e-13    3.092025e-14    1.594270e+03    0.000000e+00    2.044287e+03   -3.454543e-07    6.511273e-07    8.174091e-08    8.537677e-21    6.166479e-23    1.050989e-22    2.034245e-05    2.064769e-05    1.827923e-05
  -6.250000e-02    1.982002e+04   -5.042713e+04   -3.646568e+03    3.016322e+02   -5.042713e+02    4.874605e+02    1.269871e-10   -9.527491e-14   -1.653441e-13    1.506301e+04    2.730969e+04    1.571905e+04   -3.706542e-11   -1.940924e-13    3.146092e-14    1.643288e+03    0.000000e+00    2.095705e+03   -3.807374e-07    6.404531e-07    5.465201e-08    8.345707e-21    6.065389e-23    1.052613e-22    2.034260e-05    2.064769e-05    1.828131e-05
  -6.145833e-02    2.276879e+04   -4.958668e+04   -1.498976e+03    3.383753e+02   -4.958668e+02    5.218004e+02    1.249832e-10   -9.368699e-14   -1.656037e-13    1.522887e+04    2.730969e+04    1.572746e+04   -3.747381e-11   -1.940924e-13    3.200243e-14    1.692853e+03    0.000000e+00    2.147161e+03   -4.156821e-07    6.297788e-07    2.758112e-08    8.151591e-21    5.964299e-23    1.054266e-22    2.034274e-05    2.064769e-05    1.828342e-05
  -6.041667e-02    2.569128e+04   -4.874623e+04    6.483613e+02    3.749916e+02   -4.874623e+02    5.561418e+02    1.229825e-10   -9.209908e-14   -1.658678e-13    1.539193e+04    2.730969e+04    1.572886e+04   -3.787535e-11   -1.940924e-13    3.254479e-14    1.742956e+03    0.000000e+00    2.198633e+03   -4.502943e-07    6.191046e-07    5.135279e-10    7.955366e-21    5.863209e-23    1.055947e-22    2.034288e-05    2.064769e-05    1.828554e-05
  -5.937500e-02    2.858794e+04   -4.790578e+04    2.796596e+03    4.114832e+02   -4.790578e+02    5.904905e+02    1.209851e-10   -9.051116e-14   -1.661362e-13    1.555221e+04    2.730969e+04    1.572322e+04   -3.827002e-11   -1.940924e-13    3.308803e-14    1.793588e+03    0.000000e+00    2.250098e+03   -4.845801e-07    6.084304e-07   -2.656549e-08    7.757068e-21    5.762119e-23    1.057656e-22    2.034300e-05    2.064769e-05    1.828769e-05
  -5.833333e-02    3.145920e+04   -4.706532e+04    4.946879e+03    4.478525e+02   -4.706532e+02    6.248522e+02    1.189910e-10   -8.892324e-14   -1.664092e-13    1.570969e+04    2.730969e+04    1.571055e+04   -3.865783e-11   -1.940924e-13    3.363216e-14    1.844741e+03    0.000000e+00    2.301533e+03   -5.185452e-07    5.977562e-07   -5.367064e-08    7.556732e-21    5.661030e-23    1.059394e-22    2.034311e-05    2.064769e-05    1.828987e-05
  -5.729167e-02    3.430552e+04   -4.622487e+04    7.100364e+03    4.841016e+02   -4.622487e+02    6.592326e+02    1.169999e-10   -8.733533e-14   -1.666866e-13    1.586438e+04    2.730969e+04    1.569084e+04   -3.903877e-11   -1.940924e-13    3.417718e-14    1.896404e+03    0.000000e+00    2.352916e+03   -5.521957e-07    5.870820e-07   -8.081667e-08    7.354394e-21    5.559940e-23    1.061160e-22    2.034322e-05    2.064769e-05    1.829206e-05
  -5.625000e-02    3.712735e+04   -4.538442e+04    9.258204e+03    5.202329e+02   -4.538442e+02    6.936376e+02    1.150120e-10   -8.574741e-14   -1.669684e-13    1.601627e+04    2.730969e+04    1.566407e+04   -3.941285e-11   -1.940924e-13    3.472312e-14    1.948568e+03    0.000000e+00    2.404222e+03   -5.855374e-07    5.764077e-07   -1.080183e-07    7.150090e-21    5.458850e-23    1.062954e-22    2.034332e-05    2.064769e-05    1.829428e-05
  -5.520833e-02    3.992511e+04   -4.454397e+04    1.142156e+04    5.562486e+02   -4.454397e+02    7.280729e+02    1.130271e-10   -8.415950e-14   -1.672547e-13    1.616538e+04    2.730969e+04    1.563024e+04   -3.978006e-11   -1.940924e-13    3.526999e-14    2.001225e+03    0.000000e+00    2.455429e+03   -6.185762e-07    5.657335e-07   -1.352904e-07    6.943856e-21    5.357760e-23    1.064777e-22    2.034342e-05    2.064769e-05    1.829652e-05
  -5.416667e-02    4.269927e+04   -4.370352e+04    1.359158e+04    5.921510e+02   -4.370352e+02    7.625443e+02    1.110451e-10   -8.257158e-14   -1.675455e-13    1.631169e+04    2.730969e+04    1.558931e+04   -4.014041e-11   -1.940924e-13    3.581781e-14    2.054366e+03    0.000000e+00    2.506514e+03   -6.513181e-07    5.550593e-07   -1.626477e-07    6.735727e-21    5.256670e-23    1.066628e-22    2.034351e-05    2.064769e-05    1.829878e-05
  -5.312500e-02    4.545027e+04   -4.286306e+04    1.576945e+04    6.279423e+02   -4.286306e+02    7.970578e+02    1.090661e-10   -8.098367e-14   -1.678408e-13    1.645520e+04    2.730969e+04    1.554127e+04   -4.049390e-11   -1.940924e-13    3.636658e-14    2.107980e+03    0.000000e+00    2.557453e+03   -6.837690e-07    5.443851e-07   -1.901051e-07    6.525739e-21    5.155581e-23    1.068508e-22    2.034360e-05    2.064769e-05    1.830106e-05
  -5.208333e-02    4.817855e+04   -4.202261e+04    1.795631e+04    6.636248e+02   -4.202261e+02    8.316190e+02    1.070900e-10   -7.939575e-14   -1.681406e-13    1.659593e+04    2.730969e+04    1.548609e+04   -4.084052e-11   -1.940924e-13    3.691633e-14    2.162060e+03    0.000000e+00    2.608224e+03   -7.159347e-07    5.337109e-07   -2.176775e-07    6.313927e-21    5.054491e-23    1.070416e-22    2.034368e-05    2.064769e-05    1.830336e-05
  -5.104167e-02    5.088456e+04   -4.118216e+04    2.015335e+04    6.992007e+02   -4.118216e+02    8.662339e+02    1.051166e-10   -7.780784e-14   -1.684448e-13    1.673386e+04    2.730969e+04    1.542374e+04   -4.118028e-11   -1.940924e-13    3.746706e-14    2.216596e+03    0.000000e+00    2.658802e+03   -7.478213e-07    5.230367e-07   -2.453799e-07    6.100328e-21    4.953401e-23    1.072353e-22    2.034376e-05    2.064769e-05    1.830568e-05
  -5.000000e-02    5.356874e+04   -4.034171e+04    2.236175e+04    7.346723e+02   -4.034171e+02    9.009084e+02    1.031460e-10   -7.621992e-14   -1.687536e-13    1.686899e+04    2.730969e+04    1.535418e+04   -4.151317e-11   -1.940924e-13    3.801880e-14    2.271579e+03    0.000000e+00    2.709164e+03   -7.794346e-07    5.123624e-07   -2.732274e-07    5.884978e-21    4.852311e-23    1.074319e-22    2.034384e-05    2.064769e-05    1.830803e-05
  -4.895833e-02    5.623154e+04   -3.950125e+04    2.458268e+04    7.700419e+02   -3.950125e+02    9.356484e+02    1.011781e-10   -7.463201e-14   -1.690669e-13    1.700134e+04    2.730969e+04    1.527737e+04   -4.183920e-11   -1.940924e-13    3.857156e-14    2.326999e+03    0.000000e+00    2.759287e+03   -8.107806e-07    5.016882e-07   -3.012350e-07    5.667911e-21    4.751221e-23    1.076313e-22    2.034392e-05    2.064769e-05    1.831039e-05
  -4.791667e-02    5.887341e+04   -3.866080e+04    2.681733e+04    8.053117e+02   -3.866080e+02    9.704598e+02    9.921285e-11   -7.304409e-14   -1.693847e-13    1.713089e+04    2.730969e+04    1.519327e+04   -4.215836e-11   -1.940924e-13    3.912535e-14    2.382847e+03    0.000000e+00    2.809146e+03   -8.418651e-07    4.910140e-07   -3.294180e-07    5.449165e-21    4.650131e-23    1.078337e-22    2.034400e-05    2.064769e-05    1.831278e-05
  -4.687500e-02    6.149479e+04   -3.782035e+04    2.906691e+04    8.404839e+02   -3.782035e+02    1.005349e+03    9.725017e-11   -7.145618e-14   -1.697071e-13    1.725764e+04    2.730969e+04    1.510183e+04   -4.247066e-11   -1.940924e-13    3.968018e-14    2.439116e+03    0.000000e+00    2.858718e+03   -8.726940e-07    4.803398e-07   -3.577917e-07    5.228774e-21    4.549042e-23    1.080389e-22    2.034408e-05    2.064769e-05    1.831518e-05
  -4.583333e-02    6.409613e+04   -3.697990e+04    3.133262e+04    8.755609e+02   -3.697990e+02    1.040321e+03    9.529002e-11   -6.986826e-14   -1.700340e-13    1.738161e+04    2.730969e+04    1.500301e+04   -4.277610e-11   -1.940924e-13    4.023608e-14    2.495794e+03    0.000000e+00    2.907979e+03   -9.032734e-07    4.696656e-07   -3.863714e-07    5.006774e-21    4.447952e-23    1.082470e-22    2.034416e-05    2.064769e-05    1.831760e-05
  -4.479167e-02    6.667786e+04   -3.613945e+04    3.361566e+04    9.105449e+02   -3.613945e+02    1.075383e+03    9.333234e-11   -6.828035e-14   -1.703655e-13    1.750278e+04    2.730969e+04    1.489674e+04   -4.307467e-11   -1.940924e-13    4.079306e-14    2.552873e+03    0.000000e+00    2.956905e+03   -9.336091e-07    4.589914e-07   -4.151728e-07    4.783201e-21    4.346862e-23    1.084580e-22    2.034425e-05    2.064769e-05    1.832004e-05
  -4.375000e-02    6.924045e+04   -3.529899e+04    3.591728e+04    9.454381e+02   -3.529899e+02    1.110540e+03    9.137708e-11   -6.669243e-14   -1.707015e-13    1.762116e+04    2.730969e+04    1.478297e+04   -4.336638e-11   -1.940924e-13    4.135113e-14    2.610345e+03    0.000000e+00    3.005470e+03   -9.637069e-07    4.483171e-07   -4.442113e-07    4.558091e-21    4.245772e-23    1.086719e-22    2.034433e-05    2.064769e-05    1.832250e-05
  -4.270833e-02    7.178433e+04   -3.445854e+04    3.823869e+04    9.802428e+02   -3.445854e+02    1.145800e+03    8.942417e-11   -6.510452e-14   -1.710421e-13    1.773674e+04    2.730969e+04    1.466164e+04   -4.365122e-11   -1.940924e-13    4.191030e-14    2.668199e+03    0.000000e+00    3.053651e+03   -9.935730e-07    4.376429e-07   -4.735028e-07    4.331480e-21    4.144682e-23    1.088888e-22    2.034442e-05    2.064769e-05    1.832498e-05
  -4.166667e-02    7.430995e+04   -3.361809e+04    4.058113e+04    1.014961e+03   -3.361809e+02    1.181167e+03    8.747357e-11   -6.351660e-14   -1.713872e-13    1.784954e+04    2.730969e+04    1.453268e+04   -4.392920e-11   -1.940924e-13    4.247060e-14    2.726427e+03    0.000000e+00    3.101422e+03   -1.023213e-06    4.269687e-07   -5.030631e-07    4.103403e-21    4.043593e-23    1.091085e-22    2.034451e-05    2.064769e-05    1.832747e-05
  -4.166667e-02    3.234039e+03   -1.344724e+03    2.369452e+03    1.080372e+03   -3.361809e+02    1.367719e+03    8.752242e-11   -8.389589e-14   -1.359530e-13    1.784954e+04    1.092388e+04    1.453268e+04   -4.392920e-11    5.181107e-13    4.247060e-14    2.726427e+03    0.000000e+00    3.101422e+03   -1.023213e-06    4.269687e-07   -5.030631e-07    4.103403e-21    4.043593e-23    1.091085e-22    2.034451e-05    2.064769e-05    1.832747e-05
  -4.062500e-02    3.184562e+03   -1.311105e+03    2.332072e+03    1.091322e+03   -3.277764e+02    1.370260e+03    8.536227e-11   -8.179850e-14   -1.322995e-13    1.785590e+04    1.092388e+04    1.452499e+04   -4.420029e-11    5.181107e-13    4.290953e-14    2.784850e+03    0.000000e+00    3.148967e+03   -9.969516e-07    4.162945e-07   -4.873730e-07    4.008184e-21    3.942503e-23    1.064173e-22    2.034485e-05    2.064769e-05    1.833010e-05
  -3.958333e-02    3.135022e+03   -1.277487e+03    2.294838e+03    1.102261e+03   -3.193718e+02    1.372831e+03    8.320301e-11   -7.970110e-14   -1.286475e-13    1.786212e+04    1.092388e+04    1.451742e+04   -4.446452e-11    5.181107e-13    4.333650e-14    2.843293e+03    0.000000e+00    3.196488e+03   -9.706692e-07    4.056203e-07   -4.717313e-07    3.912406e-21    3.841413e-23    1.037285e-22    2.034529e-05    2.064769e-05    1.833279e-05
  -3.854167e-02    3.085423e+03   -1.243869e+03    2.257749e+03    1.113191e+03   -3.109673e+02    1.375433e+03    8.104459e-11   -7.760370e-14   -1.249969e-13    1.786820e+04    1.092388e+04    1.450997e+04   -4.472189e-11    5.181107e-13    4.375152e-14    2.901757e+03    0.000000e+00    3.243984e+03   -9.443668e-07    3.949460e-07   -4.561376e-07    3.816084e-21    3.740323e-23    1.010421e-22    2.034584e-05    2.064769e-05    1.833553e-05
  -3.750000e-02    3.035765e+03   -1.210251e+03    2.220803e+03    1.124112e+03   -3.025628e+02    1.378065e+03    7.888701e-11   -7.550630e-14   -1.213477e-13    1.787413e+04    1.092388e+04    1.450264e+04   -4.497239e-11    5.181107e-13    4.415460e-14    2.960240e+03    0.000000e+00    3.291455e+03   -9.180451e-07    3.842718e-07   -4.405914e-07    3.719232e-21    3.639233e-23    9.835783e-23    2.034651e-05    2.064769e-05    1.833834e-05
  -3.645833e-02    2.986051e+03   -1.176633e+03    2.184000e+03    1.135023e+03   -2.941583e+02    1.380726e+03    7.673024e-11   -7.340891e-14   -1.176998e-13    1.787992e+04    1.092388e+04    1.449543e+04   -4.521603e-11    5.181107e-13    4.454574e-14    3.018742e+03    0.000000e+00    3.338903e+03   -8.917052e-07    3.735976e-07   -4.250924e-07    3.621864e-21    3.538143e-23    9.567582e-23    2.034728e-05    2.064769e-05    1.834121e-05
  -3.541667e-02    2.936282e+03   -1.143015e+03    2.147339e+03    1.145925e+03   -2.857538e+02    1.383417e+03    7.457425e-11   -7.131151e-14   -1.140532e-13    1.788556e+04    1.092388e+04    1.448834e+04   -4.545281e-11    5.181107e-13    4.492495e-14    3.077264e+03    0.000000e+00    3.386328e+03   -8.653477e-07    3.629234e-07   -4.096401e-07    3.523994e-21    3.437054e-23    9.299599e-23    2.034817e-05    2.064769e-05    1.834413e-05
  -3.437500e-02    2.886460e+03   -1.109397e+03    2.110817e+03    1.156819e+03   -2.773492e+02    1.386137e+03    7.241903e-11   -6.921411e-14   -1.104078e-13    1.789106e+04    1.092388e+04    1.448138e+04   -4.568273e-11    5.181107e-13    4.529222e-14    3.135803e+03    0.000000e+00    3.433730e+03   -8.389737e-07    3.522492e-07   -3.942341e-07    3.425637e-21    3.335964e-23    9.031827e-23    2.034916e-05    2.064769e-05    1.834711e-05
  -3.333333e-02    2.836586e+03   -1.075779e+03    2.074433e+03    1.167705e+03   -2.689447e+02    1.388885e+03    7.026455e-11   -6.711672e-14   -1.067636e-13    1.789641e+04    1.092388e+04    1.447453e+04   -4.590579e-11    5.181107e-13    4.564757e-14    3.194360e+03    0.000000e+00    3.481109e+03   -8.125839e-07    3.415750e-07   -3.788739e-07    3.326807e-21    3.234874e-23    8.764263e-23    2.035027e-05    2.064769e-05    1.835016e-05
  -3.229167e-02    2.786661e+03   -1.042161e+03    2.038188e+03    1.178583e+03   -2.605402e+02    1.391663e+03    6.811079e-11   -6.501932e-14   -1.031204e-13    1.790162e+04    1.092388e+04    1.446780e+04   -4.612198e-11    5.181107e-13    4.599099e-14    3.252934e+03    0.000000e+00    3.528465e+03   -7.861791e-07    3.309007e-07   -3.635591e-07    3.227518e-21    3.133784e-23    8.496902e-23    2.035148e-05    2.064769e-05    1.835326e-05
  -3.125000e-02    2.736689e+03   -1.008543e+03    2.002078e+03    1.189454e+03   -2.521357e+02    1.394470e+03    6.595772e-11   -6.292192e-14   -9.947833e-14    1.790668e+04    1.092388e+04    1.446119e+04   -4.633131e-11    5.181107e-13    4.632249e-14    3.311526e+03    0.000000e+00    3.575800e+03   -7.597603e-07    3.202265e-07   -3.482893e-07    3.127786e-21    3.032694e-23    8.229739e-23    2.035281e-05    2.064769e-05    1.835642e-05
  -3.020833e-02    2.686669e+03   -9.749246e+02    1.966103e+03    1.200317e+03   -2.437311e+02    1.397304e+03    6.380533e-11   -6.082452e-14   -9.583721e-14    1.791160e+04    1.092388e+04    1.445470e+04   -4.653378e-11    5.181107e-13    4.664207e-14    3.370133e+03    0.000000e+00    3.623114e+03   -7.333283e-07    3.095523e-07   -3.330641e-07    3.027623e-21    2.931605e-23    7.962769e-23    2.035424e-05    2.064769e-05    1.835963e-05
  -2.916667e-02    2.636605e+03   -9.413065e+02    1.930262e+03    1.211174e+03   -2.353266e+02    1.400167e+03    6.165359e-11   -5.872713e-14   -9.219703e-14    1.791638e+04    1.092388e+04    1.444832e+04   -4.672939e-11    5.181107e-13    4.694974e-14    3.428757e+03    0.000000e+00    3.670406e+03   -7.068840e-07    2.988781e-07   -3.178830e-07    2.927045e-21    2.830515e-23    7.695987e-23    2.035579e-05    2.064769e-05    1.836291e-05
  -2.812500e-02    2.586497e+03   -9.076884e+02    1.894553e+03    1.222024e+03   -2.269221e+02    1.403058e+03    5.950248e-11   -5.662973e-14   -8.855772e-14    1.792101e+04    1.092388e+04    1.444206e+04   -4.691813e-11    5.181107e-13    4.724550e-14    3.487395e+03    0.000000e+00    3.717678e+03   -6.804282e-07    2.882039e-07   -3.027456e-07    2.826066e-21    2.729425e-23    7.429390e-23    2.035744e-05    2.064769e-05    1.836625e-05
  -2.708333e-02    2.536347e+03   -8.740703e+02    1.858976e+03    1.232868e+03   -2.185176e+02    1.405976e+03    5.735198e-11   -5.453233e-14   -8.491923e-14    1.792549e+04    1.092388e+04    1.443592e+04   -4.710002e-11    5.181107e-13    4.752935e-14    3.546049e+03    0.000000e+00    3.764929e+03   -6.539617e-07    2.775297e-07   -2.876515e-07    2.724699e-21    2.628335e-23    7.162971e-23    2.035921e-05    2.064769e-05    1.836964e-05
  -2.604167e-02    2.486157e+03   -8.404522e+02    1.823528e+03    1.243706e+03   -2.101131e+02    1.408922e+03    5.520206e-11   -5.243493e-14   -8.128151e-14    1.792984e+04    1.092388e+04    1.442989e+04   -4.727504e-11    5.181107e-13    4.780130e-14    3.604717e+03    0.000000e+00    3.812161e+03   -6.274855e-07    2.668554e-07   -2.726003e-07    2.622960e-21    2.527245e-23    6.896726e-23    2.036109e-05    2.064769e-05    1.837309e-05
  -2.500000e-02    2.435928e+03   -8.068341e+02    1.788210e+03    1.254539e+03   -2.017085e+02    1.411896e+03    5.305270e-11   -5.033754e-14   -7.764449e-14    1.793403e+04    1.092388e+04    1.442399e+04   -4.744320e-11    5.181107e-13    4.806134e-14    3.663399e+03    0.000000e+00    3.859373e+03   -6.010004e-07    2.561812e-07   -2.575916e-07    2.520863e-21    2.426156e-23    6.630651e-23    2.036307e-05    2.064769e-05    1.837660e-05
  -2.395833e-02    2.385662e+03   -7.732160e+02    1.753019e+03    1.265367e+03   -1.933040e+02    1.414896e+03    5.090388e-11   -4.824014e-14   -7.400813e-14    1.793809e+04    1.092388e+04    1.441819e+04   -4.760450e-11    5.181107e-13    4.830948e-14    3.722095e+03    0.000000e+00    3.906566e+03   -5.745072e-07    2.455070e-07   -2.426249e-07    2.418422e-21    2.325066e-23    6.364741e-23    2.036517e-05    2.064769e-05    1.838017e-05
  -2.291667e-02    2.335361e+03   -7.395979e+02    1.717954e+03    1.276190e+03   -1.848995e+02    1.417924e+03    4.875558e-11   -4.614274e-14   -7.037237e-14    1.794199e+04    1.092388e+04    1.441251e+04   -4.775893e-11    5.181107e-13    4.854572e-14    3.780804e+03    0.000000e+00    3.953740e+03   -5.480068e-07    2.348328e-07   -2.276999e-07    2.315651e-21    2.223976e-23    6.098991e-23    2.036738e-05    2.064769e-05    1.838380e-05
  -2.187500e-02    2.285027e+03   -7.059799e+02    1.683015e+03    1.287009e+03   -1.764950e+02    1.420978e+03    4.660777e-11   -4.404534e-14   -6.673715e-14    1.794576e+04    1.092388e+04    1.440695e+04   -4.790651e-11    5.181107e-13    4.877007e-14    3.839525e+03    0.000000e+00    4.000895e+03   -5.215000e-07    2.241586e-07   -2.128161e-07    2.212564e-21    2.122886e-23    5.833397e-23    2.036970e-05    2.064769e-05    1.838749e-05
  -2.083333e-02    2.234661e+03   -6.723618e+02    1.648200e+03    1.297824e+03   -1.680904e+02    1.424058e+03    4.446043e-11   -4.194795e-14   -6.310241e-14    1.794938e+04    1.092388e+04    1.440150e+04   -4.804722e-11    5.181107e-13    4.898252e-14    3.898258e+03    0.000000e+00    4.048033e+03   -4.949878e-07    2.134844e-07   -1.979732e-07    2.109177e-21    2.021796e-23    5.567954e-23    2.037213e-05    2.064769e-05    1.839123e-05
  -1.979167e-02    2.184264e+03   -6.387437e+02    1.613508e+03    1.308635e+03   -1.596859e+02    1.427165e+03    4.231354e-11   -3.985055e-14   -5.946811e-14    1.795285e+04    1.092388e+04    1.439616e+04   -4.818107e-11    5.181107e-13    4.918307e-14    3.957003e+03    0.000000e+00    4.095153e+03   -4.684709e-07    2.028101e-07   -1.831707e-07    2.005503e-21    1.920706e-23    5.302657e-23    2.037467e-05    2.064769e-05    1.839503e-05
  -1.875000e-02    2.133838e+03   -6.051256e+02    1.578937e+03    1.319442e+03   -1.512814e+02    1.430298e+03    4.016708e-11   -3.775315e-14   -5.583418e-14    1.795618e+04    1.092388e+04    1.439094e+04   -4.830806e-11    5.181107e-13    4.937174e-14    4.015759e+03    0.000000e+00    4.142256e+03   -4.419503e-07    1.921359e-07   -1.684083e-07    1.901557e-21    1.819617e-23    5.037501e-23    2.037732e-05    2.064769e-05    1.839889e-05
  -1.770833e-02    2.083386e+03   -5.715075e+02    1.544487e+03    1.330247e+03   -1.428769e+02    1.433457e+03    3.802103e-11   -3.565576e-14   -5.220058e-14    1.795937e+04    1.092388e+04    1.438582e+04   -4.842818e-11    5.181107e-13    4.954851e-14    4.074526e+03    0.000000e+00    4.189342e+03   -4.154267e-07    1.814617e-07   -1.536854e-07    1.797352e-21    1.718527e-23    4.772482e-23    2.038008e-05    2.064769e-05    1.840281e-05
  -1.666667e-02    2.032908e+03   -5.378894e+02    1.510156e+03    1.341049e+03   -1.344724e+02    1.436642e+03    3.587535e-11   -3.355836e-14   -4.856724e-14    1.796241e+04    1.092388e+04    1.438083e+04   -4.854144e-11    5.181107e-13    4.971339e-14    4.133303e+03    0.000000e+00    4.236411e+03   -3.889011e-07    1.707875e-07   -1.390019e-07    1.692904e-21    1.617437e-23    4.507596e-23    2.038295e-05    2.064769e-05    1.840678e-05
  -1.562500e-02    1.982406e+03   -5.042713e+02    1.475944e+03    1.351849e+03   -1.260678e+02    1.439852e+03    3.373004e-11   -3.146096e-14   -4.493411e-14    1.796530e+04    1.092388e+04    1.437594e+04   -4.864785e-11    5.181107e-13    4.986638e-14    4.192089e+03    0.000000e+00    4.283464e+03   -3.623743e-07    1.601133e-07   -1.243572e-07    1.588227e-21    1.516347e-23    4.242838e-23    2.038593e-05    2.064769e-05    1.841082e-05
  -1.458333e-02    1.931882e+03   -4.706532e+02    1.441849e+03    1.362646e+03   -1.176633e+02    1.443088e+03    3.158506e-11   -2.936356e-14   -4.130114e-14    1.796806e+04    1.092388e+04    1.437117e+04   -4.874739e-11    5.181107e-13    5.000748e-14    4.250885e+03    0.000000e+00    4.330501e+03   -3.358471e-07    1.494390e-07   -1.097509e-07    1.483334e-21    1.415257e-23    3.978202e-23    2.038902e-05    2.064769e-05    1.841491e-05
  -1.354167e-02    1.881338e+03   -4.370352e+02    1.407870e+03    1.373442e+03   -1.092588e+02    1.446348e+03    2.944040e-11   -2.726617e-14   -3.766827e-14    1.797066e+04    1.092388e+04    1.436650e+04   -4.884006e-11    5.181107e-13    5.013670e-14    4.309689e+03    0.000000e+00    4.377523e+03   -3.093204e-07    1.387648e-07   -9.518267e-08    1.378241e-21    1.314168e-23    3.713685e-23    2.039223e-05    2.064769e-05    1.841906e-05
  -1.250000e-02    1.830775e+03   -4.034171e+02    1.374005e+03    1.384237e+03   -1.008543e+02    1.449634e+03    2.729603e-11   -2.516877e-14   -3.403545e-14    1.797313e+04    1.092388e+04    1.436195e+04   -4.892588e-11    5.181107e-13    5.025402e-14    4.368502e+03    0.000000e+00    4.424530e+03   -2.827951e-07    1.280906e-07   -8.065213e-08    1.272962e-21    1.213078e-23    3.449282e-23    2.039554e-05    2.064769e-05    1.842327e-05
  -1.145833e-02    1.780195e+03   -3.697990e+02    1.340254e+03    1.395031e+03   -9.244974e+01    1.452944e+03    2.515193e-11   -2.307137e-14   -3.040261e-14    1.797544e+04    1.092388e+04    1.435751e+04   -4.900483e-11    5.181107e-13    5.035946e-14    4.427323e+03    0.000000e+00    4.471522e+03   -2.562720e-07    1.174164e-07   -6.615887e-08    1.167510e-21    1.111988e-23    3.184988e-23    2.039897e-05    2.064769e-05    1.842753e-05
  -1.041667e-02    1.729599e+03   -3.361809e+02    1.306616e+03    1.405824e+03   -8.404522e+01    1.456279e+03    2.300807e-11   -2.097397e-14   -2.676972e-14    1.797762e+04    1.092388e+04    1.435318e+04   -4.907692e-11    5.181107e-13    5.045300e-14    4.486151e+03    0.000000e+00    4.518500e+03   -2.297519e-07    1.067422e-07   -5.170250e-08    1.061900e-21    1.010898e-23    2.920798e-23    2.040250e-05    2.064769e-05    1.843185e-05
  -9.375000e-03    1.678989e+03   -3.025628e+02    1.273089e+03    1.416617e+03   -7.564070e+01    1.459638e+03    2.086444e-11   -1.887658e-14   -2.313670e-14    1.797965e+04    1.092388e+04    1.434896e+04   -4.914215e-11    5.181107e-13    5.053466e-14    4.544986e+03    0.000000e+00    4.565464e+03   -2.032358e-07    9.606796e-08   -3.728264e-08    9.561473e-22    9.098083e-24    2.656709e-23    2.040615e-05    2.064769e-05    1.843623e-05
  -8.333333e-03    1.628367e+03   -2.689447e+02    1.239673e+03    1.427409e+03   -6.723618e+01    1.463022e+03    1.872102e-11   -1.677918e-14   -1.950351e-14    1.798153e+04    1.092388e+04    1.434485e+04   -4.920052e-11    5.181107e-13    5.060443e-14    4.603827e+03    0.000000e+00    4.612414e+03   -1.767245e-07    8.539374e-08   -2.289891e-08    8.502652e-22    8.087185e-24    2.392715e-23    2.040990e-05    2.064769e-05    1.844067e-05
  -7.291667e-03    1.577734e+03   -2.353266e+02    1.206365e+03    1.438203e+03   -5.883166e+01    1.466429e+03    1.657777e-11   -1.468178e-14   -1.587009e-14    1.798327e+04    1.092388e+04    1.434085e+04   -4.925203e-11    5.181107e-13    5.066231e-14    4.662675e+03    0.000000e+00    4.659351e+03   -1.502188e-07    7.471952e-08   -8.550927e-09    7.442683e-22    7.076287e-24    2.128812e-23    2.041377e-05    2.064769e-05    1.844517e-05
  -6.250000e-03    1.527093e+03   -2.017085e+02    1.173166e+03    1.448997e+03   -5.042713e+01    1.469860e+03    1.443468e-11   -1.258438e-14   -1.223638e-14    1.798487e+04    1.092388e+04    1.433695e+04   -4.929667e-11    5.181107e-13    5.070830e-14    4.721527e+03    0.000000e+00    4.706275e+03   -1.237197e-07    6.404531e-08    5.761690e-09    6.381710e-22    6.065389e-24    1.864996e-23    2.041775e-05    2.064769e-05    1.844972e-05
  -5.208333e-03    1.476444e+03   -1.680904e+02    1.140074e+03    1.459792e+03   -4.202261e+01    1.473315e+03    1.229172e-11   -1.048699e-14   -8.602339e-15    1.798632e+04    1.092388e+04    1.433317e+04   -4.933445e-11    5.181107e-13    5.074240e-14    4.780385e+03    0.000000e+00    4.753186e+03   -9.722786e-08    5.337109e-08    2.003932e-08    5.319875e-22    5.054491e-24    1.601261e-23    2.042184e-05    2.064769e-05    1.845433e-05
  -4.166667e-03    1.425789e+03   -1.344724e+02    1.107088e+03    1.470588e+03   -3.361809e+01    1.476793e+03    1.014888e-11   -8.389589e-15   -4.967902e-15    1.798762e+04    1.092388e+04    1.432949e+04   -4.936537e-11    5.181107e-13    5.076460e-14    4.839247e+03    0.000000e+00    4.800085e+03   -7.074426e-08    4.269687e-08    3.428233e-08    4.257321e-22    4.043593e-24    1.337603e-23    2.042604e-05    2.064769e-05    1.845900e-05
  -3.125000e-03    1.375130e+03   -1.008543e+02    1.074207e+03    1.481386e+03   -2.521357e+01    1.480295e+03    8.006129e-12   -6.292192e-15   -1.333017e-15    1.798879e+04    1.092388e+04    1.432592e+04   -4.938943e-11    5.181107e-13    5.077491e-14    4.898114e+03    0.000000e+00    4.846972e+03   -4.426972e-08    3.202265e-08    4.849111e-08    3.194193e-22    3.032694e-24    1.074019e-23    2.043035e-05    2.064769e-05    1.846372e-05
  -2.083333e-03    1.324469e+03   -6.723618e+01    1.041429e+03    1.492187e+03   -1.680904e+01    1.483819e+03    5.863443e-12   -4.194795e-15    2.302371e-15    1.798980e+04    1.092388e+04    1.432246e+04   -4.940662e-11    5.181107e-13    5.077333e-14    4.956983e+03    0.000000e+00    4.893848e+03   -1.780512e-08    2.134844e-08    6.266602e-08    2.130633e-22    2.021796e-24    8.105021e-24    2.043477e-05    2.064769e-05    1.846850e-05
  -1.041667e-03    1.273808e+03   -3.361809e+01    1.008754e+03    1.502990e+03   -8.404522e+00    1.487367e+03    3.720803e-12   -2.097397e-15    5.938317e-15    1.799068e+04    1.092388e+04    1.431910e+04   -4.941695e-11    5.181107e-13    5.075985e-14    5.015856e+03    0.000000e+00    4.940713e+03    8.648709e-09    1.067422e-08    7.680744e-08    1.066784e-22    1.010898e-24    5.470492e-24    2.043931e-05    2.064769e-05    1.847334e-05
  -6.938894e-18    1.223147e+03   -4.496866e-13    9.761808e+02    1.513795e+03   -1.124216e-13    1.490937e+03    1.578185e-12   -1.519168e-29    9.574875e-15    1.799141e+04    1.092388e+04    1.431586e+04   -4.942043e-11    5.181107e-13    5.073446e-14    5.074732e+03    0.000000e+00    4.987566e+03    3.509090e-08    1.427818e-22    9.091573e-08    2.790064e-25    5.332758e-39    2.836554e-24    2.044395e-05    2.064769e-05    1.847824e-05
   1.041667e-03    1.172488e+03    3.361809e+01    9.437080e+02    1.524604e+03    8.404522e+00    1.494529e+03   -5.644332e-13    2.097397e-15    1.321210e-14    1.799199e+04    1.092388e+04    1.431272e+04   -4.941703e-11    5.181107e-13    5.069718e-14    5.133610e+03    0.000000e+00    5.034410e+03    6.152059e-08   -1.067422e-08    1.049913e-07   -1.061206e-22   -1.010898e-24    2.031614e-25    2.044870e-05    2.064769e-05    1.848320e-05
   2.083333e-03    1.121834e+03    6.723618e+01    9.113346e+02    1.535416e+03    1.680904e+01    1.498144e+03   -2.707074e-12    4.194795e-15    1.685005e-14    1.799243e+04    1.092388e+04    1.430968e+04   -4.940678e-11    5.181107e-13    5.064799e-14    5.192489e+03    0.000000e+00    5.081243e+03    8.793693e-08   -2.134844e-08    1.190344e-07   -2.125061e-22   -2.021796e-24   -2.429730e-24    2.045357e-05    2.064769e-05    1.848821e-05
   3.125000e-03    1.071186e+03    1.008543e+02    8.790596e+02    1.546232e+03    2.521357e+01    1.501782e+03   -4.849759e-12    6.292192e-15    2.048877e-14    1.799272e+04    1.092388e+04    1.430675e+04   -4.938967e-11    5.181107e-13    5.058689e-14    5.251370e+03    0.000000e+00    5.128067e+03    1.143391e-07   -3.202265e-08    1.330455e-07   -3.188632e-22   -3.032694e-24   -5.062165e-24    2.045855e-05    2.064769e-05    1.849328e-05
   4.166667e-03    1.020545e+03    1.344724e+02    8.468820e+02    1.557052e+03    3.361809e+01    1.505441e+03   -6.992511e-12    8.389589e-15    2.412833e-14    1.799287e+04    1.092388e+04    1.430393e+04   -4.936569e-11    5.181107e-13    5.051389e-14    5.310251e+03    0.000000e+00    5.174881e+03    1.407261e-07   -4.269687e-08    1.470250e-07   -4.251775e-22   -4.043593e-24   -7.694190e-24    2.046363e-05    2.064769e-05    1.849840e-05
   5.208333e-03    9.699127e+02    1.680904e+02    8.148007e+02    1.567877e+03    4.202261e+01    1.509122e+03   -9.135354e-12    1.048699e-14    2.776877e-14    1.799288e+04    1.092388e+04    1.430121e+04   -4.933485e-11    5.181107e-13    5.042897e-14    5.369132e+03    0.000000e+00    5.221686e+03    1.670973e-07   -5.337109e-08    1.609731e-07   -5.314347e-22   -5.054491e-24   -1.032585e-23    2.046883e-05    2.064769e-05    1.850358e-05
   6.250000e-03    9.192916e+02    2.017085e+02    7.828146e+02    1.578707e+03    5.042713e+01    1.512824e+03   -1.127831e-11    1.258438e-14    3.141016e-14    1.799274e+04    1.092388e+04    1.429859e+04   -4.929715e-11    5.181107e-13    5.033214e-14    5.428014e+03    0.000000e+00    5.268482e+03    1.934517e-07   -6.404531e-08    1.748903e-07   -6.376205e-22   -6.065389e-24   -1.295719e-23    2.047414e-05    2.064769e-05    1.850882e-05
   7.291667e-03    8.686829e+02    2.353266e+02    7.509227e+02    1.589541e+03    5.883166e+01    1.516548e+03   -1.342140e-11    1.468178e-14    3.505253e-14    1.799246e+04    1.092388e+04    1.429608e+04   -4.925259e-11    5.181107e-13    5.022339e-14    5.486894e+03    0.000000e+00    5.315270e+03    2.197884e-07   -7.471952e-08    1.887770e-07   -7.437206e-22   -7.076287e-24   -1.558825e-23    2.047956e-05    2.064769e-05    1.851412e-05
   8.333333e-03    8.180882e+02    2.689447e+02    7.191239e+02    1.600382e+03    6.723618e+01    1.520293e+03   -1.556464e-11    1.677918e-14    3.869596e-14    1.799203e+04    1.092388e+04    1.429368e+04   -4.920116e-11    5.181107e-13    5.010272e-14    5.545774e+03    0.000000e+00    5.362050e+03    2.461066e-07   -8.539374e-08    2.026334e-07   -8.497206e-22   -8.087185e-24   -1.821908e-23    2.048509e-05    2.064769e-05    1.851947e-05
   9.375000e-03    7.675092e+02    3.025628e+02    6.874173e+02    1.611228e+03    7.564070e+01    1.524060e+03   -1.770807e-11    1.887658e-14    4.234049e-14    1.799146e+04    1.092388e+04    1.429138e+04   -4.914288e-11    5.181107e-13    4.997013e-14    5.604652e+03    0.000000e+00    5.408822e+03    2.724055e-07   -9.606796e-08    2.164599e-07   -9.556062e-22   -9.098083e-24   -2.084972e-23    2.049073e-05    2.064769e-05    1.852489e-05
   1.041667e-02    7.169475e+02    3.361809e+02    6.558018e+02    1.622080e+03    8.404522e+01    1.527847e+03   -1.985170e-11    2.097397e-14    4.598619e-14    1.799074e+04    1.092388e+04    1.428918e+04   -4.907773e-11    5.181107e-13    4.982560e-14    5.663527e+03    0.000000e+00    5.455587e+03    2.986842e-07   -1.067422e-07    2.302569e-07   -1.061363e-21   -1.010898e-23   -2.348023e-23    2.049649e-05    2.064769e-05    1.853035e-05
   1.145833e-02    6.664048e+02    3.697990e+02    6.242763e+02    1.632939e+03    9.244974e+01    1.531655e+03   -2.199555e-11    2.307137e-14    4.963309e-14    1.798988e+04    1.092388e+04    1.428708e+04   -4.900572e-11    5.181107e-13    4.966915e-14    5.722401e+03    0.000000e+00    5.502344e+03    3.249419e-07   -1.174164e-07    2.440247e-07   -1.166977e-21   -1.111988e-23   -2.611063e-23    2.050235e-05    2.064769e-05    1.853588e-05
   1.250000e-02    6.158827e+02    4.034171e+02    5.928399e+02    1.643805e+03    1.008543e+02    1.535484e+03   -2.413965e-11    2.516877e-14    5.328126e-14    1.798887e+04    1.092388e+04    1.428509e+04   -4.892684e-11    5.181107e-13    4.950075e-14    5.781271e+03    0.000000e+00    5.549096e+03    3.511776e-07   -1.280906e-07    2.577638e-07   -1.272434e-21   -1.213078e-23   -2.874098e-23    2.050832e-05    2.064769e-05    1.854146e-05
   1.354167e-02    5.653828e+02    4.370352e+02    5.614916e+02    1.654678e+03    1.092588e+02    1.539333e+03   -2.628402e-11    2.726617e-14    5.693076e-14    1.798772e+04    1.092388e+04    1.428320e+04   -4.884111e-11    5.181107e-13    4.932042e-14    5.840137e+03    0.000000e+00    5.595840e+03    3.773906e-07   -1.387648e-07    2.714743e-07   -1.377719e-21   -1.314168e-23   -3.137133e-23    2.051441e-05    2.064769e-05    1.854710e-05
   1.458333e-02    5.149068e+02    4.706532e+02    5.302303e+02    1.665558e+03    1.176633e+02    1.543202e+03   -2.842868e-11    2.936356e-14    6.058163e-14    1.798643e+04    1.092388e+04    1.428142e+04   -4.874851e-11    5.181107e-13    4.912814e-14    5.899000e+03    0.000000e+00    5.642579e+03    4.035799e-07   -1.494390e-07    2.851568e-07   -1.482817e-21   -1.415257e-23   -3.400171e-23    2.052061e-05    2.064769e-05    1.855279e-05
   1.562500e-02    4.644564e+02    5.042713e+02    4.990549e+02    1.676447e+03    1.260678e+02    1.547092e+03   -3.057366e-11    3.146096e-14    6.423394e-14    1.798499e+04    1.092388e+04    1.427973e+04   -4.864905e-11    5.181107e-13    4.892391e-14    5.957858e+03    0.000000e+00    5.689312e+03    4.297447e-07   -1.601133e-07    2.988115e-07   -1.587716e-21   -1.516347e-23   -3.663217e-23    2.052691e-05    2.064769e-05    1.855854e-05
   1.666667e-02    4.140332e+02    5.378894e+02    4.679646e+02    1.687343e+03    1.344724e+02    1.551001e+03   -3.271897e-11    3.355836e-14    6.788773e-14    1.798340e+04    1.092388e+04    1.427815e+04   -4.854273e-11    5.181107e-13    4.870773e-14    6.016711e+03    0.000000e+00    5.736040e+03    4.558842e-07   -1.707875e-07    3.124388e-07   -1.692400e-21   -1.617437e-23   -3.926276e-23    2.053333e-05    2.064769e-05    1.856435e-05
   1.770833e-02    3.636388e+02    5.715075e+02    4.369584e+02    1.698249e+03    1.428769e+02    1.554930e+03   -3.486465e-11    3.565576e-14    7.154306e-14    1.798168e+04    1.092388e+04    1.427667e+04   -4.842955e-11    5.181107e-13    4.847959e-14    6.075559e+03    0.000000e+00    5.782762e+03    4.819975e-07   -1.814617e-07    3.260389e-07   -1.796855e-21   -1.718527e-23   -4.189352e-23    2.053986e-05    2.064769e-05    1.857022e-05
   1.875000e-02    3.132748e+02    6.051256e+02    4.060351e+02    1.709163e+03    1.512814e+02    1.558879e+03   -3.701070e-11    3.775315e-14    7.519998e-14    1.797980e+04    1.092388e+04    1.427529e+04   -4.830950e-11    5.181107e-13    4.823948e-14    6.134401e+03    0.000000e+00    5.829481e+03    5.080838e-07   -1.921359e-07    3.396124e-07   -1.901067e-21   -1.819617e-23   -4.452449e-23    2.054650e-05    2.064769e-05    1.857614e-05
   1.979167e-02    2.629430e+02    6.387437e+02    3.751938e+02    1.720087e+03    1.596859e+02    1.562847e+03   -3.915716e-11    3.985055e-14    7.885856e-14    1.797778e+04    1.092388e+04    1.427401e+04   -4.818259e-11    5.181107e-13    4.798740e-14    6.193236e+03    0.000000e+00    5.876194e+03    5.341421e-07   -2.028101e-07    3.531595e-07   -2.005021e-21   -1.920706e-23   -4.715572e-23    2.055325e-05    2.064769e-05    1.858212e-05
   2.083333e-02    2.126449e+02    6.723618e+02    3.444336e+02    1.731020e+03    1.680904e+02    1.566834e+03   -4.130405e-11    4.194795e-14    8.251884e-14    1.797562e+04    1.092388e+04    1.427284e+04   -4.804883e-11    5.181107e-13    4.772335e-14    6.252065e+03    0.000000e+00    5.922904e+03    5.601717e-07   -2.134844e-07    3.666805e-07   -2.108703e-21   -2.021796e-23   -4.978725e-23    2.056012e-05    2.064769e-05    1.858815e-05
   2.187500e-02    1.623822e+02    7.059799e+02    3.137535e+02    1.741963e+03    1.764950e+02    1.570841e+03   -4.345138e-11    4.404534e-14    8.618088e-14    1.797332e+04    1.092388e+04    1.427176e+04   -4.790819e-11    5.181107e-13    4.744732e-14    6.310886e+03    0.000000e+00    5.969610e+03    5.861716e-07   -2.241586e-07    3.801758e-07   -2.212099e-21   -2.122886e-23   -5.241913e-23    2.056709e-05    2.064769e-05    1.859425e-05
   2.291667e-02    1.121566e+02    7.395979e+02    2.831524e+02    1.752916e+03    1.848995e+02    1.574866e+03   -4.559919e-11    4.614274e-14    8.984473e-14    1.797086e+04    1.092388e+04    1.427078e+04   -4.776070e-11    5.181107e-13    4.715930e-14    6.369700e+03    0.000000e+00    6.016312e+03    6.121411e-07   -2.348328e-07    3.936457e-07   -2.315194e-21   -2.223976e-23   -5.505140e-23    2.057417e-05    2.064769e-05    1.860040e-05
   2.395833e-02    6.196966e+01    7.732160e+02    2.526294e+02    1.763880e+03    1.933040e+02    1.578910e+03   -4.774749e-11    4.824014e-14    9.351045e-14    1.796827e+04    1.092388e+04    1.426991e+04   -4.760635e-11    5.181107e-13    4.685928e-14    6.428505e+03    0.000000e+00    6.063012e+03    6.380792e-07   -2.455070e-07    4.070906e-07   -2.417974e-21   -2.325066e-23   -5.768411e-23    2.058137e-05    2.064769e-05    1.860660e-05
   2.500000e-02    1.182305e+01    8.068341e+02    2.221835e+02    1.774855e+03    2.017085e+02    1.582973e+03   -4.989631e-11    5.033754e-14    9.717809e-14    1.796553e+04    1.092388e+04    1.426913e+04   -4.744513e-11    5.181107e-13    4.654727e-14    6.487301e+03    0.000000e+00    6.109709e+03    6.639852e-07   -2.561812e-07    4.205107e-07   -2.520425e-21   -2.426156e-23   -6.031729e-23    2.058867e-05    2.064769e-05    1.861286e-05
   2.604167e-02   -3.828160e+01    8.404522e+02    1.918138e+02    1.785842e+03    2.101131e+02    1.587054e+03   -5.204566e-11    5.243493e-14    1.008477e-13    1.796264e+04    1.092388e+04    1.426845e+04   -4.727705e-11    5.181107e-13    4.622325e-14    6.546089e+03    0.000000e+00    6.156403e+03    6.898580e-07   -2.668554e-07    4.339065e-07   -2.622533e-21   -2.527245e-23   -6.295100e-23    2.059609e-05    2.064769e-05    1.861918e-05
   2.708333e-02   -8.834262e+01    8.740703e+02    1.615192e+02    1.796840e+03    2.185176e+02    1.591154e+03   -5.419558e-11    5.453233e-14    1.045194e-13    1.795961e+04    1.092388e+04    1.426787e+04   -4.710211e-11    5.181107e-13    4.588722e-14    6.604866e+03    0.000000e+00    6.203096e+03    7.156970e-07   -2.775297e-07    4.472783e-07   -2.724283e-21   -2.628335e-23   -6.558528e-23    2.060362e-05    2.064769e-05    1.862556e-05
   2.812500e-02   -1.383584e+02    9.076884e+02    1.312989e+02    1.807850e+03    2.269221e+02    1.595271e+03   -5.634608e-11    5.662973e-14    1.081931e-13    1.795644e+04    1.092388e+04    1.426739e+04   -4.692030e-11    5.181107e-13    4.553917e-14    6.663634e+03    0.000000e+00    6.249786e+03    7.415012e-07   -2.882039e-07    4.606264e-07   -2.825660e-21   -2.729425e-23   -6.822016e-23    2.061126e-05    2.064769e-05    1.863199e-05
   2.916667e-02   -1.883272e+02    9.413065e+02    1.011519e+02    1.818873e+03    2.353266e+02    1.599407e+03   -5.849719e-11    5.872713e-14    1.118690e-13    1.795312e+04    1.092388e+04    1.426701e+04   -4.673164e-11    5.181107e-13    4.517910e-14    6.722391e+03    0.000000e+00    6.296476e+03    7.672698e-07   -2.988781e-07    4.739510e-07   -2.926651e-21   -2.830515e-23   -7.085571e-23    2.061901e-05    2.064769e-05    1.863847e-05
   3.020833e-02   -2.382476e+02    9.749246e+02    7.107716e+01    1.829908e+03    2.437311e+02    1.603560e+03   -6.064893e-11    6.082452e-14    1.155470e-13    1.794966e+04    1.092388e+04    1.426673e+04   -4.653611e-11    5.181107e-13    4.480699e-14    6.781137e+03    0.000000e+00    6.343164e+03    7.930020e-07   -3.095523e-07    4.872527e-07   -3.027241e-21   -2.931605e-23   -7.349195e-23    2.062687e-05    2.064769e-05    1.864502e-05
   3.125000e-02   -2.881177e+02    1.008543e+03    4.107379e+01    1.840956e+03    2.521357e+02    1.607731e+03   -6.280132e-11    6.292192e-14    1.192274e-13    1.794605e+04    1.092388e+04    1.426655e+04   -4.633372e-11    5.181107e-13    4.442284e-14    6.839871e+03    0.000000e+00    6.389851e+03    8.186968e-07   -3.202265e-07    5.005316e-07   -3.127416e-21   -3.032694e-23   -7.612893e-23    2.063484e-05    2.064769e-05    1.865162e-05
   3.229167e-02   -3.379360e+02    1.042161e+03    1.114083e+01    1.852018e+03    2.605402e+02    1.611920e+03   -6.495438e-11    6.501932e-14    1.229100e-13    1.794230e+04    1.092388e+04    1.426646e+04   -4.612447e-11    5.181107e-13    4.402664e-14    6.898593e+03    0.000000e+00    6.436538e+03    8.443534e-07   -3.309007e-07    5.137881e-07   -3.227162e-21   -3.133784e-23   -7.876671e-23    2.064292e-05    2.064769e-05    1.865828e-05
   3.333333e-02   -3.877008e+02    1.075779e+03   -1.872266e+01    1.863093e+03    2.689447e+02    1.616126e+03   -6.710814e-11    6.711672e-14    1.265950e-13    1.793840e+04    1.092388e+04    1.426648e+04   -4.590836e-11    5.181107e-13    4.361839e-14    6.957303e+03    0.000000e+00    6.483225e+03    8.699709e-07   -3.415750e-07    5.270226e-07   -3.326463e-21   -3.234874e-23   -8.140531e-23    2.065111e-05    2.064769e-05    1.866499e-05
   3.437500e-02   -4.374105e+02    1.109397e+03   -4.851762e+01    1.874182e+03    2.773492e+02    1.620349e+03   -6.926262e-11    6.921411e-14    1.302824e-13    1.793436e+04    1.092388e+04    1.426659e+04   -4.568538e-11    5.181107e-13    4.319808e-14    7.015999e+03    0.000000e+00    6.529912e+03    8.955486e-07   -3.522492e-07    5.402353e-07   -3.425307e-21   -3.335964e-23   -8.404479e-23    2.065942e-05    2.064769e-05    1.867176e-05
   3.541667e-02   -4.870634e+02    1.143015e+03   -7.824499e+01    1.885286e+03    2.857538e+02    1.624589e+03   -7.141784e-11    7.131151e-14    1.339722e-13    1.793018e+04    1.092388e+04    1.426679e+04   -4.545554e-11    5.181107e-13    4.276569e-14    7.074682e+03    0.000000e+00    6.576600e+03    9.210855e-07   -3.629234e-07    5.534266e-07   -3.523678e-21   -3.437054e-23   -8.668519e-23    2.066783e-05    2.064769e-05    1.867858e-05
   3.645833e-02   -5.366579e+02    1.176633e+03   -1.079057e+02    1.896405e+03    2.941583e+02    1.628846e+03   -7.357383e-11    7.340891e-14    1.376646e-13    1.792585e+04    1.092388e+04    1.426710e+04   -4.521884e-11    5.181107e-13    4.232123e-14    7.133352e+03    0.000000e+00    6.623288e+03    9.465808e-07   -3.735976e-07    5.665968e-07   -3.621562e-21   -3.538143e-23   -8.932655e-23    2.067636e-05    2.064769e-05    1.868547e-05
   3.750000e-02   -5.861924e+02    1.210251e+03   -1.375007e+02    1.907538e+03    3.025628e+02    1.633119e+03   -7.573060e-11    7.550630e-14    1.413596e-13    1.792137e+04    1.092388e+04    1.426750e+04   -4.497528e-11    5.181107e-13    4.186468e-14    7.192007e+03    0.000000e+00    6.669978e+03    9.720336e-07   -3.842718e-07    5.797462e-07   -3.718945e-21   -3.639233e-23   -9.196891e-23    2.068499e-05    2.064769e-05    1.869240e-05
   3.854167e-02   -6.356651e+02    1.243869e+03   -1.670309e+02    1.918687e+03    3.109673e+02    1.637410e+03   -7.788817e-11    7.760370e-14    1.450571e-13    1.791675e+04    1.092388e+04    1.426800e+04   -4.472486e-11    5.181107e-13    4.139603e-14    7.250647e+03    0.000000e+00    6.716669e+03    9.974431e-07   -3.949460e-07    5.928752e-07   -3.815813e-21   -3.740323e-23   -9.461233e-23    2.069374e-05    2.064769e-05    1.869940e-05
   3.958333e-02   -6.850746e+02    1.277487e+03   -1.964972e+02    1.929852e+03    3.193718e+02    1.641716e+03   -8.004658e-11    7.970110e-14    1.487574e-13    1.791199e+04    1.092388e+04    1.426859e+04   -4.446757e-11    5.181107e-13    4.091528e-14    7.309271e+03    0.000000e+00    6.763362e+03    1.022808e-06   -4.056203e-07    6.059840e-07   -3.912151e-21   -3.841413e-23   -9.725683e-23    2.070260e-05    2.064769e-05    1.870645e-05
   4.062500e-02   -7.344190e+02    1.311105e+03   -2.259006e+02    1.941033e+03    3.277764e+02    1.646039e+03   -8.220585e-11    8.179850e-14    1.524604e-13    1.790708e+04    1.092388e+04    1.426928e+04   -4.420343e-11    5.181107e-13    4.042241e-14    7.367880e+03    0.000000e+00    6.810057e+03    1.048129e-06   -4.162945e-07    6.190730e-07   -4.007944e-21   -3.942503e-23   -9.990248e-23    2.071157e-05    2.064769e-05    1.871356e-05
   4.166667e-02   -7.836968e+02    1.344724e+03   -2.552420e+02    1.952230e+03    3.361809e+02    1.650378e+03   -8.436599e-11    8.389589e-14    1.561662e-13    1.790203e+04    1.092388e+04    1.427007e+04   -4.393242e-11    5.181107e-13    3.991742e-14    7.426473e+03    0.000000e+00    6.856754e+03    1.073403e-06   -4.269687e-07    6.321425e-07   -4.103180e-21   -4.043593e-23   -1.025493e-22    2.072064e-05    2.064769e-05    1.872072e-05
   4.166667e-02   -7.127734e+04    3.361809e+04   -4.762468e+04    1.435381e+03    3.361809e+02    1.237942e+03   -8.435280e-11    6.351660e-14    1.610841e-13    1.790203e+04    2.730969e+04    1.427007e+04   -4.393242e-11   -1.940924e-13    3.991742e-14    7.426473e+03    0.000000e+00    6.856754e+03    1.073403e-06   -4.269687e-07    6.321425e-07   -4.103180e-21   -4.043593e-23   -1.025493e-22    2.072064e-05    2.064769e-05    1.872072e-05
   4.270833e-02   -6.875109e+04    3.445854e+04   -4.513870e+04    1.470612e+03    3.445854e+02    1.274539e+03   -8.630340e-11    6.510452e-14    1.607597e-13    1.778858e+04    2.730969e+04    1.442185e+04   -4.365440e-11   -1.940924e-13    3.939081e-14    7.484871e+03    0.000000e+00    6.903704e+03    1.042583e-06   -4.376429e-07    6.007560e-07   -4.331274e-21   -4.144682e-23   -1.023428e-22    2.072997e-05    2.064769e-05    1.872804e-05
   4.375000e-02   -6.620656e+04    3.529899e+04   -4.267491e+04    1.505942e+03    3.529899e+02    1.311035e+03   -8.825630e-11    6.669243e-14    1.604395e-13    1.767234e+04    2.730969e+04    1.456553e+04   -4.336951e-11   -1.940924e-13    3.886525e-14    7.542894e+03    0.000000e+00    6.951136e+03    1.011503e-06   -4.483171e-07    5.696532e-07   -4.557901e-21   -4.245772e-23   -1.021390e-22    2.073930e-05    2.064769e-05    1.873538e-05
   4.479167e-02   -6.364331e+04    3.613945e+04   -4.023199e+04    1.541373e+03    3.613945e+02    1.347437e+03   -9.021157e-11    6.828035e-14    1.601237e-13    1.755330e+04    2.730969e+04    1.470118e+04   -4.307777e-11   -1.940924e-13    3.834073e-14    7.600532e+03    0.000000e+00    6.999026e+03    9.801589e-07   -4.589914e-07    5.388173e-07   -4.783027e-21   -4.346862e-23   -1.019379e-22    2.074863e-05    2.064769e-05    1.874273e-05
   4.583333e-02   -6.106089e+04    3.697990e+04   -3.780864e+04    1.576907e+03    3.697990e+02    1.383750e+03   -9.216925e-11    6.986826e-14    1.598122e-13    1.743148e+04    2.730969e+04    1.482887e+04   -4.277915e-11   -1.940924e-13    3.781724e-14    7.657775e+03    0.000000e+00    7.047346e+03    9.485434e-07   -4.696656e-07    5.082316e-07   -5.006616e-21   -4.447952e-23   -1.017396e-22    2.075797e-05    2.064769e-05    1.875010e-05
   4.687500e-02   -5.845886e+04    3.782035e+04   -3.540356e+04    1.612548e+03    3.782035e+02    1.419982e+03   -9.412940e-11    7.145618e-14    1.595049e-13    1.730685e+04    2.730969e+04    1.494866e+04   -4.247368e-11   -1.940924e-13    3.729476e-14    7.714616e+03    0.000000e+00    7.096072e+03    9.166511e-07   -4.803398e-07    4.778796e-07   -5.228632e-21   -4.549042e-23   -1.015440e-22    2.076731e-05    2.064769e-05    1.875748e-05
   4.791667e-02   -5.583677e+04    3.866080e+04   -3.301546e+04    1.648296e+03    3.866080e+02    1.456140e+03   -9.609207e-11    7.304409e-14    1.592020e-13    1.717944e+04    2.730969e+04    1.506060e+04   -4.216134e-11   -1.940924e-13    3.677328e-14    7.771044e+03    0.000000e+00    7.145177e+03    8.844759e-07   -4.910140e-07    4.477448e-07   -5.449038e-21   -4.650131e-23   -1.013511e-22    2.077665e-05    2.064769e-05    1.876488e-05
   4.895833e-02   -5.319417e+04    3.950125e+04   -3.064307e+04    1.684154e+03    3.950125e+02    1.492228e+03   -9.805733e-11    7.463201e-14    1.589032e-13    1.704923e+04    2.730969e+04    1.516476e+04   -4.184213e-11   -1.940924e-13    3.625278e-14    7.827051e+03    0.000000e+00    7.194635e+03    8.520121e-07   -5.016882e-07    4.178108e-07   -5.667800e-21   -4.751221e-23   -1.011609e-22    2.078600e-05    2.064769e-05    1.877230e-05
   5.000000e-02   -5.053063e+04    4.034171e+04   -2.828511e+04    1.720124e+03    4.034171e+02    1.528254e+03   -1.000252e-10    7.621992e-14    1.586088e-13    1.691623e+04    2.730969e+04    1.526118e+04   -4.151606e-11   -1.940924e-13    3.573325e-14    7.882626e+03    0.000000e+00    7.244421e+03    8.192536e-07   -5.123624e-07    3.880615e-07   -5.884882e-21   -4.852311e-23   -1.009735e-22    2.079535e-05    2.064769e-05    1.877973e-05
   5.104167e-02   -4.784568e+04    4.118216e+04   -2.594032e+04    1.756210e+03    4.118216e+02    1.564224e+03   -1.019958e-10    7.780784e-14    1.583185e-13    1.678044e+04    2.730969e+04    1.534990e+04   -4.118313e-11   -1.940924e-13    3.521468e-14    7.937762e+03    0.000000e+00    7.294511e+03    7.861945e-07   -5.230367e-07    3.584806e-07   -6.100247e-21   -4.953401e-23   -1.007887e-22    2.080470e-05    2.064769e-05    1.878718e-05
   5.208333e-02   -4.513890e+04    4.202261e+04   -2.360745e+04    1.792412e+03    4.202261e+02    1.600145e+03   -1.039692e-10    7.939575e-14    1.580326e-13    1.664186e+04    2.730969e+04    1.543097e+04   -4.084333e-11   -1.940924e-13    3.469706e-14    7.992450e+03    0.000000e+00    7.344878e+03    7.528290e-07   -5.337109e-07    3.290522e-07   -6.313861e-21   -5.054491e-23   -1.006067e-22    2.081406e-05    2.064769e-05    1.879465e-05
   5.312500e-02   -4.240983e+04    4.286306e+04   -2.128524e+04    1.828734e+03    4.286306e+02    1.636022e+03   -1.059453e-10    8.098367e-14    1.577508e-13    1.650048e+04    2.730969e+04    1.550442e+04   -4.049667e-11   -1.940924e-13    3.418036e-14    8.046679e+03    0.000000e+00    7.395498e+03    7.191511e-07   -5.443851e-07    2.997603e-07   -6.525687e-21   -5.155581e-23   -1.004273e-22    2.082341e-05    2.064769e-05    1.880214e-05
   5.416667e-02   -3.965803e+04    4.370352e+04   -1.897246e+04    1.865177e+03    4.370352e+02    1.671862e+03   -1.079243e-10    8.257158e-14    1.574733e-13    1.635630e+04    2.730969e+04    1.557029e+04   -4.014314e-11   -1.940924e-13    3.366457e-14    8.100440e+03    0.000000e+00    7.446346e+03    6.851549e-07   -5.550593e-07    2.705890e-07   -6.735689e-21   -5.256670e-23   -1.002506e-22    2.083276e-05    2.064769e-05    1.880965e-05
   5.520833e-02   -3.688304e+04    4.454397e+04   -1.666786e+04    1.901743e+03    4.454397e+02    1.707671e+03   -1.099063e-10    8.415950e-14    1.572000e-13    1.620934e+04    2.730969e+04    1.562860e+04   -3.978275e-11   -1.940924e-13    3.314969e-14    8.153726e+03    0.000000e+00    7.497397e+03    6.508345e-07   -5.657335e-07    2.415224e-07   -6.943833e-21   -5.357760e-23   -1.000766e-22    2.084211e-05    2.064769e-05    1.881718e-05
   5.625000e-02   -3.408444e+04    4.538442e+04   -1.437020e+04    1.938436e+03    4.538442e+02    1.743455e+03   -1.118912e-10    8.574741e-14    1.569309e-13    1.605958e+04    2.730969e+04    1.567939e+04   -3.941550e-11   -1.940924e-13    3.263570e-14    8.206526e+03    0.000000e+00    7.548626e+03    6.161840e-07   -5.764077e-07    2.125447e-07   -7.150081e-21   -5.458850e-23   -9.990530e-23    2.085146e-05    2.064769e-05    1.882473e-05
   5.729167e-02   -3.126176e+04    4.622487e+04   -1.207827e+04    1.975257e+03    4.622487e+02    1.779220e+03   -1.138792e-10    8.733533e-14    1.566660e-13    1.590703e+04    2.730969e+04    1.572266e+04   -3.904138e-11   -1.940924e-13    3.212258e-14    8.258831e+03    0.000000e+00    7.600010e+03    5.811974e-07   -5.870820e-07    1.836403e-07   -7.354399e-21   -5.559940e-23   -9.973666e-23    2.086081e-05    2.064769e-05    1.883230e-05
   5.833333e-02   -2.841458e+04    4.706532e+04   -9.790829e+03    2.012208e+03    4.706532e+02    1.814972e+03   -1.158702e-10    8.892324e-14    1.564053e-13    1.575168e+04    2.730969e+04    1.575844e+04   -3.866040e-11   -1.940924e-13    3.161032e-14    8.310632e+03    0.000000e+00    7.651523e+03    5.458688e-07   -5.977562e-07    1.547935e-07   -7.556750e-21   -5.661030e-23   -9.957069e-23    2.087015e-05    2.064769e-05    1.883989e-05
   5.937500e-02   -2.554243e+04    4.790578e+04   -7.506651e+03    2.049293e+03    4.790578e+02    1.850719e+03   -1.178644e-10    9.051116e-14    1.561488e-13    1.559355e+04    2.730969e+04    1.578675e+04   -3.827255e-11   -1.940924e-13    3.109890e-14    8.361921e+03    0.000000e+00    7.703141e+03    5.101924e-07   -6.084304e-07    1.259885e-07   -7.757099e-21   -5.762119e-23   -9.940738e-23    2.087949e-05    2.064769e-05    1.884750e-05
   6.041667e-02   -2.264487e+04    4.874623e+04   -5.224514e+03    2.086512e+03    4.874623e+02    1.886465e+03   -1.198618e-10    9.209908e-14    1.558964e-13    1.543262e+04    2.730969e+04    1.580758e+04   -3.787784e-11   -1.940924e-13    3.058832e-14    8.412687e+03    0.000000e+00    7.754839e+03    4.741622e-07   -6.191046e-07    9.720981e-08   -7.955411e-21   -5.863209e-23   -9.924674e-23    2.088882e-05    2.064769e-05    1.885513e-05
   6.145833e-02   -1.972146e+04    4.958668e+04   -2.943196e+03    2.123868e+03    4.958668e+02    1.922216e+03   -1.218624e-10    9.368699e-14    1.556482e-13    1.526889e+04    2.730969e+04    1.582094e+04   -3.747627e-11   -1.940924e-13    3.007856e-14    8.462923e+03    0.000000e+00    7.806593e+03    4.377723e-07   -6.297788e-07    6.844170e-08   -8.151648e-21   -5.964299e-23   -9.908875e-23    2.089814e-05    2.064769e-05    1.886278e-05
   6.250000e-02   -1.677176e+04    5.042713e+04   -6.614734e+02    2.161364e+03    5.042713e+02    1.957980e+03   -1.238663e-10    9.527491e-14    1.554043e-13    1.510237e+04    2.730969e+04    1.582684e+04   -3.706783e-11   -1.940924e-13    2.956960e-14    8.512617e+03    0.000000e+00    7.858378e+03    4.010167e-07   -6.404531e-07    3.966858e-08   -8.345777e-21   -6.065389e-23   -9.893342e-23    2.090746e-05    2.064769e-05    1.887045e-05
   6.354167e-02   -1.379531e+04    5.126759e+04    1.621876e+03    2.199002e+03    5.126759e+02    1.993762e+03   -1.258737e-10    9.686282e-14    1.551644e-13    1.493306e+04    2.730969e+04    1.582527e+04   -3.665252e-11   -1.940924e-13    2.906144e-14    8.561763e+03    0.000000e+00    7.910171e+03    3.638896e-07   -6.511273e-07    1.087483e-08   -8.537760e-21   -6.166479e-23   -9.878073e-23    2.091678e-05    2.064769e-05    1.887815e-05
   6.458333e-02   -1.079167e+04    5.210804e+04    3.908076e+03    2.236784e+03    5.210804e+02    2.029567e+03   -1.278844e-10    9.845074e-14    1.549287e-13    1.476096e+04    2.730969e+04    1.581622e+04   -3.623036e-11   -1.940924e-13    2.855405e-14    8.610350e+03    0.000000e+00    7.961946e+03    3.263851e-07   -6.618015e-07   -1.795519e-08   -8.727562e-21   -6.267568e-23   -9.863069e-23    2.092608e-05    2.064769e-05    1.888586e-05
   6.562500e-02   -7.760405e+03    5.294849e+04    6.198351e+03    2.274712e+03    5.294849e+02    2.065403e+03   -1.298986e-10    1.000387e-13    1.546972e-13    1.458607e+04    2.730969e+04    1.579969e+04   -3.580132e-11   -1.940924e-13    2.804742e-14    8.658368e+03    0.000000e+00    8.013680e+03    2.884972e-07   -6.724757e-07   -4.683713e-08   -8.915147e-21   -6.368658e-23   -9.848329e-23    2.093538e-05    2.064769e-05    1.889359e-05
   6.666667e-02   -4.701056e+03    5.378894e+04    8.493928e+03    2.312789e+03    5.378894e+02    2.101276e+03   -1.319164e-10    1.016266e-13    1.544698e-13    1.440838e+04    2.730969e+04    1.577565e+04   -3.536543e-11   -1.940924e-13    2.754155e-14    8.705811e+03    0.000000e+00    8.065347e+03    2.502200e-07   -6.831499e-07   -7.578668e-08   -9.100480e-21   -6.469748e-23   -9.833853e-23    2.094466e-05    2.064769e-05    1.890135e-05
   6.770833e-02   -1.613182e+03    5.462939e+04    1.079604e+04    2.351017e+03    5.462939e+02    2.137191e+03   -1.339378e-10    1.032145e-13    1.542465e-13    1.422789e+04    2.730969e+04    1.574409e+04   -3.492267e-11   -1.940924e-13    2.703642e-14    8.752667e+03    0.000000e+00    8.116923e+03    2.115476e-07   -6.938241e-07   -1.048196e-07   -9.283525e-21   -6.570838e-23   -9.819640e-23    2.095393e-05    2.064769e-05    1.890913e-05
   6.875000e-02    1.503663e+03    5.546985e+04    1.310591e+04    2.389397e+03    5.546985e+02    2.173155e+03   -1.359628e-10    1.048024e-13    1.540274e-13    1.404462e+04    2.730969e+04    1.570498e+04   -3.447304e-11   -1.940924e-13    2.653201e-14    8.798927e+03    0.000000e+00    8.168384e+03    1.724741e-07   -7.044984e-07   -1.339515e-07   -9.464246e-21   -6.671928e-23   -9.805690e-23    2.096320e-05    2.064769e-05    1.891692e-05
   6.979167e-02    4.649924e+03    5.631030e+04    1.542479e+04    2.427933e+03    5.631030e+02    2.209174e+03   -1.379915e-10    1.063903e-13    1.538124e-13    1.385855e+04    2.730969e+04    1.565830e+04   -3.401655e-11   -1.940924e-13    2.602831e-14    8.844584e+03    0.000000e+00    8.219704e+03    1.329935e-07   -7.151726e-07   -1.631984e-07   -9.642607e-21   -6.773018e-23   -9.792003e-23    2.097244e-05    2.064769e-05    1.892474e-05
   7.083333e-02    7.826047e+03    5.715075e+04    1.775392e+04    2.466627e+03    5.715075e+02    2.245254e+03   -1.400240e-10    1.079782e-13    1.536015e-13    1.366969e+04    2.730969e+04    1.560401e+04   -3.355320e-11   -1.940924e-13    2.552530e-14    8.889627e+03    0.000000e+00    8.270859e+03    9.310001e-08   -7.258468e-07   -1.925760e-07   -9.818573e-21   -6.874107e-23   -9.778577e-23    2.098168e-05    2.064769e-05    1.893257e-05
   7.187500e-02    1.103248e+04    5.799120e+04    2.009453e+04    2.505480e+03    5.799120e+02    2.281401e+03   -1.420603e-10    1.095661e-13    1.533948e-13    1.347803e+04    2.730969e+04    1.554209e+04   -3.308298e-11   -1.940924e-13    2.502298e-14    8.934047e+03    0.000000e+00    8.321823e+03    5.278765e-08   -7.365210e-07   -2.221004e-07   -9.992108e-21   -6.975197e-23   -9.765414e-23    2.099090e-05    2.064769e-05    1.894043e-05
   7.291667e-02    1.426966e+04    5.883166e+04    2.244789e+04    2.544496e+03    5.883166e+02    2.317622e+03   -1.441005e-10    1.111541e-13    1.531921e-13    1.328358e+04    2.730969e+04    1.547248e+04   -3.260590e-11   -1.940924e-13    2.452133e-14    8.977836e+03    0.000000e+00    8.372573e+03    1.205050e-08   -7.471952e-07   -2.517875e-07   -1.016318e-20   -7.076287e-23   -9.752511e-23    2.100010e-05    2.064769e-05    1.894830e-05
   7.395833e-02    1.753804e+04    5.967211e+04    2.481526e+04    2.583676e+03    5.967211e+02    2.353923e+03   -1.461446e-10    1.127420e-13    1.529935e-13    1.308634e+04    2.730969e+04    1.539515e+04   -3.212196e-11   -1.940924e-13    2.402034e-14    9.020983e+03    0.000000e+00    8.423082e+03   -2.911735e-08   -7.578694e-07   -2.816535e-07   -1.033174e-20   -7.177377e-23   -9.739870e-23    2.100929e-05    2.064769e-05    1.895620e-05
   7.500000e-02    2.083807e+04    6.051256e+04    2.719791e+04    2.623022e+03    6.051256e+02    2.390310e+03   -1.481927e-10    1.143299e-13    1.527991e-13    1.288631e+04    2.730969e+04    1.531005e+04   -3.163115e-11   -1.940924e-13    2.351999e-14    9.063481e+03    0.000000e+00    8.473325e+03   -7.072181e-08   -7.685437e-07   -3.117145e-07   -1.049777e-20   -7.278467e-23   -9.727490e-23    2.101846e-05    2.064769e-05    1.896411e-05
   7.604167e-02    2.417019e+04    6.135301e+04    2.959710e+04    2.662538e+03    6.135301e+02    2.426790e+03   -1.502448e-10    1.159178e-13    1.526087e-13    1.268348e+04    2.730969e+04    1.521712e+04   -3.113347e-11   -1.940924e-13    2.302027e-14    9.105319e+03    0.000000e+00    8.523278e+03   -1.127688e-07   -7.792179e-07   -3.419869e-07   -1.066122e-20   -7.379556e-23   -9.715370e-23    2.102761e-05    2.064769e-05    1.897204e-05
   7.708333e-02    2.753484e+04    6.219346e+04    3.201413e+04    2.702224e+03    6.219346e+02    2.463370e+03   -1.523010e-10    1.175057e-13    1.524224e-13    1.247786e+04    2.730969e+04    1.511632e+04   -3.062894e-11   -1.940924e-13    2.252116e-14    9.146490e+03    0.000000e+00    8.572913e+03   -1.552642e-07   -7.898921e-07   -3.724870e-07   -1.082206e-20   -7.480646e-23   -9.703511e-23    2.103674e-05    2.064769e-05    1.897999e-05
   7.812500e-02    3.093247e+04    6.303392e+04    3.445029e+04    2.742084e+03    6.303392e+02    2.500054e+03   -1.543614e-10    1.190936e-13    1.522402e-13    1.226945e+04    2.730969e+04    1.500757e+04   -3.011753e-11   -1.940924e-13    2.202266e-14    9.186982e+03    0.000000e+00    8.622205e+03   -1.982140e-07   -8.005663e-07   -4.032315e-07   -1.098026e-20   -7.581736e-23   -9.691911e-23    2.104586e-05    2.064769e-05    1.898795e-05
   7.916667e-02    3.436353e+04    6.387437e+04    3.690688e+04    2.782120e+03    6.387437e+02    2.536851e+03   -1.564260e-10    1.206815e-13    1.520620e-13    1.205824e+04    2.730969e+04    1.489082e+04   -2.959927e-11   -1.940924e-13    2.152475e-14    9.226788e+03    0.000000e+00    8.671128e+03   -2.416241e-07   -8.112405e-07   -4.342369e-07   -1.113578e-20   -7.682826e-23   -9.680570e-23    2.105494e-05    2.064769e-05    1.899593e-05
   8.020833e-02    3.782846e+04    6.471482e+04    3.938522e+04    2.822334e+03    6.471482e+02    2.573766e+03   -1.584949e-10    1.222695e-13    1.518880e-13    1.184424e+04    2.730969e+04    1.476599e+04   -2.907414e-11   -1.940924e-13    2.102741e-14    9.265899e+03    0.000000e+00    8.719656e+03   -2.855003e-07   -8.219147e-07   -4.655201e-07   -1.128857e-20   -7.783916e-23   -9.669489e-23    2.106401e-05    2.064769e-05    1.900392e-05
   8.125000e-02    4.132771e+04    6.555527e+04    4.188663e+04    2.862727e+03    6.555527e+02    2.610807e+03   -1.605681e-10    1.238574e-13    1.517180e-13    1.162745e+04    2.730969e+04    1.463302e+04   -2.854214e-11   -1.940924e-13    2.053064e-14    9.304304e+03    0.000000e+00    8.767763e+03   -3.298487e-07   -8.325890e-07   -4.970980e-07   -1.143862e-20   -7.885006e-23   -9.658667e-23    2.107305e-05    2.064769e-05    1.901193e-05
   8.229167e-02    4.486172e+04    6.639572e+04    4.441245e+04    2.903303e+03    6.639572e+02    2.647980e+03   -1.626457e-10    1.254453e-13    1.515520e-13    1.140786e+04    2.730969e+04    1.449182e+04   -2.800328e-11   -1.940924e-13    2.003441e-14    9.341996e+03    0.000000e+00    8.815420e+03   -3.746751e-07   -8.432632e-07   -5.289877e-07   -1.158588e-20   -7.986095e-23   -9.648103e-23    2.108207e-05    2.064769e-05    1.901996e-05
   8.333333e-02    4.843094e+04    6.723618e+04    4.696403e+04    2.944064e+03    6.723618e+02    2.685291e+03   -1.647277e-10    1.270332e-13    1.513902e-13    1.118549e+04    2.730969e+04    1.434231e+04   -2.745756e-11   -1.940924e-13    1.953873e-14    9.378964e+03    0.000000e+00    8.862602e+03   -4.199854e-07   -8.539374e-07   -5.612065e-07   -1.173031e-20   -8.087185e-23   -9.637797e-23    2.109106e-05    2.064769e-05    1.902799e-05
   8.437500e-02    5.203582e+04    6.807663e+04    4.954274e+04    2.985012e+03    6.807663e+02    2.722748e+03   -1.668142e-10    1.286211e-13    1.512323e-13    1.096031e+04    2.730969e+04    1.418441e+04   -2.690497e-11   -1.940924e-13    1.904356e-14    9.415200e+03    0.000000e+00    8.909281e+03   -4.657856e-07   -8.646116e-07   -5.937719e-07   -1.187188e-20   -8.188275e-23   -9.627750e-23    2.110003e-05    2.064769e-05    1.903604e-05
   8.541667e-02    5.567679e+04    6.891708e+04    5.214996e+04    3.026149e+03    6.891708e+02    2.760357e+03   -1.689052e-10    1.302090e-13    1.510786e-13    1.073235e+04    2.730969e+04    1.401802e+04   -2.634552e-11   -1.940924e-13    1.854891e-14    9.450694e+03    0.000000e+00    8.955430e+03   -5.120815e-07   -8.752858e-07   -6.267014e-07   -1.201056e-20   -8.289365e-23   -9.617960e-23    2.110896e-05    2.064769e-05    1.904410e-05
   8.645833e-02    5.935431e+04    6.975753e+04    5.478707e+04    3.067478e+03    6.975753e+02    2.798126e+03   -1.710009e-10    1.317970e-13    1.509288e-13    1.050159e+04    2.730969e+04    1.384306e+04   -2.577921e-11   -1.940924e-13    1.805475e-14    9.485438e+03    0.000000e+00    9.001020e+03   -5.588792e-07   -8.859601e-07   -6.600128e-07   -1.214630e-20   -8.390455e-23   -9.608428e-23    2.111787e-05    2.064769e-05    1.905218e-05
   8.750000e-02    6.306882e+04    7.059799e+04    5.745549e+04    3.109000e+03    7.059799e+02    2.836061e+03   -1.731012e-10    1.333849e-13    1.507831e-13    1.026804e+04    2.730969e+04    1.365941e+04   -2.520603e-11   -1.940924e-13    1.756108e-14    9.519423e+03    0.000000e+00    9.046023e+03   -6.061844e-07   -8.966343e-07   -6.937242e-07   -1.227908e-20   -8.491544e-23   -9.599153e-23    2.112674e-05    2.064769e-05    1.906026e-05
   8.854167e-02    6.682077e+04    7.143844e+04    6.015665e+04    3.150718e+03    7.143844e+02    2.874169e+03   -1.752062e-10    1.349728e-13    1.506415e-13    1.003170e+04    2.730969e+04    1.346697e+04   -2.462598e-11   -1.940924e-13    1.706787e-14    9.552638e+03    0.000000e+00    9.090411e+03   -6.540031e-07   -9.073085e-07   -7.278538e-07   -1.240885e-20   -8.592634e-23   -9.590135e-23    2.113559e-05    2.064769e-05    1.906835e-05
   8.958333e-02    7.061060e+04    7.227889e+04    6.289198e+04    3.192634e+03    7.227889e+02    2.912458e+03   -1.773161e-10    1.365607e-13    1.505039e-13    9.792558e+03    2.730969e+04    1.326565e+04   -2.403907e-11   -1.940924e-13    1.657513e-14    9.585075e+03    0.000000e+00    9.134154e+03   -7.023413e-07   -9.179827e-07   -7.624200e-07   -1.253559e-20   -8.693724e-23   -9.581374e-23    2.114440e-05    2.064769e-05    1.907645e-05
   9.062500e-02    7.443876e+04    7.311934e+04    6.566296e+04    3.234751e+03    7.311934e+02    2.950936e+03   -1.794307e-10    1.381486e-13    1.503703e-13    9.550628e+03    2.730969e+04    1.305531e+04   -2.344530e-11   -1.940924e-13    1.608282e-14    9.616726e+03    0.000000e+00    9.177224e+03   -7.512049e-07   -9.286569e-07   -7.974416e-07   -1.265925e-20   -8.794814e-23   -9.572869e-23    2.115317e-05    2.064769e-05    1.908455e-05
   9.166667e-02    7.830570e+04    7.395979e+04    6.847105e+04    3.277071e+03    7.395979e+02    2.989608e+03   -1.815502e-10    1.397365e-13    1.502407e-13    9.305904e+03    2.730969e+04    1.283584e+04   -2.284466e-11   -1.940924e-13    1.559095e-14    9.647580e+03    0.000000e+00    9.219591e+03   -8.005997e-07   -9.393311e-07   -8.329373e-07   -1.277980e-20   -8.895904e-23   -9.564621e-23    2.116191e-05    2.064769e-05    1.909266e-05
   9.270833e-02    8.221185e+04    7.480025e+04    7.131775e+04    3.319596e+03    7.480025e+02    3.028484e+03   -1.836747e-10    1.413244e-13    1.501152e-13    9.058388e+03    2.730969e+04    1.260712e+04   -2.223716e-11   -1.940924e-13    1.509950e-14    9.677628e+03    0.000000e+00    9.261225e+03   -8.505316e-07   -9.500054e-07   -8.689265e-07   -1.289720e-20   -8.996993e-23   -9.556629e-23    2.117062e-05    2.064769e-05    1.910077e-05
   9.375000e-02    8.615766e+04    7.564070e+04    7.420460e+04    3.362328e+03    7.564070e+02    3.067570e+03   -1.858041e-10    1.429124e-13    1.499936e-13    8.808078e+03    2.730969e+04    1.236903e+04   -2.162280e-11   -1.940924e-13    1.460845e-14    9.706862e+03    0.000000e+00    9.302094e+03   -9.010067e-07   -9.606796e-07   -9.054284e-07   -1.301142e-20   -9.098083e-23   -9.548892e-23    2.117928e-05    2.064769e-05    1.910889e-05
   9.479167e-02    9.014359e+04    7.648115e+04    7.713312e+04    3.405269e+03    7.648115e+02    3.106874e+03   -1.879387e-10    1.445003e-13    1.498761e-13    8.554975e+03    2.730969e+04    1.212141e+04   -2.100157e-11   -1.940924e-13    1.411779e-14    9.735272e+03    0.000000e+00    9.342169e+03   -9.520308e-07   -9.713538e-07   -9.424629e-07   -1.312243e-20   -9.199173e-23   -9.541411e-23    2.118791e-05    2.064769e-05    1.911701e-05
   9.583333e-02    9.417007e+04    7.732160e+04    8.010489e+04    3.448422e+03    7.732160e+02    3.146403e+03   -1.900783e-10    1.460882e-13    1.497626e-13    8.299079e+03    2.730969e+04    1.186414e+04   -2.037348e-11   -1.940924e-13    1.362750e-14    9.762850e+03    0.000000e+00    9.381418e+03   -1.003610e-06   -9.820280e-07   -9.800498e-07   -1.323018e-20   -9.300263e-23   -9.534186e-23    2.119650e-05    2.064769e-05    1.912513e-05
   9.687500e-02    9.823756e+04    7.816206e+04    8.312148e+04    3.491790e+03    7.816206e+02    3.186167e+03   -1.922231e-10    1.476761e-13    1.496532e-13    8.040391e+03    2.730969e+04    1.159708e+04   -1.973852e-11   -1.940924e-13    1.313759e-14    9.789585e+03    0.000000e+00    9.419809e+03   -1.055750e-06   -9.927022e-07   -1.018209e-06   -1.333464e-20   -9.401353e-23   -9.527216e-23    2.120504e-05    2.064769e-05    1.913325e-05
   9.791667e-02    1.023465e+05    7.900251e+04    8.618450e+04    3.535373e+03    7.900251e+02    3.226173e+03   -1.943731e-10    1.492640e-13    1.495477e-13    7.778908e+03    2.730969e+04    1.132006e+04   -1.909670e-11   -1.940924e-13    1.264802e-14    9.815469e+03    0.000000e+00    9.457310e+03   -1.108456e-06   -1.003376e-06   -1.056962e-06   -1.343577e-20   -9.502443e-23   -9.520501e-23    2.121354e-05    2.064769e-05    1.914136e-05
   9.895833e-02    1.064973e+05    7.984296e+04    8.929559e+04    3.579175e+03    7.984296e+02    3.266428e+03   -1.965284e-10    1.508519e-13    1.494462e-13    7.514633e+03    2.730969e+04    1.103295e+04   -1.844801e-11   -1.940924e-13    1.215880e-14    9.840493e+03    0.000000e+00    9.493888e+03   -1.161736e-06   -1.014051e-06   -1.096329e-06   -1.353355e-20   -9.603532e-23   -9.514041e-23    2.122200e-05    2.064769e-05    1.914947e-05
   1.000000e-01    1.106905e+05    8.068341e+04    9.245641e+04    3.623198e+03    8.068341e+02    3.306941e+03   -1.986890e-10    1.524398e-13    1.493487e-13    7.247565e+03    2.730969e+04    1.073557e+04   -1.779246e-11   -1.940924e-13    1.166990e-14    9.864648e+03    0.000000e+00    9.529509e+03   -1.215593e-06   -1.024725e-06   -1.136332e-06   -1.362793e-20   -9.704622e-23   -9.507836e-23    2.123041e-05    2.064769e-05    1.915758e-05
   1.010417e-01    1.149264e+05    8.152386e+04    9.566863e+04    3.667444e+03    8.152386e+02    3.347722e+03   -2.008551e-10    1.540278e-13    1.492553e-13    6.977704e+03    2.730969e+04    1.042777e+04   -1.713005e-11   -1.940924e-13    1.118131e-14    9.887924e+03    0.000000e+00    9.564141e+03   -1.270036e-06   -1.035399e-06   -1.176991e-06   -1.371888e-20   -9.805712e-23   -9.501885e-23    2.123878e-05    2.064769e-05    1.916568e-05
   1.020833e-01    1.192056e+05    8.236432e+04    9.893398e+04    3.711916e+03    8.236432e+02    3.388777e+03   -2.030265e-10    1.556157e-13    1.491658e-13    6.705049e+03    2.730969e+04    1.010936e+04   -1.646077e-11   -1.940924e-13    1.069302e-14    9.910312e+03    0.000000e+00    9.597747e+03   -1.325069e-06   -1.046073e-06   -1.218329e-06   -1.380635e-20   -9.906802e-23   -9.496188e-23    2.124709e-05    2.064769e-05    1.917377e-05
   1.031250e-01    1.235284e+05    8.320477e+04    1.022542e+05    3.756614e+03    8.320477e+02    3.430116e+03   -2.052035e-10    1.572036e-13    1.490803e-13    6.429602e+03    2.730969e+04    9.780185e+03   -1.578462e-11   -1.940924e-13    1.020501e-14    9.931804e+03    0.000000e+00    9.630295e+03   -1.380698e-06   -1.056748e-06   -1.260368e-06   -1.389033e-20   -1.000789e-22   -9.490746e-23    2.125536e-05    2.064769e-05    1.918184e-05
   1.041667e-01    1.278954e+05    8.404522e+04    1.056310e+05    3.801543e+03    8.404522e+02    3.471747e+03   -2.073860e-10    1.587915e-13    1.489988e-13    6.151361e+03    2.730969e+04    9.440050e+03   -1.510162e-11   -1.940924e-13    9.717285e-15    9.952389e+03    0.000000e+00    9.661747e+03   -1.436929e-06   -1.067422e-06   -1.303131e-06   -1.397077e-20   -1.010898e-22   -9.485558e-23    2.126357e-05    2.064769e-05    1.918991e-05
   1.052083e-01    1.323069e+05    8.488567e+04    1.090663e+05    3.846704e+03    8.488567e+02    3.513680e+03   -2.095742e-10    1.603794e-13    1.489213e-13    5.870327e+03    2.730969e+04    9.088768e+03   -1.441175e-11   -1.940924e-13    9.229816e-15    9.972060e+03    0.000000e+00    9.692067e+03   -1.493769e-06   -1.078096e-06   -1.346640e-06   -1.404763e-20   -1.021007e-22   -9.480624e-23    2.127173e-05    2.064769e-05    1.919796e-05
   1.062500e-01    1.367635e+05    8.572613e+04    1.125618e+05    3.892099e+03    8.572613e+02    3.555923e+03   -2.117680e-10    1.619673e-13    1.488478e-13    5.586501e+03    2.730969e+04    8.726147e+03   -1.371501e-11   -1.940924e-13    8.742593e-15    9.990806e+03    0.000000e+00    9.721220e+03   -1.551222e-06   -1.088770e-06   -1.390919e-06   -1.412088e-20   -1.031116e-22   -9.475944e-23    2.127984e-05    2.064769e-05    1.920600e-05
   1.072917e-01    1.412655e+05    8.656658e+04    1.161195e+05    3.937731e+03    8.656658e+02    3.598487e+03   -2.139676e-10    1.635553e-13    1.487782e-13    5.299881e+03    2.730969e+04    8.351985e+03   -1.301141e-11   -1.940924e-13    8.255605e-15    1.000862e+04    0.000000e+00    9.749167e+03   -1.609296e-06   -1.099444e-06   -1.435992e-06   -1.419048e-20   -1.041225e-22   -9.471517e-23    2.128789e-05    2.064769e-05    1.921402e-05
   1.083333e-01    1.458134e+05    8.740703e+04    1.197411e+05    3.983602e+03    8.740703e+02    3.641379e+03   -2.161729e-10    1.651432e-13    1.487127e-13    5.010468e+03    2.730969e+04    7.966077e+03   -1.230095e-11   -1.940924e-13    7.768838e-15    1.002549e+04    0.000000e+00    9.775871e+03   -1.667996e-06   -1.110119e-06   -1.481883e-06   -1.425640e-20   -1.051334e-22   -9.467344e-23    2.129589e-05    2.064769e-05    1.922202e-05
   1.093750e-01    1.504077e+05    8.824748e+04    1.234287e+05    4.029714e+03    8.824748e+02    3.684610e+03   -2.183841e-10    1.667311e-13    1.486511e-13    4.718262e+03    2.730969e+04    7.568209e+03   -1.158362e-11   -1.940924e-13    7.282278e-15    1.004141e+04    0.000000e+00    9.801292e+03   -1.727327e-06   -1.120793e-06   -1.528616e-06   -1.431860e-20   -1.061443e-22   -9.463424e-23    2.130383e-05    2.064769e-05    1.922999e-05
   1.104167e-01    1.550487e+05    8.908793e+04    1.271842e+05    4.076069e+03    8.908793e+02    3.728190e+03   -2.206011e-10    1.683190e-13    1.485935e-13    4.423263e+03    2.730969e+04    7.158164e+03   -1.085943e-11   -1.940924e-13    6.795914e-15    1.005637e+04    0.000000e+00    9.825391e+03   -1.787296e-06   -1.131467e-06   -1.576217e-06   -1.437705e-20   -1.071552e-22   -9.459758e-23    2.131170e-05    2.064769e-05    1.923794e-05
   1.114583e-01    1.597370e+05    8.992839e+04    1.310096e+05    4.122670e+03    8.992839e+02    3.772128e+03   -2.228242e-10    1.699069e-13    1.485399e-13    4.125470e+03    2.730969e+04    6.735714e+03   -1.012837e-11   -1.940924e-13    6.309731e-15    1.007035e+04    0.000000e+00    9.848129e+03   -1.847909e-06   -1.142141e-06   -1.624711e-06   -1.443171e-20   -1.081661e-22   -9.456345e-23    2.131952e-05    2.064769e-05    1.924587e-05
   1.125000e-01    1.644730e+05    9.076884e+04    1.349069e+05    4.169519e+03    9.076884e+02    3.816435e+03   -2.250532e-10    1.714948e-13    1.484903e-13    3.824885e+03    2.730969e+04    6.300629e+03   -9.390452e-12   -1.940924e-13    5.823718e-15    1.008336e+04    0.000000e+00    9.869463e+03   -1.909171e-06   -1.152815e-06   -1.674124e-06   -1.448254e-20   -1.091770e-22   -9.453186e-23    2.132727e-05    2.064769e-05    1.925377e-05
   1.135417e-01    1.692571e+05    9.160929e+04    1.388782e+05    4.216618e+03    9.160929e+02    3.861120e+03   -2.272883e-10    1.730827e-13    1.484446e-13    3.521507e+03    2.730969e+04    5.852670e+03   -8.645667e-12   -1.940924e-13    5.337860e-15    1.009538e+04    0.000000e+00    9.889352e+03   -1.971089e-06   -1.163490e-06   -1.724483e-06   -1.452951e-20   -1.101879e-22   -9.450279e-23    2.133496e-05    2.064769e-05    1.926163e-05
   1.145833e-01    1.740898e+05    9.244974e+04    1.429256e+05    4.263969e+03    9.244974e+02    3.906195e+03   -2.295295e-10    1.746707e-13    1.484030e-13    3.215335e+03    2.730969e+04    5.391591e+03   -7.894018e-12   -1.940924e-13    4.852146e-15    1.010641e+04    0.000000e+00    9.907754e+03   -2.033668e-06   -1.174164e-06   -1.775814e-06   -1.457259e-20   -1.111988e-22   -9.447625e-23    2.134258e-05    2.064769e-05    1.926946e-05
   1.156250e-01    1.789715e+05    9.329020e+04    1.470513e+05    4.311575e+03    9.329020e+02    3.951669e+03   -2.317769e-10    1.762586e-13    1.483652e-13    2.906371e+03    2.730969e+04    4.917139e+03   -7.135505e-12   -1.940924e-13    4.366561e-15    1.011642e+04    0.000000e+00    9.924625e+03   -2.096915e-06   -1.184838e-06   -1.828146e-06   -1.461173e-20   -1.122097e-22   -9.445225e-23    2.135014e-05    2.064769e-05    1.927726e-05
   1.166667e-01    1.839026e+05    9.413065e+04    1.512574e+05    4.359438e+03    9.413065e+02    3.997555e+03   -2.340305e-10    1.778465e-13    1.483315e-13    2.594613e+03    2.730969e+04    4.429054e+03   -6.370128e-12   -1.940924e-13    3.881093e-15    1.012542e+04    0.000000e+00    9.939922e+03   -2.160835e-06   -1.195512e-06   -1.881505e-06   -1.464691e-20   -1.132206e-22   -9.443077e-23    2.135762e-05    2.064769e-05    1.928502e-05
   1.177083e-01    1.888837e+05    9.497110e+04    1.555463e+05    4.407561e+03    9.497110e+02    4.043862e+03   -2.362905e-10    1.794344e-13    1.483017e-13    2.280062e+03    2.730969e+04    3.927071e+03   -5.597887e-12   -1.940924e-13    3.395729e-15    1.013340e+04    0.000000e+00    9.953598e+03   -2.225434e-06   -1.206187e-06   -1.935921e-06   -1.467808e-20   -1.142315e-22   -9.441182e-23    2.136504e-05    2.064769e-05    1.929273e-05
   1.187500e-01    1.939152e+05    9.581155e+04    1.599200e+05    4.455944e+03    9.581155e+02    4.090603e+03   -2.385567e-10    1.810223e-13    1.482759e-13    1.962718e+03    2.730969e+04    3.410914e+03   -4.818781e-12   -1.940924e-13    2.910456e-15    1.014034e+04    0.000000e+00    9.965609e+03   -2.290718e-06   -1.216861e-06   -1.991423e-06   -1.470521e-20   -1.152424e-22   -9.439540e-23    2.137238e-05    2.064769e-05    1.930041e-05
   1.197917e-01    1.989974e+05    9.665200e+04    1.643811e+05    4.504592e+03    9.665200e+02    4.137788e+03   -2.408294e-10    1.826102e-13    1.482541e-13    1.642581e+03    2.730969e+04    2.880301e+03   -4.032812e-12   -1.940924e-13    2.425261e-15    1.014624e+04    0.000000e+00    9.975907e+03   -2.356693e-06   -1.227535e-06   -2.048040e-06   -1.472826e-20   -1.162533e-22   -9.438150e-23    2.137965e-05    2.064769e-05    1.930803e-05
   1.208333e-01    2.041309e+05    9.749246e+04    1.689318e+05    4.553505e+03    9.749246e+02    4.185429e+03   -2.431085e-10    1.841982e-13    1.482363e-13    1.319651e+03    2.730969e+04    2.334944e+03   -3.239978e-12   -1.940924e-13    1.940131e-15    1.015109e+04    0.000000e+00    9.984444e+03   -2.423365e-06   -1.238209e-06   -2.105803e-06   -1.474720e-20   -1.172642e-22   -9.437013e-23    2.138685e-05    2.064769e-05    1.931561e-05
   1.218750e-01    2.093161e+05    9.833291e+04    1.735746e+05    4.602686e+03    9.833291e+02    4.233539e+03   -2.453941e-10    1.857861e-13    1.482224e-13    9.939280e+02    2.730969e+04    1.774545e+03   -2.440279e-12   -1.940924e-13    1.455053e-15    1.015487e+04    0.000000e+00    9.991173e+03   -2.490740e-06   -1.248883e-06   -2.164742e-06   -1.476200e-20   -1.182751e-22   -9.436129e-23    2.139396e-05    2.064769e-05    1.932313e-05
   1.229167e-01    2.145534e+05    9.917336e+04    1.783119e+05    4.652139e+03    9.917336e+02    4.282130e+03   -2.476864e-10    1.873740e-13    1.482124e-13    6.654118e+02    2.730969e+04    1.198798e+03   -1.633717e-12   -1.940924e-13    9.700136e-16    1.015759e+04    0.000000e+00    9.996042e+03   -2.558823e-06   -1.259558e-06   -2.224889e-06   -1.477261e-20   -1.192860e-22   -9.435498e-23    2.140100e-05    2.064769e-05    1.933060e-05
   1.239583e-01    2.198434e+05    1.000138e+05    1.831462e+05    4.701863e+03    1.000138e+03    4.331213e+03   -2.499852e-10    1.889619e-13    1.482065e-13    3.341024e+02    2.730969e+04    6.073903e+02   -8.202907e-13   -1.940924e-13    4.850003e-16    1.015922e+04    0.000000e+00    9.999002e+03   -2.627622e-06   -1.270232e-06   -2.286276e-06   -1.477900e-20   -1.202969e-22   -9.435119e-23    2.140796e-05    2.064769e-05    1.933801e-05
   1.250000e-01    2.251863e+05    1.008543e+05    1.880802e+05    4.751863e+03    1.008543e+03    4.380802e+03   -2.522907e-10    1.905498e-13    1.482045e-13    3.221266e-07    2.730969e+04    5.838879e-07   -7.907868e-22   -1.940924e-13    4.656894e-25    1.015977e+04    0.000000e+00    1.000000e+04   -2.697140e-06   -1.280906e-06   -2.348936e-06   -1.478114e-20   -1.213078e-22   -9.434992e-23    2.141483e-05    2.064769e-05    1.934536e-05
