********************************************************************************
Field Output Report, written Sun Aug  2 18:06:06 2026

Source 1
---------

   ODB: C:/Temp/opensg_dyn/ex2_SOLID_field.odb
   Step: PULSE
   Frame: Increment     10: Step Time =   5.0000E-04

Loc 1 : Nodal values from source 1

Output sorted by column "Node Label".

***Coordinate system: GLOB

Field Output reported at nodes for part: PART-1-1

      Node Label     U.Magnitude            U.U1            U.U2            U.U3
                          @Loc 1          @Loc 1          @Loc 1          @Loc 1
---------------------------------------------------------------------------------
               1              0.    -273.825E-36    -240.026E-36     12.4815E-36
               2     894.058E-06    -7.43727E-33    -894.058E-06    -102.204E-36
               3     1.76610E-03    -6.06215E-33    -1.76610E-03    -74.6124E-36
               4     2.59466E-03    -4.53775E-33    -2.59466E-03    -45.1832E-36
               5     3.35932E-03    -2.90162E-33    -3.35932E-03    -14.6414E-36
               6     4.04127E-03    -1.19405E-33    -4.04127E-03     16.2609E-36
               7     4.62371E-03     542.932E-36    -4.62371E-03     46.7627E-36
               8     5.09230E-03     2.26654E-33    -5.09230E-03     76.1132E-36
               9     5.43550E-03     3.93434E-33    -5.43550E-03     103.589E-36
              10     5.64486E-03     5.50526E-33    -5.64486E-03     128.515E-36
              11     5.71522E-03     6.94063E-33    -5.71522E-03     150.276E-36
              12     5.64486E-03     8.20509E-33    -5.64486E-03     168.337E-36
              13     5.43550E-03     9.26752E-33    -5.43550E-03     182.253E-36
              14     5.09230E-03     10.1018E-33    -5.09230E-03     191.681E-36
              15     4.62371E-03     10.6872E-33    -4.62371E-03     196.389E-36
              16     4.04127E-03     11.0096E-33    -4.04127E-03     196.262E-36
              17     3.35932E-03     11.0608E-33    -3.35932E-03     191.302E-36
              18     2.59466E-03     10.8397E-33    -2.59466E-03     181.631E-36
              19     1.76610E-03     10.3517E-33    -1.76610E-03     167.488E-36
              20     894.058E-06     9.60878E-33    -894.058E-06     149.221E-36
              21              0.     273.825E-36    -240.026E-36     12.4815E-36
              22     388.522E-06    -388.522E-06    -8.29652E-33    -483.750E-36
              23     1.10337E-03    -383.739E-06    -883.050E-06    -538.872E-06
              24     2.07664E-03    -369.507E-06    -1.74436E-03    -1.06448E-03
              25     3.02209E-03    -346.176E-06    -2.56271E-03    -1.56387E-03
              26     3.89965E-03    -314.321E-06    -3.31796E-03    -2.02475E-03
              27     4.68409E-03    -274.727E-06    -3.99152E-03    -2.43578E-03
              28     5.35482E-03    -228.368E-06    -4.56679E-03    -2.78683E-03
              29     5.89478E-03    -176.385E-06    -5.02960E-03    -3.06926E-03
              30     6.29039E-03    -120.060E-06    -5.36858E-03    -3.27612E-03
              31     6.53177E-03    -60.7783E-06    -5.57536E-03    -3.40230E-03
              32     6.61290E-03    -99.3228E-21    -5.64486E-03    -3.44471E-03
              33     6.53177E-03     60.7783E-06    -5.57536E-03    -3.40230E-03
              34     6.29039E-03     120.060E-06    -5.36858E-03    -3.27612E-03
              35     5.89478E-03     176.385E-06    -5.02960E-03    -3.06926E-03
              36     5.35482E-03     228.368E-06    -4.56679E-03    -2.78683E-03
              37     4.68409E-03     274.727E-06    -3.99152E-03    -2.43578E-03
              38     3.89965E-03     314.321E-06    -3.31796E-03    -2.02475E-03
              39     3.02209E-03     346.176E-06    -2.56271E-03    -1.56387E-03
              40     2.07664E-03     369.507E-06    -1.74436E-03    -1.06448E-03
              41     1.10337E-03     383.739E-06    -883.050E-06    -538.872E-06
              42     388.522E-06     388.522E-06    -8.29652E-33    -483.750E-36
              43     767.478E-06    -767.478E-06    -7.77808E-33    -828.309E-36
              44     1.55908E-03    -758.029E-06    -850.299E-06    -1.06448E-03
              45     2.78847E-03    -729.915E-06    -1.67966E-03    -2.10274E-03
              46     4.01252E-03    -683.828E-06    -2.46766E-03    -3.08923E-03
              47     5.15656E-03    -620.903E-06    -3.19491E-03    -3.99965E-03
              48     6.18209E-03    -542.689E-06    -3.84348E-03    -4.81159E-03
              49     7.06019E-03    -451.112E-06    -4.39741E-03    -5.50504E-03
              50     7.76763E-03    -348.428E-06    -4.84306E-03    -6.06295E-03
              51     8.28618E-03    -237.164E-06    -5.16947E-03    -6.47157E-03
              52     8.60265E-03    -120.060E-06    -5.36858E-03    -6.72083E-03
              53     8.70904E-03     7.27634E-21    -5.43550E-03    -6.80461E-03
              54     8.60265E-03     120.060E-06    -5.36858E-03    -6.72083E-03
              55     8.28618E-03     237.164E-06    -5.16947E-03    -6.47157E-03
              56     7.76763E-03     348.428E-06    -4.84306E-03    -6.06295E-03
              57     7.06019E-03     451.112E-06    -4.39741E-03    -5.50504E-03
              58     6.18209E-03     542.689E-06    -3.84348E-03    -4.81159E-03
              59     5.15656E-03     620.903E-06    -3.19491E-03    -3.99965E-03
              60     4.01252E-03     683.828E-06    -2.46766E-03    -3.08923E-03
              61     2.78847E-03     729.915E-06    -1.67966E-03    -2.10274E-03
              62     1.55908E-03     758.029E-06    -850.299E-06    -1.06448E-03
              63     767.478E-06     767.478E-06    -7.77808E-33    -828.309E-36
              64     1.12754E-03    -1.12754E-03    -7.06812E-33    -1.15247E-33
              65     2.07858E-03    -1.11365E-03    -796.611E-06    -1.56387E-03
              66     3.62898E-03    -1.07235E-03    -1.57361E-03    -3.08923E-03
              67     5.19155E-03    -1.00464E-03    -2.31186E-03    -4.53852E-03
              68     6.65727E-03    -912.196E-06    -2.99318E-03    -5.87606E-03
              69     7.97314E-03    -797.288E-06    -3.60080E-03    -7.06891E-03
              70     9.10069E-03    -662.749E-06    -4.11976E-03    -8.08770E-03
              71     10.0095E-03    -511.891E-06    -4.53727E-03    -8.90735E-03
              72     10.6758E-03    -348.428E-06    -4.84306E-03    -9.50767E-03
              73     11.0825E-03    -176.385E-06    -5.02960E-03    -9.87387E-03
              74     11.2192E-03    -121.376E-24    -5.09230E-03    -9.99695E-03
              75     11.0825E-03     176.385E-06    -5.02960E-03    -9.87387E-03
              76     10.6758E-03     348.428E-06    -4.84306E-03    -9.50767E-03
              77     10.0095E-03     511.891E-06    -4.53727E-03    -8.90735E-03
              78     9.10069E-03     662.749E-06    -4.11976E-03    -8.08770E-03
              79     7.97314E-03     797.288E-06    -3.60080E-03    -7.06891E-03
              80     6.65727E-03     912.196E-06    -2.99318E-03    -5.87606E-03
              81     5.19155E-03     1.00464E-03    -2.31186E-03    -4.53852E-03
              82     3.62898E-03     1.07235E-03    -1.57361E-03    -3.08923E-03
              83     2.07858E-03     1.11365E-03    -796.611E-06    -1.56387E-03
              84     1.12754E-03     1.12754E-03    -7.06812E-33    -1.15247E-33
              85     1.45983E-03    -1.45983E-03    -6.18412E-33    -1.44826E-33
              86     2.58877E-03    -1.44186E-03    -723.308E-06    -2.02475E-03
              87     4.46836E-03    -1.38838E-03    -1.42881E-03    -3.99965E-03
              88     6.37387E-03    -1.30072E-03    -2.09912E-03    -5.87606E-03
              89     8.16452E-03    -1.18103E-03    -2.71775E-03    -7.60778E-03
              90     9.77329E-03    -1.03226E-03    -3.26946E-03    -9.15218E-03
              91     11.1524E-03    -858.066E-06    -3.74066E-03    -10.4712E-03
              92     12.2641E-03    -662.749E-06    -4.11976E-03    -11.5324E-03
              93     13.0793E-03    -451.112E-06    -4.39741E-03    -12.3097E-03
              94     13.5769E-03    -228.368E-06    -4.56679E-03    -12.7838E-03
              95     13.7442E-03    -823.902E-21    -4.62371E-03    -12.9431E-03
              96     13.5769E-03     228.368E-06    -4.56679E-03    -12.7838E-03
              97     13.0793E-03     451.112E-06    -4.39741E-03    -12.3097E-03
              98     12.2641E-03     662.749E-06    -4.11976E-03    -11.5324E-03
              99     11.1524E-03     858.066E-06    -3.74066E-03    -10.4712E-03
             100     9.77329E-03     1.03226E-03    -3.26946E-03    -9.15218E-03
             101     8.16452E-03     1.18103E-03    -2.71775E-03    -7.60778E-03
             102     6.37387E-03     1.30072E-03    -2.09912E-03    -5.87606E-03
             103     4.46836E-03     1.38838E-03    -1.42881E-03    -3.99965E-03
             104     2.58877E-03     1.44186E-03    -723.308E-06    -2.02475E-03
             105     1.45983E-03     1.45983E-03    -6.18412E-33    -1.44826E-33
             106     1.75618E-03    -1.75618E-03    -5.14784E-33    -1.70838E-33
             107     3.05637E-03    -1.73456E-03    -632.194E-06    -2.43578E-03
             108     5.24410E-03    -1.67022E-03    -1.24882E-03    -4.81159E-03
             109     7.46888E-03    -1.56477E-03    -1.83470E-03    -7.06891E-03
             110     9.56156E-03    -1.42078E-03    -2.37540E-03    -9.15218E-03
             111     11.4425E-03    -1.24181E-03    -2.85761E-03    -11.0101E-03
             112     13.0551E-03    -1.03226E-03    -3.26946E-03    -12.5969E-03
             113     14.3553E-03    -797.288E-06    -3.60080E-03    -13.8735E-03
             114     15.3088E-03    -542.689E-06    -3.84348E-03    -14.8085E-03
             115     15.8908E-03    -274.727E-06    -3.99152E-03    -15.3789E-03
             116     16.0865E-03     633.585E-21    -4.04127E-03    -15.5706E-03
             117     15.8908E-03     274.727E-06    -3.99152E-03    -15.3789E-03
             118     15.3088E-03     542.689E-06    -3.84348E-03    -14.8085E-03
             119     14.3553E-03     797.288E-06    -3.60080E-03    -13.8735E-03
             120     13.0551E-03     1.03226E-03    -3.26946E-03    -12.5969E-03
             121     11.4425E-03     1.24181E-03    -2.85761E-03    -11.0101E-03
             122     9.56156E-03     1.42078E-03    -2.37540E-03    -9.15218E-03
             123     7.46888E-03     1.56477E-03    -1.83470E-03    -7.06891E-03
             124     5.24410E-03     1.67022E-03    -1.24882E-03    -4.81159E-03
             125     3.05637E-03     1.73456E-03    -632.194E-06    -2.43578E-03
             126     1.75618E-03     1.75618E-03    -5.14784E-33    -1.70838E-33
             127     2.00928E-03    -2.00928E-03    -3.98481E-33    -1.92644E-33
             128     3.46136E-03    -1.98455E-03    -525.514E-06    -2.78683E-03
             129     5.91902E-03    -1.91094E-03    -1.03809E-03    -5.50504E-03
             130     8.42271E-03    -1.79028E-03    -1.52510E-03    -8.08770E-03
             131     10.7790E-03    -1.62554E-03    -1.97456E-03    -10.4712E-03
             132     12.8974E-03    -1.42078E-03    -2.37540E-03    -12.5969E-03
             133     14.7139E-03    -1.18103E-03    -2.71775E-03    -14.4124E-03
             134     16.1785E-03    -912.196E-06    -2.99318E-03    -15.8730E-03
             135     17.2526E-03    -620.903E-06    -3.19491E-03    -16.9428E-03
             136     17.9082E-03    -314.321E-06    -3.31796E-03    -17.5954E-03
             137     18.1287E-03    -176.410E-21    -3.35932E-03    -17.8147E-03
             138     17.9082E-03     314.321E-06    -3.31796E-03    -17.5954E-03
             139     17.2526E-03     620.903E-06    -3.19491E-03    -16.9428E-03
             140     16.1785E-03     912.196E-06    -2.99318E-03    -15.8730E-03
             141     14.7139E-03     1.18103E-03    -2.71775E-03    -14.4124E-03
             142     12.8974E-03     1.42078E-03    -2.37540E-03    -12.5969E-03
             143     10.7790E-03     1.62554E-03    -1.97456E-03    -10.4712E-03
             144     8.42271E-03     1.79028E-03    -1.52510E-03    -8.08770E-03
             145     5.91902E-03     1.91094E-03    -1.03809E-03    -5.50504E-03
             146     3.46136E-03     1.98455E-03    -525.514E-06    -2.78683E-03
             147     2.00928E-03     2.00928E-03    -3.98481E-33    -1.92644E-33
             148     2.21291E-03    -2.21291E-03    -2.72366E-33    -2.09706E-33
             149     3.78976E-03    -2.18567E-03    -405.894E-06    -3.06926E-03
             150     6.46774E-03    -2.10461E-03    -801.793E-06    -6.06295E-03
             151     9.19870E-03    -1.97172E-03    -1.17795E-03    -8.90735E-03
             152     11.7698E-03    -1.79028E-03    -1.52510E-03    -11.5324E-03
             153     14.0815E-03    -1.56477E-03    -1.83470E-03    -13.8735E-03
             154     16.0640E-03    -1.30072E-03    -2.09912E-03    -15.8730E-03
             155     17.6625E-03    -1.00464E-03    -2.31186E-03    -17.4817E-03
             156     18.8347E-03    -683.828E-06    -2.46766E-03    -18.6598E-03
             157     19.5503E-03    -346.176E-06    -2.56271E-03    -19.3786E-03
             158     19.7909E-03    -220.871E-21    -2.59466E-03    -19.6201E-03
             159     19.5503E-03     346.176E-06    -2.56271E-03    -19.3786E-03
             160     18.8347E-03     683.828E-06    -2.46766E-03    -18.6598E-03
             161     17.6625E-03     1.00464E-03    -2.31186E-03    -17.4817E-03
             162     16.0640E-03     1.30072E-03    -2.09912E-03    -15.8730E-03
             163     14.0815E-03     1.56477E-03    -1.83470E-03    -13.8735E-03
             164     11.7698E-03     1.79028E-03    -1.52510E-03    -11.5324E-03
             165     9.19870E-03     1.97172E-03    -1.17795E-03    -8.90735E-03
             166     6.46774E-03     2.10461E-03    -801.793E-06    -6.06295E-03
             167     3.78976E-03     2.18567E-03    -405.894E-06    -3.06926E-03
             168     2.21291E-03     2.21291E-03    -2.72366E-33    -2.09706E-33
             169     2.36205E-03    -2.36205E-03    -1.39544E-33    -2.21605E-33
             170     4.03138E-03    -2.33297E-03    -276.279E-06    -3.27612E-03
             171     6.87209E-03    -2.24645E-03    -545.755E-06    -6.47157E-03
             172     9.77077E-03    -2.10461E-03    -801.793E-06    -9.50767E-03
             173     12.5003E-03    -1.91094E-03    -1.03809E-03    -12.3097E-03
             174     14.9547E-03    -1.67022E-03    -1.24882E-03    -14.8085E-03
             175     17.0595E-03    -1.38838E-03    -1.42881E-03    -16.9428E-03
             176     18.7568E-03    -1.07235E-03    -1.57361E-03    -18.6598E-03
             177     20.0015E-03    -729.915E-06    -1.67966E-03    -19.9174E-03
             178     20.7613E-03    -369.507E-06    -1.74436E-03    -20.6846E-03
             179     21.0168E-03    -415.759E-21    -1.76610E-03    -20.9424E-03
             180     20.7613E-03     369.507E-06    -1.74436E-03    -20.6846E-03
             181     20.0015E-03     729.915E-06    -1.67966E-03    -19.9174E-03
             182     18.7568E-03     1.07235E-03    -1.57361E-03    -18.6598E-03
             183     17.0595E-03     1.38838E-03    -1.42881E-03    -16.9428E-03
             184     14.9547E-03     1.67022E-03    -1.24882E-03    -14.8085E-03
             185     12.5003E-03     1.91094E-03    -1.03809E-03    -12.3097E-03
             186     9.77077E-03     2.10461E-03    -801.793E-06    -9.50767E-03
             187     6.87209E-03     2.24645E-03    -545.755E-06    -6.47157E-03
             188     4.03138E-03     2.33297E-03    -276.279E-06    -3.27612E-03
             189     2.36205E-03     2.36205E-03    -1.39544E-33    -2.21605E-33
             190     2.45303E-03    -2.45303E-03    -32.8679E-36    -2.28047E-33
             191     4.17916E-03    -2.42283E-03    -139.861E-06    -3.40230E-03
             192     7.11960E-03    -2.33297E-03    -276.279E-06    -6.72083E-03
             193     10.1210E-03    -2.18567E-03    -405.894E-06    -9.87387E-03
             194     12.9476E-03    -1.98455E-03    -525.514E-06    -12.7838E-03
             195     15.4893E-03    -1.73456E-03    -632.194E-06    -15.3789E-03
             196     17.6692E-03    -1.44186E-03    -723.308E-06    -17.5954E-03
             197     19.4269E-03    -1.11365E-03    -796.611E-06    -19.3786E-03
             198     20.7159E-03    -758.029E-06    -850.299E-06    -20.6846E-03
             199     21.5029E-03    -383.739E-06    -883.050E-06    -21.4813E-03
             200     21.7674E-03    -589.603E-21    -894.058E-06    -21.7491E-03
             201     21.5029E-03     383.739E-06    -883.050E-06    -21.4813E-03
             202     20.7159E-03     758.029E-06    -850.299E-06    -20.6846E-03
             203     19.4269E-03     1.11365E-03    -796.611E-06    -19.3786E-03
             204     17.6692E-03     1.44186E-03    -723.308E-06    -17.5954E-03
             205     15.4893E-03     1.73456E-03    -632.194E-06    -15.3789E-03
             206     12.9476E-03     1.98455E-03    -525.514E-06    -12.7838E-03
             207     10.1210E-03     2.18567E-03    -405.894E-06    -9.87387E-03
             208     7.11960E-03     2.33297E-03    -276.279E-06    -6.72083E-03
             209     4.17916E-03     2.42283E-03    -139.861E-06    -3.40230E-03
             210     2.45303E-03     2.45303E-03    -32.8679E-36    -2.28047E-33
             211     2.48361E-03    -2.48361E-03     1.33052E-33    -2.28874E-33
             212     4.22888E-03    -2.45303E-03    -500.857E-21    -3.44471E-03
             213     7.20292E-03    -2.36205E-03    -1.01065E-18    -6.80461E-03
             214     10.2389E-03    -2.21291E-03    -625.787E-21    -9.99695E-03
             215     13.0982E-03    -2.00928E-03     1.00415E-18    -12.9431E-03
             216     15.6693E-03    -1.75618E-03     1.17690E-18    -15.5706E-03
             217     17.8744E-03    -1.45983E-03    -505.994E-21    -17.8147E-03
             218     19.6525E-03    -1.12754E-03    -1.15220E-18    -19.6201E-03
             219     20.9565E-03    -767.478E-06    -2.03992E-18    -20.9424E-03
             220     21.7525E-03    -388.522E-06    -1.26331E-18    -21.7491E-03
             221     22.0202E-03     101.087E-21     1.30485E-18    -22.0202E-03
             222     21.7525E-03     388.522E-06     982.739E-21    -21.7491E-03
             223     20.9565E-03     767.478E-06    -450.559E-21    -20.9424E-03
             224     19.6525E-03     1.12754E-03    -1.45447E-18    -19.6201E-03
             225     17.8744E-03     1.45983E-03    -1.04408E-18    -17.8147E-03
             226     15.6693E-03     1.75618E-03    -229.501E-21    -15.5706E-03
             227     13.0982E-03     2.00928E-03    -188.415E-21    -12.9431E-03
             228     10.2389E-03     2.21291E-03    -2.24322E-18    -9.99695E-03
             229     7.20292E-03     2.36205E-03    -2.63648E-18    -6.80461E-03
             230     4.22888E-03     2.45303E-03    -3.44912E-18    -3.44471E-03
             231     2.48361E-03     2.48361E-03     1.33052E-33    -2.28874E-33
             232     2.45303E-03    -2.45303E-03     2.66114E-33    -2.24065E-33
             233     4.17916E-03    -2.42283E-03     139.861E-06    -3.40230E-03
             234     7.11960E-03    -2.33297E-03     276.279E-06    -6.72083E-03
             235     10.1210E-03    -2.18567E-03     405.894E-06    -9.87387E-03
             236     12.9476E-03    -1.98455E-03     525.514E-06    -12.7838E-03
             237     15.4893E-03    -1.73456E-03     632.194E-06    -15.3789E-03
             238     17.6692E-03    -1.44186E-03     723.308E-06    -17.5954E-03
             239     19.4269E-03    -1.11365E-03     796.611E-06    -19.3786E-03
             240     20.7159E-03    -758.029E-06     850.299E-06    -20.6846E-03
             241     21.5029E-03    -383.739E-06     883.050E-06    -21.4813E-03
             242     21.7674E-03    -917.945E-21     894.058E-06    -21.7491E-03
             243     21.5029E-03     383.739E-06     883.050E-06    -21.4813E-03
             244     20.7159E-03     758.029E-06     850.299E-06    -20.6846E-03
             245     19.4269E-03     1.11365E-03     796.611E-06    -19.3786E-03
             246     17.6692E-03     1.44186E-03     723.308E-06    -17.5954E-03
             247     15.4893E-03     1.73456E-03     632.194E-06    -15.3789E-03
             248     12.9476E-03     1.98455E-03     525.514E-06    -12.7838E-03
             249     10.1210E-03     2.18567E-03     405.894E-06    -9.87387E-03
             250     7.11960E-03     2.33297E-03     276.279E-06    -6.72083E-03
             251     4.17916E-03     2.42283E-03     139.861E-06    -3.40230E-03
             252     2.45303E-03     2.45303E-03     2.66114E-33    -2.24065E-33
             253     2.36205E-03    -2.36205E-03     3.92624E-33    -2.13739E-33
             254     4.03138E-03    -2.33297E-03     276.279E-06    -3.27612E-03
             255     6.87209E-03    -2.24645E-03     545.755E-06    -6.47157E-03
             256     9.77077E-03    -2.10461E-03     801.793E-06    -9.50767E-03
             257     12.5003E-03    -1.91094E-03     1.03809E-03    -12.3097E-03
             258     14.9547E-03    -1.67022E-03     1.24882E-03    -14.8085E-03
             259     17.0595E-03    -1.38838E-03     1.42881E-03    -16.9428E-03
             260     18.7568E-03    -1.07235E-03     1.57361E-03    -18.6598E-03
             261     20.0015E-03    -729.915E-06     1.67966E-03    -19.9174E-03
             262     20.7613E-03    -369.507E-06     1.74436E-03    -20.6846E-03
             263     21.0168E-03    -213.356E-21     1.76610E-03    -20.9424E-03
             264     20.7613E-03     369.507E-06     1.74436E-03    -20.6846E-03
             265     20.0015E-03     729.915E-06     1.67966E-03    -19.9174E-03
             266     18.7568E-03     1.07235E-03     1.57361E-03    -18.6598E-03
             267     17.0595E-03     1.38838E-03     1.42881E-03    -16.9428E-03
             268     14.9547E-03     1.67022E-03     1.24882E-03    -14.8085E-03
             269     12.5003E-03     1.91094E-03     1.03809E-03    -12.3097E-03
             270     9.77077E-03     2.10461E-03     801.793E-06    -9.50767E-03
             271     6.87209E-03     2.24645E-03     545.755E-06    -6.47157E-03
             272     4.03138E-03     2.33297E-03     276.279E-06    -3.27612E-03
             273     2.36205E-03     2.36205E-03     3.92624E-33    -2.13739E-33
             274     2.21291E-03    -2.21291E-03     5.09466E-33    -1.98149E-33
             275     3.78976E-03    -2.18567E-03     405.894E-06    -3.06926E-03
             276     6.46774E-03    -2.10461E-03     801.793E-06    -6.06295E-03
             277     9.19870E-03    -1.97172E-03     1.17795E-03    -8.90735E-03
             278     11.7698E-03    -1.79028E-03     1.52510E-03    -11.5324E-03
             279     14.0815E-03    -1.56477E-03     1.83470E-03    -13.8735E-03
             280     16.0640E-03    -1.30072E-03     2.09912E-03    -15.8730E-03
             281     17.6625E-03    -1.00464E-03     2.31186E-03    -17.4817E-03
             282     18.8347E-03    -683.828E-06     2.46766E-03    -18.6598E-03
             283     19.5503E-03    -346.176E-06     2.56271E-03    -19.3786E-03
             284     19.7909E-03    -627.239E-21     2.59466E-03    -19.6201E-03
             285     19.5503E-03     346.176E-06     2.56271E-03    -19.3786E-03
             286     18.8347E-03     683.828E-06     2.46766E-03    -18.6598E-03
             287     17.6625E-03     1.00464E-03     2.31186E-03    -17.4817E-03
             288     16.0640E-03     1.30072E-03     2.09912E-03    -15.8730E-03
             289     14.0815E-03     1.56477E-03     1.83470E-03    -13.8735E-03
             290     11.7698E-03     1.79028E-03     1.52510E-03    -11.5324E-03
             291     9.19870E-03     1.97172E-03     1.17795E-03    -8.90735E-03
             292     6.46774E-03     2.10461E-03     801.793E-06    -6.06295E-03
             293     3.78976E-03     2.18567E-03     405.894E-06    -3.06926E-03
             294     2.21291E-03     2.21291E-03     5.09466E-33    -1.98149E-33
             295     2.00928E-03    -2.00928E-03     6.13763E-33    -1.77681E-33
             296     3.46136E-03    -1.98455E-03     525.514E-06    -2.78683E-03
             297     5.91902E-03    -1.91094E-03     1.03809E-03    -5.50504E-03
             298     8.42271E-03    -1.79028E-03     1.52510E-03    -8.08770E-03
             299     10.7790E-03    -1.62554E-03     1.97456E-03    -10.4712E-03
             300     12.8974E-03    -1.42078E-03     2.37540E-03    -12.5969E-03
             301     14.7139E-03    -1.18103E-03     2.71775E-03    -14.4124E-03
             302     16.1785E-03    -912.196E-06     2.99318E-03    -15.8730E-03
             303     17.2526E-03    -620.903E-06     3.19491E-03    -16.9428E-03
             304     17.9082E-03    -314.321E-06     3.31796E-03    -17.5954E-03
             305     18.1287E-03    -11.5685E-21     3.35932E-03    -17.8147E-03
             306     17.9082E-03     314.321E-06     3.31796E-03    -17.5954E-03
             307     17.2526E-03     620.903E-06     3.19491E-03    -16.9428E-03
             308     16.1785E-03     912.196E-06     2.99318E-03    -15.8730E-03
             309     14.7139E-03     1.18103E-03     2.71775E-03    -14.4124E-03
             310     12.8974E-03     1.42078E-03     2.37540E-03    -12.5969E-03
             311     10.7790E-03     1.62554E-03     1.97456E-03    -10.4712E-03
             312     8.42271E-03     1.79028E-03     1.52510E-03    -8.08770E-03
             313     5.91902E-03     1.91094E-03     1.03809E-03    -5.50504E-03
             314     3.46136E-03     1.98455E-03     525.514E-06    -2.78683E-03
             315     2.00928E-03     2.00928E-03     6.13763E-33    -1.77681E-33
             316     1.75618E-03    -1.75618E-03     7.02948E-33    -1.52838E-33
             317     3.05637E-03    -1.73456E-03     632.194E-06    -2.43578E-03
             318     5.24410E-03    -1.67022E-03     1.24882E-03    -4.81159E-03
             319     7.46888E-03    -1.56477E-03     1.83470E-03    -7.06891E-03
             320     9.56156E-03    -1.42078E-03     2.37540E-03    -9.15218E-03
             321     11.4425E-03    -1.24181E-03     2.85761E-03    -11.0101E-03
             322     13.0551E-03    -1.03226E-03     3.26946E-03    -12.5969E-03
             323     14.3553E-03    -797.288E-06     3.60080E-03    -13.8735E-03
             324     15.3088E-03    -542.689E-06     3.84348E-03    -14.8085E-03
             325     15.8908E-03    -274.727E-06     3.99152E-03    -15.3789E-03
             326     16.0865E-03     156.867E-21     4.04127E-03    -15.5706E-03
             327     15.8908E-03     274.727E-06     3.99152E-03    -15.3789E-03
             328     15.3088E-03     542.689E-06     3.84348E-03    -14.8085E-03
             329     14.3553E-03     797.288E-06     3.60080E-03    -13.8735E-03
             330     13.0551E-03     1.03226E-03     3.26946E-03    -12.5969E-03
             331     11.4425E-03     1.24181E-03     2.85761E-03    -11.0101E-03
             332     9.56156E-03     1.42078E-03     2.37540E-03    -9.15218E-03
             333     7.46888E-03     1.56477E-03     1.83470E-03    -7.06891E-03
             334     5.24410E-03     1.67022E-03     1.24882E-03    -4.81159E-03
             335     3.05637E-03     1.73456E-03     632.194E-06    -2.43578E-03
             336     1.75618E-03     1.75618E-03     7.02948E-33    -1.52838E-33
             337     1.45983E-03    -1.45983E-03     7.74823E-33    -1.24231E-33
             338     2.58877E-03    -1.44186E-03     723.308E-06    -2.02475E-03
             339     4.46836E-03    -1.38838E-03     1.42881E-03    -3.99965E-03
             340     6.37387E-03    -1.30072E-03     2.09912E-03    -5.87606E-03
             341     8.16452E-03    -1.18103E-03     2.71775E-03    -7.60778E-03
             342     9.77329E-03    -1.03226E-03     3.26946E-03    -9.15218E-03
             343     11.1524E-03    -858.066E-06     3.74066E-03    -10.4712E-03
             344     12.2641E-03    -662.749E-06     4.11976E-03    -11.5324E-03
             345     13.0793E-03    -451.112E-06     4.39741E-03    -12.3097E-03
             346     13.5769E-03    -228.368E-06     4.56679E-03    -12.7838E-03
             347     13.7442E-03     57.4504E-21     4.62371E-03    -12.9431E-03
             348     13.5769E-03     228.368E-06     4.56679E-03    -12.7838E-03
             349     13.0793E-03     451.112E-06     4.39741E-03    -12.3097E-03
             350     12.2641E-03     662.749E-06     4.11976E-03    -11.5324E-03
             351     11.1524E-03     858.066E-06     3.74066E-03    -10.4712E-03
             352     9.77329E-03     1.03226E-03     3.26946E-03    -9.15218E-03
             353     8.16452E-03     1.18103E-03     2.71775E-03    -7.60778E-03
             354     6.37387E-03     1.30072E-03     2.09912E-03    -5.87606E-03
             355     4.46836E-03     1.38838E-03     1.42881E-03    -3.99965E-03
             356     2.58877E-03     1.44186E-03     723.308E-06    -2.02475E-03
             357     1.45983E-03     1.45983E-03     7.74823E-33    -1.24231E-33
             358     1.12754E-03    -1.12754E-03     8.27620E-33    -925.657E-36
             359     2.07858E-03    -1.11365E-03     796.611E-06    -1.56387E-03
             360     3.62898E-03    -1.07235E-03     1.57361E-03    -3.08923E-03
             361     5.19155E-03    -1.00464E-03     2.31186E-03    -4.53852E-03
             362     6.65727E-03    -912.196E-06     2.99318E-03    -5.87606E-03
             363     7.97314E-03    -797.288E-06     3.60080E-03    -7.06891E-03
             364     9.10069E-03    -662.749E-06     4.11976E-03    -8.08770E-03
             365     10.0095E-03    -511.891E-06     4.53727E-03    -8.90735E-03
             366     10.6758E-03    -348.428E-06     4.84306E-03    -9.50767E-03
             367     11.0825E-03    -176.385E-06     5.02960E-03    -9.87387E-03
             368     11.2192E-03    -314.671E-21     5.09230E-03    -9.99695E-03
             369     11.0825E-03     176.385E-06     5.02960E-03    -9.87387E-03
             370     10.6758E-03     348.428E-06     4.84306E-03    -9.50767E-03
             371     10.0095E-03     511.891E-06     4.53727E-03    -8.90735E-03
             372     9.10069E-03     662.749E-06     4.11976E-03    -8.08770E-03
             373     7.97314E-03     797.288E-06     3.60080E-03    -7.06891E-03
             374     6.65727E-03     912.196E-06     2.99318E-03    -5.87606E-03
             375     5.19155E-03     1.00464E-03     2.31186E-03    -4.53852E-03
             376     3.62898E-03     1.07235E-03     1.57361E-03    -3.08923E-03
             377     2.07858E-03     1.11365E-03     796.611E-06    -1.56387E-03
             378     1.12754E-03     1.12754E-03     8.27620E-33    -925.657E-36
             379     767.478E-06    -767.478E-06     8.60038E-33    -586.208E-36
             380     1.55908E-03    -758.029E-06     850.299E-06    -1.06448E-03
             381     2.78847E-03    -729.915E-06     1.67966E-03    -2.10274E-03
             382     4.01252E-03    -683.828E-06     2.46766E-03    -3.08923E-03
             383     5.15656E-03    -620.903E-06     3.19491E-03    -3.99965E-03
             384     6.18209E-03    -542.689E-06     3.84348E-03    -4.81159E-03
             385     7.06019E-03    -451.112E-06     4.39741E-03    -5.50504E-03
             386     7.76763E-03    -348.428E-06     4.84306E-03    -6.06295E-03
             387     8.28618E-03    -237.164E-06     5.16947E-03    -6.47157E-03
             388     8.60265E-03    -120.060E-06     5.36858E-03    -6.72083E-03
             389     8.70904E-03    -131.690E-21     5.43550E-03    -6.80461E-03
             390     8.60265E-03     120.060E-06     5.36858E-03    -6.72083E-03
             391     8.28618E-03     237.164E-06     5.16947E-03    -6.47157E-03
             392     7.76763E-03     348.428E-06     4.84306E-03    -6.06295E-03
             393     7.06019E-03     451.112E-06     4.39741E-03    -5.50504E-03
             394     6.18209E-03     542.689E-06     3.84348E-03    -4.81159E-03
             395     5.15656E-03     620.903E-06     3.19491E-03    -3.99965E-03
             396     4.01252E-03     683.828E-06     2.46766E-03    -3.08923E-03
             397     2.78847E-03     729.915E-06     1.67966E-03    -2.10274E-03
             398     1.55908E-03     758.029E-06     850.299E-06    -1.06448E-03
             399     767.478E-06     767.478E-06     8.60038E-33    -586.208E-36
             400     388.522E-06    -388.522E-06     8.71279E-33    -232.324E-36
             401     1.10337E-03    -383.739E-06     883.050E-06    -538.872E-06
             402     2.07664E-03    -369.507E-06     1.74436E-03    -1.06448E-03
             403     3.02209E-03    -346.176E-06     2.56271E-03    -1.56387E-03
             404     3.89965E-03    -314.321E-06     3.31796E-03    -2.02475E-03
             405     4.68409E-03    -274.727E-06     3.99152E-03    -2.43578E-03
             406     5.35482E-03    -228.368E-06     4.56679E-03    -2.78683E-03
             407     5.89478E-03    -176.385E-06     5.02960E-03    -3.06926E-03
             408     6.29039E-03    -120.060E-06     5.36858E-03    -3.27612E-03
             409     6.53177E-03    -60.7783E-06     5.57536E-03    -3.40230E-03
             410     6.61290E-03     62.5187E-21     5.64486E-03    -3.44471E-03
             411     6.53177E-03     60.7783E-06     5.57536E-03    -3.40230E-03
             412     6.29039E-03     120.060E-06     5.36858E-03    -3.27612E-03
             413     5.89478E-03     176.385E-06     5.02960E-03    -3.06926E-03
             414     5.35482E-03     228.368E-06     4.56679E-03    -2.78683E-03
             415     4.68409E-03     274.727E-06     3.99152E-03    -2.43578E-03
             416     3.89965E-03     314.321E-06     3.31796E-03    -2.02475E-03
             417     3.02209E-03     346.176E-06     2.56271E-03    -1.56387E-03
             418     2.07664E-03     369.507E-06     1.74436E-03    -1.06448E-03
             419     1.10337E-03     383.739E-06     883.050E-06    -538.872E-06
             420     388.522E-06     388.522E-06     8.71279E-33    -232.324E-36
             421              0.    -273.825E-36     240.026E-36     12.4815E-36
             422     894.058E-06    -7.43727E-33     894.058E-06    -102.204E-36
             423     1.76610E-03    -6.06215E-33     1.76610E-03    -74.6124E-36
             424     2.59466E-03    -4.53775E-33     2.59466E-03    -45.1832E-36
             425     3.35932E-03    -2.90162E-33     3.35932E-03    -14.6414E-36
             426     4.04127E-03    -1.19405E-33     4.04127E-03     16.2609E-36
             427     4.62371E-03     542.932E-36     4.62371E-03     46.7627E-36
             428     5.09230E-03     2.26654E-33     5.09230E-03     76.1132E-36
             429     5.43550E-03     3.93434E-33     5.43550E-03     103.589E-36
             430     5.64486E-03     5.50526E-33     5.64486E-03     128.515E-36
             431     5.71522E-03     6.94063E-33     5.71522E-03     150.276E-36
             432     5.64486E-03     8.20509E-33     5.64486E-03     168.337E-36
             433     5.43550E-03     9.26752E-33     5.43550E-03     182.253E-36
             434     5.09230E-03     10.1018E-33     5.09230E-03     191.681E-36
             435     4.62371E-03     10.6872E-33     4.62371E-03     196.389E-36
             436     4.04127E-03     11.0096E-33     4.04127E-03     196.262E-36
             437     3.35932E-03     11.0608E-33     3.35932E-03     191.302E-36
             438     2.59466E-03     10.8397E-33     2.59466E-03     181.631E-36
             439     1.76610E-03     10.3517E-33     1.76610E-03     167.488E-36
             440     894.058E-06     9.60878E-33     894.058E-06     149.221E-36
             441              0.     273.825E-36     240.026E-36     12.4815E-36
             442              0.    -8.23875E-33    -7.48087E-33    -332.641E-36
             443     778.849E-06    -21.7499E-33    -778.849E-06    -500.831E-36
             444     1.53852E-03    -19.9952E-33    -1.53852E-03    -778.561E-36
             445     2.26031E-03    -17.7480E-33    -2.26031E-03    -1.03712E-33
             446     2.92644E-03    -15.0639E-33    -2.92644E-03    -1.27014E-33
             447     3.52051E-03    -12.0088E-33    -3.52051E-03    -1.47189E-33
             448     4.02790E-03    -8.65806E-33    -4.02790E-03    -1.63739E-33
             449     4.43611E-03    -5.09411E-33    -4.43611E-03    -1.76258E-33
             450     4.73508E-03    -1.40472E-33    -4.73508E-03    -1.84437E-33
             451     4.91746E-03     2.31925E-33    -4.91746E-03    -1.88074E-33
             452     4.97876E-03     5.98612E-33    -4.97876E-03    -1.87080E-33
             453     4.91746E-03     9.50559E-33    -4.91746E-03    -1.81479E-33
             454     4.73508E-03     12.7910E-33    -4.73508E-03    -1.71410E-33
             455     4.43611E-03     15.7615E-33    -4.43611E-03    -1.57121E-33
             456     4.02790E-03     18.3438E-33    -4.02790E-03    -1.38962E-33
             457     3.52051E-03     20.4745E-33    -3.52051E-03    -1.17382E-33
             458     2.92644E-03     22.1010E-33    -2.92644E-03    -929.112E-36
             459     2.26031E-03     23.1833E-33    -2.26031E-03    -661.529E-36
             460     1.53852E-03     23.6948E-33    -1.53852E-03    -377.656E-36
             461     778.849E-06     23.6228E-33    -778.849E-06    -84.4838E-36
             462              0.     8.23875E-33    -7.48087E-33    -332.641E-36
             463     279.906E-06    -279.906E-06    -21.7412E-33    -2.47951E-33
             464     979.997E-06    -276.460E-06    -769.260E-06    -540.558E-06
             465     1.87622E-03    -266.207E-06    -1.51958E-03    -1.06781E-03
             466     2.73992E-03    -249.398E-06    -2.23248E-03    -1.56876E-03
             467     3.53992E-03    -226.449E-06    -2.89041E-03    -2.03109E-03
             468     4.25442E-03    -197.924E-06    -3.47717E-03    -2.44340E-03
             469     4.86509E-03    -164.525E-06    -3.97831E-03    -2.79555E-03
             470     5.35659E-03    -127.075E-06    -4.38149E-03    -3.07886E-03
             471     5.71664E-03    -86.4958E-06    -4.67678E-03    -3.28637E-03
             472     5.93631E-03    -43.7870E-06    -4.85692E-03    -3.41295E-03
             473     6.01014E-03    -47.6690E-21    -4.91746E-03    -3.45549E-03
             474     5.93631E-03     43.7870E-06    -4.85692E-03    -3.41295E-03
             475     5.71664E-03     86.4958E-06    -4.67678E-03    -3.28637E-03
             476     5.35659E-03     127.075E-06    -4.38149E-03    -3.07886E-03
             477     4.86509E-03     164.525E-06    -3.97831E-03    -2.79555E-03
             478     4.25442E-03     197.924E-06    -3.47717E-03    -2.44340E-03
             479     3.53992E-03     226.449E-06    -2.89041E-03    -2.03109E-03
             480     2.73992E-03     249.398E-06    -2.23248E-03    -1.56876E-03
             481     1.87622E-03     266.207E-06    -1.51958E-03    -1.06781E-03
             482     979.997E-06     276.460E-06    -769.260E-06    -540.558E-06
             483     279.906E-06     279.906E-06    -21.7412E-33    -2.47951E-33
             484     552.920E-06    -552.920E-06    -20.7313E-33    -4.68720E-33
             485     1.40965E-03    -546.113E-06    -740.730E-06    -1.06781E-03
             486     2.62045E-03    -525.858E-06    -1.46322E-03    -2.10932E-03
             487     3.80355E-03    -492.655E-06    -2.14968E-03    -3.09889E-03
             488     4.90345E-03    -447.322E-06    -2.78321E-03    -4.01216E-03
             489     5.88725E-03    -390.974E-06    -3.34821E-03    -4.82664E-03
             490     6.72873E-03    -324.998E-06    -3.83076E-03    -5.52226E-03
             491     7.40625E-03    -251.020E-06    -4.21899E-03    -6.08192E-03
             492     7.90271E-03    -170.862E-06    -4.50333E-03    -6.49181E-03
             493     8.20563E-03    -86.4958E-06    -4.67678E-03    -6.74186E-03
             494     8.30746E-03    -69.1974E-21    -4.73508E-03    -6.82589E-03
             495     8.20563E-03     86.4958E-06    -4.67678E-03    -6.74186E-03
             496     7.90271E-03     170.862E-06    -4.50333E-03    -6.49181E-03
             497     7.40625E-03     251.020E-06    -4.21899E-03    -6.08192E-03
             498     6.72873E-03     324.998E-06    -3.83076E-03    -5.52226E-03
             499     5.88725E-03     390.974E-06    -3.34821E-03    -4.82664E-03
             500     4.90345E-03     447.322E-06    -2.78321E-03    -4.01216E-03
             501     3.80355E-03     492.655E-06    -2.14968E-03    -3.09889E-03
             502     2.62045E-03     525.858E-06    -1.46322E-03    -2.10932E-03
             503     1.40965E-03     546.113E-06    -740.730E-06    -1.06781E-03
             504     552.920E-06     552.920E-06    -20.7313E-33    -4.68720E-33
             505     812.319E-06    -812.319E-06    -19.2109E-33    -6.77947E-33
             506     1.89375E-03    -802.318E-06    -693.960E-06    -1.56876E-03
             507     3.47551E-03    -772.562E-06    -1.37083E-03    -3.09889E-03
             508     5.03062E-03    -723.782E-06    -2.01395E-03    -4.55272E-03
             509     6.47883E-03    -657.180E-06    -2.60748E-03    -5.89444E-03
             510     7.77509E-03    -574.396E-06    -3.13680E-03    -7.09102E-03
             511     8.88419E-03    -477.469E-06    -3.58888E-03    -8.11300E-03
             512     9.77737E-03    -368.785E-06    -3.95260E-03    -8.93521E-03
             513     10.4319E-03    -251.020E-06    -4.21899E-03    -9.53741E-03
             514     10.8313E-03    -127.075E-06    -4.38149E-03    -9.90476E-03
             515     10.9656E-03    -420.394E-21    -4.43611E-03    -10.0282E-03
             516     10.8313E-03     127.075E-06    -4.38149E-03    -9.90476E-03
             517     10.4319E-03     251.020E-06    -4.21899E-03    -9.53741E-03
             518     9.77737E-03     368.785E-06    -3.95260E-03    -8.93521E-03
             519     8.88419E-03     477.469E-06    -3.58888E-03    -8.11300E-03
             520     7.77509E-03     574.396E-06    -3.13680E-03    -7.09102E-03
             521     6.47883E-03     657.180E-06    -2.60748E-03    -5.89444E-03
             522     5.03062E-03     723.782E-06    -2.01395E-03    -4.55272E-03
             523     3.47551E-03     772.562E-06    -1.37083E-03    -3.09889E-03
             524     1.89375E-03     802.318E-06    -693.960E-06    -1.56876E-03
             525     812.319E-06     812.319E-06    -19.2109E-33    -6.77947E-33
             526     1.05172E-03    -1.05172E-03    -17.2174E-33    -8.70481E-33
             527     2.36672E-03    -1.03877E-03    -630.102E-06    -2.03109E-03
             528     4.31824E-03    -1.00024E-03    -1.24469E-03    -4.01216E-03
             529     6.24231E-03    -937.086E-06    -1.82863E-03    -5.89444E-03
             530     8.03556E-03    -850.856E-06    -2.36754E-03    -7.63158E-03
             531     9.64118E-03    -743.676E-06    -2.84815E-03    -9.18081E-03
             532     11.0152E-03    -618.183E-06    -3.25864E-03    -10.5040E-03
             533     12.1218E-03    -477.469E-06    -3.58888E-03    -11.5685E-03
             534     12.9328E-03    -324.998E-06    -3.83076E-03    -12.3482E-03
             535     13.4277E-03    -164.525E-06    -3.97831E-03    -12.8238E-03
             536     13.5941E-03    -278.448E-21    -4.02790E-03    -12.9836E-03
             537     13.4277E-03     164.525E-06    -3.97831E-03    -12.8238E-03
             538     12.9328E-03     324.998E-06    -3.83076E-03    -12.3482E-03
             539     12.1218E-03     477.469E-06    -3.58888E-03    -11.5685E-03
             540     11.0152E-03     618.183E-06    -3.25864E-03    -10.5040E-03
             541     9.64118E-03     743.676E-06    -2.84815E-03    -9.18081E-03
             542     8.03556E-03     850.856E-06    -2.36754E-03    -7.63158E-03
             543     6.24231E-03     937.086E-06    -1.82863E-03    -5.89444E-03
             544     4.31824E-03     1.00024E-03    -1.24469E-03    -4.01216E-03
             545     2.36672E-03     1.03877E-03    -630.102E-06    -2.03109E-03
             546     1.05172E-03     1.05172E-03    -17.2174E-33    -8.70481E-33
             547     1.26522E-03    -1.26522E-03    -14.8000E-33    -10.4158E-33
             548     2.79913E-03    -1.24964E-03    -550.730E-06    -2.44340E-03
             549     5.09194E-03    -1.20329E-03    -1.08790E-03    -4.82664E-03
             550     7.35581E-03    -1.12732E-03    -1.59828E-03    -7.09102E-03
             551     9.46662E-03    -1.02358E-03    -2.06931E-03    -9.18081E-03
             552     11.3569E-03    -894.643E-06    -2.48938E-03    -11.0445E-03
             553     12.9746E-03    -743.676E-06    -2.84815E-03    -12.6363E-03
             554     14.2776E-03    -574.396E-06    -3.13680E-03    -13.9169E-03
             555     15.2325E-03    -390.974E-06    -3.34821E-03    -14.8549E-03
             556     15.8153E-03    -197.924E-06    -3.47717E-03    -15.4270E-03
             557     16.0112E-03    -419.575E-21    -3.52051E-03    -15.6193E-03
             558     15.8153E-03     197.924E-06    -3.47717E-03    -15.4270E-03
             559     15.2325E-03     390.974E-06    -3.34821E-03    -14.8549E-03
             560     14.2776E-03     574.396E-06    -3.13680E-03    -13.9169E-03
             561     12.9746E-03     743.676E-06    -2.84815E-03    -12.6363E-03
             562     11.3569E-03     894.643E-06    -2.48938E-03    -11.0445E-03
             563     9.46662E-03     1.02358E-03    -2.06931E-03    -9.18081E-03
             564     7.35581E-03     1.12732E-03    -1.59828E-03    -7.09102E-03
             565     5.09194E-03     1.20329E-03    -1.08790E-03    -4.82664E-03
             566     2.79913E-03     1.24964E-03    -550.730E-06    -2.44340E-03
             567     1.26522E-03     1.26522E-03    -14.8000E-33    -10.4158E-33
             568     1.44756E-03    -1.44756E-03    -12.0182E-33    -11.8703E-33
             569     3.17314E-03    -1.42974E-03    -457.796E-06    -2.79555E-03
             570     5.76269E-03    -1.37671E-03    -904.320E-06    -5.52226E-03
             571     8.32163E-03    -1.28979E-03    -1.32858E-03    -8.11300E-03
             572     10.7081E-03    -1.17110E-03    -1.72012E-03    -10.5040E-03
             573     12.8455E-03    -1.02358E-03    -2.06931E-03    -12.6363E-03
             574     14.6747E-03    -850.856E-06    -2.36754E-03    -14.4575E-03
             575     16.1481E-03    -657.180E-06    -2.60748E-03    -15.9227E-03
             576     17.2280E-03    -447.322E-06    -2.78321E-03    -16.9958E-03
             577     17.8869E-03    -226.449E-06    -2.89041E-03    -17.6504E-03
             578     18.1085E-03    -336.946E-21    -2.92644E-03    -17.8704E-03
             579     17.8869E-03     226.449E-06    -2.89041E-03    -17.6504E-03
             580     17.2280E-03     447.322E-06    -2.78321E-03    -16.9958E-03
             581     16.1481E-03     657.180E-06    -2.60748E-03    -15.9227E-03
             582     14.6747E-03     850.856E-06    -2.36754E-03    -14.4575E-03
             583     12.8455E-03     1.02358E-03    -2.06931E-03    -12.6363E-03
             584     10.7081E-03     1.17110E-03    -1.72012E-03    -10.5040E-03
             585     8.32163E-03     1.28979E-03    -1.32858E-03    -8.11300E-03
             586     5.76269E-03     1.37671E-03    -904.320E-06    -5.52226E-03
             587     3.17314E-03     1.42974E-03    -457.796E-06    -2.79555E-03
             588     1.44756E-03     1.44756E-03    -12.0182E-33    -11.8703E-33
             589     1.59427E-03    -1.59427E-03    -8.94040E-33    -13.0326E-33
             590     3.47619E-03    -1.57464E-03    -353.590E-06    -3.07886E-03
             591     6.30687E-03    -1.51624E-03    -698.474E-06    -6.08192E-03
             592     9.10543E-03    -1.42050E-03    -1.02616E-03    -8.93521E-03
             593     11.7157E-03    -1.28979E-03    -1.32858E-03    -11.5685E-03
             594     14.0537E-03    -1.12732E-03    -1.59828E-03    -13.9169E-03
             595     16.0547E-03    -937.086E-06    -1.82863E-03    -15.9227E-03
             596     17.6664E-03    -723.782E-06    -2.01395E-03    -17.5363E-03
             597     18.8477E-03    -492.655E-06    -2.14968E-03    -18.7182E-03
             598     19.5685E-03    -249.398E-06    -2.23248E-03    -19.4392E-03
             599     19.8109E-03    -139.308E-21    -2.26031E-03    -19.6815E-03
             600     19.5685E-03     249.398E-06    -2.23248E-03    -19.4392E-03
             601     18.8477E-03     492.655E-06    -2.14968E-03    -18.7182E-03
             602     17.6664E-03     723.782E-06    -2.01395E-03    -17.5363E-03
             603     16.0547E-03     937.086E-06    -1.82863E-03    -15.9227E-03
             604     14.0537E-03     1.12732E-03    -1.59828E-03    -13.9169E-03
             605     11.7157E-03     1.28979E-03    -1.32858E-03    -11.5685E-03
             606     9.10543E-03     1.42050E-03    -1.02616E-03    -8.93521E-03
             607     6.30687E-03     1.51624E-03    -698.474E-06    -6.08192E-03
             608     3.47619E-03     1.57464E-03    -353.590E-06    -3.07886E-03
             609     1.59427E-03     1.59427E-03    -8.94040E-33    -13.0326E-33
             610     1.70171E-03    -1.70171E-03    -5.64249E-33    -13.8739E-33
             611     3.69907E-03    -1.68076E-03    -240.678E-06    -3.28637E-03
             612     6.70738E-03    -1.61843E-03    -475.429E-06    -6.49181E-03
             613     9.68240E-03    -1.51624E-03    -698.474E-06    -9.53741E-03
             614     12.4575E-03    -1.37671E-03    -904.320E-06    -12.3482E-03
             615     14.9432E-03    -1.20329E-03    -1.08790E-03    -14.8549E-03
             616     17.0706E-03    -1.00024E-03    -1.24469E-03    -16.9958E-03
             617     18.7842E-03    -772.562E-06    -1.37083E-03    -18.7182E-03
             618     20.0401E-03    -525.858E-06    -1.46322E-03    -19.9797E-03
             619     20.8066E-03    -266.207E-06    -1.51958E-03    -20.7493E-03
             620     21.0642E-03    -399.134E-21    -1.53852E-03    -21.0079E-03
             621     20.8066E-03     266.207E-06    -1.51958E-03    -20.7493E-03
             622     20.0401E-03     525.858E-06    -1.46322E-03    -19.9797E-03
             623     18.7842E-03     772.562E-06    -1.37083E-03    -18.7182E-03
             624     17.0706E-03     1.00024E-03    -1.24469E-03    -16.9958E-03
             625     14.9432E-03     1.20329E-03    -1.08790E-03    -14.8549E-03
             626     12.4575E-03     1.37671E-03    -904.320E-06    -12.3482E-03
             627     9.68240E-03     1.51624E-03    -698.474E-06    -9.53741E-03
             628     6.70738E-03     1.61843E-03    -475.429E-06    -6.49181E-03
             629     3.69907E-03     1.68076E-03    -240.678E-06    -3.28637E-03
             630     1.70171E-03     1.70171E-03    -5.64249E-33    -13.8739E-33
             631     1.76726E-03    -1.76726E-03    -2.20565E-33    -14.3736E-33
             632     3.83534E-03    -1.74550E-03    -121.839E-06    -3.41295E-03
             633     6.95237E-03    -1.68076E-03    -240.678E-06    -6.74186E-03
             634     10.0354E-03    -1.57464E-03    -353.590E-06    -9.90476E-03
             635     12.9113E-03    -1.42974E-03    -457.796E-06    -12.8238E-03
             636     15.4873E-03    -1.24964E-03    -550.730E-06    -15.4270E-03
             637     17.6922E-03    -1.03877E-03    -630.102E-06    -17.6504E-03
             638     19.4681E-03    -802.318E-06    -693.960E-06    -19.4392E-03
             639     20.7697E-03    -546.113E-06    -740.730E-06    -20.7493E-03
             640     21.5640E-03    -276.460E-06    -769.260E-06    -21.5485E-03
             641     21.8310E-03    -164.752E-21    -778.849E-06    -21.8171E-03
             642     21.5640E-03     276.460E-06    -769.260E-06    -21.5485E-03
             643     20.7697E-03     546.113E-06    -740.730E-06    -20.7493E-03
             644     19.4681E-03     802.318E-06    -693.960E-06    -19.4392E-03
             645     17.6922E-03     1.03877E-03    -630.102E-06    -17.6504E-03
             646     15.4873E-03     1.24964E-03    -550.730E-06    -15.4270E-03
             647     12.9113E-03     1.42974E-03    -457.796E-06    -12.8238E-03
             648     10.0354E-03     1.57464E-03    -353.590E-06    -9.90476E-03
             649     6.95237E-03     1.68076E-03    -240.678E-06    -6.74186E-03
             650     3.83534E-03     1.74550E-03    -121.839E-06    -3.41295E-03
             651     1.76726E-03     1.76726E-03    -2.20565E-33    -14.3736E-33
             652     1.78929E-03    -1.78929E-03     1.28550E-33    -14.5194E-33
             653     3.88119E-03    -1.76726E-03    -369.859E-21    -3.45549E-03
             654     7.03482E-03    -1.70171E-03    -569.551E-21    -6.82589E-03
             655     10.1542E-03    -1.59427E-03    -322.280E-21    -10.0282E-03
             656     13.0641E-03    -1.44756E-03    -66.3130E-21    -12.9836E-03
             657     15.6705E-03    -1.26522E-03     270.710E-21    -15.6193E-03
             658     17.9013E-03    -1.05172E-03    -575.639E-21    -17.8704E-03
             659     19.6983E-03    -812.319E-06    -845.267E-21    -19.6815E-03
             660     21.0152E-03    -552.920E-06    -1.29312E-18    -21.0079E-03
             661     21.8189E-03    -279.906E-06    -966.001E-21    -21.8171E-03
             662     22.0891E-03    -57.5055E-21     1.11824E-18    -22.0891E-03
             663     21.8189E-03     279.906E-06     577.932E-21    -21.8171E-03
             664     21.0152E-03     552.920E-06    -831.703E-21    -21.0079E-03
             665     19.6983E-03     812.319E-06    -214.354E-21    -19.6815E-03
             666     17.9013E-03     1.05172E-03    -233.305E-21    -17.8704E-03
             667     15.6705E-03     1.26522E-03     42.1920E-21    -15.6193E-03
             668     13.0641E-03     1.44756E-03    -304.450E-21    -12.9836E-03
             669     10.1542E-03     1.59427E-03    -1.68188E-18    -10.0282E-03
             670     7.03482E-03     1.70171E-03    -1.39535E-18    -6.82589E-03
             671     3.88119E-03     1.76726E-03    -1.74599E-18    -3.45549E-03
             672     1.78929E-03     1.78929E-03     1.28550E-33    -14.5194E-33
             673     1.76726E-03    -1.76726E-03     4.74500E-33    -14.3077E-33
             674     3.83534E-03    -1.74550E-03     121.839E-06    -3.41295E-03
             675     6.95237E-03    -1.68076E-03     240.678E-06    -6.74186E-03
             676     10.0354E-03    -1.57464E-03     353.590E-06    -9.90476E-03
             677     12.9113E-03    -1.42974E-03     457.796E-06    -12.8238E-03
             678     15.4873E-03    -1.24964E-03     550.730E-06    -15.4270E-03
             679     17.6922E-03    -1.03877E-03     630.102E-06    -17.6504E-03
             680     19.4681E-03    -802.318E-06     693.960E-06    -19.4392E-03
             681     20.7697E-03    -546.113E-06     740.730E-06    -20.7493E-03
             682     21.5640E-03    -276.460E-06     769.260E-06    -21.5485E-03
             683     21.8310E-03    -212.394E-21     778.849E-06    -21.8171E-03
             684     21.5640E-03     276.460E-06     769.260E-06    -21.5485E-03
             685     20.7697E-03     546.113E-06     740.730E-06    -20.7493E-03
             686     19.4681E-03     802.318E-06     693.960E-06    -19.4392E-03
             687     17.6922E-03     1.03877E-03     630.102E-06    -17.6504E-03
             688     15.4873E-03     1.24964E-03     550.730E-06    -15.4270E-03
             689     12.9113E-03     1.42974E-03     457.796E-06    -12.8238E-03
             690     10.0354E-03     1.57464E-03     353.590E-06    -9.90476E-03
             691     6.95237E-03     1.68076E-03     240.678E-06    -6.74186E-03
             692     3.83534E-03     1.74550E-03     121.839E-06    -3.41295E-03
             693     1.76726E-03     1.76726E-03     4.74500E-33    -14.3077E-33
             694     1.70171E-03    -1.70171E-03     8.08766E-33    -13.7436E-33
             695     3.69907E-03    -1.68076E-03     240.678E-06    -3.28637E-03
             696     6.70738E-03    -1.61843E-03     475.429E-06    -6.49181E-03
             697     9.68240E-03    -1.51624E-03     698.474E-06    -9.53741E-03
             698     12.4575E-03    -1.37671E-03     904.320E-06    -12.3482E-03
             699     14.9432E-03    -1.20329E-03     1.08790E-03    -14.8549E-03
             700     17.0706E-03    -1.00024E-03     1.24469E-03    -16.9958E-03
             701     18.7842E-03    -772.562E-06     1.37083E-03    -18.7182E-03
             702     20.0401E-03    -525.858E-06     1.46322E-03    -19.9797E-03
             703     20.8066E-03    -266.207E-06     1.51958E-03    -20.7493E-03
             704     21.0642E-03    -297.603E-21     1.53852E-03    -21.0079E-03
             705     20.8066E-03     266.207E-06     1.51958E-03    -20.7493E-03
             706     20.0401E-03     525.858E-06     1.46322E-03    -19.9797E-03
             707     18.7842E-03     772.562E-06     1.37083E-03    -18.7182E-03
             708     17.0706E-03     1.00024E-03     1.24469E-03    -16.9958E-03
             709     14.9432E-03     1.20329E-03     1.08790E-03    -14.8549E-03
             710     12.4575E-03     1.37671E-03     904.320E-06    -12.3482E-03
             711     9.68240E-03     1.51624E-03     698.474E-06    -9.53741E-03
             712     6.70738E-03     1.61843E-03     475.429E-06    -6.49181E-03
             713     3.69907E-03     1.68076E-03     240.678E-06    -3.28637E-03
             714     1.70171E-03     1.70171E-03     8.08766E-33    -13.7436E-33
             715     1.59427E-03    -1.59427E-03     11.2312E-33    -12.8412E-33
             716     3.47619E-03    -1.57464E-03     353.590E-06    -3.07886E-03
             717     6.30687E-03    -1.51624E-03     698.474E-06    -6.08192E-03
             718     9.10543E-03    -1.42050E-03     1.02616E-03    -8.93521E-03
             719     11.7157E-03    -1.28979E-03     1.32858E-03    -11.5685E-03
             720     14.0537E-03    -1.12732E-03     1.59828E-03    -13.9169E-03
             721     16.0547E-03    -937.086E-06     1.82863E-03    -15.9227E-03
             722     17.6664E-03    -723.782E-06     2.01395E-03    -17.5363E-03
             723     18.8477E-03    -492.655E-06     2.14968E-03    -18.7182E-03
             724     19.5685E-03    -249.398E-06     2.23248E-03    -19.4392E-03
             725     19.8109E-03    -138.844E-21     2.26031E-03    -19.6815E-03
             726     19.5685E-03     249.398E-06     2.23248E-03    -19.4392E-03
             727     18.8477E-03     492.655E-06     2.14968E-03    -18.7182E-03
             728     17.6664E-03     723.782E-06     2.01395E-03    -17.5363E-03
             729     16.0547E-03     937.086E-06     1.82863E-03    -15.9227E-03
             730     14.0537E-03     1.12732E-03     1.59828E-03    -13.9169E-03
             731     11.7157E-03     1.28979E-03     1.32858E-03    -11.5685E-03
             732     9.10543E-03     1.42050E-03     1.02616E-03    -8.93521E-03
             733     6.30687E-03     1.51624E-03     698.474E-06    -6.08192E-03
             734     3.47619E-03     1.57464E-03     353.590E-06    -3.07886E-03
             735     1.59427E-03     1.59427E-03     11.2312E-33    -12.8412E-33
             736     1.44756E-03    -1.44756E-03     14.0981E-33    -11.6226E-33
             737     3.17314E-03    -1.42974E-03     457.796E-06    -2.79555E-03
             738     5.76269E-03    -1.37671E-03     904.320E-06    -5.52226E-03
             739     8.32163E-03    -1.28979E-03     1.32858E-03    -8.11300E-03
             740     10.7081E-03    -1.17110E-03     1.72012E-03    -10.5040E-03
             741     12.8455E-03    -1.02358E-03     2.06931E-03    -12.6363E-03
             742     14.6747E-03    -850.856E-06     2.36754E-03    -14.4575E-03
             743     16.1481E-03    -657.180E-06     2.60748E-03    -15.9227E-03
             744     17.2280E-03    -447.322E-06     2.78321E-03    -16.9958E-03
             745     17.8869E-03    -226.449E-06     2.89041E-03    -17.6504E-03
             746     18.1085E-03    -322.337E-21     2.92644E-03    -17.8704E-03
             747     17.8869E-03     226.449E-06     2.89041E-03    -17.6504E-03
             748     17.2280E-03     447.322E-06     2.78321E-03    -16.9958E-03
             749     16.1481E-03     657.180E-06     2.60748E-03    -15.9227E-03
             750     14.6747E-03     850.856E-06     2.36754E-03    -14.4575E-03
             751     12.8455E-03     1.02358E-03     2.06931E-03    -12.6363E-03
             752     10.7081E-03     1.17110E-03     1.72012E-03    -10.5040E-03
             753     8.32163E-03     1.28979E-03     1.32858E-03    -8.11300E-03
             754     5.76269E-03     1.37671E-03     904.320E-06    -5.52226E-03
             755     3.17314E-03     1.42974E-03     457.796E-06    -2.79555E-03
             756     1.44756E-03     1.44756E-03     14.0981E-33    -11.6226E-33
             757     1.26522E-03    -1.26522E-03     16.6180E-33    -10.1177E-33
             758     2.79913E-03    -1.24964E-03     550.730E-06    -2.44340E-03
             759     5.09194E-03    -1.20329E-03     1.08790E-03    -4.82664E-03
             760     7.35581E-03    -1.12732E-03     1.59828E-03    -7.09102E-03
             761     9.46662E-03    -1.02358E-03     2.06931E-03    -9.18081E-03
             762     11.3569E-03    -894.643E-06     2.48938E-03    -11.0445E-03
             763     12.9746E-03    -743.676E-06     2.84815E-03    -12.6363E-03
             764     14.2776E-03    -574.396E-06     3.13680E-03    -13.9169E-03
             765     15.2325E-03    -390.974E-06     3.34821E-03    -14.8549E-03
             766     15.8153E-03    -197.924E-06     3.47717E-03    -15.4270E-03
             767     16.0112E-03     83.2931E-21     3.52051E-03    -15.6193E-03
             768     15.8153E-03     197.924E-06     3.47717E-03    -15.4270E-03
             769     15.2325E-03     390.974E-06     3.34821E-03    -14.8549E-03
             770     14.2776E-03     574.396E-06     3.13680E-03    -13.9169E-03
             771     12.9746E-03     743.676E-06     2.84815E-03    -12.6363E-03
             772     11.3569E-03     894.643E-06     2.48938E-03    -11.0445E-03
             773     9.46662E-03     1.02358E-03     2.06931E-03    -9.18081E-03
             774     7.35581E-03     1.12732E-03     1.59828E-03    -7.09102E-03
             775     5.09194E-03     1.20329E-03     1.08790E-03    -4.82664E-03
             776     2.79913E-03     1.24964E-03     550.730E-06    -2.44340E-03
             777     1.26522E-03     1.26522E-03     16.6180E-33    -10.1177E-33
             778     1.05172E-03    -1.05172E-03     18.7286E-33    -8.36378E-33
             779     2.36672E-03    -1.03877E-03     630.102E-06    -2.03109E-03
             780     4.31824E-03    -1.00024E-03     1.24469E-03    -4.01216E-03
             781     6.24231E-03    -937.086E-06     1.82863E-03    -5.89444E-03
             782     8.03556E-03    -850.856E-06     2.36754E-03    -7.63158E-03
             783     9.64118E-03    -743.676E-06     2.84815E-03    -9.18081E-03
             784     11.0152E-03    -618.183E-06     3.25864E-03    -10.5040E-03
             785     12.1218E-03    -477.469E-06     3.58888E-03    -11.5685E-03
             786     12.9328E-03    -324.998E-06     3.83076E-03    -12.3482E-03
             787     13.4277E-03    -164.525E-06     3.97831E-03    -12.8238E-03
             788     13.5941E-03     33.3308E-21     4.02790E-03    -12.9836E-03
             789     13.4277E-03     164.525E-06     3.97831E-03    -12.8238E-03
             790     12.9328E-03     324.998E-06     3.83076E-03    -12.3482E-03
             791     12.1218E-03     477.469E-06     3.58888E-03    -11.5685E-03
             792     11.0152E-03     618.183E-06     3.25864E-03    -10.5040E-03
             793     9.64118E-03     743.676E-06     2.84815E-03    -9.18081E-03
             794     8.03556E-03     850.856E-06     2.36754E-03    -7.63158E-03
             795     6.24231E-03     937.086E-06     1.82863E-03    -5.89444E-03
             796     4.31824E-03     1.00024E-03     1.24469E-03    -4.01216E-03
             797     2.36672E-03     1.03877E-03     630.102E-06    -2.03109E-03
             798     1.05172E-03     1.05172E-03     18.7286E-33    -8.36378E-33
             799     812.319E-06    -812.319E-06     20.3781E-33    -6.40388E-33
             800     1.89375E-03    -802.318E-06     693.960E-06    -1.56876E-03
             801     3.47551E-03    -772.562E-06     1.37083E-03    -3.09889E-03
             802     5.03062E-03    -723.782E-06     2.01395E-03    -4.55272E-03
             803     6.47883E-03    -657.180E-06     2.60748E-03    -5.89444E-03
             804     7.77509E-03    -574.396E-06     3.13680E-03    -7.09102E-03
             805     8.88419E-03    -477.469E-06     3.58888E-03    -8.11300E-03
             806     9.77737E-03    -368.785E-06     3.95260E-03    -8.93521E-03
             807     10.4319E-03    -251.020E-06     4.21899E-03    -9.53741E-03
             808     10.8313E-03    -127.075E-06     4.38149E-03    -9.90476E-03
             809     10.9656E-03    -72.8155E-21     4.43611E-03    -10.0282E-03
             810     10.8313E-03     127.075E-06     4.38149E-03    -9.90476E-03
             811     10.4319E-03     251.020E-06     4.21899E-03    -9.53741E-03
             812     9.77737E-03     368.785E-06     3.95260E-03    -8.93521E-03
             813     8.88419E-03     477.469E-06     3.58888E-03    -8.11300E-03
             814     7.77509E-03     574.396E-06     3.13680E-03    -7.09102E-03
             815     6.47883E-03     657.180E-06     2.60748E-03    -5.89444E-03
             816     5.03062E-03     723.782E-06     2.01395E-03    -4.55272E-03
             817     3.47551E-03     772.562E-06     1.37083E-03    -3.09889E-03
             818     1.89375E-03     802.318E-06     693.960E-06    -1.56876E-03
             819     812.319E-06     812.319E-06     20.3781E-33    -6.40388E-33
             820     552.920E-06    -552.920E-06     21.5258E-33    -4.28629E-33
             821     1.40965E-03    -546.113E-06     740.730E-06    -1.06781E-03
             822     2.62045E-03    -525.858E-06     1.46322E-03    -2.10932E-03
             823     3.80355E-03    -492.655E-06     2.14968E-03    -3.09889E-03
             824     4.90345E-03    -447.322E-06     2.78321E-03    -4.01216E-03
             825     5.88725E-03    -390.974E-06     3.34821E-03    -4.82664E-03
             826     6.72873E-03    -324.998E-06     3.83076E-03    -5.52226E-03
             827     7.40625E-03    -251.020E-06     4.21899E-03    -6.08192E-03
             828     7.90271E-03    -170.862E-06     4.50333E-03    -6.49181E-03
             829     8.20563E-03    -86.4958E-06     4.67678E-03    -6.74186E-03
             830     8.30746E-03     6.27885E-21     4.73508E-03    -6.82589E-03
             831     8.20563E-03     86.4958E-06     4.67678E-03    -6.74186E-03
             832     7.90271E-03     170.862E-06     4.50333E-03    -6.49181E-03
             833     7.40625E-03     251.020E-06     4.21899E-03    -6.08192E-03
             834     6.72873E-03     324.998E-06     3.83076E-03    -5.52226E-03
             835     5.88725E-03     390.974E-06     3.34821E-03    -4.82664E-03
             836     4.90345E-03     447.322E-06     2.78321E-03    -4.01216E-03
             837     3.80355E-03     492.655E-06     2.14968E-03    -3.09889E-03
             838     2.62045E-03     525.858E-06     1.46322E-03    -2.10932E-03
             839     1.40965E-03     546.113E-06     740.730E-06    -1.06781E-03
             840     552.920E-06     552.920E-06     21.5258E-33    -4.28629E-33
             841     279.906E-06    -279.906E-06     22.1434E-33    -2.06316E-33
             842     979.997E-06    -276.460E-06     769.260E-06    -540.558E-06
             843     1.87622E-03    -266.207E-06     1.51958E-03    -1.06781E-03
             844     2.73992E-03    -249.398E-06     2.23248E-03    -1.56876E-03
             845     3.53992E-03    -226.449E-06     2.89041E-03    -2.03109E-03
             846     4.25442E-03    -197.924E-06     3.47717E-03    -2.44340E-03
             847     4.86509E-03    -164.525E-06     3.97831E-03    -2.79555E-03
             848     5.35659E-03    -127.075E-06     4.38149E-03    -3.07886E-03
             849     5.71664E-03    -86.4958E-06     4.67678E-03    -3.28637E-03
             850     5.93631E-03    -43.7870E-06     4.85692E-03    -3.41295E-03
             851     6.01014E-03     84.9693E-21     4.91746E-03    -3.45549E-03
             852     5.93631E-03     43.7870E-06     4.85692E-03    -3.41295E-03
             853     5.71664E-03     86.4958E-06     4.67678E-03    -3.28637E-03
             854     5.35659E-03     127.075E-06     4.38149E-03    -3.07886E-03
             855     4.86509E-03     164.525E-06     3.97831E-03    -2.79555E-03
             856     4.25442E-03     197.924E-06     3.47717E-03    -2.44340E-03
             857     3.53992E-03     226.449E-06     2.89041E-03    -2.03109E-03
             858     2.73992E-03     249.398E-06     2.23248E-03    -1.56876E-03
             859     1.87622E-03     266.207E-06     1.51958E-03    -1.06781E-03
             860     979.997E-06     276.460E-06     769.260E-06    -540.558E-06
             861     279.906E-06     279.906E-06     22.1434E-33    -2.06316E-33
             862              0.    -8.23875E-33     7.48087E-33    -332.641E-36
             863     778.849E-06    -21.7499E-33     778.849E-06    -500.831E-36
             864     1.53852E-03    -19.9952E-33     1.53852E-03    -778.561E-36
             865     2.26031E-03    -17.7480E-33     2.26031E-03    -1.03712E-33
             866     2.92644E-03    -15.0639E-33     2.92644E-03    -1.27014E-33
             867     3.52051E-03    -12.0088E-33     3.52051E-03    -1.47189E-33
             868     4.02790E-03    -8.65806E-33     4.02790E-03    -1.63739E-33
             869     4.43611E-03    -5.09411E-33     4.43611E-03    -1.76258E-33
             870     4.73508E-03    -1.40472E-33     4.73508E-03    -1.84437E-33
             871     4.91746E-03     2.31925E-33     4.91746E-03    -1.88074E-33
             872     4.97876E-03     5.98612E-33     4.97876E-03    -1.87080E-33
             873     4.91746E-03     9.50559E-33     4.91746E-03    -1.81479E-33
             874     4.73508E-03     12.7910E-33     4.73508E-03    -1.71410E-33
             875     4.43611E-03     15.7615E-33     4.43611E-03    -1.57121E-33
             876     4.02790E-03     18.3438E-33     4.02790E-03    -1.38962E-33
             877     3.52051E-03     20.4745E-33     3.52051E-03    -1.17382E-33
             878     2.92644E-03     22.1010E-33     2.92644E-03    -929.112E-36
             879     2.26031E-03     23.1833E-33     2.26031E-03    -661.529E-36
             880     1.53852E-03     23.6948E-33     1.53852E-03    -377.656E-36
             881     778.849E-06     23.6228E-33     778.849E-06    -84.4838E-36
             882              0.     8.23875E-33     7.48087E-33    -332.641E-36
             883              0.    -7.68385E-33    -6.41037E-33    -452.165E-36
             884     673.037E-06    -18.8173E-33    -673.037E-06    -955.649E-36
             885     1.32950E-03    -17.4701E-33    -1.32950E-03    -1.37549E-33
             886     1.95323E-03    -15.6927E-33    -1.95323E-03    -1.76147E-33
             887     2.52886E-03    -13.5290E-33    -2.52886E-03    -2.10407E-33
             888     3.04222E-03    -11.0321E-33    -3.04222E-03    -2.39487E-33
             889     3.48068E-03    -8.26358E-33    -3.48068E-03    -2.62669E-33
             890     3.83343E-03    -5.29157E-33    -3.83343E-03    -2.79384E-33
             891     4.09178E-03    -2.18927E-33    -4.09178E-03    -2.89219E-33
             892     4.24939E-03     966.936E-36    -4.24939E-03    -2.91933E-33
             893     4.30236E-03     4.09933E-33    -4.30236E-03    -2.87458E-33
             894     4.24939E-03     7.13079E-33    -4.24939E-03    -2.75905E-33
             895     4.09178E-03     9.98667E-33    -4.09178E-03    -2.57559E-33
             896     3.83343E-03     12.5966E-33    -3.83343E-03    -2.32871E-33
             897     3.48068E-03     14.8964E-33    -3.48068E-03    -2.02448E-33
             898     3.04222E-03     16.8294E-33    -3.04222E-03    -1.67041E-33
             899     2.52886E-03     18.3480E-33    -2.52886E-03    -1.27520E-33
             900     1.95323E-03     19.4149E-33    -1.95323E-03    -848.595E-36
             901     1.32950E-03     20.0036E-33    -1.32950E-03    -401.095E-36
             902     673.037E-06     20.0998E-33    -673.037E-06     56.2813E-36
             903              0.     7.68385E-33    -6.41037E-33    -452.165E-36
             904     190.682E-06    -190.682E-06    -18.0188E-33    -4.18059E-33
             905     878.063E-06    -188.335E-06    -664.751E-06    -541.878E-06
             906     1.70382E-03    -181.350E-06    -1.31313E-03    -1.07041E-03
             907     2.49472E-03    -169.899E-06    -1.92918E-03    -1.57259E-03
             908     3.22613E-03    -154.265E-06    -2.49773E-03    -2.03605E-03
             909     3.87895E-03    -134.833E-06    -3.00477E-03    -2.44937E-03
             910     4.43673E-03    -112.080E-06    -3.43783E-03    -2.80238E-03
             911     4.88557E-03    -86.5680E-06    -3.78623E-03    -3.08638E-03
             912     5.21435E-03    -58.9241E-06    -4.04141E-03    -3.29439E-03
             913     5.41493E-03    -29.8293E-06    -4.19707E-03    -3.42128E-03
             914     5.48234E-03    -53.5537E-21    -4.24939E-03    -3.46393E-03
             915     5.41493E-03     29.8293E-06    -4.19707E-03    -3.42128E-03
             916     5.21435E-03     58.9241E-06    -4.04141E-03    -3.29439E-03
             917     4.88557E-03     86.5680E-06    -3.78623E-03    -3.08638E-03
             918     4.43673E-03     112.080E-06    -3.43783E-03    -2.80238E-03
             919     3.87895E-03     134.833E-06    -3.00477E-03    -2.44937E-03
             920     3.22613E-03     154.265E-06    -2.49773E-03    -2.03605E-03
             921     2.49472E-03     169.899E-06    -1.92918E-03    -1.57259E-03
             922     1.70382E-03     181.350E-06    -1.31313E-03    -1.07041E-03
             923     878.063E-06     188.335E-06    -664.751E-06    -541.878E-06
             924     190.682E-06     190.682E-06    -18.0188E-33    -4.18059E-33
             925     376.670E-06    -376.670E-06    -17.1808E-33    -7.74598E-33
             926     1.30151E-03    -372.032E-06    -640.096E-06    -1.07041E-03
             927     2.48960E-03    -358.234E-06    -1.26443E-03    -2.11447E-03
             928     3.63504E-03    -335.615E-06    -1.85763E-03    -3.10646E-03
             929     4.69611E-03    -304.732E-06    -2.40509E-03    -4.02196E-03
             930     5.64381E-03    -266.346E-06    -2.89333E-03    -4.83843E-03
             931     6.45382E-03    -221.401E-06    -3.31032E-03    -5.53575E-03
             932     7.10576E-03    -171.004E-06    -3.64581E-03    -6.09677E-03
             933     7.58335E-03    -116.397E-06    -3.89152E-03    -6.50767E-03
             934     7.87473E-03    -58.9241E-06    -4.04141E-03    -6.75832E-03
             935     7.97267E-03    -176.140E-21    -4.09178E-03    -6.84257E-03
             936     7.87473E-03     58.9241E-06    -4.04141E-03    -6.75832E-03
             937     7.58335E-03     116.397E-06    -3.89152E-03    -6.50767E-03
             938     7.10576E-03     171.004E-06    -3.64581E-03    -6.09677E-03
             939     6.45382E-03     221.401E-06    -3.31032E-03    -5.53575E-03
             940     5.64381E-03     266.346E-06    -2.89333E-03    -4.83843E-03
             941     4.69611E-03     304.732E-06    -2.40509E-03    -4.02196E-03
             942     3.63504E-03     335.615E-06    -1.85763E-03    -3.10646E-03
             943     2.48960E-03     358.234E-06    -1.26443E-03    -2.11447E-03
             944     1.30151E-03     372.032E-06    -640.096E-06    -1.07041E-03
             945     376.670E-06     376.670E-06    -17.1808E-33    -7.74598E-33
             946     553.382E-06    -553.382E-06    -15.9197E-33    -11.1206E-33
             947     1.76958E-03    -546.569E-06    -599.680E-06    -1.57259E-03
             948     3.36606E-03    -526.298E-06    -1.18459E-03    -3.10646E-03
             949     4.90923E-03    -493.067E-06    -1.74034E-03    -4.56384E-03
             950     6.33971E-03    -447.695E-06    -2.25323E-03    -5.90884E-03
             951     7.61769E-03    -391.300E-06    -2.71064E-03    -7.10834E-03
             952     8.71015E-03    -325.270E-06    -3.10131E-03    -8.13282E-03
             953     9.58947E-03    -251.230E-06    -3.41561E-03    -8.95704E-03
             954     10.2337E-03    -171.004E-06    -3.64581E-03    -9.56070E-03
             955     10.6267E-03    -86.5680E-06    -3.78623E-03    -9.92895E-03
             956     10.7588E-03    -369.956E-21    -3.83343E-03    -10.0527E-03
             957     10.6267E-03     86.5680E-06    -3.78623E-03    -9.92895E-03
             958     10.2337E-03     171.004E-06    -3.64581E-03    -9.56070E-03
             959     9.58947E-03     251.230E-06    -3.41561E-03    -8.95704E-03
             960     8.71015E-03     325.270E-06    -3.10131E-03    -8.13282E-03
             961     7.61769E-03     391.300E-06    -2.71064E-03    -7.10834E-03
             962     6.33971E-03     447.695E-06    -2.25323E-03    -5.90884E-03
             963     4.90923E-03     493.067E-06    -1.74034E-03    -4.56384E-03
             964     3.36606E-03     526.298E-06    -1.18459E-03    -3.10646E-03
             965     1.76958E-03     546.569E-06    -599.680E-06    -1.57259E-03
             966     553.382E-06     553.382E-06    -15.9197E-33    -11.1206E-33
             967     716.468E-06    -716.468E-06    -14.2667E-33    -14.2215E-33
             968     2.22323E-03    -707.647E-06    -544.498E-06    -2.03605E-03
             969     4.21869E-03    -681.402E-06    -1.07559E-03    -4.02196E-03
             970     6.14971E-03    -638.378E-06    -1.58020E-03    -5.90884E-03
             971     7.94025E-03    -579.635E-06    -2.04589E-03    -7.65022E-03
             972     9.54011E-03    -506.620E-06    -2.46121E-03    -9.20323E-03
             973     10.9078E-03    -421.129E-06    -2.81593E-03    -10.5296E-03
             974     12.0087E-03    -325.270E-06    -3.10131E-03    -11.5967E-03
             975     12.8152E-03    -221.401E-06    -3.31032E-03    -12.3783E-03
             976     13.3073E-03    -112.080E-06    -3.43783E-03    -12.8551E-03
             977     13.4727E-03    -454.488E-21    -3.48068E-03    -13.0153E-03
             978     13.3073E-03     112.080E-06    -3.43783E-03    -12.8551E-03
             979     12.8152E-03     221.401E-06    -3.31032E-03    -12.3783E-03
             980     12.0087E-03     325.270E-06    -3.10131E-03    -11.5967E-03
             981     10.9078E-03     421.129E-06    -2.81593E-03    -10.5296E-03
             982     9.54011E-03     506.620E-06    -2.46121E-03    -9.20323E-03
             983     7.94025E-03     579.635E-06    -2.04589E-03    -7.65022E-03
             984     6.14971E-03     638.378E-06    -1.58020E-03    -5.90884E-03
             985     4.21869E-03     681.402E-06    -1.07559E-03    -4.02196E-03
             986     2.22323E-03     707.647E-06    -544.498E-06    -2.03605E-03
             987     716.468E-06     716.468E-06    -14.2667E-33    -14.2215E-33
             988     861.913E-06    -861.913E-06    -12.2623E-33    -16.9721E-33
             989     2.63640E-03    -851.301E-06    -475.909E-06    -2.44937E-03
             990     4.99661E-03    -819.728E-06    -940.099E-06    -4.83843E-03
             991     7.28189E-03    -767.970E-06    -1.38114E-03    -7.10834E-03
             992     9.40124E-03    -697.302E-06    -1.78817E-03    -9.20323E-03
             993     11.2950E-03    -609.464E-06    -2.15118E-03    -11.0715E-03
             994     12.9140E-03    -506.620E-06    -2.46121E-03    -12.6672E-03
             995     14.2172E-03    -391.300E-06    -2.71064E-03    -13.9509E-03
             996     15.1720E-03    -266.346E-06    -2.89333E-03    -14.8911E-03
             997     15.7545E-03    -134.833E-06    -3.00477E-03    -15.4647E-03
             998     15.9503E-03    -276.145E-21    -3.04222E-03    -15.6575E-03
             999     15.7545E-03     134.833E-06    -3.00477E-03    -15.4647E-03
            1000     15.1720E-03     266.346E-06    -2.89333E-03    -14.8911E-03
            1001     14.2172E-03     391.300E-06    -2.71064E-03    -13.9509E-03
            1002     12.9140E-03     506.620E-06    -2.46121E-03    -12.6672E-03
            1003     11.2950E-03     609.464E-06    -2.15118E-03    -11.0715E-03
            1004     9.40124E-03     697.302E-06    -1.78817E-03    -9.20323E-03
            1005     7.28189E-03     767.970E-06    -1.38114E-03    -7.10834E-03
            1006     4.99661E-03     819.728E-06    -940.099E-06    -4.83843E-03
            1007     2.63640E-03     851.301E-06    -475.909E-06    -2.44937E-03
            1008     861.913E-06     861.913E-06    -12.2623E-33    -16.9721E-33
            1009     986.134E-06    -986.134E-06    -9.95602E-33    -19.3048E-33
            1010     2.99307E-03    -973.993E-06    -395.601E-06    -2.80238E-03
            1011     5.66876E-03    -937.869E-06    -781.461E-06    -5.53575E-03
            1012     8.26032E-03    -878.652E-06    -1.14808E-03    -8.13282E-03
            1013     10.6639E-03    -797.799E-06    -1.48643E-03    -10.5296E-03
            1014     12.8117E-03    -697.302E-06    -1.78817E-03    -12.6672E-03
            1015     14.6480E-03    -579.635E-06    -2.04589E-03    -14.4928E-03
            1016     16.1260E-03    -447.695E-06    -2.25323E-03    -15.9616E-03
            1017     17.2089E-03    -304.732E-06    -2.40509E-03    -17.0373E-03
            1018     17.8696E-03    -154.265E-06    -2.49773E-03    -17.6935E-03
            1019     18.0917E-03    -387.465E-21    -2.52886E-03    -17.9141E-03
            1020     17.8696E-03     154.265E-06    -2.49773E-03    -17.6935E-03
            1021     17.2089E-03     304.732E-06    -2.40509E-03    -17.0373E-03
            1022     16.1260E-03     447.695E-06    -2.25323E-03    -15.9616E-03
            1023     14.6480E-03     579.635E-06    -2.04589E-03    -14.4928E-03
            1024     12.8117E-03     697.302E-06    -1.78817E-03    -12.6672E-03
            1025     10.6639E-03     797.799E-06    -1.48643E-03    -10.5296E-03
            1026     8.26032E-03     878.652E-06    -1.14808E-03    -8.13282E-03
            1027     5.66876E-03     937.869E-06    -781.461E-06    -5.53575E-03
            1028     2.99307E-03     973.993E-06    -395.601E-06    -2.80238E-03
            1029     986.134E-06     986.134E-06    -9.95602E-33    -19.3048E-33
            1030     1.08607E-03    -1.08607E-03    -7.40458E-33    -21.1622E-33
            1031     3.28174E-03    -1.07270E-03    -305.552E-06    -3.08638E-03
            1032     6.21304E-03    -1.03292E-03    -603.581E-06    -6.09677E-03
            1033     9.05269E-03    -967.698E-06    -886.747E-06    -8.95704E-03
            1034     11.6865E-03    -878.652E-06    -1.14808E-03    -11.5967E-03
            1035     14.0401E-03    -767.970E-06    -1.38114E-03    -13.9509E-03
            1036     16.0523E-03    -638.378E-06    -1.58020E-03    -15.9616E-03
            1037     17.6720E-03    -493.067E-06    -1.74034E-03    -17.5792E-03
            1038     18.8587E-03    -335.615E-06    -1.85763E-03    -18.7639E-03
            1039     19.5827E-03    -169.899E-06    -1.92918E-03    -19.4867E-03
            1040     19.8260E-03    -292.897E-21    -1.95323E-03    -19.7296E-03
            1041     19.5827E-03     169.899E-06    -1.92918E-03    -19.4867E-03
            1042     18.8587E-03     335.615E-06    -1.85763E-03    -18.7639E-03
            1043     17.6720E-03     493.067E-06    -1.74034E-03    -17.5792E-03
            1044     16.0523E-03     638.378E-06    -1.58020E-03    -15.9616E-03
            1045     14.0401E-03     767.970E-06    -1.38114E-03    -13.9509E-03
            1046     11.6865E-03     878.652E-06    -1.14808E-03    -11.5967E-03
            1047     9.05269E-03     967.698E-06    -886.747E-06    -8.95704E-03
            1048     6.21304E-03     1.03292E-03    -603.581E-06    -6.09677E-03
            1049     3.28174E-03     1.07270E-03    -305.552E-06    -3.08638E-03
            1050     1.08607E-03     1.08607E-03    -7.40458E-33    -21.1622E-33
            1051     1.15927E-03    -1.15927E-03    -4.67081E-33    -22.4985E-33
            1052     3.49390E-03    -1.14500E-03    -207.980E-06    -3.29439E-03
            1053     6.61318E-03    -1.10253E-03    -410.838E-06    -6.50767E-03
            1054     9.63526E-03    -1.03292E-03    -603.581E-06    -9.56070E-03
            1055     12.4384E-03    -937.869E-06    -781.461E-06    -12.3783E-03
            1056     14.9433E-03    -819.728E-06    -940.099E-06    -14.8911E-03
            1057     17.0848E-03    -681.402E-06    -1.07559E-03    -17.0373E-03
            1058     18.8087E-03    -526.298E-06    -1.18459E-03    -18.7639E-03
            1059     20.0716E-03    -358.234E-06    -1.26443E-03    -20.0285E-03
            1060     20.8422E-03    -181.350E-06    -1.31313E-03    -20.8000E-03
            1061     21.1012E-03    -248.852E-21    -1.32950E-03    -21.0593E-03
            1062     20.8422E-03     181.350E-06    -1.31313E-03    -20.8000E-03
            1063     20.0716E-03     358.234E-06    -1.26443E-03    -20.0285E-03
            1064     18.8087E-03     526.298E-06    -1.18459E-03    -18.7639E-03
            1065     17.0848E-03     681.402E-06    -1.07559E-03    -17.0373E-03
            1066     14.9433E-03     819.728E-06    -940.099E-06    -14.8911E-03
            1067     12.4384E-03     937.869E-06    -781.461E-06    -12.3783E-03
            1068     9.63526E-03     1.03292E-03    -603.581E-06    -9.56070E-03
            1069     6.61318E-03     1.10253E-03    -410.838E-06    -6.50767E-03
            1070     3.49390E-03     1.14500E-03    -207.980E-06    -3.29439E-03
            1071     1.15927E-03     1.15927E-03    -4.67081E-33    -22.4985E-33
            1072     1.20392E-03    -1.20392E-03    -1.82203E-33    -23.2808E-33
            1073     3.62357E-03    -1.18910E-03    -105.286E-06    -3.42128E-03
            1074     6.85778E-03    -1.14500E-03    -207.980E-06    -6.75832E-03
            1075     9.99140E-03    -1.07270E-03    -305.552E-06    -9.92895E-03
            1076     12.8980E-03    -973.993E-06    -395.601E-06    -12.8551E-03
            1077     15.4954E-03    -851.301E-06    -475.909E-06    -15.4647E-03
            1078     17.7160E-03    -707.647E-06    -544.498E-06    -17.6935E-03
            1079     19.5036E-03    -546.569E-06    -599.680E-06    -19.4867E-03
            1080     20.8132E-03    -372.032E-06    -640.096E-06    -20.8000E-03
            1081     21.6122E-03    -188.335E-06    -664.751E-06    -21.6011E-03
            1082     21.8807E-03    -137.076E-21    -673.037E-06    -21.8704E-03
            1083     21.6122E-03     188.335E-06    -664.751E-06    -21.6011E-03
            1084     20.8132E-03     372.032E-06    -640.096E-06    -20.8000E-03
            1085     19.5036E-03     546.569E-06    -599.680E-06    -19.4867E-03
            1086     17.7160E-03     707.647E-06    -544.498E-06    -17.6935E-03
            1087     15.4954E-03     851.301E-06    -475.909E-06    -15.4647E-03
            1088     12.8980E-03     973.993E-06    -395.601E-06    -12.8551E-03
            1089     9.99140E-03     1.07270E-03    -305.552E-06    -9.92895E-03
            1090     6.85778E-03     1.14500E-03    -207.980E-06    -6.75832E-03
            1091     3.62357E-03     1.18910E-03    -105.286E-06    -3.42128E-03
            1092     1.20392E-03     1.20392E-03    -1.82203E-33    -23.2808E-33
            1093     1.21893E-03    -1.21893E-03     1.07161E-33    -23.4899E-33
            1094     3.66718E-03    -1.20392E-03    -381.756E-21    -3.46393E-03
            1095     6.94007E-03    -1.15927E-03    -582.076E-21    -6.84257E-03
            1096     10.1112E-03    -1.08607E-03    -424.021E-21    -10.0527E-03
            1097     13.0526E-03    -986.134E-06    -476.059E-21    -13.0153E-03
            1098     15.6812E-03    -861.913E-06    -12.8777E-21    -15.6575E-03
            1099     17.9284E-03    -716.468E-06     46.7197E-21    -17.9141E-03
            1100     19.7373E-03    -553.382E-06    -619.216E-21    -19.7296E-03
            1101     21.0626E-03    -376.670E-06    -806.591E-21    -21.0593E-03
            1102     21.8712E-03    -190.682E-06    -874.394E-21    -21.8704E-03
            1103     22.1430E-03     213.909E-21    -292.524E-21    -22.1430E-03
            1104     21.8712E-03     190.682E-06    -398.153E-21    -21.8704E-03
            1105     21.0626E-03     376.670E-06    -917.111E-21    -21.0593E-03
            1106     19.7373E-03     553.382E-06     117.306E-21    -19.7296E-03
            1107     17.9284E-03     716.468E-06     326.763E-21    -17.9141E-03
            1108     15.6812E-03     861.913E-06     362.694E-21    -15.6575E-03
            1109     13.0526E-03     986.134E-06    -140.723E-21    -13.0153E-03
            1110     10.1112E-03     1.08607E-03    -1.07823E-18    -10.0527E-03
            1111     6.94007E-03     1.15927E-03    -735.737E-21    -6.84257E-03
            1112     3.66718E-03     1.20392E-03    -939.841E-21    -3.46393E-03
            1113     1.21893E-03     1.21893E-03     1.07161E-33    -23.4899E-33
            1114     1.20392E-03    -1.20392E-03     3.93886E-33    -23.1206E-33
            1115     3.62357E-03    -1.18910E-03     105.286E-06    -3.42128E-03
            1116     6.85778E-03    -1.14500E-03     207.980E-06    -6.75832E-03
            1117     9.99140E-03    -1.07270E-03     305.552E-06    -9.92895E-03
            1118     12.8980E-03    -973.993E-06     395.601E-06    -12.8551E-03
            1119     15.4954E-03    -851.301E-06     475.909E-06    -15.4647E-03
            1120     17.7160E-03    -707.647E-06     544.498E-06    -17.6935E-03
            1121     19.5036E-03    -546.569E-06     599.680E-06    -19.4867E-03
            1122     20.8132E-03    -372.032E-06     640.096E-06    -20.8000E-03
            1123     21.6122E-03    -188.335E-06     664.751E-06    -21.6011E-03
            1124     21.8807E-03    -312.704E-21     673.037E-06    -21.8704E-03
            1125     21.6122E-03     188.335E-06     664.751E-06    -21.6011E-03
            1126     20.8132E-03     372.032E-06     640.096E-06    -20.8000E-03
            1127     19.5036E-03     546.569E-06     599.680E-06    -19.4867E-03
            1128     17.7160E-03     707.647E-06     544.498E-06    -17.6935E-03
            1129     15.4954E-03     851.301E-06     475.909E-06    -15.4647E-03
            1130     12.8980E-03     973.993E-06     395.601E-06    -12.8551E-03
            1131     9.99140E-03     1.07270E-03     305.552E-06    -9.92895E-03
            1132     6.85778E-03     1.14500E-03     207.980E-06    -6.75832E-03
            1133     3.62357E-03     1.18910E-03     105.286E-06    -3.42128E-03
            1134     1.20392E-03     1.20392E-03     3.93886E-33    -23.1206E-33
            1135     1.15927E-03    -1.15927E-03     6.70913E-33    -22.1819E-33
            1136     3.49390E-03    -1.14500E-03     207.980E-06    -3.29439E-03
            1137     6.61318E-03    -1.10253E-03     410.838E-06    -6.50767E-03
            1138     9.63526E-03    -1.03292E-03     603.581E-06    -9.56070E-03
            1139     12.4384E-03    -937.869E-06     781.461E-06    -12.3783E-03
            1140     14.9433E-03    -819.728E-06     940.099E-06    -14.8911E-03
            1141     17.0848E-03    -681.402E-06     1.07559E-03    -17.0373E-03
            1142     18.8087E-03    -526.298E-06     1.18459E-03    -18.7639E-03
            1143     20.0716E-03    -358.234E-06     1.26443E-03    -20.0285E-03
            1144     20.8422E-03    -181.350E-06     1.31313E-03    -20.8000E-03
            1145     21.1012E-03    -42.4298E-21     1.32950E-03    -21.0593E-03
            1146     20.8422E-03     181.350E-06     1.31313E-03    -20.8000E-03
            1147     20.0716E-03     358.234E-06     1.26443E-03    -20.0285E-03
            1148     18.8087E-03     526.298E-06     1.18459E-03    -18.7639E-03
            1149     17.0848E-03     681.402E-06     1.07559E-03    -17.0373E-03
            1150     14.9433E-03     819.728E-06     940.099E-06    -14.8911E-03
            1151     12.4384E-03     937.869E-06     781.461E-06    -12.3783E-03
            1152     9.63526E-03     1.03292E-03     603.581E-06    -9.56070E-03
            1153     6.61318E-03     1.10253E-03     410.838E-06    -6.50767E-03
            1154     3.49390E-03     1.14500E-03     207.980E-06    -3.29439E-03
            1155     1.15927E-03     1.15927E-03     6.70913E-33    -22.1819E-33
            1156     1.08607E-03    -1.08607E-03     9.31419E-33    -20.6971E-33
            1157     3.28174E-03    -1.07270E-03     305.552E-06    -3.08638E-03
            1158     6.21304E-03    -1.03292E-03     603.581E-06    -6.09677E-03
            1159     9.05269E-03    -967.698E-06     886.747E-06    -8.95704E-03
            1160     11.6865E-03    -878.652E-06     1.14808E-03    -11.5967E-03
            1161     14.0401E-03    -767.970E-06     1.38114E-03    -13.9509E-03
            1162     16.0523E-03    -638.378E-06     1.58020E-03    -15.9616E-03
            1163     17.6720E-03    -493.067E-06     1.74034E-03    -17.5792E-03
            1164     18.8587E-03    -335.615E-06     1.85763E-03    -18.7639E-03
            1165     19.5827E-03    -169.899E-06     1.92918E-03    -19.4867E-03
            1166     19.8260E-03    -266.965E-21     1.95323E-03    -19.7296E-03
            1167     19.5827E-03     169.899E-06     1.92918E-03    -19.4867E-03
            1168     18.8587E-03     335.615E-06     1.85763E-03    -18.7639E-03
            1169     17.6720E-03     493.067E-06     1.74034E-03    -17.5792E-03
            1170     16.0523E-03     638.378E-06     1.58020E-03    -15.9616E-03
            1171     14.0401E-03     767.970E-06     1.38114E-03    -13.9509E-03
            1172     11.6865E-03     878.652E-06     1.14808E-03    -11.5967E-03
            1173     9.05269E-03     967.698E-06     886.747E-06    -8.95704E-03
            1174     6.21304E-03     1.03292E-03     603.581E-06    -6.09677E-03
            1175     3.28174E-03     1.07270E-03     305.552E-06    -3.08638E-03
            1176     1.08607E-03     1.08607E-03     9.31419E-33    -20.6971E-33
            1177     986.134E-06    -986.134E-06     11.6899E-33    -18.7026E-33
            1178     2.99307E-03    -973.993E-06     395.601E-06    -2.80238E-03
            1179     5.66876E-03    -937.869E-06     781.461E-06    -5.53575E-03
            1180     8.26032E-03    -878.652E-06     1.14808E-03    -8.13282E-03
            1181     10.6639E-03    -797.799E-06     1.48643E-03    -10.5296E-03
            1182     12.8117E-03    -697.302E-06     1.78817E-03    -12.6672E-03
            1183     14.6480E-03    -579.635E-06     2.04589E-03    -14.4928E-03
            1184     16.1260E-03    -447.695E-06     2.25323E-03    -15.9616E-03
            1185     17.2089E-03    -304.732E-06     2.40509E-03    -17.0373E-03
            1186     17.8696E-03    -154.265E-06     2.49773E-03    -17.6935E-03
            1187     18.0917E-03    -302.965E-21     2.52886E-03    -17.9141E-03
            1188     17.8696E-03     154.265E-06     2.49773E-03    -17.6935E-03
            1189     17.2089E-03     304.732E-06     2.40509E-03    -17.0373E-03
            1190     16.1260E-03     447.695E-06     2.25323E-03    -15.9616E-03
            1191     14.6480E-03     579.635E-06     2.04589E-03    -14.4928E-03
            1192     12.8117E-03     697.302E-06     1.78817E-03    -12.6672E-03
            1193     10.6639E-03     797.799E-06     1.48643E-03    -10.5296E-03
            1194     8.26032E-03     878.652E-06     1.14808E-03    -8.13282E-03
            1195     5.66876E-03     937.869E-06     781.461E-06    -5.53575E-03
            1196     2.99307E-03     973.993E-06     395.601E-06    -2.80238E-03
            1197     986.134E-06     986.134E-06     11.6899E-33    -18.7026E-33
            1198     861.913E-06    -861.913E-06     13.7778E-33    -16.2476E-33
            1199     2.63640E-03    -851.301E-06     475.909E-06    -2.44937E-03
            1200     4.99661E-03    -819.728E-06     940.099E-06    -4.83843E-03
            1201     7.28189E-03    -767.970E-06     1.38114E-03    -7.10834E-03
            1202     9.40124E-03    -697.302E-06     1.78817E-03    -9.20323E-03
            1203     11.2950E-03    -609.464E-06     2.15118E-03    -11.0715E-03
            1204     12.9140E-03    -506.620E-06     2.46121E-03    -12.6672E-03
            1205     14.2172E-03    -391.300E-06     2.71064E-03    -13.9509E-03
            1206     15.1720E-03    -266.346E-06     2.89333E-03    -14.8911E-03
            1207     15.7545E-03    -134.833E-06     3.00477E-03    -15.4647E-03
            1208     15.9503E-03     39.3493E-21     3.04222E-03    -15.6575E-03
            1209     15.7545E-03     134.833E-06     3.00477E-03    -15.4647E-03
            1210     15.1720E-03     266.346E-06     2.89333E-03    -14.8911E-03
            1211     14.2172E-03     391.300E-06     2.71064E-03    -13.9509E-03
            1212     12.9140E-03     506.620E-06     2.46121E-03    -12.6672E-03
            1213     11.2950E-03     609.464E-06     2.15118E-03    -11.0715E-03
            1214     9.40124E-03     697.302E-06     1.78817E-03    -9.20323E-03
            1215     7.28189E-03     767.970E-06     1.38114E-03    -7.10834E-03
            1216     4.99661E-03     819.728E-06     940.099E-06    -4.83843E-03
            1217     2.63640E-03     851.301E-06     475.909E-06    -2.44937E-03
            1218     861.913E-06     861.913E-06     13.7778E-33    -16.2476E-33
            1219     716.468E-06    -716.468E-06     15.5264E-33    -13.3926E-33
            1220     2.22323E-03    -707.647E-06     544.498E-06    -2.03605E-03
            1221     4.21869E-03    -681.402E-06     1.07559E-03    -4.02196E-03
            1222     6.14971E-03    -638.378E-06     1.58020E-03    -5.90884E-03
            1223     7.94025E-03    -579.635E-06     2.04589E-03    -7.65022E-03
            1224     9.54011E-03    -506.620E-06     2.46121E-03    -9.20323E-03
            1225     10.9078E-03    -421.129E-06     2.81593E-03    -10.5296E-03
            1226     12.0087E-03    -325.270E-06     3.10131E-03    -11.5967E-03
            1227     12.8152E-03    -221.401E-06     3.31032E-03    -12.3783E-03
            1228     13.3073E-03    -112.080E-06     3.43783E-03    -12.8551E-03
            1229     13.4727E-03     142.425E-21     3.48068E-03    -13.0153E-03
            1230     13.3073E-03     112.080E-06     3.43783E-03    -12.8551E-03
            1231     12.8152E-03     221.401E-06     3.31032E-03    -12.3783E-03
            1232     12.0087E-03     325.270E-06     3.10131E-03    -11.5967E-03
            1233     10.9078E-03     421.129E-06     2.81593E-03    -10.5296E-03
            1234     9.54011E-03     506.620E-06     2.46121E-03    -9.20323E-03
            1235     7.94025E-03     579.635E-06     2.04589E-03    -7.65022E-03
            1236     6.14971E-03     638.378E-06     1.58020E-03    -5.90884E-03
            1237     4.21869E-03     681.402E-06     1.07559E-03    -4.02196E-03
            1238     2.22323E-03     707.647E-06     544.498E-06    -2.03605E-03
            1239     716.468E-06     716.468E-06     15.5264E-33    -13.3926E-33
            1240     553.382E-06    -553.382E-06     16.8927E-33    -10.2078E-33
            1241     1.76958E-03    -546.569E-06     599.680E-06    -1.57259E-03
            1242     3.36606E-03    -526.298E-06     1.18459E-03    -3.10646E-03
            1243     4.90923E-03    -493.067E-06     1.74034E-03    -4.56384E-03
            1244     6.33971E-03    -447.695E-06     2.25323E-03    -5.90884E-03
            1245     7.61769E-03    -391.300E-06     2.71064E-03    -7.10834E-03
            1246     8.71015E-03    -325.270E-06     3.10131E-03    -8.13282E-03
            1247     9.58947E-03    -251.230E-06     3.41561E-03    -8.95704E-03
            1248     10.2337E-03    -171.004E-06     3.64581E-03    -9.56070E-03
            1249     10.6267E-03    -86.5680E-06     3.78623E-03    -9.92895E-03
            1250     10.7588E-03    -97.4908E-21     3.83343E-03    -10.0527E-03
            1251     10.6267E-03     86.5680E-06     3.78623E-03    -9.92895E-03
            1252     10.2337E-03     171.004E-06     3.64581E-03    -9.56070E-03
            1253     9.58947E-03     251.230E-06     3.41561E-03    -8.95704E-03
            1254     8.71015E-03     325.270E-06     3.10131E-03    -8.13282E-03
            1255     7.61769E-03     391.300E-06     2.71064E-03    -7.10834E-03
            1256     6.33971E-03     447.695E-06     2.25323E-03    -5.90884E-03
            1257     4.90923E-03     493.067E-06     1.74034E-03    -4.56384E-03
            1258     3.36606E-03     526.298E-06     1.18459E-03    -3.10646E-03
            1259     1.76958E-03     546.569E-06     599.680E-06    -1.57259E-03
            1260     553.382E-06     553.382E-06     16.8927E-33    -10.2078E-33
            1261     376.670E-06    -376.670E-06     17.8431E-33    -6.77158E-33
            1262     1.30151E-03    -372.032E-06     640.096E-06    -1.07041E-03
            1263     2.48960E-03    -358.234E-06     1.26443E-03    -2.11447E-03
            1264     3.63504E-03    -335.615E-06     1.85763E-03    -3.10646E-03
            1265     4.69611E-03    -304.732E-06     2.40509E-03    -4.02196E-03
            1266     5.64381E-03    -266.346E-06     2.89333E-03    -4.83843E-03
            1267     6.45382E-03    -221.401E-06     3.31032E-03    -5.53575E-03
            1268     7.10576E-03    -171.004E-06     3.64581E-03    -6.09677E-03
            1269     7.58335E-03    -116.397E-06     3.89152E-03    -6.50767E-03
            1270     7.87473E-03    -58.9241E-06     4.04141E-03    -6.75832E-03
            1271     7.97267E-03     40.9724E-21     4.09178E-03    -6.84257E-03
            1272     7.87473E-03     58.9241E-06     4.04141E-03    -6.75832E-03
            1273     7.58335E-03     116.397E-06     3.89152E-03    -6.50767E-03
            1274     7.10576E-03     171.004E-06     3.64581E-03    -6.09677E-03
            1275     6.45382E-03     221.401E-06     3.31032E-03    -5.53575E-03
            1276     5.64381E-03     266.346E-06     2.89333E-03    -4.83843E-03
            1277     4.69611E-03     304.732E-06     2.40509E-03    -4.02196E-03
            1278     3.63504E-03     335.615E-06     1.85763E-03    -3.10646E-03
            1279     2.48960E-03     358.234E-06     1.26443E-03    -2.11447E-03
            1280     1.30151E-03     372.032E-06     640.096E-06    -1.07041E-03
            1281     376.670E-06     376.670E-06     17.8431E-33    -6.77158E-33
            1282     190.682E-06    -190.682E-06     18.3541E-33    -3.16866E-33
            1283     878.063E-06    -188.335E-06     664.751E-06    -541.878E-06
            1284     1.70382E-03    -181.350E-06     1.31313E-03    -1.07041E-03
            1285     2.49472E-03    -169.899E-06     1.92918E-03    -1.57259E-03
            1286     3.22613E-03    -154.265E-06     2.49773E-03    -2.03605E-03
            1287     3.87895E-03    -134.833E-06     3.00477E-03    -2.44937E-03
            1288     4.43673E-03    -112.080E-06     3.43783E-03    -2.80238E-03
            1289     4.88557E-03    -86.5680E-06     3.78623E-03    -3.08638E-03
            1290     5.21435E-03    -58.9241E-06     4.04141E-03    -3.29439E-03
            1291     5.41493E-03    -29.8293E-06     4.19707E-03    -3.42128E-03
            1292     5.48234E-03     109.817E-21     4.24939E-03    -3.46393E-03
            1293     5.41493E-03     29.8293E-06     4.19707E-03    -3.42128E-03
            1294     5.21435E-03     58.9241E-06     4.04141E-03    -3.29439E-03
            1295     4.88557E-03     86.5680E-06     3.78623E-03    -3.08638E-03
            1296     4.43673E-03     112.080E-06     3.43783E-03    -2.80238E-03
            1297     3.87895E-03     134.833E-06     3.00477E-03    -2.44937E-03
            1298     3.22613E-03     154.265E-06     2.49773E-03    -2.03605E-03
            1299     2.49472E-03     169.899E-06     1.92918E-03    -1.57259E-03
            1300     1.70382E-03     181.350E-06     1.31313E-03    -1.07041E-03
            1301     878.063E-06     188.335E-06     664.751E-06    -541.878E-06
            1302     190.682E-06     190.682E-06     18.3541E-33    -3.16866E-33
            1303              0.    -7.68385E-33     6.41037E-33    -452.165E-36
            1304     673.037E-06    -18.8173E-33     673.037E-06    -955.649E-36
            1305     1.32950E-03    -17.4701E-33     1.32950E-03    -1.37549E-33
            1306     1.95323E-03    -15.6927E-33     1.95323E-03    -1.76147E-33
            1307     2.52886E-03    -13.5290E-33     2.52886E-03    -2.10407E-33
            1308     3.04222E-03    -11.0321E-33     3.04222E-03    -2.39487E-33
            1309     3.48068E-03    -8.26358E-33     3.48068E-03    -2.62669E-33
            1310     3.83343E-03    -5.29157E-33     3.83343E-03    -2.79384E-33
            1311     4.09178E-03    -2.18927E-33     4.09178E-03    -2.89219E-33
            1312     4.24939E-03     966.936E-36     4.24939E-03    -2.91933E-33
            1313     4.30236E-03     4.09933E-33     4.30236E-03    -2.87458E-33
            1314     4.24939E-03     7.13079E-33     4.24939E-03    -2.75905E-33
            1315     4.09178E-03     9.98667E-33     4.09178E-03    -2.57559E-33
            1316     3.83343E-03     12.5966E-33     3.83343E-03    -2.32871E-33
            1317     3.48068E-03     14.8964E-33     3.48068E-03    -2.02448E-33
            1318     3.04222E-03     16.8294E-33     3.04222E-03    -1.67041E-33
            1319     2.52886E-03     18.3480E-33     2.52886E-03    -1.27520E-33
            1320     1.95323E-03     19.4149E-33     1.95323E-03    -848.595E-36
            1321     1.32950E-03     20.0036E-33     1.32950E-03    -401.095E-36
            1322     673.037E-06     20.0998E-33     673.037E-06     56.2813E-36
            1323              0.     7.68385E-33     6.41037E-33    -452.165E-36
            1324              0.    -6.96097E-33    -5.30007E-33    -530.599E-36
            1325     574.398E-06    -15.9512E-33    -574.398E-06    -1.29396E-33
            1326     1.13465E-03    -14.9567E-33    -1.13465E-03    -1.83212E-33
            1327     1.66697E-03    -13.5939E-33    -1.66697E-03    -2.32516E-33
            1328     2.15824E-03    -11.8963E-33    -2.15824E-03    -2.76096E-33
            1329     2.59636E-03    -9.90587E-33    -2.59636E-03    -3.12876E-33
            1330     2.97056E-03    -7.67150E-33    -2.97056E-03    -3.41953E-33
            1331     3.27161E-03    -5.24823E-33    -3.27161E-03    -3.62610E-33
            1332     3.49210E-03    -2.69573E-33    -3.49210E-03    -3.74338E-33
            1333     3.62661E-03    -76.8536E-36    -3.62661E-03    -3.76848E-33
            1334     3.67181E-03     2.54391E-33    -3.67181E-03    -3.70080E-33
            1335     3.62661E-03     5.10204E-33    -3.62661E-03    -3.54198E-33
            1336     3.49210E-03     7.53454E-33    -3.49210E-03    -3.29595E-33
            1337     3.27161E-03     9.78152E-33    -3.27161E-03    -2.96877E-33
            1338     2.97056E-03     11.7876E-33    -2.97056E-03    -2.56848E-33
            1339     2.59636E-03     13.5035E-33    -2.59636E-03    -2.10495E-33
            1340     2.15824E-03     14.8869E-33    -2.15824E-03    -1.58959E-33
            1341     1.66697E-03     15.9037E-33    -1.66697E-03    -1.03509E-33
            1342     1.13465E-03     16.5289E-33    -1.13465E-03    -455.097E-36
            1343     574.398E-06     16.7471E-33    -574.398E-06     136.099E-36
            1344              0.     6.96097E-33    -5.30007E-33    -530.599E-36
            1345     115.130E-06    -115.130E-06    -14.5301E-33    -5.32261E-33
            1346     793.467E-06    -113.713E-06    -567.326E-06    -542.955E-06
            1347     1.55508E-03    -109.496E-06    -1.12068E-03    -1.07254E-03
            1348     2.28127E-03    -102.582E-06    -1.64644E-03    -1.57572E-03
            1349     2.95206E-03    -93.1425E-06    -2.13167E-03    -2.04009E-03
            1350     3.55050E-03    -81.4095E-06    -2.56440E-03    -2.45424E-03
            1351     4.06170E-03    -67.6720E-06    -2.93399E-03    -2.80795E-03
            1352     4.47302E-03    -52.2681E-06    -3.23133E-03    -3.09252E-03
            1353     4.77429E-03    -35.5773E-06    -3.44911E-03    -3.30094E-03
            1354     4.95807E-03    -18.0104E-06    -3.58196E-03    -3.42808E-03
            1355     5.01984E-03    -63.0057E-21    -3.62661E-03    -3.47081E-03
            1356     4.95807E-03     18.0104E-06    -3.58196E-03    -3.42808E-03
            1357     4.77429E-03     35.5773E-06    -3.44911E-03    -3.30094E-03
            1358     4.47302E-03     52.2681E-06    -3.23133E-03    -3.09252E-03
            1359     4.06170E-03     67.6720E-06    -2.93399E-03    -2.80795E-03
            1360     3.55050E-03     81.4095E-06    -2.56440E-03    -2.45424E-03
            1361     2.95206E-03     93.1425E-06    -2.13167E-03    -2.04009E-03
            1362     2.28127E-03     102.582E-06    -1.64644E-03    -1.57572E-03
            1363     1.55508E-03     109.496E-06    -1.12068E-03    -1.07254E-03
            1364     793.467E-06     113.713E-06    -567.326E-06    -542.955E-06
            1365     115.130E-06     115.130E-06    -14.5301E-33    -5.32261E-33
            1366     227.426E-06    -227.426E-06    -13.8495E-33    -9.79022E-33
            1367     1.22443E-03    -224.626E-06    -546.285E-06    -1.07254E-03
            1368     2.38748E-03    -216.295E-06    -1.07912E-03    -2.11867E-03
            1369     3.49900E-03    -202.638E-06    -1.58538E-03    -3.11263E-03
            1370     4.52632E-03    -183.992E-06    -2.05261E-03    -4.02995E-03
            1371     5.44305E-03    -160.814E-06    -2.46929E-03    -4.84804E-03
            1372     6.22623E-03    -133.678E-06    -2.82517E-03    -5.54676E-03
            1373     6.85642E-03    -103.249E-06    -3.11148E-03    -6.10889E-03
            1374     7.31802E-03    -70.2785E-06    -3.32119E-03    -6.52060E-03
            1375     7.59962E-03    -35.5773E-06    -3.44911E-03    -6.77176E-03
            1376     7.69427E-03    -193.869E-21    -3.49210E-03    -6.85617E-03
            1377     7.59962E-03     35.5773E-06    -3.44911E-03    -6.77176E-03
            1378     7.31802E-03     70.2785E-06    -3.32119E-03    -6.52060E-03
            1379     6.85642E-03     103.249E-06    -3.11148E-03    -6.10889E-03
            1380     6.22623E-03     133.678E-06    -2.82517E-03    -5.54676E-03
            1381     5.44305E-03     160.814E-06    -2.46929E-03    -4.84804E-03
            1382     4.52632E-03     183.992E-06    -2.05261E-03    -4.02995E-03
            1383     3.49900E-03     202.638E-06    -1.58538E-03    -3.11263E-03
            1384     2.38748E-03     216.295E-06    -1.07912E-03    -2.11867E-03
            1385     1.22443E-03     224.626E-06    -546.285E-06    -1.07254E-03
            1386     227.426E-06     227.426E-06    -13.8495E-33    -9.79022E-33
            1387     334.122E-06    -334.122E-06    -12.8279E-33    -14.0168E-33
            1388     1.68930E-03    -330.008E-06    -511.792E-06    -1.57572E-03
            1389     3.28809E-03    -317.769E-06    -1.01098E-03    -3.11263E-03
            1390     4.81728E-03    -297.705E-06    -1.48528E-03    -4.57291E-03
            1391     6.23092E-03    -270.310E-06    -1.92300E-03    -5.92058E-03
            1392     7.49247E-03    -236.260E-06    -2.31338E-03    -7.12247E-03
            1393     8.57030E-03    -196.392E-06    -2.64679E-03    -8.14898E-03
            1394     9.43759E-03    -151.688E-06    -2.91502E-03    -8.97484E-03
            1395     10.0729E-03    -103.249E-06    -3.11148E-03    -9.57970E-03
            1396     10.4604E-03    -52.2681E-06    -3.23133E-03    -9.94868E-03
            1397     10.5907E-03    -395.993E-21    -3.27161E-03    -10.0727E-03
            1398     10.4604E-03     52.2681E-06    -3.23133E-03    -9.94868E-03
            1399     10.0729E-03     103.249E-06    -3.11148E-03    -9.57970E-03
            1400     9.43759E-03     151.688E-06    -2.91502E-03    -8.97484E-03
            1401     8.57030E-03     196.392E-06    -2.64679E-03    -8.14898E-03
            1402     7.49247E-03     236.260E-06    -2.31338E-03    -7.12247E-03
            1403     6.23092E-03     270.310E-06    -1.92300E-03    -5.92058E-03
            1404     4.81728E-03     297.705E-06    -1.48528E-03    -4.57291E-03
            1405     3.28809E-03     317.769E-06    -1.01098E-03    -3.11263E-03
            1406     1.68930E-03     330.008E-06    -511.792E-06    -1.57572E-03
            1407     334.122E-06     334.122E-06    -12.8279E-33    -14.0168E-33
            1408     432.590E-06    -432.590E-06    -11.4904E-33    -17.8982E-33
            1409     2.13553E-03    -427.264E-06    -464.698E-06    -2.04009E-03
            1410     4.15360E-03    -411.418E-06    -917.953E-06    -4.02995E-03
            1411     6.08446E-03    -385.441E-06    -1.34861E-03    -5.92058E-03
            1412     7.86956E-03    -349.973E-06    -1.74605E-03    -7.66543E-03
            1413     9.46267E-03    -305.887E-06    -2.10050E-03    -9.22152E-03
            1414     10.8238E-03    -254.270E-06    -2.40323E-03    -10.5506E-03
            1415     11.9190E-03    -196.392E-06    -2.64679E-03    -11.6198E-03
            1416     12.7213E-03    -133.678E-06    -2.82517E-03    -12.4029E-03
            1417     13.2107E-03    -67.6720E-06    -2.93399E-03    -12.8806E-03
            1418     13.3752E-03    -446.474E-21    -2.97056E-03    -13.0412E-03
            1419     13.2107E-03     67.6720E-06    -2.93399E-03    -12.8806E-03
            1420     12.7213E-03     133.678E-06    -2.82517E-03    -12.4029E-03
            1421     11.9190E-03     196.392E-06    -2.64679E-03    -11.6198E-03
            1422     10.8238E-03     254.270E-06    -2.40323E-03    -10.5506E-03
            1423     9.46267E-03     305.887E-06    -2.10050E-03    -9.22152E-03
            1424     7.86956E-03     349.973E-06    -1.74605E-03    -7.66543E-03
            1425     6.08446E-03     385.441E-06    -1.34861E-03    -5.92058E-03
            1426     4.15360E-03     411.418E-06    -917.953E-06    -4.02995E-03
            1427     2.13553E-03     427.264E-06    -464.698E-06    -2.04009E-03
            1428     432.590E-06     432.590E-06    -11.4904E-33    -17.8982E-33
            1429     520.407E-06    -520.407E-06    -9.86998E-33    -21.3388E-33
            1430     2.54017E-03    -514.000E-06    -406.161E-06    -2.45424E-03
            1431     4.93884E-03    -494.936E-06    -802.320E-06    -4.84804E-03
            1432     7.23422E-03    -463.686E-06    -1.17872E-03    -7.12247E-03
            1433     9.35643E-03    -421.018E-06    -1.52610E-03    -9.22152E-03
            1434     11.2504E-03    -367.983E-06    -1.83591E-03    -11.0935E-03
            1435     12.8686E-03    -305.887E-06    -2.10050E-03    -12.6923E-03
            1436     14.1707E-03    -236.260E-06    -2.31338E-03    -13.9786E-03
            1437     15.1245E-03    -160.814E-06    -2.46929E-03    -14.9207E-03
            1438     15.7064E-03    -81.4095E-06    -2.56440E-03    -15.4954E-03
            1439     15.9020E-03    -304.225E-21    -2.59636E-03    -15.6886E-03
            1440     15.7064E-03     81.4095E-06    -2.56440E-03    -15.4954E-03
            1441     15.1245E-03     160.814E-06    -2.46929E-03    -14.9207E-03
            1442     14.1707E-03     236.260E-06    -2.31338E-03    -13.9786E-03
            1443     12.8686E-03     305.887E-06    -2.10050E-03    -12.6923E-03
            1444     11.2504E-03     367.983E-06    -1.83591E-03    -11.0935E-03
            1445     9.35643E-03     421.018E-06    -1.52610E-03    -9.22152E-03
            1446     7.23422E-03     463.686E-06    -1.17872E-03    -7.12247E-03
            1447     4.93884E-03     494.936E-06    -802.320E-06    -4.84804E-03
            1448     2.54017E-03     514.000E-06    -406.161E-06    -2.45424E-03
            1449     520.407E-06     520.407E-06    -9.86998E-33    -21.3388E-33
            1450     595.409E-06    -595.409E-06    -8.00652E-33    -24.2541E-33
            1451     2.88867E-03    -588.079E-06    -337.623E-06    -2.80795E-03
            1452     5.61533E-03    -566.268E-06    -666.932E-06    -5.54676E-03
            1453     8.22480E-03    -530.513E-06    -979.819E-06    -8.14898E-03
            1454     10.6375E-03    -481.696E-06    -1.26858E-03    -10.5506E-03
            1455     12.7907E-03    -421.018E-06    -1.52610E-03    -12.6923E-03
            1456     14.6304E-03    -349.973E-06    -1.74605E-03    -14.5216E-03
            1457     16.1107E-03    -270.310E-06    -1.92300E-03    -15.9933E-03
            1458     17.1951E-03    -183.992E-06    -2.05261E-03    -17.0712E-03
            1459     17.8566E-03    -93.1425E-06    -2.13167E-03    -17.7287E-03
            1460     18.0790E-03    -315.733E-21    -2.15824E-03    -17.9497E-03
            1461     17.8566E-03     93.1425E-06    -2.13167E-03    -17.7287E-03
            1462     17.1951E-03     183.992E-06    -2.05261E-03    -17.0712E-03
            1463     16.1107E-03     270.310E-06    -1.92300E-03    -15.9933E-03
            1464     14.6304E-03     349.973E-06    -1.74605E-03    -14.5216E-03
            1465     12.7907E-03     421.018E-06    -1.52610E-03    -12.6923E-03
            1466     10.6375E-03     481.696E-06    -1.26858E-03    -10.5506E-03
            1467     8.22480E-03     530.513E-06    -979.819E-06    -8.14898E-03
            1468     5.61533E-03     566.268E-06    -666.932E-06    -5.54676E-03
            1469     2.88867E-03     588.079E-06    -337.623E-06    -2.80795E-03
            1470     595.409E-06     595.409E-06    -8.00652E-33    -24.2541E-33
            1471     655.751E-06    -655.751E-06    -5.94592E-33    -26.5721E-33
            1472     3.17036E-03    -647.677E-06    -260.771E-06    -3.09252E-03
            1473     6.16221E-03    -623.656E-06    -515.121E-06    -6.10889E-03
            1474     9.02562E-03    -584.278E-06    -756.788E-06    -8.97484E-03
            1475     11.6731E-03    -530.513E-06    -979.819E-06    -11.6198E-03
            1476     14.0359E-03    -463.686E-06    -1.17872E-03    -13.9786E-03
            1477     16.0547E-03    -385.441E-06    -1.34861E-03    -15.9933E-03
            1478     17.6791E-03    -297.705E-06    -1.48528E-03    -17.6141E-03
            1479     18.8690E-03    -202.638E-06    -1.58538E-03    -18.8012E-03
            1480     19.5950E-03    -102.582E-06    -1.64644E-03    -19.5254E-03
            1481     19.8389E-03    -297.115E-21    -1.66697E-03    -19.7688E-03
            1482     19.5950E-03     102.582E-06    -1.64644E-03    -19.5254E-03
            1483     18.8690E-03     202.638E-06    -1.58538E-03    -18.8012E-03
            1484     17.6791E-03     297.705E-06    -1.48528E-03    -17.6141E-03
            1485     16.0547E-03     385.441E-06    -1.34861E-03    -15.9933E-03
            1486     14.0359E-03     463.686E-06    -1.17872E-03    -13.9786E-03
            1487     11.6731E-03     530.513E-06    -979.819E-06    -11.6198E-03
            1488     9.02562E-03     584.278E-06    -756.788E-06    -8.97484E-03
            1489     6.16221E-03     623.656E-06    -515.121E-06    -6.10889E-03
            1490     3.17036E-03     647.677E-06    -260.771E-06    -3.09252E-03
            1491     655.751E-06     655.751E-06    -5.94592E-33    -26.5721E-33
            1492     699.945E-06    -699.945E-06    -3.73891E-33    -28.2359E-33
            1493     3.37723E-03    -691.328E-06    -177.499E-06    -3.30094E-03
            1494     6.56387E-03    -665.688E-06    -350.627E-06    -6.52060E-03
            1495     9.61379E-03    -623.656E-06    -515.121E-06    -9.57970E-03
            1496     12.4337E-03    -566.268E-06    -666.932E-06    -12.4029E-03
            1497     14.9505E-03    -494.936E-06    -802.320E-06    -14.9207E-03
            1498     17.1008E-03    -411.418E-06    -917.953E-06    -17.0712E-03
            1499     18.8311E-03    -317.769E-06    -1.01098E-03    -18.8012E-03
            1500     20.0985E-03    -216.295E-06    -1.07912E-03    -20.0683E-03
            1501     20.8717E-03    -109.496E-06    -1.12068E-03    -20.8413E-03
            1502     21.1316E-03    -136.589E-21    -1.13465E-03    -21.1011E-03
            1503     20.8717E-03     109.496E-06    -1.12068E-03    -20.8413E-03
            1504     20.0985E-03     216.295E-06    -1.07912E-03    -20.0683E-03
            1505     18.8311E-03     317.769E-06    -1.01098E-03    -18.8012E-03
            1506     17.1008E-03     411.418E-06    -917.953E-06    -17.0712E-03
            1507     14.9505E-03     494.936E-06    -802.320E-06    -14.9207E-03
            1508     12.4337E-03     566.268E-06    -666.932E-06    -12.4029E-03
            1509     9.61379E-03     623.656E-06    -515.121E-06    -9.57970E-03
            1510     6.56387E-03     665.688E-06    -350.627E-06    -6.52060E-03
            1511     3.37723E-03     691.328E-06    -177.499E-06    -3.30094E-03
            1512     699.945E-06     699.945E-06    -3.73891E-33    -28.2359E-33
            1513     726.905E-06    -726.905E-06    -1.43983E-33    -29.2044E-33
            1514     3.50361E-03    -717.956E-06    -89.8556E-06    -3.42808E-03
            1515     6.80927E-03    -691.328E-06    -177.499E-06    -6.77176E-03
            1516     9.97315E-03    -647.677E-06    -260.771E-06    -9.94868E-03
            1517     12.8985E-03    -588.079E-06    -337.623E-06    -12.8806E-03
            1518     15.5093E-03    -514.000E-06    -406.161E-06    -15.4954E-03
            1519     17.7399E-03    -427.264E-06    -464.698E-06    -17.7287E-03
            1520     19.5349E-03    -330.008E-06    -511.792E-06    -19.5254E-03
            1521     20.8497E-03    -224.626E-06    -546.285E-06    -20.8413E-03
            1522     21.6518E-03    -113.713E-06    -567.326E-06    -21.6441E-03
            1523     21.9214E-03     3.59539E-21    -574.398E-06    -21.9139E-03
            1524     21.6518E-03     113.713E-06    -567.326E-06    -21.6441E-03
            1525     20.8497E-03     224.626E-06    -546.285E-06    -20.8413E-03
            1526     19.5349E-03     330.008E-06    -511.792E-06    -19.5254E-03
            1527     17.7399E-03     427.264E-06    -464.698E-06    -17.7287E-03
            1528     15.5093E-03     514.000E-06    -406.161E-06    -15.4954E-03
            1529     12.8985E-03     588.079E-06    -337.623E-06    -12.8806E-03
            1530     9.97315E-03     647.677E-06    -260.771E-06    -9.94868E-03
            1531     6.80927E-03     691.328E-06    -177.499E-06    -6.77176E-03
            1532     3.50361E-03     717.956E-06    -89.8556E-06    -3.42808E-03
            1533     726.905E-06     726.905E-06    -1.43983E-33    -29.2044E-33
            1534     735.966E-06    -735.966E-06     894.696E-36    -29.4537E-33
            1535     3.54612E-03    -726.905E-06    -464.805E-21    -3.47081E-03
            1536     6.89180E-03    -699.945E-06    -620.605E-21    -6.85617E-03
            1537     10.0940E-03    -655.751E-06    -593.058E-21    -10.0727E-03
            1538     13.0548E-03    -595.409E-06    -742.610E-21    -13.0412E-03
            1539     15.6972E-03    -520.407E-06    -136.042E-21    -15.6886E-03
            1540     17.9549E-03    -432.590E-06     250.691E-21    -17.9497E-03
            1541     19.7716E-03    -334.122E-06    -552.183E-21    -19.7688E-03
            1542     21.1023E-03    -227.426E-06    -468.941E-21    -21.1011E-03
            1543     21.9142E-03    -115.130E-06    -625.202E-21    -21.9139E-03
            1544     22.1870E-03     136.000E-21    -717.992E-21    -22.1870E-03
            1545     21.9142E-03     115.130E-06    -778.502E-21    -21.9139E-03
            1546     21.1023E-03     227.426E-06    -656.018E-21    -21.1011E-03
            1547     19.7716E-03     334.122E-06     495.699E-21    -19.7688E-03
            1548     17.9549E-03     432.590E-06     776.218E-21    -17.9497E-03
            1549     15.6972E-03     520.407E-06     442.506E-21    -15.6886E-03
            1550     13.0548E-03     595.409E-06     18.0831E-21    -13.0412E-03
            1551     10.0940E-03     655.751E-06    -593.177E-21    -10.0727E-03
            1552     6.89180E-03     699.945E-06    -305.713E-21    -6.85617E-03
            1553     3.54612E-03     726.905E-06    -394.771E-21    -3.47081E-03
            1554     735.966E-06     735.966E-06     894.696E-36    -29.4537E-33
            1555     726.905E-06    -726.905E-06     3.20719E-33    -28.9779E-33
            1556     3.50361E-03    -717.956E-06     89.8556E-06    -3.42808E-03
            1557     6.80927E-03    -691.328E-06     177.499E-06    -6.77176E-03
            1558     9.97315E-03    -647.677E-06     260.771E-06    -9.94868E-03
            1559     12.8985E-03    -588.079E-06     337.623E-06    -12.8806E-03
            1560     15.5093E-03    -514.000E-06     406.161E-06    -15.4954E-03
            1561     17.7399E-03    -427.264E-06     464.698E-06    -17.7287E-03
            1562     19.5349E-03    -330.008E-06     511.792E-06    -19.5254E-03
            1563     20.8497E-03    -224.626E-06     546.285E-06    -20.8413E-03
            1564     21.6518E-03    -113.713E-06     567.326E-06    -21.6441E-03
            1565     21.9214E-03    -255.180E-21     574.398E-06    -21.9139E-03
            1566     21.6518E-03     113.713E-06     567.326E-06    -21.6441E-03
            1567     20.8497E-03     224.626E-06     546.285E-06    -20.8413E-03
            1568     19.5349E-03     330.008E-06     511.792E-06    -19.5254E-03
            1569     17.7399E-03     427.264E-06     464.698E-06    -17.7287E-03
            1570     15.5093E-03     514.000E-06     406.161E-06    -15.4954E-03
            1571     12.8985E-03     588.079E-06     337.623E-06    -12.8806E-03
            1572     9.97315E-03     647.677E-06     260.771E-06    -9.94868E-03
            1573     6.80927E-03     691.328E-06     177.499E-06    -6.77176E-03
            1574     3.50361E-03     717.956E-06     89.8556E-06    -3.42808E-03
            1575     726.905E-06     726.905E-06     3.20719E-33    -28.9779E-33
            1576     699.945E-06    -699.945E-06     5.44072E-33    -27.7885E-33
            1577     3.37723E-03    -691.328E-06     177.499E-06    -3.30094E-03
            1578     6.56387E-03    -665.688E-06     350.627E-06    -6.52060E-03
            1579     9.61379E-03    -623.656E-06     515.121E-06    -9.57970E-03
            1580     12.4337E-03    -566.268E-06     666.932E-06    -12.4029E-03
            1581     14.9505E-03    -494.936E-06     802.320E-06    -14.9207E-03
            1582     17.1008E-03    -411.418E-06     917.953E-06    -17.0712E-03
            1583     18.8311E-03    -317.769E-06     1.01098E-03    -18.8012E-03
            1584     20.0985E-03    -216.295E-06     1.07912E-03    -20.0683E-03
            1585     20.8717E-03    -109.496E-06     1.12068E-03    -20.8413E-03
            1586     21.1316E-03     5.34577E-21     1.13465E-03    -21.1011E-03
            1587     20.8717E-03     109.496E-06     1.12068E-03    -20.8413E-03
            1588     20.0985E-03     216.295E-06     1.07912E-03    -20.0683E-03
            1589     18.8311E-03     317.769E-06     1.01098E-03    -18.8012E-03
            1590     17.1008E-03     411.418E-06     917.953E-06    -17.0712E-03
            1591     14.9505E-03     494.936E-06     802.320E-06    -14.9207E-03
            1592     12.4337E-03     566.268E-06     666.932E-06    -12.4029E-03
            1593     9.61379E-03     623.656E-06     515.121E-06    -9.57970E-03
            1594     6.56387E-03     665.688E-06     350.627E-06    -6.52060E-03
            1595     3.37723E-03     691.328E-06     177.499E-06    -3.30094E-03
            1596     699.945E-06     699.945E-06     5.44072E-33    -27.7885E-33
            1597     655.751E-06    -655.751E-06     7.54028E-33    -25.9148E-33
            1598     3.17036E-03    -647.677E-06     260.771E-06    -3.09252E-03
            1599     6.16221E-03    -623.656E-06     515.121E-06    -6.10889E-03
            1600     9.02562E-03    -584.278E-06     756.788E-06    -8.97484E-03
            1601     11.6731E-03    -530.513E-06     979.819E-06    -11.6198E-03
            1602     14.0359E-03    -463.686E-06     1.17872E-03    -13.9786E-03
            1603     16.0547E-03    -385.441E-06     1.34861E-03    -15.9933E-03
            1604     17.6791E-03    -297.705E-06     1.48528E-03    -17.6141E-03
            1605     18.8690E-03    -202.638E-06     1.58538E-03    -18.8012E-03
            1606     19.5950E-03    -102.582E-06     1.64644E-03    -19.5254E-03
            1607     19.8389E-03    -268.336E-21     1.66697E-03    -19.7688E-03
            1608     19.5950E-03     102.582E-06     1.64644E-03    -19.5254E-03
            1609     18.8690E-03     202.638E-06     1.58538E-03    -18.8012E-03
            1610     17.6791E-03     297.705E-06     1.48528E-03    -17.6141E-03
            1611     16.0547E-03     385.441E-06     1.34861E-03    -15.9933E-03
            1612     14.0359E-03     463.686E-06     1.17872E-03    -13.9786E-03
            1613     11.6731E-03     530.513E-06     979.819E-06    -11.6198E-03
            1614     9.02562E-03     584.278E-06     756.788E-06    -8.97484E-03
            1615     6.16221E-03     623.656E-06     515.121E-06    -6.10889E-03
            1616     3.17036E-03     647.677E-06     260.771E-06    -3.09252E-03
            1617     655.751E-06     655.751E-06     7.54028E-33    -25.9148E-33
            1618     595.409E-06    -595.409E-06     9.45417E-33    -23.4030E-33
            1619     2.88867E-03    -588.079E-06     337.623E-06    -2.80795E-03
            1620     5.61533E-03    -566.268E-06     666.932E-06    -5.54676E-03
            1621     8.22480E-03    -530.513E-06     979.819E-06    -8.14898E-03
            1622     10.6375E-03    -481.696E-06     1.26858E-03    -10.5506E-03
            1623     12.7907E-03    -421.018E-06     1.52610E-03    -12.6923E-03
            1624     14.6304E-03    -349.973E-06     1.74605E-03    -14.5216E-03
            1625     16.1107E-03    -270.310E-06     1.92300E-03    -15.9933E-03
            1626     17.1951E-03    -183.992E-06     2.05261E-03    -17.0712E-03
            1627     17.8566E-03    -93.1425E-06     2.13167E-03    -17.7287E-03
            1628     18.0790E-03    -276.185E-21     2.15824E-03    -17.9497E-03
            1629     17.8566E-03     93.1425E-06     2.13167E-03    -17.7287E-03
            1630     17.1951E-03     183.992E-06     2.05261E-03    -17.0712E-03
            1631     16.1107E-03     270.310E-06     1.92300E-03    -15.9933E-03
            1632     14.6304E-03     349.973E-06     1.74605E-03    -14.5216E-03
            1633     12.7907E-03     421.018E-06     1.52610E-03    -12.6923E-03
            1634     10.6375E-03     481.696E-06     1.26858E-03    -10.5506E-03
            1635     8.22480E-03     530.513E-06     979.819E-06    -8.14898E-03
            1636     5.61533E-03     566.268E-06     666.932E-06    -5.54676E-03
            1637     2.88867E-03     588.079E-06     337.623E-06    -2.80795E-03
            1638     595.409E-06     595.409E-06     9.45417E-33    -23.4030E-33
            1639     520.407E-06    -520.407E-06     11.1353E-33    -20.3150E-33
            1640     2.54017E-03    -514.000E-06     406.161E-06    -2.45424E-03
            1641     4.93884E-03    -494.936E-06     802.320E-06    -4.84804E-03
            1642     7.23422E-03    -463.686E-06     1.17872E-03    -7.12247E-03
            1643     9.35643E-03    -421.018E-06     1.52610E-03    -9.22152E-03
            1644     11.2504E-03    -367.983E-06     1.83591E-03    -11.0935E-03
            1645     12.8686E-03    -305.887E-06     2.10050E-03    -12.6923E-03
            1646     14.1707E-03    -236.260E-06     2.31338E-03    -13.9786E-03
            1647     15.1245E-03    -160.814E-06     2.46929E-03    -14.9207E-03
            1648     15.7064E-03    -81.4095E-06     2.56440E-03    -15.4954E-03
            1649     15.9020E-03     89.5858E-21     2.59636E-03    -15.6886E-03
            1650     15.7064E-03     81.4095E-06     2.56440E-03    -15.4954E-03
            1651     15.1245E-03     160.814E-06     2.46929E-03    -14.9207E-03
            1652     14.1707E-03     236.260E-06     2.31338E-03    -13.9786E-03
            1653     12.8686E-03     305.887E-06     2.10050E-03    -12.6923E-03
            1654     11.2504E-03     367.983E-06     1.83591E-03    -11.0935E-03
            1655     9.35643E-03     421.018E-06     1.52610E-03    -9.22152E-03
            1656     7.23422E-03     463.686E-06     1.17872E-03    -7.12247E-03
            1657     4.93884E-03     494.936E-06     802.320E-06    -4.84804E-03
            1658     2.54017E-03     514.000E-06     406.161E-06    -2.45424E-03
            1659     520.407E-06     520.407E-06     11.1353E-33    -20.3150E-33
            1660     432.590E-06    -432.590E-06     12.5422E-33    -16.7268E-33
            1661     2.13553E-03    -427.264E-06     464.698E-06    -2.04009E-03
            1662     4.15360E-03    -411.418E-06     917.953E-06    -4.02995E-03
            1663     6.08446E-03    -385.441E-06     1.34861E-03    -5.92058E-03
            1664     7.86956E-03    -349.973E-06     1.74605E-03    -7.66543E-03
            1665     9.46267E-03    -305.887E-06     2.10050E-03    -9.22152E-03
            1666     10.8238E-03    -254.270E-06     2.40323E-03    -10.5506E-03
            1667     11.9190E-03    -196.392E-06     2.64679E-03    -11.6198E-03
            1668     12.7213E-03    -133.678E-06     2.82517E-03    -12.4029E-03
            1669     13.2107E-03    -67.6720E-06     2.93399E-03    -12.8806E-03
            1670     13.3752E-03     84.3517E-21     2.97056E-03    -13.0412E-03
            1671     13.2107E-03     67.6720E-06     2.93399E-03    -12.8806E-03
            1672     12.7213E-03     133.678E-06     2.82517E-03    -12.4029E-03
            1673     11.9190E-03     196.392E-06     2.64679E-03    -11.6198E-03
            1674     10.8238E-03     254.270E-06     2.40323E-03    -10.5506E-03
            1675     9.46267E-03     305.887E-06     2.10050E-03    -9.22152E-03
            1676     7.86956E-03     349.973E-06     1.74605E-03    -7.66543E-03
            1677     6.08446E-03     385.441E-06     1.34861E-03    -5.92058E-03
            1678     4.15360E-03     411.418E-06     917.953E-06    -4.02995E-03
            1679     2.13553E-03     427.264E-06     464.698E-06    -2.04009E-03
            1680     432.590E-06     432.590E-06     12.5422E-33    -16.7268E-33
            1681     334.122E-06    -334.122E-06     13.6403E-33    -12.7267E-33
            1682     1.68930E-03    -330.008E-06     511.792E-06    -1.57572E-03
            1683     3.28809E-03    -317.769E-06     1.01098E-03    -3.11263E-03
            1684     4.81728E-03    -297.705E-06     1.48528E-03    -4.57291E-03
            1685     6.23092E-03    -270.310E-06     1.92300E-03    -5.92058E-03
            1686     7.49247E-03    -236.260E-06     2.31338E-03    -7.12247E-03
            1687     8.57030E-03    -196.392E-06     2.64679E-03    -8.14898E-03
            1688     9.43759E-03    -151.688E-06     2.91502E-03    -8.97484E-03
            1689     10.0729E-03    -103.249E-06     3.11148E-03    -9.57970E-03
            1690     10.4604E-03    -52.2681E-06     3.23133E-03    -9.94868E-03
            1691     10.5907E-03    -82.9252E-21     3.27161E-03    -10.0727E-03
            1692     10.4604E-03     52.2681E-06     3.23133E-03    -9.94868E-03
            1693     10.0729E-03     103.249E-06     3.11148E-03    -9.57970E-03
            1694     9.43759E-03     151.688E-06     2.91502E-03    -8.97484E-03
            1695     8.57030E-03     196.392E-06     2.64679E-03    -8.14898E-03
            1696     7.49247E-03     236.260E-06     2.31338E-03    -7.12247E-03
            1697     6.23092E-03     270.310E-06     1.92300E-03    -5.92058E-03
            1698     4.81728E-03     297.705E-06     1.48528E-03    -4.57291E-03
            1699     3.28809E-03     317.769E-06     1.01098E-03    -3.11263E-03
            1700     1.68930E-03     330.008E-06     511.792E-06    -1.57572E-03
            1701     334.122E-06     334.122E-06     13.6403E-33    -12.7267E-33
            1702     227.426E-06    -227.426E-06     14.4025E-33    -8.41319E-33
            1703     1.22443E-03    -224.626E-06     546.285E-06    -1.07254E-03
            1704     2.38748E-03    -216.295E-06     1.07912E-03    -2.11867E-03
            1705     3.49900E-03    -202.638E-06     1.58538E-03    -3.11263E-03
            1706     4.52632E-03    -183.992E-06     2.05261E-03    -4.02995E-03
            1707     5.44305E-03    -160.814E-06     2.46929E-03    -4.84804E-03
            1708     6.22623E-03    -133.678E-06     2.82517E-03    -5.54676E-03
            1709     6.85642E-03    -103.249E-06     3.11148E-03    -6.10889E-03
            1710     7.31802E-03    -70.2785E-06     3.32119E-03    -6.52060E-03
            1711     7.59962E-03    -35.5773E-06     3.44911E-03    -6.77176E-03
            1712     7.69427E-03     53.9240E-21     3.49210E-03    -6.85617E-03
            1713     7.59962E-03     35.5773E-06     3.44911E-03    -6.77176E-03
            1714     7.31802E-03     70.2785E-06     3.32119E-03    -6.52060E-03
            1715     6.85642E-03     103.249E-06     3.11148E-03    -6.10889E-03
            1716     6.22623E-03     133.678E-06     2.82517E-03    -5.54676E-03
            1717     5.44305E-03     160.814E-06     2.46929E-03    -4.84804E-03
            1718     4.52632E-03     183.992E-06     2.05261E-03    -4.02995E-03
            1719     3.49900E-03     202.638E-06     1.58538E-03    -3.11263E-03
            1720     2.38748E-03     216.295E-06     1.07912E-03    -2.11867E-03
            1721     1.22443E-03     224.626E-06     546.285E-06    -1.07254E-03
            1722     227.426E-06     227.426E-06     14.4025E-33    -8.41319E-33
            1723     115.130E-06    -115.130E-06     14.8100E-33    -3.89255E-33
            1724     793.467E-06    -113.713E-06     567.326E-06    -542.955E-06
            1725     1.55508E-03    -109.496E-06     1.12068E-03    -1.07254E-03
            1726     2.28127E-03    -102.582E-06     1.64644E-03    -1.57572E-03
            1727     2.95206E-03    -93.1425E-06     2.13167E-03    -2.04009E-03
            1728     3.55050E-03    -81.4095E-06     2.56440E-03    -2.45424E-03
            1729     4.06170E-03    -67.6720E-06     2.93399E-03    -2.80795E-03
            1730     4.47302E-03    -52.2681E-06     3.23133E-03    -3.09252E-03
            1731     4.77429E-03    -35.5773E-06     3.44911E-03    -3.30094E-03
            1732     4.95807E-03    -18.0104E-06     3.58196E-03    -3.42808E-03
            1733     5.01984E-03     118.236E-21     3.62661E-03    -3.47081E-03
            1734     4.95807E-03     18.0104E-06     3.58196E-03    -3.42808E-03
            1735     4.77429E-03     35.5773E-06     3.44911E-03    -3.30094E-03
            1736     4.47302E-03     52.2681E-06     3.23133E-03    -3.09252E-03
            1737     4.06170E-03     67.6720E-06     2.93399E-03    -2.80795E-03
            1738     3.55050E-03     81.4095E-06     2.56440E-03    -2.45424E-03
            1739     2.95206E-03     93.1425E-06     2.13167E-03    -2.04009E-03
            1740     2.28127E-03     102.582E-06     1.64644E-03    -1.57572E-03
            1741     1.55508E-03     109.496E-06     1.12068E-03    -1.07254E-03
            1742     793.467E-06     113.713E-06     567.326E-06    -542.955E-06
            1743     115.130E-06     115.130E-06     14.8100E-33    -3.89255E-33
            1744              0.    -6.96097E-33     5.30007E-33    -530.599E-36
            1745     574.398E-06    -15.9512E-33     574.398E-06    -1.29396E-33
            1746     1.13465E-03    -14.9567E-33     1.13465E-03    -1.83212E-33
            1747     1.66697E-03    -13.5939E-33     1.66697E-03    -2.32516E-33
            1748     2.15824E-03    -11.8963E-33     2.15824E-03    -2.76096E-33
            1749     2.59636E-03    -9.90587E-33     2.59636E-03    -3.12876E-33
            1750     2.97056E-03    -7.67150E-33     2.97056E-03    -3.41953E-33
            1751     3.27161E-03    -5.24823E-33     3.27161E-03    -3.62610E-33
            1752     3.49210E-03    -2.69573E-33     3.49210E-03    -3.74338E-33
            1753     3.62661E-03    -76.8536E-36     3.62661E-03    -3.76848E-33
            1754     3.67181E-03     2.54391E-33     3.67181E-03    -3.70080E-33
            1755     3.62661E-03     5.10204E-33     3.62661E-03    -3.54198E-33
            1756     3.49210E-03     7.53454E-33     3.49210E-03    -3.29595E-33
            1757     3.27161E-03     9.78152E-33     3.27161E-03    -2.96877E-33
            1758     2.97056E-03     11.7876E-33     2.97056E-03    -2.56848E-33
            1759     2.59636E-03     13.5035E-33     2.59636E-03    -2.10495E-33
            1760     2.15824E-03     14.8869E-33     2.15824E-03    -1.58959E-33
            1761     1.66697E-03     15.9037E-33     1.66697E-03    -1.03509E-33
            1762     1.13465E-03     16.5289E-33     1.13465E-03    -455.097E-36
            1763     574.398E-06     16.7471E-33     574.398E-06     136.099E-36
            1764              0.     6.96097E-33     5.30007E-33    -530.599E-36
            1765              0.    -6.07786E-33    -4.10572E-33    -584.676E-36
            1766     480.412E-06    -13.0746E-33    -480.412E-06    -1.53996E-33
            1767     948.995E-06    -12.3978E-33    -948.995E-06    -2.19968E-33
            1768     1.39421E-03    -11.4157E-33    -1.39421E-03    -2.80523E-33
            1769     1.80510E-03    -10.1525E-33    -1.80510E-03    -3.34170E-33
            1770     2.17153E-03    -8.63938E-33    -2.17153E-03    -3.79589E-33
            1771     2.48450E-03    -6.91350E-33    -2.48450E-03    -4.15662E-33
            1772     2.73629E-03    -5.01739E-33    -2.73629E-03    -4.41499E-33
            1773     2.92071E-03    -2.99773E-33    -2.92071E-03    -4.56466E-33
            1774     3.03320E-03    -904.252E-36    -3.03320E-03    -4.60192E-33
            1775     3.07101E-03     1.21149E-33    -3.07101E-03    -4.52587E-33
            1776     3.03320E-03     3.29740E-33    -3.03320E-03    -4.33838E-33
            1777     2.92071E-03     5.30211E-33    -2.92071E-03    -4.04407E-33
            1778     2.73629E-03     7.17627E-33    -2.73629E-03    -3.65017E-33
            1779     2.48450E-03     8.87373E-33    -2.48450E-03    -3.16640E-33
            1780     2.17153E-03     10.3527E-33    -2.17153E-03    -2.60466E-33
            1781     1.80510E-03     11.5767E-33    -1.80510E-03    -1.97878E-33
            1782     1.39421E-03     12.5157E-33    -1.39421E-03    -1.30418E-33
            1783     948.995E-06     13.1465E-33    -948.995E-06    -597.467E-36
            1784     480.412E-06     13.4536E-33    -480.412E-06     123.958E-36
            1785              0.     6.07786E-33    -4.10572E-33    -584.676E-36
            1786     48.3322E-06    -48.3322E-06    -11.1416E-33    -5.96785E-33
            1787     723.361E-06    -47.7371E-06    -474.498E-06    -543.898E-06
            1788     1.42654E-03    -45.9666E-06    -937.312E-06    -1.07440E-03
            1789     2.09514E-03    -43.0643E-06    -1.37705E-03    -1.57845E-03
            1790     2.71231E-03    -39.1016E-06    -1.78287E-03    -2.04364E-03
            1791     3.26275E-03    -34.1760E-06    -2.14480E-03    -2.45850E-03
            1792     3.73289E-03    -28.4090E-06    -2.45391E-03    -2.81282E-03
            1793     4.11114E-03    -21.9424E-06    -2.70260E-03    -3.09789E-03
            1794     4.38817E-03    -14.9355E-06    -2.88475E-03    -3.30667E-03
            1795     4.55717E-03    -7.56082E-06    -2.99586E-03    -3.43403E-03
            1796     4.61397E-03    -76.8480E-21    -3.03320E-03    -3.47684E-03
            1797     4.55717E-03     7.56082E-06    -2.99586E-03    -3.43403E-03
            1798     4.38817E-03     14.9355E-06    -2.88475E-03    -3.30667E-03
            1799     4.11114E-03     21.9424E-06    -2.70260E-03    -3.09789E-03
            1800     3.73289E-03     28.4090E-06    -2.45391E-03    -2.81282E-03
            1801     3.26275E-03     34.1760E-06    -2.14480E-03    -2.45850E-03
            1802     2.71231E-03     39.1016E-06    -1.78287E-03    -2.04364E-03
            1803     2.09514E-03     43.0643E-06    -1.37705E-03    -1.57845E-03
            1804     1.42654E-03     45.9666E-06    -937.312E-06    -1.07440E-03
            1805     723.361E-06     47.7371E-06    -474.498E-06    -543.898E-06
            1806     48.3322E-06     48.3322E-06    -11.1416E-33    -5.96785E-33
            1807     95.4743E-06    -95.4743E-06    -10.6107E-33    -10.9464E-33
            1808     1.17132E-03    -94.2988E-06    -456.899E-06    -1.07440E-03
            1809     2.30807E-03    -90.8014E-06    -902.548E-06    -2.12235E-03
            1810     3.38934E-03    -85.0682E-06    -1.32597E-03    -3.11804E-03
            1811     4.38750E-03    -77.2403E-06    -1.71675E-03    -4.03695E-03
            1812     5.27778E-03    -67.5105E-06    -2.06525E-03    -4.85646E-03
            1813     6.03820E-03    -56.1184E-06    -2.36290E-03    -5.55638E-03
            1814     6.64999E-03    -43.3444E-06    -2.60237E-03    -6.11949E-03
            1815     7.09809E-03    -29.5032E-06    -2.77776E-03    -6.53192E-03
            1816     7.37143E-03    -14.9355E-06    -2.88475E-03    -6.78351E-03
            1817     7.46330E-03    -228.085E-21    -2.92071E-03    -6.86807E-03
            1818     7.37143E-03     14.9355E-06    -2.88475E-03    -6.78351E-03
            1819     7.09809E-03     29.5032E-06    -2.77776E-03    -6.53192E-03
            1820     6.64999E-03     43.3444E-06    -2.60237E-03    -6.11949E-03
            1821     6.03820E-03     56.1184E-06    -2.36290E-03    -5.55638E-03
            1822     5.27778E-03     67.5105E-06    -2.06525E-03    -4.85646E-03
            1823     4.38750E-03     77.2403E-06    -1.71675E-03    -4.03695E-03
            1824     3.38934E-03     85.0682E-06    -1.32597E-03    -3.11804E-03
            1825     2.30807E-03     90.8014E-06    -902.548E-06    -2.12235E-03
            1826     1.17132E-03     94.2988E-06    -456.899E-06    -1.07440E-03
            1827     95.4743E-06     95.4743E-06    -10.6107E-33    -10.9464E-33
            1828     140.265E-06    -140.265E-06    -9.81860E-33    -15.6554E-33
            1829     1.64132E-03    -138.539E-06    -428.051E-06    -1.57845E-03
            1830     3.23341E-03    -133.400E-06    -845.561E-06    -3.11804E-03
            1831     4.74794E-03    -124.977E-06    -1.24225E-03    -4.58085E-03
            1832     6.14612E-03    -113.477E-06    -1.60835E-03    -5.93086E-03
            1833     7.39320E-03    -99.1827E-06    -1.93485E-03    -7.13484E-03
            1834     8.45837E-03    -82.4460E-06    -2.21371E-03    -8.16313E-03
            1835     9.31535E-03    -63.6792E-06    -2.43806E-03    -8.99042E-03
            1836     9.94303E-03    -43.3444E-06    -2.60237E-03    -9.59633E-03
            1837     10.3259E-03    -21.9424E-06    -2.70260E-03    -9.96596E-03
            1838     10.4546E-03    -388.061E-21    -2.73629E-03    -10.0902E-03
            1839     10.3259E-03     21.9424E-06    -2.70260E-03    -9.96596E-03
            1840     9.94303E-03     43.3444E-06    -2.60237E-03    -9.59633E-03
            1841     9.31535E-03     63.6792E-06    -2.43806E-03    -8.99042E-03
            1842     8.45837E-03     82.4460E-06    -2.21371E-03    -8.16313E-03
            1843     7.39320E-03     99.1827E-06    -1.93485E-03    -7.13484E-03
            1844     6.14612E-03     113.477E-06    -1.60835E-03    -5.93086E-03
            1845     4.74794E-03     124.977E-06    -1.24225E-03    -4.58085E-03
            1846     3.23341E-03     133.400E-06    -845.561E-06    -3.11804E-03
            1847     1.64132E-03     138.539E-06    -428.051E-06    -1.57845E-03
            1848     140.265E-06     140.265E-06    -9.81860E-33    -15.6554E-33
            1849     181.603E-06    -181.603E-06    -8.78470E-33    -19.9790E-33
            1850     2.08798E-03    -179.367E-06    -388.662E-06    -2.04364E-03
            1851     4.11294E-03    -172.715E-06    -767.753E-06    -4.03695E-03
            1852     6.03933E-03    -161.809E-06    -1.12794E-03    -5.93086E-03
            1853     7.81775E-03    -146.920E-06    -1.46035E-03    -7.67873E-03
            1854     9.40398E-03    -128.413E-06    -1.75681E-03    -9.23753E-03
            1855     10.7588E-03    -106.744E-06    -2.01000E-03    -10.5689E-03
            1856     11.8489E-03    -82.4460E-06    -2.21371E-03    -11.6400E-03
            1857     12.6473E-03    -56.1184E-06    -2.36290E-03    -12.4245E-03
            1858     13.1343E-03    -28.4090E-06    -2.45391E-03    -12.9030E-03
            1859     13.2980E-03    -453.050E-21    -2.48450E-03    -13.0638E-03
            1860     13.1343E-03     28.4090E-06    -2.45391E-03    -12.9030E-03
            1861     12.6473E-03     56.1184E-06    -2.36290E-03    -12.4245E-03
            1862     11.8489E-03     82.4460E-06    -2.21371E-03    -11.6400E-03
            1863     10.7588E-03     106.744E-06    -2.01000E-03    -10.5689E-03
            1864     9.40398E-03     128.413E-06    -1.75681E-03    -9.23753E-03
            1865     7.81775E-03     146.920E-06    -1.46035E-03    -7.67873E-03
            1866     6.03933E-03     161.809E-06    -1.12794E-03    -5.93086E-03
            1867     4.11294E-03     172.715E-06    -767.753E-06    -4.03695E-03
            1868     2.08798E-03     179.367E-06    -388.662E-06    -2.04364E-03
            1869     181.603E-06     181.603E-06    -8.78470E-33    -19.9790E-33
            1870     218.469E-06    -218.469E-06    -7.53449E-33    -23.8106E-33
            1871     2.49122E-03    -215.779E-06    -339.703E-06    -2.45850E-03
            1872     4.90700E-03    -207.776E-06    -671.041E-06    -4.85646E-03
            1873     7.20525E-03    -194.657E-06    -985.856E-06    -7.13484E-03
            1874     9.32697E-03    -176.745E-06    -1.27640E-03    -9.23753E-03
            1875     11.2194E-03    -154.481E-06    -1.53551E-03    -11.1128E-03
            1876     12.8358E-03    -128.413E-06    -1.75681E-03    -12.7144E-03
            1877     14.1363E-03    -99.1827E-06    -1.93485E-03    -14.0029E-03
            1878     15.0888E-03    -67.5105E-06    -2.06525E-03    -14.9466E-03
            1879     15.6699E-03    -34.1760E-06    -2.14480E-03    -15.5223E-03
            1880     15.8651E-03    -246.158E-21    -2.17153E-03    -15.7158E-03
            1881     15.6699E-03     34.1760E-06    -2.14480E-03    -15.5223E-03
            1882     15.0888E-03     67.5105E-06    -2.06525E-03    -14.9466E-03
            1883     14.1363E-03     99.1827E-06    -1.93485E-03    -14.0029E-03
            1884     12.8358E-03     128.413E-06    -1.75681E-03    -12.7144E-03
            1885     11.2194E-03     154.481E-06    -1.53551E-03    -11.1128E-03
            1886     9.32697E-03     176.745E-06    -1.27640E-03    -9.23753E-03
            1887     7.20525E-03     194.657E-06    -985.856E-06    -7.13484E-03
            1888     4.90700E-03     207.776E-06    -671.041E-06    -4.85646E-03
            1889     2.49122E-03     215.779E-06    -339.703E-06    -2.45850E-03
            1890     218.469E-06     218.469E-06    -7.53449E-33    -23.8106E-33
            1891     249.955E-06    -249.955E-06    -6.09876E-33    -27.0559E-33
            1892     2.83772E-03    -246.878E-06    -282.379E-06    -2.81282E-03
            1893     5.58937E-03    -237.721E-06    -557.806E-06    -5.55638E-03
            1894     8.20718E-03    -222.711E-06    -819.497E-06    -8.16313E-03
            1895     10.6239E-03    -202.218E-06    -1.06101E-03    -10.5689E-03
            1896     12.7795E-03    -176.745E-06    -1.27640E-03    -12.7144E-03
            1897     14.6207E-03    -146.920E-06    -1.46035E-03    -14.5468E-03
            1898     16.1020E-03    -113.477E-06    -1.60835E-03    -16.0210E-03
            1899     17.1869E-03    -77.2403E-06    -1.71675E-03    -17.1008E-03
            1900     17.8488E-03    -39.1016E-06    -1.78287E-03    -17.7595E-03
            1901     18.0712E-03    -281.909E-21    -1.80510E-03    -17.9808E-03
            1902     17.8488E-03     39.1016E-06    -1.78287E-03    -17.7595E-03
            1903     17.1869E-03     77.2403E-06    -1.71675E-03    -17.1008E-03
            1904     16.1020E-03     113.477E-06    -1.60835E-03    -16.0210E-03
            1905     14.6207E-03     146.920E-06    -1.46035E-03    -14.5468E-03
            1906     12.7795E-03     176.745E-06    -1.27640E-03    -12.7144E-03
            1907     10.6239E-03     202.218E-06    -1.06101E-03    -10.5689E-03
            1908     8.20718E-03     222.711E-06    -819.497E-06    -8.16313E-03
            1909     5.58937E-03     237.721E-06    -557.806E-06    -5.55638E-03
            1910     2.83772E-03     246.878E-06    -282.379E-06    -2.81282E-03
            1911     249.955E-06     249.955E-06    -6.09876E-33    -27.0559E-33
            1912     275.287E-06    -275.287E-06    -4.51286E-33    -29.6350E-33
            1913     3.11743E-03    -271.897E-06    -218.103E-06    -3.09789E-03
            1914     6.14023E-03    -261.813E-06    -430.835E-06    -6.11949E-03
            1915     9.01601E-03    -245.282E-06    -632.959E-06    -8.99042E-03
            1916     11.6709E-03    -222.711E-06    -819.497E-06    -11.6400E-03
            1917     14.0389E-03    -194.657E-06    -985.856E-06    -14.0029E-03
            1918     16.0615E-03    -161.809E-06    -1.12794E-03    -16.0210E-03
            1919     17.6888E-03    -124.977E-06    -1.24225E-03    -17.6447E-03
            1920     18.8807E-03    -85.0682E-06    -1.32597E-03    -18.8339E-03
            1921     19.6078E-03    -43.0643E-06    -1.37705E-03    -19.5593E-03
            1922     19.8521E-03    -297.187E-21    -1.39421E-03    -19.8031E-03
            1923     19.6078E-03     43.0643E-06    -1.37705E-03    -19.5593E-03
            1924     18.8807E-03     85.0682E-06    -1.32597E-03    -18.8339E-03
            1925     17.6888E-03     124.977E-06    -1.24225E-03    -17.6447E-03
            1926     16.0615E-03     161.809E-06    -1.12794E-03    -16.0210E-03
            1927     14.0389E-03     194.657E-06    -985.856E-06    -14.0029E-03
            1928     11.6709E-03     222.711E-06    -819.497E-06    -11.6400E-03
            1929     9.01601E-03     245.282E-06    -632.959E-06    -8.99042E-03
            1930     6.14023E-03     261.813E-06    -430.835E-06    -6.11949E-03
            1931     3.11743E-03     271.897E-06    -218.103E-06    -3.09789E-03
            1932     275.287E-06     275.287E-06    -4.51286E-33    -29.6350E-33
            1933     293.840E-06    -293.840E-06    -2.81583E-33    -31.4843E-33
            1934     3.32270E-03    -290.222E-06    -148.456E-06    -3.30667E-03
            1935     6.54447E-03    -279.458E-06    -293.256E-06    -6.53192E-03
            1936     9.60957E-03    -261.813E-06    -430.835E-06    -9.59633E-03
            1937     12.4392E-03    -237.721E-06    -557.806E-06    -12.4245E-03
            1938     14.9631E-03    -207.776E-06    -671.041E-06    -14.9466E-03
            1939     17.1189E-03    -172.715E-06    -767.753E-06    -17.1008E-03
            1940     18.8533E-03    -133.400E-06    -845.561E-06    -18.8339E-03
            1941     20.1236E-03    -90.8014E-06    -902.548E-06    -20.1032E-03
            1942     20.8986E-03    -45.9666E-06    -937.312E-06    -20.8775E-03
            1943     21.1590E-03    -74.7183E-21    -948.995E-06    -21.1377E-03
            1944     20.8986E-03     45.9666E-06    -937.312E-06    -20.8775E-03
            1945     20.1236E-03     90.8014E-06    -902.548E-06    -20.1032E-03
            1946     18.8533E-03     133.400E-06    -845.561E-06    -18.8339E-03
            1947     17.1189E-03     172.715E-06    -767.753E-06    -17.1008E-03
            1948     14.9631E-03     207.776E-06    -671.041E-06    -14.9466E-03
            1949     12.4392E-03     237.721E-06    -557.806E-06    -12.4245E-03
            1950     9.60957E-03     261.813E-06    -430.835E-06    -9.59633E-03
            1951     6.54447E-03     279.458E-06    -293.256E-06    -6.53192E-03
            1952     3.32270E-03     290.222E-06    -148.456E-06    -3.30667E-03
            1953     293.840E-06     293.840E-06    -2.81583E-33    -31.4843E-33
            1954     305.157E-06    -305.157E-06    -1.04947E-33    -32.5585E-33
            1955     3.44805E-03    -301.400E-06    -75.1531E-06    -3.43403E-03
            1956     6.79134E-03    -290.222E-06    -148.456E-06    -6.78351E-03
            1957     9.97205E-03    -271.897E-06    -218.103E-06    -9.96596E-03
            1958     12.9085E-03    -246.878E-06    -282.379E-06    -12.9030E-03
            1959     15.5276E-03    -215.779E-06    -339.703E-06    -15.5223E-03
            1960     17.7646E-03    -179.367E-06    -388.662E-06    -17.7595E-03
            1961     19.5645E-03    -138.539E-06    -428.051E-06    -19.5593E-03
            1962     20.8827E-03    -94.2988E-06    -456.899E-06    -20.8775E-03
            1963     21.6869E-03    -47.7371E-06    -474.498E-06    -21.6816E-03
            1964     21.9572E-03     78.9222E-21    -480.412E-06    -21.9519E-03
            1965     21.6869E-03     47.7371E-06    -474.498E-06    -21.6816E-03
            1966     20.8827E-03     94.2988E-06    -456.899E-06    -20.8775E-03
            1967     19.5645E-03     138.539E-06    -428.051E-06    -19.5593E-03
            1968     17.7646E-03     179.367E-06    -388.662E-06    -17.7595E-03
            1969     15.5276E-03     215.779E-06    -339.703E-06    -15.5223E-03
            1970     12.9085E-03     246.878E-06    -282.379E-06    -12.9030E-03
            1971     9.97205E-03     271.897E-06    -218.103E-06    -9.96596E-03
            1972     6.79134E-03     290.222E-06    -148.456E-06    -6.78351E-03
            1973     3.44805E-03     301.400E-06    -75.1531E-06    -3.43403E-03
            1974     305.157E-06     305.157E-06    -1.04947E-33    -32.5585E-33
            1975     308.961E-06    -308.961E-06     742.727E-36    -32.8309E-33
            1976     3.49021E-03    -305.157E-06    -618.063E-21    -3.47684E-03
            1977     6.87435E-03    -293.840E-06    -688.015E-21    -6.86807E-03
            1978     10.0939E-03    -275.287E-06    -972.272E-21    -10.0902E-03
            1979     13.0662E-03    -249.955E-06    -747.657E-21    -13.0638E-03
            1980     15.7173E-03    -218.469E-06    -513.653E-21    -15.7158E-03
            1981     17.9818E-03    -181.603E-06     122.594E-21    -17.9808E-03
            1982     19.8036E-03    -140.265E-06    -523.260E-21    -19.8031E-03
            1983     21.1380E-03    -95.4743E-06     17.7982E-21    -21.1377E-03
            1984     21.9520E-03    -48.3322E-06    -531.259E-21    -21.9519E-03
            1985     22.2255E-03     137.075E-21    -1.08135E-18    -22.2255E-03
            1986     21.9520E-03     48.3322E-06    -977.606E-21    -21.9519E-03
            1987     21.1380E-03     95.4743E-06    -532.291E-21    -21.1377E-03
            1988     19.8036E-03     140.265E-06     478.620E-21    -19.8031E-03
            1989     17.9818E-03     181.603E-06     1.13465E-18    -17.9808E-03
            1990     15.7173E-03     218.469E-06     372.275E-21    -15.7158E-03
            1991     13.0662E-03     249.955E-06     310.498E-21    -13.0638E-03
            1992     10.0939E-03     275.287E-06    -351.018E-21    -10.0902E-03
            1993     6.87435E-03     293.840E-06     98.6589E-21    -6.86807E-03
            1994     3.49021E-03     305.157E-06    -32.8964E-21    -3.47684E-03
            1995     308.961E-06     308.961E-06     742.727E-36    -32.8309E-33
            1996     305.157E-06    -305.157E-06     2.51664E-33    -32.2949E-33
            1997     3.44805E-03    -301.400E-06     75.1531E-06    -3.43403E-03
            1998     6.79134E-03    -290.222E-06     148.456E-06    -6.78351E-03
            1999     9.97205E-03    -271.897E-06     218.103E-06    -9.96596E-03
            2000     12.9085E-03    -246.878E-06     282.379E-06    -12.9030E-03
            2001     15.5276E-03    -215.779E-06     339.703E-06    -15.5223E-03
            2002     17.7646E-03    -179.367E-06     388.662E-06    -17.7595E-03
            2003     19.5645E-03    -138.539E-06     428.051E-06    -19.5593E-03
            2004     20.8827E-03    -94.2988E-06     456.899E-06    -20.8775E-03
            2005     21.6869E-03    -47.7371E-06     474.498E-06    -21.6816E-03
            2006     21.9572E-03    -181.140E-21     480.412E-06    -21.9519E-03
            2007     21.6869E-03     47.7371E-06     474.498E-06    -21.6816E-03
            2008     20.8827E-03     94.2988E-06     456.899E-06    -20.8775E-03
            2009     19.5645E-03     138.539E-06     428.051E-06    -19.5593E-03
            2010     17.7646E-03     179.367E-06     388.662E-06    -17.7595E-03
            2011     15.5276E-03     215.779E-06     339.703E-06    -15.5223E-03
            2012     12.9085E-03     246.878E-06     282.379E-06    -12.9030E-03
            2013     9.97205E-03     271.897E-06     218.103E-06    -9.96596E-03
            2014     6.79134E-03     290.222E-06     148.456E-06    -6.78351E-03
            2015     3.44805E-03     301.400E-06     75.1531E-06    -3.43403E-03
            2016     305.157E-06     305.157E-06     2.51664E-33    -32.2949E-33
            2017     293.840E-06    -293.840E-06     4.22859E-33    -30.9637E-33
            2018     3.32270E-03    -290.222E-06     148.456E-06    -3.30667E-03
            2019     6.54447E-03    -279.458E-06     293.256E-06    -6.53192E-03
            2020     9.60957E-03    -261.813E-06     430.835E-06    -9.59633E-03
            2021     12.4392E-03    -237.721E-06     557.806E-06    -12.4245E-03
            2022     14.9631E-03    -207.776E-06     671.041E-06    -14.9466E-03
            2023     17.1189E-03    -172.715E-06     767.753E-06    -17.1008E-03
            2024     18.8533E-03    -133.400E-06     845.561E-06    -18.8339E-03
            2025     20.1236E-03    -90.8014E-06     902.548E-06    -20.1032E-03
            2026     20.8986E-03    -45.9666E-06     937.312E-06    -20.8775E-03
            2027     21.1590E-03     45.6058E-21     948.995E-06    -21.1377E-03
            2028     20.8986E-03     45.9666E-06     937.312E-06    -20.8775E-03
            2029     20.1236E-03     90.8014E-06     902.548E-06    -20.1032E-03
            2030     18.8533E-03     133.400E-06     845.561E-06    -18.8339E-03
            2031     17.1189E-03     172.715E-06     767.753E-06    -17.1008E-03
            2032     14.9631E-03     207.776E-06     671.041E-06    -14.9466E-03
            2033     12.4392E-03     237.721E-06     557.806E-06    -12.4245E-03
            2034     9.60957E-03     261.813E-06     430.835E-06    -9.59633E-03
            2035     6.54447E-03     279.458E-06     293.256E-06    -6.53192E-03
            2036     3.32270E-03     290.222E-06     148.456E-06    -3.30667E-03
            2037     293.840E-06     293.840E-06     4.22859E-33    -30.9637E-33
            2038     275.287E-06    -275.287E-06     5.83641E-33    -28.8701E-33
            2039     3.11743E-03    -271.897E-06     218.103E-06    -3.09789E-03
            2040     6.14023E-03    -261.813E-06     430.835E-06    -6.11949E-03
            2041     9.01601E-03    -245.282E-06     632.959E-06    -8.99042E-03
            2042     11.6709E-03    -222.711E-06     819.497E-06    -11.6400E-03
            2043     14.0389E-03    -194.657E-06     985.856E-06    -14.0029E-03
            2044     16.0615E-03    -161.809E-06     1.12794E-03    -16.0210E-03
            2045     17.6888E-03    -124.977E-06     1.24225E-03    -17.6447E-03
            2046     18.8807E-03    -85.0682E-06     1.32597E-03    -18.8339E-03
            2047     19.6078E-03    -43.0643E-06     1.37705E-03    -19.5593E-03
            2048     19.8521E-03    -256.273E-21     1.39421E-03    -19.8031E-03
            2049     19.6078E-03     43.0643E-06     1.37705E-03    -19.5593E-03
            2050     18.8807E-03     85.0682E-06     1.32597E-03    -18.8339E-03
            2051     17.6888E-03     124.977E-06     1.24225E-03    -17.6447E-03
            2052     16.0615E-03     161.809E-06     1.12794E-03    -16.0210E-03
            2053     14.0389E-03     194.657E-06     985.856E-06    -14.0029E-03
            2054     11.6709E-03     222.711E-06     819.497E-06    -11.6400E-03
            2055     9.01601E-03     245.282E-06     632.959E-06    -8.99042E-03
            2056     6.14023E-03     261.813E-06     430.835E-06    -6.11949E-03
            2057     3.11743E-03     271.897E-06     218.103E-06    -3.09789E-03
            2058     275.287E-06     275.287E-06     5.83641E-33    -28.8701E-33
            2059     249.955E-06    -249.955E-06     7.30052E-33    -26.0656E-33
            2060     2.83772E-03    -246.878E-06     282.379E-06    -2.81282E-03
            2061     5.58937E-03    -237.721E-06     557.806E-06    -5.55638E-03
            2062     8.20718E-03    -222.711E-06     819.497E-06    -8.16313E-03
            2063     10.6239E-03    -202.218E-06     1.06101E-03    -10.5689E-03
            2064     12.7795E-03    -176.745E-06     1.27640E-03    -12.7144E-03
            2065     14.6207E-03    -146.920E-06     1.46035E-03    -14.5468E-03
            2066     16.1020E-03    -113.477E-06     1.60835E-03    -16.0210E-03
            2067     17.1869E-03    -77.2403E-06     1.71675E-03    -17.1008E-03
            2068     17.8488E-03    -39.1016E-06     1.78287E-03    -17.7595E-03
            2069     18.0712E-03    -323.319E-21     1.80510E-03    -17.9808E-03
            2070     17.8488E-03     39.1016E-06     1.78287E-03    -17.7595E-03
            2071     17.1869E-03     77.2403E-06     1.71675E-03    -17.1008E-03
            2072     16.1020E-03     113.477E-06     1.60835E-03    -16.0210E-03
            2073     14.6207E-03     146.920E-06     1.46035E-03    -14.5468E-03
            2074     12.7795E-03     176.745E-06     1.27640E-03    -12.7144E-03
            2075     10.6239E-03     202.218E-06     1.06101E-03    -10.5689E-03
            2076     8.20718E-03     222.711E-06     819.497E-06    -8.16313E-03
            2077     5.58937E-03     237.721E-06     557.806E-06    -5.55638E-03
            2078     2.83772E-03     246.878E-06     282.379E-06    -2.81282E-03
            2079     249.955E-06     249.955E-06     7.30052E-33    -26.0656E-33
            2080     218.469E-06    -218.469E-06     8.58487E-33    -22.6193E-33
            2081     2.49122E-03    -215.779E-06     339.703E-06    -2.45850E-03
            2082     4.90700E-03    -207.776E-06     671.041E-06    -4.85646E-03
            2083     7.20525E-03    -194.657E-06     985.856E-06    -7.13484E-03
            2084     9.32697E-03    -176.745E-06     1.27640E-03    -9.23753E-03
            2085     11.2194E-03    -154.481E-06     1.53551E-03    -11.1128E-03
            2086     12.8358E-03    -128.413E-06     1.75681E-03    -12.7144E-03
            2087     14.1363E-03    -99.1827E-06     1.93485E-03    -14.0029E-03
            2088     15.0888E-03    -67.5105E-06     2.06525E-03    -14.9466E-03
            2089     15.6699E-03    -34.1760E-06     2.14480E-03    -15.5223E-03
            2090     15.8651E-03     71.6253E-21     2.17153E-03    -15.7158E-03
            2091     15.6699E-03     34.1760E-06     2.14480E-03    -15.5223E-03
            2092     15.0888E-03     67.5105E-06     2.06525E-03    -14.9466E-03
            2093     14.1363E-03     99.1827E-06     1.93485E-03    -14.0029E-03
            2094     12.8358E-03     128.413E-06     1.75681E-03    -12.7144E-03
            2095     11.2194E-03     154.481E-06     1.53551E-03    -11.1128E-03
            2096     9.32697E-03     176.745E-06     1.27640E-03    -9.23753E-03
            2097     7.20525E-03     194.657E-06     985.856E-06    -7.13484E-03
            2098     4.90700E-03     207.776E-06     671.041E-06    -4.85646E-03
            2099     2.49122E-03     215.779E-06     339.703E-06    -2.45850E-03
            2100     218.469E-06     218.469E-06     8.58487E-33    -22.6193E-33
            2101     181.603E-06    -181.603E-06     9.65783E-33    -18.6161E-33
            2102     2.08798E-03    -179.367E-06     388.662E-06    -2.04364E-03
            2103     4.11294E-03    -172.715E-06     767.753E-06    -4.03695E-03
            2104     6.03933E-03    -161.809E-06     1.12794E-03    -5.93086E-03
            2105     7.81775E-03    -146.920E-06     1.46035E-03    -7.67873E-03
            2106     9.40398E-03    -128.413E-06     1.75681E-03    -9.23753E-03
            2107     10.7588E-03    -106.744E-06     2.01000E-03    -10.5689E-03
            2108     11.8489E-03    -82.4460E-06     2.21371E-03    -11.6400E-03
            2109     12.6473E-03    -56.1184E-06     2.36290E-03    -12.4245E-03
            2110     13.1343E-03    -28.4090E-06     2.45391E-03    -12.9030E-03
            2111     13.2980E-03     88.8662E-21     2.48450E-03    -13.0638E-03
            2112     13.1343E-03     28.4090E-06     2.45391E-03    -12.9030E-03
            2113     12.6473E-03     56.1184E-06     2.36290E-03    -12.4245E-03
            2114     11.8489E-03     82.4460E-06     2.21371E-03    -11.6400E-03
            2115     10.7588E-03     106.744E-06     2.01000E-03    -10.5689E-03
            2116     9.40398E-03     128.413E-06     1.75681E-03    -9.23753E-03
            2117     7.81775E-03     146.920E-06     1.46035E-03    -7.67873E-03
            2118     6.03933E-03     161.809E-06     1.12794E-03    -5.93086E-03
            2119     4.11294E-03     172.715E-06     767.753E-06    -4.03695E-03
            2120     2.08798E-03     179.367E-06     388.662E-06    -2.04364E-03
            2121     181.603E-06     181.603E-06     9.65783E-33    -18.6161E-33
            2122     140.265E-06    -140.265E-06     10.4930E-33    -14.1544E-33
            2123     1.64132E-03    -138.539E-06     428.051E-06    -1.57845E-03
            2124     3.23341E-03    -133.400E-06     845.561E-06    -3.11804E-03
            2125     4.74794E-03    -124.977E-06     1.24225E-03    -4.58085E-03
            2126     6.14612E-03    -113.477E-06     1.60835E-03    -5.93086E-03
            2127     7.39320E-03    -99.1827E-06     1.93485E-03    -7.13484E-03
            2128     8.45837E-03    -82.4460E-06     2.21371E-03    -8.16313E-03
            2129     9.31535E-03    -63.6792E-06     2.43806E-03    -8.99042E-03
            2130     9.94303E-03    -43.3444E-06     2.60237E-03    -9.59633E-03
            2131     10.3259E-03    -21.9424E-06     2.70260E-03    -9.96596E-03
            2132     10.4546E-03    -76.0363E-21     2.73629E-03    -10.0902E-03
            2133     10.3259E-03     21.9424E-06     2.70260E-03    -9.96596E-03
            2134     9.94303E-03     43.3444E-06     2.60237E-03    -9.59633E-03
            2135     9.31535E-03     63.6792E-06     2.43806E-03    -8.99042E-03
            2136     8.45837E-03     82.4460E-06     2.21371E-03    -8.16313E-03
            2137     7.39320E-03     99.1827E-06     1.93485E-03    -7.13484E-03
            2138     6.14612E-03     113.477E-06     1.60835E-03    -5.93086E-03
            2139     4.74794E-03     124.977E-06     1.24225E-03    -4.58085E-03
            2140     3.23341E-03     133.400E-06     845.561E-06    -3.11804E-03
            2141     1.64132E-03     138.539E-06     428.051E-06    -1.57845E-03
            2142     140.265E-06     140.265E-06     10.4930E-33    -14.1544E-33
            2143     95.4743E-06    -95.4743E-06     11.0698E-33    -9.34420E-33
            2144     1.17132E-03    -94.2988E-06     456.899E-06    -1.07440E-03
            2145     2.30807E-03    -90.8014E-06     902.548E-06    -2.12235E-03
            2146     3.38934E-03    -85.0682E-06     1.32597E-03    -3.11804E-03
            2147     4.38750E-03    -77.2403E-06     1.71675E-03    -4.03695E-03
            2148     5.27778E-03    -67.5105E-06     2.06525E-03    -4.85646E-03
            2149     6.03820E-03    -56.1184E-06     2.36290E-03    -5.55638E-03
            2150     6.64999E-03    -43.3444E-06     2.60237E-03    -6.11949E-03
            2151     7.09809E-03    -29.5032E-06     2.77776E-03    -6.53192E-03
            2152     7.37143E-03    -14.9355E-06     2.88475E-03    -6.78351E-03
            2153     7.46330E-03     82.4444E-21     2.92071E-03    -6.86807E-03
            2154     7.37143E-03     14.9355E-06     2.88475E-03    -6.78351E-03
            2155     7.09809E-03     29.5032E-06     2.77776E-03    -6.53192E-03
            2156     6.64999E-03     43.3444E-06     2.60237E-03    -6.11949E-03
            2157     6.03820E-03     56.1184E-06     2.36290E-03    -5.55638E-03
            2158     5.27778E-03     67.5105E-06     2.06525E-03    -4.85646E-03
            2159     4.38750E-03     77.2403E-06     1.71675E-03    -4.03695E-03
            2160     3.38934E-03     85.0682E-06     1.32597E-03    -3.11804E-03
            2161     2.30807E-03     90.8014E-06     902.548E-06    -2.12235E-03
            2162     1.17132E-03     94.2988E-06     456.899E-06    -1.07440E-03
            2163     95.4743E-06     95.4743E-06     11.0698E-33    -9.34420E-33
            2164     48.3322E-06    -48.3322E-06     11.3740E-33    -4.30392E-33
            2165     723.361E-06    -47.7371E-06     474.498E-06    -543.898E-06
            2166     1.42654E-03    -45.9666E-06     937.312E-06    -1.07440E-03
            2167     2.09514E-03    -43.0643E-06     1.37705E-03    -1.57845E-03
            2168     2.71231E-03    -39.1016E-06     1.78287E-03    -2.04364E-03
            2169     3.26275E-03    -34.1760E-06     2.14480E-03    -2.45850E-03
            2170     3.73289E-03    -28.4090E-06     2.45391E-03    -2.81282E-03
            2171     4.11114E-03    -21.9424E-06     2.70260E-03    -3.09789E-03
            2172     4.38817E-03    -14.9355E-06     2.88475E-03    -3.30667E-03
            2173     4.55717E-03    -7.56082E-06     2.99586E-03    -3.43403E-03
            2174     4.61397E-03     114.908E-21     3.03320E-03    -3.47684E-03
            2175     4.55717E-03     7.56082E-06     2.99586E-03    -3.43403E-03
            2176     4.38817E-03     14.9355E-06     2.88475E-03    -3.30667E-03
            2177     4.11114E-03     21.9424E-06     2.70260E-03    -3.09789E-03
            2178     3.73289E-03     28.4090E-06     2.45391E-03    -2.81282E-03
            2179     3.26275E-03     34.1760E-06     2.14480E-03    -2.45850E-03
            2180     2.71231E-03     39.1016E-06     1.78287E-03    -2.04364E-03
            2181     2.09514E-03     43.0643E-06     1.37705E-03    -1.57845E-03
            2182     1.42654E-03     45.9666E-06     937.312E-06    -1.07440E-03
            2183     723.361E-06     47.7371E-06     474.498E-06    -543.898E-06
            2184     48.3322E-06     48.3322E-06     11.3740E-33    -4.30392E-33
            2185              0.    -6.07786E-33     4.10572E-33    -584.676E-36
            2186     480.412E-06    -13.0746E-33     480.412E-06    -1.53996E-33
            2187     948.995E-06    -12.3978E-33     948.995E-06    -2.19968E-33
            2188     1.39421E-03    -11.4157E-33     1.39421E-03    -2.80523E-33
            2189     1.80510E-03    -10.1525E-33     1.80510E-03    -3.34170E-33
            2190     2.17153E-03    -8.63938E-33     2.17153E-03    -3.79589E-33
            2191     2.48450E-03    -6.91350E-33     2.48450E-03    -4.15662E-33
            2192     2.73629E-03    -5.01739E-33     2.73629E-03    -4.41499E-33
            2193     2.92071E-03    -2.99773E-33     2.92071E-03    -4.56466E-33
            2194     3.03320E-03    -904.252E-36     3.03320E-03    -4.60192E-33
            2195     3.07101E-03     1.21149E-33     3.07101E-03    -4.52587E-33
            2196     3.03320E-03     3.29740E-33     3.03320E-03    -4.33838E-33
            2197     2.92071E-03     5.30211E-33     2.92071E-03    -4.04407E-33
            2198     2.73629E-03     7.17627E-33     2.73629E-03    -3.65017E-33
            2199     2.48450E-03     8.87373E-33     2.48450E-03    -3.16640E-33
            2200     2.17153E-03     10.3527E-33     2.17153E-03    -2.60466E-33
            2201     1.80510E-03     11.5767E-33     1.80510E-03    -1.97878E-33
            2202     1.39421E-03     12.5157E-33     1.39421E-03    -1.30418E-33
            2203     948.995E-06     13.1465E-33     948.995E-06    -597.467E-36
            2204     480.412E-06     13.4536E-33     480.412E-06     123.958E-36
            2205              0.     6.07786E-33     4.10572E-33    -584.676E-36
            2206              0.    -5.04220E-33    -2.83375E-33    -622.913E-36
            2207     388.732E-06    -10.1186E-33    -388.732E-06    -1.72141E-33
            2208     767.893E-06    -9.74313E-33    -767.893E-06    -2.53078E-33
            2209     1.12815E-03    -9.12776E-33    -1.12815E-03    -3.27783E-33
            2210     1.46062E-03    -8.28763E-33    -1.46062E-03    -3.94417E-33
            2211     1.75713E-03    -7.24344E-33    -1.75713E-03    -4.51340E-33
            2212     2.01037E-03    -6.02089E-33    -2.01037E-03    -4.97148E-33
            2213     2.21411E-03    -4.65008E-33    -2.21411E-03    -5.30716E-33
            2214     2.36333E-03    -3.16477E-33    -2.36333E-03    -5.51215E-33
            2215     2.45436E-03    -1.60154E-33    -2.45436E-03    -5.58142E-33
            2216     2.48495E-03     1.13216E-36    -2.48495E-03    -5.51325E-33
            2217     2.45436E-03     1.60377E-33    -2.45436E-03    -5.30933E-33
            2218     2.36333E-03     3.16693E-33    -2.36333E-03    -4.97468E-33
            2219     2.21411E-03     4.65210E-33    -2.21411E-03    -4.51753E-33
            2220     2.01037E-03     6.02272E-33    -2.01037E-03    -3.94915E-33
            2221     1.75713E-03     7.24504E-33    -1.75713E-03    -3.28352E-33
            2222     1.46062E-03     8.28896E-33    -1.46062E-03    -2.53704E-33
            2223     1.12815E-03     9.12879E-33    -1.12815E-03    -1.72810E-33
            2224     767.893E-06     9.74383E-33    -767.893E-06    -876.600E-36
            2225     388.732E-06     10.1189E-33    -388.732E-06    -3.51679E-36
            2226              0.     5.04220E-33    -2.83375E-33    -622.913E-36
            2227     14.1493E-06     14.1493E-06    -7.77907E-33    -6.15651E-33
            2228     666.646E-06     13.9751E-06    -383.947E-06    -544.799E-06
            2229     1.31666E-03     13.4568E-06    -758.439E-06    -1.07618E-03
            2230     1.93430E-03     12.6071E-06    -1.11426E-03    -1.58107E-03
            2231     2.50432E-03     11.4471E-06    -1.44264E-03    -2.04702E-03
            2232     3.01269E-03     10.0051E-06    -1.73549E-03    -2.46257E-03
            2233     3.44688E-03     8.31677E-06    -1.98562E-03    -2.81748E-03
            2234     3.79620E-03     6.42366E-06    -2.18685E-03    -3.10302E-03
            2235     4.05204E-03     4.37238E-06    -2.33424E-03    -3.31215E-03
            2236     4.20811E-03     2.21344E-06    -2.42414E-03    -3.43973E-03
            2237     4.26056E-03    -83.0841E-21    -2.45436E-03    -3.48260E-03
            2238     4.20811E-03    -2.21344E-06    -2.42414E-03    -3.43973E-03
            2239     4.05204E-03    -4.37238E-06    -2.33424E-03    -3.31215E-03
            2240     3.79620E-03    -6.42366E-06    -2.18685E-03    -3.10302E-03
            2241     3.44688E-03    -8.31677E-06    -1.98562E-03    -2.81748E-03
            2242     3.01269E-03    -10.0051E-06    -1.73549E-03    -2.46257E-03
            2243     2.50432E-03    -11.4471E-06    -1.44264E-03    -2.04702E-03
            2244     1.93430E-03    -12.6071E-06    -1.11426E-03    -1.58107E-03
            2245     1.31666E-03    -13.4568E-06    -758.439E-06    -1.07618E-03
            2246     666.646E-06    -13.9751E-06    -383.947E-06    -544.799E-06
            2247     14.1493E-06    -14.1493E-06    -7.77907E-33    -6.15651E-33
            2248     27.9503E-06     27.9503E-06    -7.39578E-33    -11.2918E-33
            2249     1.13825E-03     27.6062E-06    -369.707E-06    -1.07618E-03
            2250     2.24797E-03     26.5823E-06    -730.310E-06    -2.12587E-03
            2251     3.30246E-03     24.9039E-06    -1.07293E-03    -3.12321E-03
            2252     4.27565E-03     22.6122E-06    -1.38913E-03    -4.04364E-03
            2253     5.14359E-03     19.7638E-06    -1.67113E-03    -4.86451E-03
            2254     5.88488E-03     16.4288E-06    -1.91198E-03    -5.56559E-03
            2255     6.48126E-03     12.6892E-06    -2.10574E-03    -6.12964E-03
            2256     6.91806E-03     8.63711E-06    -2.24766E-03    -6.54275E-03
            2257     7.18452E-03     4.37238E-06    -2.33424E-03    -6.79475E-03
            2258     7.27408E-03    -231.231E-21    -2.36333E-03    -6.87945E-03
            2259     7.18452E-03    -4.37238E-06    -2.33424E-03    -6.79475E-03
            2260     6.91806E-03    -8.63711E-06    -2.24766E-03    -6.54275E-03
            2261     6.48126E-03    -12.6892E-06    -2.10574E-03    -6.12964E-03
            2262     5.88488E-03    -16.4288E-06    -1.91198E-03    -5.56559E-03
            2263     5.14359E-03    -19.7638E-06    -1.67113E-03    -4.86451E-03
            2264     4.27565E-03    -22.6122E-06    -1.38913E-03    -4.04364E-03
            2265     3.30246E-03    -24.9039E-06    -1.07293E-03    -3.12321E-03
            2266     2.24797E-03    -26.5823E-06    -730.310E-06    -2.12587E-03
            2267     1.13825E-03    -27.6062E-06    -369.707E-06    -1.07618E-03
            2268     27.9503E-06    -27.9503E-06    -7.39578E-33    -11.2918E-33
            2269     41.0630E-06     41.0630E-06    -6.83037E-33    -16.1490E-33
            2270     1.61907E-03     40.5574E-06    -346.363E-06    -1.58107E-03
            2271     3.19751E-03     39.0532E-06    -684.198E-06    -3.12321E-03
            2272     4.69739E-03     36.5874E-06    -1.00519E-03    -4.58844E-03
            2273     6.08166E-03     33.2206E-06    -1.30142E-03    -5.94069E-03
            2274     7.31620E-03     29.0359E-06    -1.56561E-03    -7.14666E-03
            2275     8.37060E-03     24.1362E-06    -1.79125E-03    -8.17666E-03
            2276     9.21889E-03     18.6422E-06    -1.97279E-03    -9.00532E-03
            2277     9.84020E-03     12.6892E-06    -2.10574E-03    -9.61224E-03
            2278     10.2192E-03     6.42366E-06    -2.18685E-03    -9.98247E-03
            2279     10.3466E-03    -433.226E-21    -2.21411E-03    -10.1069E-03
            2280     10.2192E-03    -6.42366E-06    -2.18685E-03    -9.98247E-03
            2281     9.84020E-03    -12.6892E-06    -2.10574E-03    -9.61224E-03
            2282     9.21889E-03    -18.6422E-06    -1.97279E-03    -9.00532E-03
            2283     8.37060E-03    -24.1362E-06    -1.79125E-03    -8.17666E-03
            2284     7.31620E-03    -29.0359E-06    -1.56561E-03    -7.14666E-03
            2285     6.08166E-03    -33.2206E-06    -1.30142E-03    -5.94069E-03
            2286     4.69739E-03    -36.5874E-06    -1.00519E-03    -4.58844E-03
            2287     3.19751E-03    -39.0532E-06    -684.198E-06    -3.12321E-03
            2288     1.61907E-03    -40.5574E-06    -346.363E-06    -1.58107E-03
            2289     41.0630E-06    -41.0630E-06    -6.83037E-33    -16.1490E-33
            2290     53.1646E-06     53.1646E-06    -6.09678E-33    -20.6086E-33
            2291     2.07171E-03     52.5100E-06    -314.491E-06    -2.04702E-03
            2292     4.09140E-03     50.5625E-06    -621.239E-06    -4.04364E-03
            2293     6.01058E-03     47.3700E-06    -912.689E-06    -5.94069E-03
            2294     7.78182E-03     43.0110E-06    -1.18167E-03    -7.69146E-03
            2295     9.36148E-03     37.5930E-06    -1.42155E-03    -9.25284E-03
            2296     10.7106E-03     31.2493E-06    -1.62642E-03    -10.5864E-03
            2297     11.7961E-03     24.1362E-06    -1.79125E-03    -11.6593E-03
            2298     12.5911E-03     16.4288E-06    -1.91198E-03    -12.4450E-03
            2299     13.0760E-03     8.31677E-06    -1.98562E-03    -12.9244E-03
            2300     13.2390E-03    -398.880E-21    -2.01037E-03    -13.0855E-03
            2301     13.0760E-03    -8.31677E-06    -1.98562E-03    -12.9244E-03
            2302     12.5911E-03    -16.4288E-06    -1.91198E-03    -12.4450E-03
            2303     11.7961E-03    -24.1362E-06    -1.79125E-03    -11.6593E-03
            2304     10.7106E-03    -31.2493E-06    -1.62642E-03    -10.5864E-03
            2305     9.36148E-03    -37.5930E-06    -1.42155E-03    -9.25284E-03
            2306     7.78182E-03    -43.0110E-06    -1.18167E-03    -7.69146E-03
            2307     6.01058E-03    -47.3700E-06    -912.689E-06    -5.94069E-03
            2308     4.09140E-03    -50.5625E-06    -621.239E-06    -4.04364E-03
            2309     2.07171E-03    -52.5100E-06    -314.491E-06    -2.04702E-03
            2310     53.1646E-06    -53.1646E-06    -6.09678E-33    -20.6086E-33
            2311     63.9571E-06     63.9571E-06    -5.21307E-33    -24.5607E-33
            2312     2.47867E-03     63.1697E-06    -274.875E-06    -2.46257E-03
            2313     4.89510E-03     60.8268E-06    -542.982E-06    -4.86451E-03
            2314     7.19127E-03     56.9862E-06    -797.719E-06    -7.14666E-03
            2315     9.31045E-03     51.7424E-06    -1.03281E-03    -9.25284E-03
            2316     11.2004E-03     45.2245E-06    -1.24248E-03    -11.1312E-03
            2317     12.8146E-03     37.5930E-06    -1.42155E-03    -12.7354E-03
            2318     14.1133E-03     29.0359E-06    -1.56561E-03    -14.0261E-03
            2319     15.0644E-03     19.7638E-06    -1.67113E-03    -14.9714E-03
            2320     15.6446E-03     10.0051E-06    -1.73549E-03    -15.5481E-03
            2321     15.8396E-03    -197.177E-21    -1.75713E-03    -15.7419E-03
            2322     15.6446E-03    -10.0051E-06    -1.73549E-03    -15.5481E-03
            2323     15.0644E-03    -19.7638E-06    -1.67113E-03    -14.9714E-03
            2324     14.1133E-03    -29.0359E-06    -1.56561E-03    -14.0261E-03
            2325     12.8146E-03    -37.5930E-06    -1.42155E-03    -12.7354E-03
            2326     11.2004E-03    -45.2245E-06    -1.24248E-03    -11.1312E-03
            2327     9.31045E-03    -51.7424E-06    -1.03281E-03    -9.25284E-03
            2328     7.19127E-03    -56.9862E-06    -797.719E-06    -7.14666E-03
            2329     4.89510E-03    -60.8268E-06    -542.982E-06    -4.86451E-03
            2330     2.47867E-03    -63.1697E-06    -274.875E-06    -2.46257E-03
            2331     63.9571E-06    -63.9571E-06    -5.21307E-33    -24.5607E-33
            2332     73.1747E-06     73.1747E-06    -4.20099E-33    -27.9081E-33
            2333     2.82766E-03     72.2738E-06    -228.491E-06    -2.81748E-03
            2334     5.58430E-03     69.5933E-06    -451.356E-06    -5.56559E-03
            2335     8.20376E-03     65.1992E-06    -663.107E-06    -8.17666E-03
            2336     10.6213E-03     59.1996E-06    -858.531E-06    -10.5864E-03
            2337     12.7774E-03     51.7424E-06    -1.03281E-03    -12.7354E-03
            2338     14.6188E-03     43.0110E-06    -1.18167E-03    -14.5709E-03
            2339     16.1003E-03     33.2206E-06    -1.30142E-03    -16.0476E-03
            2340     17.1854E-03     22.6122E-06    -1.38913E-03    -17.1291E-03
            2341     17.8473E-03     11.4471E-06    -1.44264E-03    -17.7889E-03
            2342     18.0698E-03    -266.595E-21    -1.46062E-03    -18.0106E-03
            2343     17.8473E-03    -11.4471E-06    -1.44264E-03    -17.7889E-03
            2344     17.1854E-03    -22.6122E-06    -1.38913E-03    -17.1291E-03
            2345     16.1003E-03    -33.2206E-06    -1.30142E-03    -16.0476E-03
            2346     14.6188E-03    -43.0110E-06    -1.18167E-03    -14.5709E-03
            2347     12.7774E-03    -51.7424E-06    -1.03281E-03    -12.7354E-03
            2348     10.6213E-03    -59.1996E-06    -858.531E-06    -10.5864E-03
            2349     8.20376E-03    -65.1992E-06    -663.107E-06    -8.17666E-03
            2350     5.58430E-03    -69.5933E-06    -451.356E-06    -5.56559E-03
            2351     2.82766E-03    -72.2738E-06    -228.491E-06    -2.81748E-03
            2352     73.1747E-06    -73.1747E-06    -4.20099E-33    -27.9081E-33
            2353     80.5906E-06     80.5906E-06    -3.08548E-33    -30.5682E-33
            2354     3.10906E-03     79.5984E-06    -176.481E-06    -3.10302E-03
            2355     6.14002E-03     76.6462E-06    -348.616E-06    -6.12964E-03
            2356     9.02016E-03     71.8068E-06    -512.167E-06    -9.00532E-03
            2357     11.6783E-03     65.1992E-06    -663.107E-06    -11.6593E-03
            2358     14.0489E-03     56.9862E-06    -797.719E-06    -14.0261E-03
            2359     16.0736E-03     47.3700E-06    -912.689E-06    -16.0476E-03
            2360     17.7025E-03     36.5874E-06    -1.00519E-03    -17.6739E-03
            2361     18.8956E-03     24.9039E-06    -1.07293E-03    -18.8651E-03
            2362     19.6234E-03     12.6071E-06    -1.11426E-03    -19.5917E-03
            2363     19.8680E-03    -113.964E-21    -1.12815E-03    -19.8359E-03
            2364     19.6234E-03    -12.6071E-06    -1.11426E-03    -19.5917E-03
            2365     18.8956E-03    -24.9039E-06    -1.07293E-03    -18.8651E-03
            2366     17.7025E-03    -36.5874E-06    -1.00519E-03    -17.6739E-03
            2367     16.0736E-03    -47.3700E-06    -912.689E-06    -16.0476E-03
            2368     14.0489E-03    -56.9862E-06    -797.719E-06    -14.0261E-03
            2369     11.6783E-03    -65.1992E-06    -663.107E-06    -11.6593E-03
            2370     9.02016E-03    -71.8068E-06    -512.167E-06    -9.00532E-03
            2371     6.14002E-03    -76.6462E-06    -348.616E-06    -6.12964E-03
            2372     3.10906E-03    -79.5984E-06    -176.481E-06    -3.10302E-03
            2373     80.5906E-06    -80.5906E-06    -3.08548E-33    -30.5682E-33
            2374     86.0221E-06     86.0221E-06    -1.89398E-33    -32.4757E-33
            2375     3.31542E-03     84.9630E-06    -120.125E-06    -3.31215E-03
            2376     6.54756E-03     81.8118E-06    -237.292E-06    -6.54275E-03
            2377     9.61886E-03     76.6462E-06    -348.616E-06    -9.61224E-03
            2378     12.4534E-03     69.5933E-06    -451.356E-06    -12.4450E-03
            2379     14.9814E-03     60.8268E-06    -542.982E-06    -14.9714E-03
            2380     17.1405E-03     50.5625E-06    -621.239E-06    -17.1291E-03
            2381     18.8775E-03     39.0532E-06    -684.198E-06    -18.8651E-03
            2382     20.1498E-03     26.5823E-06    -730.310E-06    -20.1365E-03
            2383     20.9259E-03     13.4568E-06    -758.439E-06    -20.9121E-03
            2384     21.1867E-03    -45.3499E-21    -767.893E-06    -21.1728E-03
            2385     20.9259E-03    -13.4568E-06    -758.439E-06    -20.9121E-03
            2386     20.1498E-03    -26.5823E-06    -730.310E-06    -20.1365E-03
            2387     18.8775E-03    -39.0532E-06    -684.198E-06    -18.8651E-03
            2388     17.1405E-03    -50.5625E-06    -621.239E-06    -17.1291E-03
            2389     14.9814E-03    -60.8268E-06    -542.982E-06    -14.9714E-03
            2390     12.4534E-03    -69.5933E-06    -451.356E-06    -12.4450E-03
            2391     9.61886E-03    -76.6462E-06    -348.616E-06    -9.61224E-03
            2392     6.54756E-03    -81.8118E-06    -237.292E-06    -6.54275E-03
            2393     3.31542E-03    -84.9630E-06    -120.125E-06    -3.31215E-03
            2394     86.0221E-06    -86.0221E-06    -1.89398E-33    -32.4757E-33
            2395     89.3354E-06     89.3354E-06    -655.852E-36    -33.5835E-33
            2396     3.44140E-03     88.2355E-06    -60.8112E-06    -3.43973E-03
            2397     6.79635E-03     84.9630E-06    -120.125E-06    -6.79475E-03
            2398     9.98435E-03     79.5984E-06    -176.481E-06    -9.98247E-03
            2399     12.9266E-03     72.2738E-06    -228.491E-06    -12.9244E-03
            2400     15.5506E-03     63.1697E-06    -274.875E-06    -15.5481E-03
            2401     17.7918E-03     52.5100E-06    -314.491E-06    -17.7889E-03
            2402     19.5948E-03     40.5574E-06    -346.363E-06    -19.5917E-03
            2403     20.9154E-03     27.6062E-06    -369.707E-06    -20.9121E-03
            2404     21.7210E-03     13.9751E-06    -383.947E-06    -21.7176E-03
            2405     21.9917E-03     209.875E-21    -388.732E-06    -21.9883E-03
            2406     21.7210E-03    -13.9751E-06    -383.947E-06    -21.7176E-03
            2407     20.9154E-03    -27.6062E-06    -369.707E-06    -20.9121E-03
            2408     19.5948E-03    -40.5574E-06    -346.363E-06    -19.5917E-03
            2409     17.7918E-03    -52.5100E-06    -314.491E-06    -17.7889E-03
            2410     15.5506E-03    -63.1697E-06    -274.875E-06    -15.5481E-03
            2411     12.9266E-03    -72.2738E-06    -228.491E-06    -12.9244E-03
            2412     9.98435E-03    -79.5984E-06    -176.481E-06    -9.98247E-03
            2413     6.79635E-03    -84.9630E-06    -120.125E-06    -6.79475E-03
            2414     3.44140E-03    -88.2355E-06    -60.8112E-06    -3.43973E-03
            2415     89.3354E-06    -89.3354E-06    -655.852E-36    -33.5835E-33
            2416     90.4490E-06     90.4490E-06     598.427E-36    -33.8644E-33
            2417     3.48375E-03     89.3354E-06    -928.071E-21    -3.48260E-03
            2418     6.87999E-03     86.0221E-06    -945.146E-21    -6.87945E-03
            2419     10.1072E-03     80.5906E-06    -1.22059E-18    -10.1069E-03
            2420     13.0857E-03     73.1747E-06    -1.04540E-18    -13.0855E-03
            2421     15.7420E-03     63.9571E-06    -733.522E-21    -15.7419E-03
            2422     18.0107E-03     53.1646E-06    -411.513E-21    -18.0106E-03
            2423     19.8360E-03     41.0630E-06    -744.009E-21    -19.8359E-03
            2424     21.1728E-03     27.9503E-06    -426.732E-21    -21.1728E-03
            2425     21.9883E-03     14.1493E-06    -443.505E-21    -21.9883E-03
            2426     22.2624E-03     346.497E-21    -1.00177E-18    -22.2624E-03
            2427     21.9883E-03    -14.1493E-06    -866.774E-21    -21.9883E-03
            2428     21.1728E-03    -27.9503E-06    -753.448E-21    -21.1728E-03
            2429     19.8360E-03    -41.0630E-06     207.140E-21    -19.8359E-03
            2430     18.0107E-03    -53.1646E-06     1.17670E-18    -18.0106E-03
            2431     15.7420E-03    -63.9571E-06     442.541E-21    -15.7419E-03
            2432     13.0857E-03    -73.1747E-06     689.138E-21    -13.0855E-03
            2433     10.1072E-03    -80.5906E-06    -204.336E-21    -10.1069E-03
            2434     6.87999E-03    -86.0221E-06     477.662E-21    -6.87945E-03
            2435     3.48375E-03    -89.3354E-06     134.884E-21    -3.48260E-03
            2436     90.4490E-06    -90.4490E-06     598.427E-36    -33.8644E-33
            2437     89.3354E-06     89.3354E-06     1.83797E-33    -33.3114E-33
            2438     3.44140E-03     88.2355E-06     60.8112E-06    -3.43973E-03
            2439     6.79635E-03     84.9630E-06     120.125E-06    -6.79475E-03
            2440     9.98435E-03     79.5984E-06     176.481E-06    -9.98247E-03
            2441     12.9266E-03     72.2738E-06     228.491E-06    -12.9244E-03
            2442     15.5506E-03     63.1697E-06     274.875E-06    -15.5481E-03
            2443     17.7918E-03     52.5100E-06     314.491E-06    -17.7889E-03
            2444     19.5948E-03     40.5574E-06     346.363E-06    -19.5917E-03
            2445     20.9154E-03     27.6062E-06     369.707E-06    -20.9121E-03
            2446     21.7210E-03     13.9751E-06     383.947E-06    -21.7176E-03
            2447     21.9917E-03    -59.6414E-21     388.732E-06    -21.9883E-03
            2448     21.7210E-03    -13.9751E-06     383.947E-06    -21.7176E-03
            2449     20.9154E-03    -27.6062E-06     369.707E-06    -20.9121E-03
            2450     19.5948E-03    -40.5574E-06     346.363E-06    -19.5917E-03
            2451     17.7918E-03    -52.5100E-06     314.491E-06    -17.7889E-03
            2452     15.5506E-03    -63.1697E-06     274.875E-06    -15.5481E-03
            2453     12.9266E-03    -72.2738E-06     228.491E-06    -12.9244E-03
            2454     9.98435E-03    -79.5984E-06     176.481E-06    -9.98247E-03
            2455     6.79635E-03    -84.9630E-06     120.125E-06    -6.79475E-03
            2456     3.44140E-03    -88.2355E-06     60.8112E-06    -3.43973E-03
            2457     89.3354E-06    -89.3354E-06     1.83797E-33    -33.3114E-33
            2458     86.0221E-06     86.0221E-06     3.03226E-33    -31.9382E-33
            2459     3.31542E-03     84.9630E-06     120.125E-06    -3.31215E-03
            2460     6.54756E-03     81.8118E-06     237.292E-06    -6.54275E-03
            2461     9.61886E-03     76.6462E-06     348.616E-06    -9.61224E-03
            2462     12.4534E-03     69.5933E-06     451.356E-06    -12.4450E-03
            2463     14.9814E-03     60.8268E-06     542.982E-06    -14.9714E-03
            2464     17.1405E-03     50.5625E-06     621.239E-06    -17.1291E-03
            2465     18.8775E-03     39.0532E-06     684.198E-06    -18.8651E-03
            2466     20.1498E-03     26.5823E-06     730.310E-06    -20.1365E-03
            2467     20.9259E-03     13.4568E-06     758.439E-06    -20.9121E-03
            2468     21.1867E-03     71.9046E-21     767.893E-06    -21.1728E-03
            2469     20.9259E-03    -13.4568E-06     758.439E-06    -20.9121E-03
            2470     20.1498E-03    -26.5823E-06     730.310E-06    -20.1365E-03
            2471     18.8775E-03    -39.0532E-06     684.198E-06    -18.8651E-03
            2472     17.1405E-03    -50.5625E-06     621.239E-06    -17.1291E-03
            2473     14.9814E-03    -60.8268E-06     542.982E-06    -14.9714E-03
            2474     12.4534E-03    -69.5933E-06     451.356E-06    -12.4450E-03
            2475     9.61886E-03    -76.6462E-06     348.616E-06    -9.61224E-03
            2476     6.54756E-03    -81.8118E-06     237.292E-06    -6.54275E-03
            2477     3.31542E-03    -84.9630E-06     120.125E-06    -3.31215E-03
            2478     86.0221E-06    -86.0221E-06     3.03226E-33    -31.9382E-33
            2479     80.5906E-06     80.5906E-06     4.15188E-33    -29.7786E-33
            2480     3.10906E-03     79.5984E-06     176.481E-06    -3.10302E-03
            2481     6.14002E-03     76.6462E-06     348.616E-06    -6.12964E-03
            2482     9.02016E-03     71.8068E-06     512.167E-06    -9.00532E-03
            2483     11.6783E-03     65.1992E-06     663.107E-06    -11.6593E-03
            2484     14.0489E-03     56.9862E-06     797.719E-06    -14.0261E-03
            2485     16.0736E-03     47.3700E-06     912.689E-06    -16.0476E-03
            2486     17.7025E-03     36.5874E-06     1.00519E-03    -17.6739E-03
            2487     18.8956E-03     24.9039E-06     1.07293E-03    -18.8651E-03
            2488     19.6234E-03     12.6071E-06     1.11426E-03    -19.5917E-03
            2489     19.8680E-03    -149.977E-21     1.12815E-03    -19.8359E-03
            2490     19.6234E-03    -12.6071E-06     1.11426E-03    -19.5917E-03
            2491     18.8956E-03    -24.9039E-06     1.07293E-03    -18.8651E-03
            2492     17.7025E-03    -36.5874E-06     1.00519E-03    -17.6739E-03
            2493     16.0736E-03    -47.3700E-06     912.689E-06    -16.0476E-03
            2494     14.0489E-03    -56.9862E-06     797.719E-06    -14.0261E-03
            2495     11.6783E-03    -65.1992E-06     663.107E-06    -11.6593E-03
            2496     9.02016E-03    -71.8068E-06     512.167E-06    -9.00532E-03
            2497     6.14002E-03    -76.6462E-06     348.616E-06    -6.12964E-03
            2498     3.10906E-03    -79.5984E-06     176.481E-06    -3.10302E-03
            2499     80.5906E-06    -80.5906E-06     4.15188E-33    -29.7786E-33
            2500     73.1747E-06     73.1747E-06     5.16927E-33    -26.8857E-33
            2501     2.82766E-03     72.2738E-06     228.491E-06    -2.81748E-03
            2502     5.58430E-03     69.5933E-06     451.356E-06    -5.56559E-03
            2503     8.20376E-03     65.1992E-06     663.107E-06    -8.17666E-03
            2504     10.6213E-03     59.1996E-06     858.531E-06    -10.5864E-03
            2505     12.7774E-03     51.7424E-06     1.03281E-03    -12.7354E-03
            2506     14.6188E-03     43.0110E-06     1.18167E-03    -14.5709E-03
            2507     16.1003E-03     33.2206E-06     1.30142E-03    -16.0476E-03
            2508     17.1854E-03     22.6122E-06     1.38913E-03    -17.1291E-03
            2509     17.8473E-03     11.4471E-06     1.44264E-03    -17.7889E-03
            2510     18.0698E-03    -346.190E-21     1.46062E-03    -18.0106E-03
            2511     17.8473E-03    -11.4471E-06     1.44264E-03    -17.7889E-03
            2512     17.1854E-03    -22.6122E-06     1.38913E-03    -17.1291E-03
            2513     16.1003E-03    -33.2206E-06     1.30142E-03    -16.0476E-03
            2514     14.6188E-03    -43.0110E-06     1.18167E-03    -14.5709E-03
            2515     12.7774E-03    -51.7424E-06     1.03281E-03    -12.7354E-03
            2516     10.6213E-03    -59.1996E-06     858.531E-06    -10.5864E-03
            2517     8.20376E-03    -65.1992E-06     663.107E-06    -8.17666E-03
            2518     5.58430E-03    -69.5933E-06     451.356E-06    -5.56559E-03
            2519     2.82766E-03    -72.2738E-06     228.491E-06    -2.81748E-03
            2520     73.1747E-06    -73.1747E-06     5.16927E-33    -26.8857E-33
            2521     63.9571E-06     63.9571E-06     6.05937E-33    -23.3308E-33
            2522     2.47867E-03     63.1697E-06     274.875E-06    -2.46257E-03
            2523     4.89510E-03     60.8268E-06     542.982E-06    -4.86451E-03
            2524     7.19127E-03     56.9862E-06     797.719E-06    -7.14666E-03
            2525     9.31045E-03     51.7424E-06     1.03281E-03    -9.25284E-03
            2526     11.2004E-03     45.2245E-06     1.24248E-03    -11.1312E-03
            2527     12.8146E-03     37.5930E-06     1.42155E-03    -12.7354E-03
            2528     14.1133E-03     29.0359E-06     1.56561E-03    -14.0261E-03
            2529     15.0644E-03     19.7638E-06     1.67113E-03    -14.9714E-03
            2530     15.6446E-03     10.0051E-06     1.73549E-03    -15.5481E-03
            2531     15.8396E-03     39.6649E-21     1.75713E-03    -15.7419E-03
            2532     15.6446E-03    -10.0051E-06     1.73549E-03    -15.5481E-03
            2533     15.0644E-03    -19.7638E-06     1.67113E-03    -14.9714E-03
            2534     14.1133E-03    -29.0359E-06     1.56561E-03    -14.0261E-03
            2535     12.8146E-03    -37.5930E-06     1.42155E-03    -12.7354E-03
            2536     11.2004E-03    -45.2245E-06     1.24248E-03    -11.1312E-03
            2537     9.31045E-03    -51.7424E-06     1.03281E-03    -9.25284E-03
            2538     7.19127E-03    -56.9862E-06     797.719E-06    -7.14666E-03
            2539     4.89510E-03    -60.8268E-06     542.982E-06    -4.86451E-03
            2540     2.47867E-03    -63.1697E-06     274.875E-06    -2.46257E-03
            2541     63.9571E-06    -63.9571E-06     6.05937E-33    -23.3308E-33
            2542     53.1646E-06     53.1646E-06     6.80028E-33    -19.2014E-33
            2543     2.07171E-03     52.5100E-06     314.491E-06    -2.04702E-03
            2544     4.09140E-03     50.5625E-06     621.239E-06    -4.04364E-03
            2545     6.01058E-03     47.3700E-06     912.689E-06    -5.94069E-03
            2546     7.78182E-03     43.0110E-06     1.18167E-03    -7.69146E-03
            2547     9.36148E-03     37.5930E-06     1.42155E-03    -9.25284E-03
            2548     10.7106E-03     31.2493E-06     1.62642E-03    -10.5864E-03
            2549     11.7961E-03     24.1362E-06     1.79125E-03    -11.6593E-03
            2550     12.5911E-03     16.4288E-06     1.91198E-03    -12.4450E-03
            2551     13.0760E-03     8.31677E-06     1.98562E-03    -12.9244E-03
            2552     13.2390E-03     111.339E-21     2.01037E-03    -13.0855E-03
            2553     13.0760E-03    -8.31677E-06     1.98562E-03    -12.9244E-03
            2554     12.5911E-03    -16.4288E-06     1.91198E-03    -12.4450E-03
            2555     11.7961E-03    -24.1362E-06     1.79125E-03    -11.6593E-03
            2556     10.7106E-03    -31.2493E-06     1.62642E-03    -10.5864E-03
            2557     9.36148E-03    -37.5930E-06     1.42155E-03    -9.25284E-03
            2558     7.78182E-03    -43.0110E-06     1.18167E-03    -7.69146E-03
            2559     6.01058E-03    -47.3700E-06     912.689E-06    -5.94069E-03
            2560     4.09140E-03    -50.5625E-06     621.239E-06    -4.04364E-03
            2561     2.07171E-03    -52.5100E-06     314.491E-06    -2.04702E-03
            2562     53.1646E-06    -53.1646E-06     6.80028E-33    -19.2014E-33
            2563     41.0630E-06     41.0630E-06     7.37373E-33    -14.5993E-33
            2564     1.61907E-03     40.5574E-06     346.363E-06    -1.58107E-03
            2565     3.19751E-03     39.0532E-06     684.198E-06    -3.12321E-03
            2566     4.69739E-03     36.5874E-06     1.00519E-03    -4.58844E-03
            2567     6.08166E-03     33.2206E-06     1.30142E-03    -5.94069E-03
            2568     7.31620E-03     29.0359E-06     1.56561E-03    -7.14666E-03
            2569     8.37060E-03     24.1362E-06     1.79125E-03    -8.17666E-03
            2570     9.21889E-03     18.6422E-06     1.97279E-03    -9.00532E-03
            2571     9.84020E-03     12.6892E-06     2.10574E-03    -9.61224E-03
            2572     10.2192E-03     6.42366E-06     2.18685E-03    -9.98247E-03
            2573     10.3466E-03    -67.9886E-21     2.21411E-03    -10.1069E-03
            2574     10.2192E-03    -6.42366E-06     2.18685E-03    -9.98247E-03
            2575     9.84020E-03    -12.6892E-06     2.10574E-03    -9.61224E-03
            2576     9.21889E-03    -18.6422E-06     1.97279E-03    -9.00532E-03
            2577     8.37060E-03    -24.1362E-06     1.79125E-03    -8.17666E-03
            2578     7.31620E-03    -29.0359E-06     1.56561E-03    -7.14666E-03
            2579     6.08166E-03    -33.2206E-06     1.30142E-03    -5.94069E-03
            2580     4.69739E-03    -36.5874E-06     1.00519E-03    -4.58844E-03
            2581     3.19751E-03    -39.0532E-06     684.198E-06    -3.12321E-03
            2582     1.61907E-03    -40.5574E-06     346.363E-06    -1.58107E-03
            2583     41.0630E-06    -41.0630E-06     7.37373E-33    -14.5993E-33
            2584     27.9503E-06     27.9503E-06     7.76563E-33    -9.63759E-33
            2585     1.13825E-03     27.6062E-06     369.707E-06    -1.07618E-03
            2586     2.24797E-03     26.5823E-06     730.310E-06    -2.12587E-03
            2587     3.30246E-03     24.9039E-06     1.07293E-03    -3.12321E-03
            2588     4.27565E-03     22.6122E-06     1.38913E-03    -4.04364E-03
            2589     5.14359E-03     19.7638E-06     1.67113E-03    -4.86451E-03
            2590     5.88488E-03     16.4288E-06     1.91198E-03    -5.56559E-03
            2591     6.48126E-03     12.6892E-06     2.10574E-03    -6.12964E-03
            2592     6.91806E-03     8.63711E-06     2.24766E-03    -6.54275E-03
            2593     7.18452E-03     4.37238E-06     2.33424E-03    -6.79475E-03
            2594     7.27408E-03     105.379E-21     2.36333E-03    -6.87945E-03
            2595     7.18452E-03    -4.37238E-06     2.33424E-03    -6.79475E-03
            2596     6.91806E-03    -8.63711E-06     2.24766E-03    -6.54275E-03
            2597     6.48126E-03    -12.6892E-06     2.10574E-03    -6.12964E-03
            2598     5.88488E-03    -16.4288E-06     1.91198E-03    -5.56559E-03
            2599     5.14359E-03    -19.7638E-06     1.67113E-03    -4.86451E-03
            2600     4.27565E-03    -22.6122E-06     1.38913E-03    -4.04364E-03
            2601     3.30246E-03    -24.9039E-06     1.07293E-03    -3.12321E-03
            2602     2.24797E-03    -26.5823E-06     730.310E-06    -2.12587E-03
            2603     1.13825E-03    -27.6062E-06     369.707E-06    -1.07618E-03
            2604     27.9503E-06    -27.9503E-06     7.76563E-33    -9.63759E-33
            2605     14.1493E-06     14.1493E-06     7.96630E-33    -4.43862E-33
            2606     666.646E-06     13.9751E-06     383.947E-06    -544.799E-06
            2607     1.31666E-03     13.4568E-06     758.439E-06    -1.07618E-03
            2608     1.93430E-03     12.6071E-06     1.11426E-03    -1.58107E-03
            2609     2.50432E-03     11.4471E-06     1.44264E-03    -2.04702E-03
            2610     3.01269E-03     10.0051E-06     1.73549E-03    -2.46257E-03
            2611     3.44688E-03     8.31677E-06     1.98562E-03    -2.81748E-03
            2612     3.79620E-03     6.42366E-06     2.18685E-03    -3.10302E-03
            2613     4.05204E-03     4.37238E-06     2.33424E-03    -3.31215E-03
            2614     4.20811E-03     2.21344E-06     2.42414E-03    -3.43973E-03
            2615     4.26056E-03     116.598E-21     2.45436E-03    -3.48260E-03
            2616     4.20811E-03    -2.21344E-06     2.42414E-03    -3.43973E-03
            2617     4.05204E-03    -4.37238E-06     2.33424E-03    -3.31215E-03
            2618     3.79620E-03    -6.42366E-06     2.18685E-03    -3.10302E-03
            2619     3.44688E-03    -8.31677E-06     1.98562E-03    -2.81748E-03
            2620     3.01269E-03    -10.0051E-06     1.73549E-03    -2.46257E-03
            2621     2.50432E-03    -11.4471E-06     1.44264E-03    -2.04702E-03
            2622     1.93430E-03    -12.6071E-06     1.11426E-03    -1.58107E-03
            2623     1.31666E-03    -13.4568E-06     758.439E-06    -1.07618E-03
            2624     666.646E-06    -13.9751E-06     383.947E-06    -544.799E-06
            2625     14.1493E-06    -14.1493E-06     7.96630E-33    -4.43862E-33
            2626              0.    -5.04220E-33     2.83375E-33    -622.913E-36
            2627     388.732E-06    -10.1186E-33     388.732E-06    -1.72141E-33
            2628     767.893E-06    -9.74313E-33     767.893E-06    -2.53078E-33
            2629     1.12815E-03    -9.12776E-33     1.12815E-03    -3.27783E-33
            2630     1.46062E-03    -8.28763E-33     1.46062E-03    -3.94417E-33
            2631     1.75713E-03    -7.24344E-33     1.75713E-03    -4.51340E-33
            2632     2.01037E-03    -6.02089E-33     2.01037E-03    -4.97148E-33
            2633     2.21411E-03    -4.65008E-33     2.21411E-03    -5.30716E-33
            2634     2.36333E-03    -3.16477E-33     2.36333E-03    -5.51215E-33
            2635     2.45436E-03    -1.60154E-33     2.45436E-03    -5.58142E-33
            2636     2.48495E-03     1.13216E-36     2.48495E-03    -5.51325E-33
            2637     2.45436E-03     1.60377E-33     2.45436E-03    -5.30933E-33
            2638     2.36333E-03     3.16693E-33     2.36333E-03    -4.97468E-33
            2639     2.21411E-03     4.65210E-33     2.21411E-03    -4.51753E-33
            2640     2.01037E-03     6.02272E-33     2.01037E-03    -3.94915E-33
            2641     1.75713E-03     7.24504E-33     1.75713E-03    -3.28352E-33
            2642     1.46062E-03     8.28896E-33     1.46062E-03    -2.53704E-33
            2643     1.12815E-03     9.12879E-33     1.12815E-03    -1.72810E-33
            2644     767.893E-06     9.74383E-33     767.893E-06    -876.600E-36
            2645     388.732E-06     10.1189E-33     388.732E-06    -3.51679E-36
            2646              0.     5.04220E-33     2.83375E-33    -622.913E-36
            2647              0.    -4.03301E-33    -1.70847E-33    -748.296E-36
            2648     297.641E-06    -7.37930E-33    -297.641E-06    -2.32082E-33
            2649     587.952E-06    -7.29308E-33    -587.952E-06    -3.76885E-33
            2650     863.787E-06    -7.02727E-33    -863.787E-06    -5.12407E-33
            2651     1.11835E-03    -6.58843E-33    -1.11835E-03    -6.35313E-33
            2652     1.34538E-03    -5.98736E-33    -1.34538E-03    -7.42575E-33
            2653     1.53928E-03    -5.23886E-33    -1.53928E-03    -8.31552E-33
            2654     1.69528E-03    -4.36137E-33    -1.69528E-03    -9.00054E-33
            2655     1.80953E-03    -3.37648E-33    -1.80953E-03    -9.46394E-33
            2656     1.87923E-03    -2.30845E-33    -1.87923E-03    -9.69430E-33
            2657     1.90265E-03    -1.18358E-33    -1.90265E-03    -9.68595E-33
            2658     1.87923E-03    -29.5712E-36    -1.87923E-03    -9.43911E-33
            2659     1.80953E-03     1.12517E-33    -1.80953E-03    -8.95984E-33
            2660     1.69528E-03     2.25221E-33    -1.69528E-03    -8.25995E-33
            2661     1.53928E-03     3.32378E-33    -1.53928E-03    -7.35668E-33
            2662     1.34538E-03     4.31352E-33    -1.34538E-03    -6.27226E-33
            2663     1.11835E-03     5.19704E-33    -1.11835E-03    -5.03339E-33
            2664     863.787E-06     5.95260E-33    -863.787E-06    -3.67059E-33
            2665     587.952E-06     6.56158E-33    -587.952E-06    -2.21740E-33
            2666     297.641E-06     7.00899E-33    -297.641E-06    -709.615E-36
            2667              0.     4.03301E-33    -1.70847E-33    -748.296E-36
            2668     76.5480E-06     76.5480E-06    -4.76352E-33    -6.08542E-33
            2669     624.468E-06     75.6056E-06    -293.976E-06    -545.731E-06
            2670     1.22665E-03     72.8015E-06    -580.714E-06    -1.07802E-03
            2671     1.80024E-03     68.2048E-06    -853.152E-06    -1.58377E-03
            2672     2.32993E-03     61.9286E-06    -1.10458E-03    -2.05052E-03
            2673     2.80245E-03     54.1276E-06    -1.32882E-03    -2.46679E-03
            2674     3.20606E-03     44.9938E-06    -1.52033E-03    -2.82231E-03
            2675     3.53080E-03     34.7521E-06    -1.67441E-03    -3.10833E-03
            2676     3.76865E-03     23.6546E-06    -1.78725E-03    -3.31782E-03
            2677     3.91375E-03     11.9747E-06    -1.85609E-03    -3.44561E-03
            2678     3.96252E-03    -101.492E-21    -1.87923E-03    -3.48856E-03
            2679     3.91375E-03    -11.9747E-06    -1.85609E-03    -3.44561E-03
            2680     3.76865E-03    -23.6546E-06    -1.78725E-03    -3.31782E-03
            2681     3.53080E-03    -34.7521E-06    -1.67441E-03    -3.10833E-03
            2682     3.20606E-03    -44.9938E-06    -1.52033E-03    -2.82231E-03
            2683     2.80245E-03    -54.1276E-06    -1.32882E-03    -2.46679E-03
            2684     2.32993E-03    -61.9286E-06    -1.10458E-03    -2.05052E-03
            2685     1.80024E-03    -68.2048E-06    -853.152E-06    -1.58377E-03
            2686     1.22665E-03    -72.8015E-06    -580.714E-06    -1.07802E-03
            2687     624.468E-06    -75.6056E-06    -293.976E-06    -545.731E-06
            2688     76.5480E-06    -76.5480E-06    -4.76352E-33    -6.08542E-33
            2689     151.211E-06     151.211E-06    -4.51693E-33    -11.2054E-33
            2690     1.12453E-03     149.349E-06    -283.073E-06    -1.07802E-03
            2691     2.20639E-03     143.810E-06    -559.176E-06    -2.12950E-03
            2692     3.23741E-03     134.730E-06    -821.510E-06    -3.12855E-03
            2693     4.18966E-03     122.332E-06    -1.06362E-03    -4.05056E-03
            2694     5.03916E-03     106.922E-06    -1.27953E-03    -4.87283E-03
            2695     5.76480E-03     88.8797E-06    -1.46394E-03    -5.57512E-03
            2696     6.34865E-03     68.6484E-06    -1.61230E-03    -6.14012E-03
            2697     6.77629E-03     46.7268E-06    -1.72097E-03    -6.55394E-03
            2698     7.03716E-03     23.6546E-06    -1.78725E-03    -6.80638E-03
            2699     7.12484E-03    -393.002E-21    -1.80953E-03    -6.89122E-03
            2700     7.03716E-03    -23.6546E-06    -1.78725E-03    -6.80638E-03
            2701     6.77629E-03    -46.7268E-06    -1.72097E-03    -6.55394E-03
            2702     6.34865E-03    -68.6484E-06    -1.61230E-03    -6.14012E-03
            2703     5.76480E-03    -88.8797E-06    -1.46394E-03    -5.57512E-03
            2704     5.03916E-03    -106.922E-06    -1.27953E-03    -4.87283E-03
            2705     4.18966E-03    -122.332E-06    -1.06362E-03    -4.05056E-03
            2706     3.23741E-03    -134.730E-06    -821.510E-06    -3.12855E-03
            2707     2.20639E-03    -143.810E-06    -559.176E-06    -2.12950E-03
            2708     1.12453E-03    -149.349E-06    -283.073E-06    -1.07802E-03
            2709     151.211E-06    -151.211E-06    -4.51693E-33    -11.2054E-33
            2710     222.151E-06     222.151E-06    -4.15912E-33    -16.0494E-33
            2711     1.62074E-03     219.416E-06    -265.200E-06    -1.58377E-03
            2712     3.17913E-03     211.278E-06    -523.869E-06    -3.12855E-03
            2713     4.66448E-03     197.938E-06    -769.640E-06    -4.59629E-03
            2714     6.03638E-03     179.724E-06    -996.459E-06    -5.95085E-03
            2715     7.26026E-03     157.084E-06    -1.19874E-03    -7.15889E-03
            2716     8.30571E-03     130.577E-06    -1.37151E-03    -8.19065E-03
            2717     9.14687E-03     100.854E-06    -1.51050E-03    -9.02073E-03
            2718     9.76298E-03     68.6484E-06    -1.61230E-03    -9.62869E-03
            2719     10.1388E-03     34.7521E-06    -1.67441E-03    -9.99955E-03
            2720     10.2652E-03    -416.049E-21    -1.69528E-03    -10.1242E-03
            2721     10.1388E-03    -34.7521E-06    -1.67441E-03    -9.99955E-03
            2722     9.76298E-03    -68.6484E-06    -1.61230E-03    -9.62869E-03
            2723     9.14687E-03    -100.854E-06    -1.51050E-03    -9.02073E-03
            2724     8.30571E-03    -130.577E-06    -1.37151E-03    -8.19065E-03
            2725     7.26026E-03    -157.084E-06    -1.19874E-03    -7.15889E-03
            2726     6.03638E-03    -179.724E-06    -996.459E-06    -5.95085E-03
            2727     4.66448E-03    -197.938E-06    -769.640E-06    -4.59629E-03
            2728     3.17913E-03    -211.278E-06    -523.869E-06    -3.12855E-03
            2729     1.62074E-03    -219.416E-06    -265.200E-06    -1.58377E-03
            2730     222.151E-06    -222.151E-06    -4.15912E-33    -16.0494E-33
            2731     287.621E-06     287.621E-06    -3.69890E-33    -20.4982E-33
            2732     2.08407E-03     284.080E-06    -240.796E-06    -2.05052E-03
            2733     4.08756E-03     273.543E-06    -475.663E-06    -4.05056E-03
            2734     5.99722E-03     256.272E-06    -698.818E-06    -5.95085E-03
            2735     7.76105E-03     232.690E-06    -904.766E-06    -7.70462E-03
            2736     9.33458E-03     203.378E-06    -1.08843E-03    -9.26867E-03
            2737     10.6787E-03     169.059E-06    -1.24530E-03    -10.6045E-03
            2738     11.7602E-03     130.577E-06    -1.37151E-03    -11.6792E-03
            2739     12.5523E-03     88.8797E-06    -1.46394E-03    -12.4663E-03
            2740     13.0355E-03     44.9938E-06    -1.52033E-03    -12.9465E-03
            2741     13.1980E-03    -398.821E-21    -1.53928E-03    -13.1079E-03
            2742     13.0355E-03    -44.9938E-06    -1.52033E-03    -12.9465E-03
            2743     12.5523E-03    -88.8797E-06    -1.46394E-03    -12.4663E-03
            2744     11.7602E-03    -130.577E-06    -1.37151E-03    -11.6792E-03
            2745     10.6787E-03    -169.059E-06    -1.24530E-03    -10.6045E-03
            2746     9.33458E-03    -203.378E-06    -1.08843E-03    -9.26867E-03
            2747     7.76105E-03    -232.690E-06    -904.766E-06    -7.70462E-03
            2748     5.99722E-03    -256.272E-06    -698.818E-06    -5.95085E-03
            2749     4.08756E-03    -273.543E-06    -475.663E-06    -4.05056E-03
            2750     2.08407E-03    -284.080E-06    -240.796E-06    -2.05052E-03
            2751     287.621E-06    -287.621E-06    -3.69890E-33    -20.4982E-33
            2752     346.008E-06     346.008E-06    -3.14760E-33    -24.4423E-33
            2753     2.49922E-03     341.748E-06    -210.464E-06    -2.46679E-03
            2754     4.90159E-03     329.073E-06    -415.745E-06    -4.87283E-03
            2755     7.19151E-03     308.296E-06    -610.789E-06    -7.15889E-03
            2756     9.30656E-03     279.926E-06    -790.794E-06    -9.26867E-03
            2757     11.1934E-03     244.665E-06    -951.327E-06    -11.1502E-03
            2758     12.8052E-03     203.378E-06    -1.08843E-03    -12.7572E-03
            2759     14.1020E-03     157.084E-06    -1.19874E-03    -14.0501E-03
            2760     15.0519E-03     106.922E-06    -1.27953E-03    -14.9970E-03
            2761     15.6313E-03     54.1276E-06    -1.32882E-03    -15.5747E-03
            2762     15.8261E-03    -579.879E-21    -1.34538E-03    -15.7688E-03
            2763     15.6313E-03    -54.1276E-06    -1.32882E-03    -15.5747E-03
            2764     15.0519E-03    -106.922E-06    -1.27953E-03    -14.9970E-03
            2765     14.1020E-03    -157.084E-06    -1.19874E-03    -14.0501E-03
            2766     12.8052E-03    -203.378E-06    -1.08843E-03    -12.7572E-03
            2767     11.1934E-03    -244.665E-06    -951.327E-06    -11.1502E-03
            2768     9.30656E-03    -279.926E-06    -790.794E-06    -9.26867E-03
            2769     7.19151E-03    -308.296E-06    -610.789E-06    -7.15889E-03
            2770     4.90159E-03    -329.073E-06    -415.745E-06    -4.87283E-03
            2771     2.49922E-03    -341.748E-06    -210.464E-06    -2.46679E-03
            2772     346.008E-06    -346.008E-06    -3.14760E-33    -24.4423E-33
            2773     395.876E-06     395.876E-06    -2.51879E-33    -27.7845E-33
            2774     2.85463E-03     391.002E-06    -174.949E-06    -2.82231E-03
            2775     5.59849E-03     376.500E-06    -345.590E-06    -5.57512E-03
            2776     8.21395E-03     352.728E-06    -507.721E-06    -8.19065E-03
            2777     10.6297E-03     320.270E-06    -657.351E-06    -10.6045E-03
            2778     12.7848E-03     279.926E-06    -790.794E-06    -12.7572E-03
            2779     14.6257E-03     232.690E-06    -904.766E-06    -14.5958E-03
            2780     16.1069E-03     179.724E-06    -996.459E-06    -16.0751E-03
            2781     17.1918E-03     122.332E-06    -1.06362E-03    -17.1584E-03
            2782     17.8536E-03     61.9286E-06    -1.10458E-03    -17.8193E-03
            2783     18.0761E-03    -322.345E-21    -1.11835E-03    -18.0415E-03
            2784     17.8536E-03    -61.9286E-06    -1.10458E-03    -17.8193E-03
            2785     17.1918E-03    -122.332E-06    -1.06362E-03    -17.1584E-03
            2786     16.1069E-03    -179.724E-06    -996.459E-06    -16.0751E-03
            2787     14.6257E-03    -232.690E-06    -904.766E-06    -14.5958E-03
            2788     12.7848E-03    -279.926E-06    -790.794E-06    -12.7572E-03
            2789     10.6297E-03    -320.270E-06    -657.351E-06    -10.6045E-03
            2790     8.21395E-03    -352.728E-06    -507.721E-06    -8.19065E-03
            2791     5.59849E-03    -376.500E-06    -345.590E-06    -5.57512E-03
            2792     2.85463E-03    -391.002E-06    -174.949E-06    -2.82231E-03
            2793     395.876E-06    -395.876E-06    -2.51879E-33    -27.7845E-33
            2794     435.996E-06     435.996E-06    -1.82797E-33    -30.4426E-33
            2795     3.14093E-03     430.628E-06    -135.126E-06    -3.10833E-03
            2796     6.15990E-03     414.657E-06    -266.925E-06    -6.14012E-03
            2797     9.03760E-03     388.475E-06    -392.151E-06    -9.02073E-03
            2798     11.6956E-03     352.728E-06    -507.721E-06    -11.6792E-03
            2799     14.0668E-03     308.296E-06    -610.789E-06    -14.0501E-03
            2800     16.0923E-03     256.272E-06    -698.818E-06    -16.0751E-03
            2801     17.7220E-03     197.938E-06    -769.640E-06    -17.7042E-03
            2802     18.9157E-03     134.730E-06    -821.510E-06    -18.8974E-03
            2803     19.6439E-03     68.2048E-06    -853.152E-06    -19.6252E-03
            2804     19.8886E-03    -62.3283E-21    -863.787E-06    -19.8699E-03
            2805     19.6439E-03    -68.2048E-06    -853.152E-06    -19.6252E-03
            2806     18.9157E-03    -134.730E-06    -821.510E-06    -18.8974E-03
            2807     17.7220E-03    -197.938E-06    -769.640E-06    -17.7042E-03
            2808     16.0923E-03    -256.272E-06    -698.818E-06    -16.0751E-03
            2809     14.0668E-03    -308.296E-06    -610.789E-06    -14.0501E-03
            2810     11.6956E-03    -352.728E-06    -507.721E-06    -11.6792E-03
            2811     9.03760E-03    -388.475E-06    -392.151E-06    -9.02073E-03
            2812     6.15990E-03    -414.657E-06    -266.925E-06    -6.14012E-03
            2813     3.14093E-03    -430.628E-06    -135.126E-06    -3.10833E-03
            2814     435.996E-06    -435.996E-06    -1.82797E-33    -30.4426E-33
            2815     465.380E-06     465.380E-06    -1.09213E-33    -32.3511E-33
            2816     3.35077E-03     459.650E-06    -91.9760E-06    -3.31782E-03
            2817     6.57138E-03     442.603E-06    -181.687E-06    -6.55394E-03
            2818     9.64131E-03     414.657E-06    -266.925E-06    -9.62869E-03
            2819     12.4768E-03     376.500E-06    -345.590E-06    -12.4663E-03
            2820     15.0064E-03     329.073E-06    -415.745E-06    -14.9970E-03
            2821     17.1672E-03     273.543E-06    -475.663E-06    -17.1584E-03
            2822     18.9058E-03     211.278E-06    -523.869E-06    -18.8974E-03
            2823     20.1792E-03     143.810E-06    -559.176E-06    -20.1710E-03
            2824     20.9561E-03     72.8015E-06    -580.714E-06    -20.9479E-03
            2825     21.2172E-03     134.492E-21    -587.952E-06    -21.2090E-03
            2826     20.9561E-03    -72.8015E-06    -580.714E-06    -20.9479E-03
            2827     20.1792E-03    -143.810E-06    -559.176E-06    -20.1710E-03
            2828     18.9058E-03    -211.278E-06    -523.869E-06    -18.8974E-03
            2829     17.1672E-03    -273.543E-06    -475.663E-06    -17.1584E-03
            2830     15.0064E-03    -329.073E-06    -415.745E-06    -14.9970E-03
            2831     12.4768E-03    -376.500E-06    -345.590E-06    -12.4663E-03
            2832     9.64131E-03    -414.657E-06    -266.925E-06    -9.62869E-03
            2833     6.57138E-03    -442.603E-06    -181.687E-06    -6.55394E-03
            2834     3.35077E-03    -459.650E-06    -91.9760E-06    -3.31782E-03
            2835     465.380E-06    -465.380E-06    -1.09213E-33    -32.3511E-33
            2836     483.305E-06     483.305E-06    -329.405E-36    -33.4630E-33
            2837     3.47883E-03     477.355E-06    -46.5613E-06    -3.44561E-03
            2838     6.82250E-03     459.650E-06    -91.9760E-06    -6.80638E-03
            2839     10.0097E-03     430.628E-06    -135.126E-06    -9.99955E-03
            2840     12.9536E-03     391.002E-06    -174.949E-06    -12.9465E-03
            2841     15.5798E-03     341.748E-06    -210.464E-06    -15.5747E-03
            2842     17.8232E-03     284.080E-06    -240.796E-06    -17.8193E-03
            2843     19.6282E-03     219.416E-06    -265.200E-06    -19.6252E-03
            2844     20.9503E-03     149.349E-06    -283.073E-06    -20.9479E-03
            2845     21.7569E-03     75.6056E-06    -293.976E-06    -21.7547E-03
            2846     22.0279E-03     486.422E-21    -297.641E-06    -22.0259E-03
            2847     21.7569E-03    -75.6056E-06    -293.976E-06    -21.7547E-03
            2848     20.9503E-03    -149.349E-06    -283.073E-06    -20.9479E-03
            2849     19.6282E-03    -219.416E-06    -265.200E-06    -19.6252E-03
            2850     17.8232E-03    -284.080E-06    -240.796E-06    -17.8193E-03
            2851     15.5798E-03    -341.748E-06    -210.464E-06    -15.5747E-03
            2852     12.9536E-03    -391.002E-06    -174.949E-06    -12.9465E-03
            2853     10.0097E-03    -430.628E-06    -135.126E-06    -9.99955E-03
            2854     6.82250E-03    -459.650E-06    -91.9760E-06    -6.80638E-03
            2855     3.47883E-03    -477.355E-06    -46.5613E-06    -3.44561E-03
            2856     483.305E-06    -483.305E-06    -329.405E-36    -33.4630E-33
            2857     489.329E-06     489.329E-06     441.434E-36    -33.7510E-33
            2858     3.52188E-03     483.305E-06    -1.27262E-18    -3.48856E-03
            2859     6.90692E-03     465.380E-06    -1.31319E-18    -6.89122E-03
            2860     10.1336E-03     435.996E-06    -1.19446E-18    -10.1242E-03
            2861     13.1139E-03     395.876E-06    -996.907E-21    -13.1079E-03
            2862     15.7726E-03     346.008E-06    -598.097E-21    -15.7688E-03
            2863     18.0437E-03     287.621E-06    -1.25283E-18    -18.0415E-03
            2864     19.8711E-03     222.151E-06    -412.214E-21    -19.8699E-03
            2865     21.2095E-03     151.211E-06    -995.891E-21    -21.2090E-03
            2866     22.0260E-03     76.5480E-06    -685.147E-21    -22.0259E-03
            2867     22.3005E-03     363.603E-21     32.1144E-21    -22.3005E-03
            2868     22.0260E-03    -76.5480E-06     425.587E-21    -22.0259E-03
            2869     21.2095E-03    -151.211E-06    -619.502E-21    -21.2090E-03
            2870     19.8711E-03    -222.151E-06     287.690E-21    -19.8699E-03
            2871     18.0437E-03    -287.621E-06     1.04815E-18    -18.0415E-03
            2872     15.7726E-03    -346.008E-06     322.878E-21    -15.7688E-03
            2873     13.1139E-03    -395.876E-06     1.08942E-18    -13.1079E-03
            2874     10.1336E-03    -435.996E-06    -318.087E-21    -10.1242E-03
            2875     6.90692E-03    -465.380E-06     958.622E-21    -6.89122E-03
            2876     3.52188E-03    -483.305E-06     185.617E-21    -3.48856E-03
            2877     489.329E-06    -489.329E-06     441.434E-36    -33.7510E-33
            2878     483.305E-06     483.305E-06     1.20140E-33    -33.2079E-33
            2879     3.47883E-03     477.355E-06     46.5613E-06    -3.44561E-03
            2880     6.82250E-03     459.650E-06     91.9760E-06    -6.80638E-03
            2881     10.0097E-03     430.628E-06     135.126E-06    -9.99955E-03
            2882     12.9536E-03     391.002E-06     174.949E-06    -12.9465E-03
            2883     15.5798E-03     341.748E-06     210.464E-06    -15.5747E-03
            2884     17.8232E-03     284.080E-06     240.796E-06    -17.8193E-03
            2885     19.6282E-03     219.416E-06     265.200E-06    -19.6252E-03
            2886     20.9503E-03     149.349E-06     283.073E-06    -20.9479E-03
            2887     21.7569E-03     75.6056E-06     293.976E-06    -21.7547E-03
            2888     22.0279E-03    -129.135E-21     297.641E-06    -22.0259E-03
            2889     21.7569E-03    -75.6056E-06     293.976E-06    -21.7547E-03
            2890     20.9503E-03    -149.349E-06     283.073E-06    -20.9479E-03
            2891     19.6282E-03    -219.416E-06     265.200E-06    -19.6252E-03
            2892     17.8232E-03    -284.080E-06     240.796E-06    -17.8193E-03
            2893     15.5798E-03    -341.748E-06     210.464E-06    -15.5747E-03
            2894     12.9536E-03    -391.002E-06     174.949E-06    -12.9465E-03
            2895     10.0097E-03    -430.628E-06     135.126E-06    -9.99955E-03
            2896     6.82250E-03    -459.650E-06     91.9760E-06    -6.80638E-03
            2897     3.47883E-03    -477.355E-06     46.5613E-06    -3.44561E-03
            2898     483.305E-06    -483.305E-06     1.20140E-33    -33.2079E-33
            2899     465.380E-06     465.380E-06     1.93179E-33    -31.8470E-33
            2900     3.35077E-03     459.650E-06     91.9760E-06    -3.31782E-03
            2901     6.57138E-03     442.603E-06     181.687E-06    -6.55394E-03
            2902     9.64131E-03     414.657E-06     266.925E-06    -9.62869E-03
            2903     12.4768E-03     376.500E-06     345.590E-06    -12.4663E-03
            2904     15.0064E-03     329.073E-06     415.745E-06    -14.9970E-03
            2905     17.1672E-03     273.543E-06     475.663E-06    -17.1584E-03
            2906     18.9058E-03     211.278E-06     523.869E-06    -18.8974E-03
            2907     20.1792E-03     143.810E-06     559.176E-06    -20.1710E-03
            2908     20.9561E-03     72.8015E-06     580.714E-06    -20.9479E-03
            2909     21.2172E-03     401.400E-21     587.952E-06    -21.2090E-03
            2910     20.9561E-03    -72.8015E-06     580.714E-06    -20.9479E-03
            2911     20.1792E-03    -143.810E-06     559.176E-06    -20.1710E-03
            2912     18.9058E-03    -211.278E-06     523.869E-06    -18.8974E-03
            2913     17.1672E-03    -273.543E-06     475.663E-06    -17.1584E-03
            2914     15.0064E-03    -329.073E-06     415.745E-06    -14.9970E-03
            2915     12.4768E-03    -376.500E-06     345.590E-06    -12.4663E-03
            2916     9.64131E-03    -414.657E-06     266.925E-06    -9.62869E-03
            2917     6.57138E-03    -442.603E-06     181.687E-06    -6.55394E-03
            2918     3.35077E-03    -459.650E-06     91.9760E-06    -3.31782E-03
            2919     465.380E-06    -465.380E-06     1.93179E-33    -31.8470E-33
            2920     435.996E-06     435.996E-06     2.61461E-33    -29.7021E-33
            2921     3.14093E-03     430.628E-06     135.126E-06    -3.10833E-03
            2922     6.15990E-03     414.657E-06     266.925E-06    -6.14012E-03
            2923     9.03760E-03     388.475E-06     392.151E-06    -9.02073E-03
            2924     11.6956E-03     352.728E-06     507.721E-06    -11.6792E-03
            2925     14.0668E-03     308.296E-06     610.789E-06    -14.0501E-03
            2926     16.0923E-03     256.272E-06     698.818E-06    -16.0751E-03
            2927     17.7220E-03     197.938E-06     769.640E-06    -17.7042E-03
            2928     18.9157E-03     134.730E-06     821.510E-06    -18.8974E-03
            2929     19.6439E-03     68.2048E-06     853.152E-06    -19.6252E-03
            2930     19.8886E-03    -227.244E-21     863.787E-06    -19.8699E-03
            2931     19.6439E-03    -68.2048E-06     853.152E-06    -19.6252E-03
            2932     18.9157E-03    -134.730E-06     821.510E-06    -18.8974E-03
            2933     17.7220E-03    -197.938E-06     769.640E-06    -17.7042E-03
            2934     16.0923E-03    -256.272E-06     698.818E-06    -16.0751E-03
            2935     14.0668E-03    -308.296E-06     610.789E-06    -14.0501E-03
            2936     11.6956E-03    -352.728E-06     507.721E-06    -11.6792E-03
            2937     9.03760E-03    -388.475E-06     392.151E-06    -9.02073E-03
            2938     6.15990E-03    -414.657E-06     266.925E-06    -6.14012E-03
            2939     3.14093E-03    -430.628E-06     135.126E-06    -3.10833E-03
            2940     435.996E-06    -435.996E-06     2.61461E-33    -29.7021E-33
            2941     395.876E-06     395.876E-06     3.23305E-33    -26.8257E-33
            2942     2.85463E-03     391.002E-06     174.949E-06    -2.82231E-03
            2943     5.59849E-03     376.500E-06     345.590E-06    -5.57512E-03
            2944     8.21395E-03     352.728E-06     507.721E-06    -8.19065E-03
            2945     10.6297E-03     320.270E-06     657.351E-06    -10.6045E-03
            2946     12.7848E-03     279.926E-06     790.794E-06    -12.7572E-03
            2947     14.6257E-03     232.690E-06     904.766E-06    -14.5958E-03
            2948     16.1069E-03     179.724E-06     996.459E-06    -16.0751E-03
            2949     17.1918E-03     122.332E-06     1.06362E-03    -17.1584E-03
            2950     17.8536E-03     61.9286E-06     1.10458E-03    -17.8193E-03
            2951     18.0761E-03    -421.607E-21     1.11835E-03    -18.0415E-03
            2952     17.8536E-03    -61.9286E-06     1.10458E-03    -17.8193E-03
            2953     17.1918E-03    -122.332E-06     1.06362E-03    -17.1584E-03
            2954     16.1069E-03    -179.724E-06     996.459E-06    -16.0751E-03
            2955     14.6257E-03    -232.690E-06     904.766E-06    -14.5958E-03
            2956     12.7848E-03    -279.926E-06     790.794E-06    -12.7572E-03
            2957     10.6297E-03    -320.270E-06     657.351E-06    -10.6045E-03
            2958     8.21395E-03    -352.728E-06     507.721E-06    -8.19065E-03
            2959     5.59849E-03    -376.500E-06     345.590E-06    -5.57512E-03
            2960     2.85463E-03    -391.002E-06     174.949E-06    -2.82231E-03
            2961     395.876E-06    -395.876E-06     3.23305E-33    -26.8257E-33
            2962     346.008E-06     346.008E-06     3.77188E-33    -23.2888E-33
            2963     2.49922E-03     341.748E-06     210.464E-06    -2.46679E-03
            2964     4.90159E-03     329.073E-06     415.745E-06    -4.87283E-03
            2965     7.19151E-03     308.296E-06     610.789E-06    -7.15889E-03
            2966     9.30656E-03     279.926E-06     790.794E-06    -9.26867E-03
            2967     11.1934E-03     244.665E-06     951.327E-06    -11.1502E-03
            2968     12.8052E-03     203.378E-06     1.08843E-03    -12.7572E-03
            2969     14.1020E-03     157.084E-06     1.19874E-03    -14.0501E-03
            2970     15.0519E-03     106.922E-06     1.27953E-03    -14.9970E-03
            2971     15.6313E-03     54.1276E-06     1.32882E-03    -15.5747E-03
            2972     15.8261E-03    -397.511E-21     1.34538E-03    -15.7688E-03
            2973     15.6313E-03    -54.1276E-06     1.32882E-03    -15.5747E-03
            2974     15.0519E-03    -106.922E-06     1.27953E-03    -14.9970E-03
            2975     14.1020E-03    -157.084E-06     1.19874E-03    -14.0501E-03
            2976     12.8052E-03    -203.378E-06     1.08843E-03    -12.7572E-03
            2977     11.1934E-03    -244.665E-06     951.327E-06    -11.1502E-03
            2978     9.30656E-03    -279.926E-06     790.794E-06    -9.26867E-03
            2979     7.19151E-03    -308.296E-06     610.789E-06    -7.15889E-03
            2980     4.90159E-03    -329.073E-06     415.745E-06    -4.87283E-03
            2981     2.49922E-03    -341.748E-06     210.464E-06    -2.46679E-03
            2982     346.008E-06    -346.008E-06     3.77188E-33    -23.2888E-33
            2983     287.621E-06     287.621E-06     4.21784E-33    -19.1785E-33
            2984     2.08407E-03     284.080E-06     240.796E-06    -2.05052E-03
            2985     4.08756E-03     273.543E-06     475.663E-06    -4.05056E-03
            2986     5.99722E-03     256.272E-06     698.818E-06    -5.95085E-03
            2987     7.76105E-03     232.690E-06     904.766E-06    -7.70462E-03
            2988     9.33458E-03     203.378E-06     1.08843E-03    -9.26867E-03
            2989     10.6787E-03     169.059E-06     1.24530E-03    -10.6045E-03
            2990     11.7602E-03     130.577E-06     1.37151E-03    -11.6792E-03
            2991     12.5523E-03     88.8797E-06     1.46394E-03    -12.4663E-03
            2992     13.0355E-03     44.9938E-06     1.52033E-03    -12.9465E-03
            2993     13.1980E-03     25.3158E-21     1.53928E-03    -13.1079E-03
            2994     13.0355E-03    -44.9938E-06     1.52033E-03    -12.9465E-03
            2995     12.5523E-03    -88.8797E-06     1.46394E-03    -12.4663E-03
            2996     11.7602E-03    -130.577E-06     1.37151E-03    -11.6792E-03
            2997     10.6787E-03    -169.059E-06     1.24530E-03    -10.6045E-03
            2998     9.33458E-03    -203.378E-06     1.08843E-03    -9.26867E-03
            2999     7.76105E-03    -232.690E-06     904.766E-06    -7.70462E-03
            3000     5.99722E-03    -256.272E-06     698.818E-06    -5.95085E-03
            3001     4.08756E-03    -273.543E-06     475.663E-06    -4.05056E-03
            3002     2.08407E-03    -284.080E-06     240.796E-06    -2.05052E-03
            3003     287.621E-06    -287.621E-06     4.21784E-33    -19.1785E-33
            3004     222.151E-06     222.151E-06     4.55993E-33    -14.5959E-33
            3005     1.62074E-03     219.416E-06     265.200E-06    -1.58377E-03
            3006     3.17913E-03     211.278E-06     523.869E-06    -3.12855E-03
            3007     4.66448E-03     197.938E-06     769.640E-06    -4.59629E-03
            3008     6.03638E-03     179.724E-06     996.459E-06    -5.95085E-03
            3009     7.26026E-03     157.084E-06     1.19874E-03    -7.15889E-03
            3010     8.30571E-03     130.577E-06     1.37151E-03    -8.19065E-03
            3011     9.14687E-03     100.854E-06     1.51050E-03    -9.02073E-03
            3012     9.76298E-03     68.6484E-06     1.61230E-03    -9.62869E-03
            3013     10.1388E-03     34.7521E-06     1.67441E-03    -9.99955E-03
            3014     10.2652E-03    -34.2012E-21     1.69528E-03    -10.1242E-03
            3015     10.1388E-03    -34.7521E-06     1.67441E-03    -9.99955E-03
            3016     9.76298E-03    -68.6484E-06     1.61230E-03    -9.62869E-03
            3017     9.14687E-03    -100.854E-06     1.51050E-03    -9.02073E-03
            3018     8.30571E-03    -130.577E-06     1.37151E-03    -8.19065E-03
            3019     7.26026E-03    -157.084E-06     1.19874E-03    -7.15889E-03
            3020     6.03638E-03    -179.724E-06     996.459E-06    -5.95085E-03
            3021     4.66448E-03    -197.938E-06     769.640E-06    -4.59629E-03
            3022     3.17913E-03    -211.278E-06     523.869E-06    -3.12855E-03
            3023     1.62074E-03    -219.416E-06     265.200E-06    -1.58377E-03
            3024     222.151E-06    -222.151E-06     4.55993E-33    -14.5959E-33
            3025     151.211E-06     151.211E-06     4.78975E-33    -9.65390E-33
            3026     1.12453E-03     149.349E-06     283.073E-06    -1.07802E-03
            3027     2.20639E-03     143.810E-06     559.176E-06    -2.12950E-03
            3028     3.23741E-03     134.730E-06     821.510E-06    -3.12855E-03
            3029     4.18966E-03     122.332E-06     1.06362E-03    -4.05056E-03
            3030     5.03916E-03     106.922E-06     1.27953E-03    -4.87283E-03
            3031     5.76480E-03     88.8797E-06     1.46394E-03    -5.57512E-03
            3032     6.34865E-03     68.6484E-06     1.61230E-03    -6.14012E-03
            3033     6.77629E-03     46.7268E-06     1.72097E-03    -6.55394E-03
            3034     7.03716E-03     23.6546E-06     1.78725E-03    -6.80638E-03
            3035     7.12484E-03     96.8288E-21     1.80953E-03    -6.89122E-03
            3036     7.03716E-03    -23.6546E-06     1.78725E-03    -6.80638E-03
            3037     6.77629E-03    -46.7268E-06     1.72097E-03    -6.55394E-03
            3038     6.34865E-03    -68.6484E-06     1.61230E-03    -6.14012E-03
            3039     5.76480E-03    -88.8797E-06     1.46394E-03    -5.57512E-03
            3040     5.03916E-03    -106.922E-06     1.27953E-03    -4.87283E-03
            3041     4.18966E-03    -122.332E-06     1.06362E-03    -4.05056E-03
            3042     3.23741E-03    -134.730E-06     821.510E-06    -3.12855E-03
            3043     2.20639E-03    -143.810E-06     559.176E-06    -2.12950E-03
            3044     1.12453E-03    -149.349E-06     283.073E-06    -1.07802E-03
            3045     151.211E-06    -151.211E-06     4.78975E-33    -9.65390E-33
            3046     76.5480E-06     76.5480E-06     4.90163E-33    -4.47422E-33
            3047     624.468E-06     75.6056E-06     293.976E-06    -545.731E-06
            3048     1.22665E-03     72.8015E-06     580.714E-06    -1.07802E-03
            3049     1.80024E-03     68.2048E-06     853.152E-06    -1.58377E-03
            3050     2.32993E-03     61.9286E-06     1.10458E-03    -2.05052E-03
            3051     2.80245E-03     54.1276E-06     1.32882E-03    -2.46679E-03
            3052     3.20606E-03     44.9938E-06     1.52033E-03    -2.82231E-03
            3053     3.53080E-03     34.7521E-06     1.67441E-03    -3.10833E-03
            3054     3.76865E-03     23.6546E-06     1.78725E-03    -3.31782E-03
            3055     3.91375E-03     11.9747E-06     1.85609E-03    -3.44561E-03
            3056     3.96252E-03     70.9461E-21     1.87923E-03    -3.48856E-03
            3057     3.91375E-03    -11.9747E-06     1.85609E-03    -3.44561E-03
            3058     3.76865E-03    -23.6546E-06     1.78725E-03    -3.31782E-03
            3059     3.53080E-03    -34.7521E-06     1.67441E-03    -3.10833E-03
            3060     3.20606E-03    -44.9938E-06     1.52033E-03    -2.82231E-03
            3061     2.80245E-03    -54.1276E-06     1.32882E-03    -2.46679E-03
            3062     2.32993E-03    -61.9286E-06     1.10458E-03    -2.05052E-03
            3063     1.80024E-03    -68.2048E-06     853.152E-06    -1.58377E-03
            3064     1.22665E-03    -72.8015E-06     580.714E-06    -1.07802E-03
            3065     624.468E-06    -75.6056E-06     293.976E-06    -545.731E-06
            3066     76.5480E-06    -76.5480E-06     4.90163E-33    -4.47422E-33
            3067              0.    -4.03301E-33     1.70847E-33    -748.296E-36
            3068     297.641E-06    -7.37930E-33     297.641E-06    -2.32082E-33
            3069     587.952E-06    -7.29308E-33     587.952E-06    -3.76885E-33
            3070     863.787E-06    -7.02727E-33     863.787E-06    -5.12407E-33
            3071     1.11835E-03    -6.58843E-33     1.11835E-03    -6.35313E-33
            3072     1.34538E-03    -5.98736E-33     1.34538E-03    -7.42575E-33
            3073     1.53928E-03    -5.23886E-33     1.53928E-03    -8.31552E-33
            3074     1.69528E-03    -4.36137E-33     1.69528E-03    -9.00054E-33
            3075     1.80953E-03    -3.37648E-33     1.80953E-03    -9.46394E-33
            3076     1.87923E-03    -2.30845E-33     1.87923E-03    -9.69430E-33
            3077     1.90265E-03    -1.18358E-33     1.90265E-03    -9.68595E-33
            3078     1.87923E-03    -29.5712E-36     1.87923E-03    -9.43911E-33
            3079     1.80953E-03     1.12517E-33     1.80953E-03    -8.95984E-33
            3080     1.69528E-03     2.25221E-33     1.69528E-03    -8.25995E-33
            3081     1.53928E-03     3.32378E-33     1.53928E-03    -7.35668E-33
            3082     1.34538E-03     4.31352E-33     1.34538E-03    -6.27226E-33
            3083     1.11835E-03     5.19704E-33     1.11835E-03    -5.03339E-33
            3084     863.787E-06     5.95260E-33     863.787E-06    -3.67059E-33
            3085     587.952E-06     6.56158E-33     587.952E-06    -2.21740E-33
            3086     297.641E-06     7.00899E-33     297.641E-06    -709.615E-36
            3087              0.     4.03301E-33     1.70847E-33    -748.296E-36
            3088              0.    -3.50776E-33    -1.74753E-33    -930.565E-36
            3089     195.534E-06    -5.46420E-33    -195.534E-06    -3.46501E-33
            3090     386.253E-06    -5.27242E-33    -386.253E-06    -6.01618E-33
            3091     567.462E-06    -4.95082E-33    -567.462E-06    -8.41920E-33
            3092     734.698E-06    -4.50732E-33    -734.698E-06    -10.6149E-33
            3093     883.843E-06    -3.95283E-33    -883.843E-06    -12.5493E-33
            3094     1.01122E-03    -3.30101E-33    -1.01122E-03    -14.1746E-33
            3095     1.11371E-03    -2.56791E-33    -1.11371E-03    -15.4509E-33
            3096     1.18877E-03    -1.77157E-33    -1.18877E-03    -16.3468E-33
            3097     1.23455E-03    -931.619E-36    -1.23455E-03    -16.8401E-33
            3098     1.24994E-03    -68.7248E-36    -1.24994E-03    -16.9188E-33
            3099     1.23455E-03     795.862E-36    -1.23455E-03    -16.5809E-33
            3100     1.18877E-03     1.64085E-33    -1.18877E-03    -15.8347E-33
            3101     1.11371E-03     2.44544E-33    -1.11371E-03    -14.6986E-33
            3102     1.01122E-03     3.18981E-33    -1.01122E-03    -13.2006E-33
            3103     883.843E-06     3.85564E-33    -883.843E-06    -11.3776E-33
            3104     734.698E-06     4.42653E-33    -734.698E-06    -9.27435E-33
            3105     567.462E-06     4.88842E-33    -567.462E-06    -6.94277E-33
            3106     386.253E-06     5.22995E-33    -386.253E-06    -4.44024E-33
            3107     195.534E-06     5.44269E-33    -195.534E-06    -1.82837E-33
            3108              0.     3.50776E-33    -1.74753E-33    -930.565E-36
            3109     52.4001E-06     52.4001E-06    -2.92993E-33    -6.17609E-33
            3110     582.323E-06     51.7550E-06    -193.127E-06    -546.922E-06
            3111     1.14684E-03     49.8355E-06    -381.498E-06    -1.08038E-03
            3112     1.68393E-03     46.6889E-06    -560.476E-06    -1.58723E-03
            3113     2.17977E-03     42.3926E-06    -725.652E-06    -2.05500E-03
            3114     2.62203E-03     37.0525E-06    -872.961E-06    -2.47217E-03
            3115     2.99978E-03     30.8000E-06    -998.775E-06    -2.82846E-03
            3116     3.30371E-03     23.7892E-06    -1.10000E-03    -3.11511E-03
            3117     3.52631E-03     16.1925E-06    -1.17413E-03    -3.32506E-03
            3118     3.66210E-03     8.19719E-06    -1.21935E-03    -3.45313E-03
            3119     3.70774E-03    -41.5812E-21    -1.23455E-03    -3.49617E-03
            3120     3.66210E-03    -8.19719E-06    -1.21935E-03    -3.45313E-03
            3121     3.52631E-03    -16.1925E-06    -1.17413E-03    -3.32506E-03
            3122     3.30371E-03    -23.7892E-06    -1.10000E-03    -3.11511E-03
            3123     2.99978E-03    -30.8000E-06    -998.775E-06    -2.82846E-03
            3124     2.62203E-03    -37.0525E-06    -872.961E-06    -2.47217E-03
            3125     2.17977E-03    -42.3926E-06    -725.652E-06    -2.05500E-03
            3126     1.68393E-03    -46.6889E-06    -560.476E-06    -1.58723E-03
            3127     1.14684E-03    -49.8355E-06    -381.498E-06    -1.08038E-03
            3128     582.323E-06    -51.7550E-06    -193.127E-06    -546.922E-06
            3129     52.4001E-06    -52.4001E-06    -2.92993E-33    -6.17609E-33
            3130     103.510E-06     103.510E-06    -2.07147E-33    -11.3716E-33
            3131     1.10102E-03     102.236E-06    -185.964E-06    -1.08038E-03
            3132     2.16777E-03     98.4439E-06    -367.349E-06    -2.13415E-03
            3133     3.18282E-03     92.2281E-06    -539.688E-06    -3.13537E-03
            3134     4.11994E-03     83.7414E-06    -698.739E-06    -4.05940E-03
            3135     4.95582E-03     73.1926E-06    -840.584E-06    -4.88346E-03
            3136     5.66977E-03     60.8417E-06    -961.732E-06    -5.58728E-03
            3137     6.24419E-03     46.9926E-06    -1.05920E-03    -6.15352E-03
            3138     6.66491E-03     31.9864E-06    -1.13058E-03    -6.56824E-03
            3139     6.92156E-03     16.1925E-06    -1.17413E-03    -6.82123E-03
            3140     7.00782E-03    -281.066E-21    -1.18877E-03    -6.90626E-03
            3141     6.92156E-03    -16.1925E-06    -1.17413E-03    -6.82123E-03
            3142     6.66491E-03    -31.9864E-06    -1.13058E-03    -6.56824E-03
            3143     6.24419E-03    -46.9926E-06    -1.05920E-03    -6.15352E-03
            3144     5.66977E-03    -60.8417E-06    -961.732E-06    -5.58728E-03
            3145     4.95582E-03    -73.1926E-06    -840.584E-06    -4.88346E-03
            3146     4.11994E-03    -83.7414E-06    -698.739E-06    -4.05940E-03
            3147     3.18282E-03    -92.2281E-06    -539.688E-06    -3.13537E-03
            3148     2.16777E-03    -98.4439E-06    -367.349E-06    -2.13415E-03
            3149     1.10102E-03    -102.236E-06    -185.964E-06    -1.08038E-03
            3150     103.510E-06    -103.510E-06    -2.07147E-33    -11.3716E-33
            3151     152.071E-06     152.071E-06    -1.16200E-33    -16.2871E-33
            3152     1.60381E-03     150.199E-06    -174.222E-06    -1.58723E-03
            3153     3.15752E-03     144.628E-06    -344.154E-06    -3.13537E-03
            3154     4.63596E-03     135.496E-06    -505.612E-06    -4.60632E-03
            3155     6.00092E-03     123.028E-06    -654.620E-06    -5.96384E-03
            3156     7.21840E-03     107.531E-06    -787.510E-06    -7.17451E-03
            3157     8.25830E-03     89.3852E-06    -901.008E-06    -8.20852E-03
            3158     9.09497E-03     69.0388E-06    -992.320E-06    -9.04041E-03
            3159     9.70776E-03     46.9926E-06    -1.05920E-03    -9.64969E-03
            3160     10.0816E-03     23.7892E-06    -1.10000E-03    -10.0214E-03
            3161     10.2072E-03    -143.899E-21    -1.11371E-03    -10.1463E-03
            3162     10.0816E-03    -23.7892E-06    -1.10000E-03    -10.0214E-03
            3163     9.70776E-03    -46.9926E-06    -1.05920E-03    -9.64969E-03
            3164     9.09497E-03    -69.0388E-06    -992.320E-06    -9.04041E-03
            3165     8.25830E-03    -89.3852E-06    -901.008E-06    -8.20852E-03
            3166     7.21840E-03    -107.531E-06    -787.510E-06    -7.17451E-03
            3167     6.00092E-03    -123.028E-06    -654.620E-06    -5.96384E-03
            3168     4.63596E-03    -135.496E-06    -505.612E-06    -4.60632E-03
            3169     3.15752E-03    -144.628E-06    -344.154E-06    -3.13537E-03
            3170     1.60381E-03    -150.199E-06    -174.222E-06    -1.58723E-03
            3171     152.071E-06    -152.071E-06    -1.16200E-33    -16.2871E-33
            3172     196.888E-06     196.888E-06    -223.921E-36    -20.8015E-33
            3173     2.07023E-03     194.464E-06    -158.190E-06    -2.05500E-03
            3174     4.07571E-03     187.251E-06    -312.486E-06    -4.05940E-03
            3175     5.98405E-03     175.428E-06    -459.086E-06    -5.96384E-03
            3176     7.74591E-03     159.286E-06    -594.383E-06    -7.72143E-03
            3177     9.31741E-03     139.221E-06    -715.044E-06    -9.28889E-03
            3178     10.6597E-03     115.728E-06    -818.098E-06    -10.6276E-03
            3179     11.7397E-03     89.3852E-06    -901.008E-06    -11.7047E-03
            3180     12.5306E-03     60.8417E-06    -961.732E-06    -12.4935E-03
            3181     13.0132E-03     30.8000E-06    -998.775E-06    -12.9747E-03
            3182     13.1753E-03    -461.931E-21    -1.01122E-03    -13.1365E-03
            3183     13.0132E-03    -30.8000E-06    -998.775E-06    -12.9747E-03
            3184     12.5306E-03    -60.8417E-06    -961.732E-06    -12.4935E-03
            3185     11.7397E-03    -89.3852E-06    -901.008E-06    -11.7047E-03
            3186     10.6597E-03    -115.728E-06    -818.098E-06    -10.6276E-03
            3187     9.31741E-03    -139.221E-06    -715.044E-06    -9.28889E-03
            3188     7.74591E-03    -159.286E-06    -594.383E-06    -7.72143E-03
            3189     5.98405E-03    -175.428E-06    -459.086E-06    -5.96384E-03
            3190     4.07571E-03    -187.251E-06    -312.486E-06    -4.05940E-03
            3191     2.07023E-03    -194.464E-06    -158.190E-06    -2.05500E-03
            3192     196.888E-06    -196.888E-06    -223.921E-36    -20.8015E-33
            3193     236.856E-06     236.856E-06     719.672E-36    -24.8037E-33
            3194     2.48706E-03     233.940E-06    -138.263E-06    -2.47217E-03
            3195     4.89628E-03     225.264E-06    -273.122E-06    -4.88346E-03
            3196     7.18882E-03     211.041E-06    -401.256E-06    -7.17451E-03
            3197     9.30538E-03     191.621E-06    -519.510E-06    -9.28889E-03
            3198     11.1933E-03     167.483E-06    -624.971E-06    -11.1746E-03
            3199     12.8058E-03     139.221E-06    -715.044E-06    -12.7851E-03
            3200     14.1032E-03     107.531E-06    -787.510E-06    -14.0808E-03
            3201     15.0534E-03     73.1926E-06    -840.584E-06    -15.0297E-03
            3202     15.6331E-03     37.0525E-06    -872.961E-06    -15.6086E-03
            3203     15.8279E-03     37.0471E-21    -883.843E-06    -15.8032E-03
            3204     15.6331E-03    -37.0525E-06    -872.961E-06    -15.6086E-03
            3205     15.0534E-03    -73.1926E-06    -840.584E-06    -15.0297E-03
            3206     14.1032E-03    -107.531E-06    -787.510E-06    -14.0808E-03
            3207     12.8058E-03    -139.221E-06    -715.044E-06    -12.7851E-03
            3208     11.1933E-03    -167.483E-06    -624.971E-06    -11.1746E-03
            3209     9.30538E-03    -191.621E-06    -519.510E-06    -9.28889E-03
            3210     7.18882E-03    -211.041E-06    -401.256E-06    -7.17451E-03
            3211     4.89628E-03    -225.264E-06    -273.122E-06    -4.88346E-03
            3212     2.48706E-03    -233.940E-06    -138.263E-06    -2.47217E-03
            3213     236.856E-06    -236.856E-06     719.672E-36    -24.8037E-33
            3214     270.993E-06     270.993E-06     1.64554E-33    -28.1952E-33
            3215     2.84342E-03     267.656E-06    -114.932E-06    -2.82846E-03
            3216     5.59783E-03     257.729E-06    -227.034E-06    -5.58728E-03
            3217     8.21884E-03     241.456E-06    -333.546E-06    -8.20852E-03
            3218     10.6387E-03     219.238E-06    -431.844E-06    -10.6276E-03
            3219     12.7971E-03     191.621E-06    -519.510E-06    -12.7851E-03
            3220     14.6406E-03     159.286E-06    -594.383E-06    -14.6277E-03
            3221     16.1239E-03     123.028E-06    -654.620E-06    -16.1101E-03
            3222     17.2103E-03     83.7414E-06    -698.739E-06    -17.1959E-03
            3223     17.8730E-03     42.3926E-06    -725.652E-06    -17.8582E-03
            3224     18.0957E-03    -345.275E-21    -734.698E-06    -18.0808E-03
            3225     17.8730E-03    -42.3926E-06    -725.652E-06    -17.8582E-03
            3226     17.2103E-03    -83.7414E-06    -698.739E-06    -17.1959E-03
            3227     16.1239E-03    -123.028E-06    -654.620E-06    -16.1101E-03
            3228     14.6406E-03    -159.286E-06    -594.383E-06    -14.6277E-03
            3229     12.7971E-03    -191.621E-06    -519.510E-06    -12.7851E-03
            3230     10.6387E-03    -219.238E-06    -431.844E-06    -10.6276E-03
            3231     8.21884E-03    -241.456E-06    -333.546E-06    -8.20852E-03
            3232     5.59783E-03    -257.729E-06    -227.034E-06    -5.58728E-03
            3233     2.84342E-03    -267.656E-06    -114.932E-06    -2.82846E-03
            3234     270.993E-06    -270.993E-06     1.64554E-33    -28.1952E-33
            3235     298.456E-06     298.456E-06     2.53090E-33    -30.8925E-33
            3236     3.13029E-03     294.782E-06    -88.7706E-06    -3.11511E-03
            3237     6.16256E-03     283.849E-06    -175.355E-06    -6.15352E-03
            3238     9.04799E-03     265.927E-06    -257.622E-06    -9.04041E-03
            3239     11.7119E-03     241.456E-06    -333.546E-06    -11.7047E-03
            3240     14.0881E-03     211.041E-06    -401.256E-06    -14.0808E-03
            3241     16.1176E-03     175.428E-06    -459.086E-06    -16.1101E-03
            3242     17.7505E-03     135.496E-06    -505.612E-06    -17.7428E-03
            3243     18.9465E-03     92.2281E-06    -539.688E-06    -18.9386E-03
            3244     19.6761E-03     46.6889E-06    -560.476E-06    -19.6680E-03
            3245     19.9213E-03     116.462E-21    -567.462E-06    -19.9132E-03
            3246     19.6761E-03    -46.6889E-06    -560.476E-06    -19.6680E-03
            3247     18.9465E-03    -92.2281E-06    -539.688E-06    -18.9386E-03
            3248     17.7505E-03    -135.496E-06    -505.612E-06    -17.7428E-03
            3249     16.1176E-03    -175.428E-06    -459.086E-06    -16.1101E-03
            3250     14.0881E-03    -211.041E-06    -401.256E-06    -14.0808E-03
            3251     11.7119E-03    -241.456E-06    -333.546E-06    -11.7047E-03
            3252     9.04799E-03    -265.927E-06    -257.622E-06    -9.04041E-03
            3253     6.16256E-03    -283.849E-06    -175.355E-06    -6.15352E-03
            3254     3.13029E-03    -294.782E-06    -88.7706E-06    -3.11511E-03
            3255     298.456E-06    -298.456E-06     2.53090E-33    -30.8925E-33
            3256     318.571E-06     318.571E-06     3.35393E-33    -32.8290E-33
            3257     3.34046E-03     314.649E-06    -60.4234E-06    -3.32506E-03
            3258     6.57631E-03     302.979E-06    -119.359E-06    -6.56824E-03
            3259     9.65546E-03     283.849E-06    -175.355E-06    -9.64969E-03
            3260     12.4983E-03     257.729E-06    -227.034E-06    -12.4935E-03
            3261     15.0339E-03     225.264E-06    -273.122E-06    -15.0297E-03
            3262     17.1997E-03     187.251E-06    -312.486E-06    -17.1959E-03
            3263     18.9423E-03     144.628E-06    -344.154E-06    -18.9386E-03
            3264     20.2185E-03     98.4439E-06    -367.349E-06    -20.2150E-03
            3265     20.9971E-03     49.8355E-06    -381.498E-06    -20.9936E-03
            3266     21.2588E-03     181.903E-21    -386.253E-06    -21.2553E-03
            3267     20.9971E-03    -49.8355E-06    -381.498E-06    -20.9936E-03
            3268     20.2185E-03    -98.4439E-06    -367.349E-06    -20.2150E-03
            3269     18.9423E-03    -144.628E-06    -344.154E-06    -18.9386E-03
            3270     17.1997E-03    -187.251E-06    -312.486E-06    -17.1959E-03
            3271     15.0339E-03    -225.264E-06    -273.122E-06    -15.0297E-03
            3272     12.4983E-03    -257.729E-06    -227.034E-06    -12.4935E-03
            3273     9.65546E-03    -283.849E-06    -175.355E-06    -9.64969E-03
            3274     6.57631E-03    -302.979E-06    -119.359E-06    -6.56824E-03
            3275     3.34046E-03    -314.649E-06    -60.4234E-06    -3.32506E-03
            3276     318.571E-06    -318.571E-06     3.35393E-33    -32.8290E-33
            3277     330.841E-06     330.841E-06     4.09438E-33    -33.9572E-33
            3278     3.46869E-03     326.768E-06    -30.5883E-06    -3.45313E-03
            3279     6.82875E-03     314.649E-06    -60.4234E-06    -6.82123E-03
            3280     10.0261E-03     294.782E-06    -88.7706E-06    -10.0214E-03
            3281     12.9780E-03     267.656E-06    -114.932E-06    -12.9747E-03
            3282     15.6110E-03     233.940E-06    -138.263E-06    -15.6086E-03
            3283     17.8600E-03     194.464E-06    -158.190E-06    -17.8582E-03
            3284     19.6694E-03     150.199E-06    -174.222E-06    -19.6680E-03
            3285     20.9947E-03     102.236E-06    -185.964E-06    -20.9936E-03
            3286     21.8031E-03     51.7550E-06    -193.127E-06    -21.8022E-03
            3287     22.0748E-03     1.20377E-18    -195.534E-06    -22.0740E-03
            3288     21.8031E-03    -51.7550E-06    -193.127E-06    -21.8022E-03
            3289     20.9947E-03    -102.236E-06    -185.964E-06    -20.9936E-03
            3290     19.6694E-03    -150.199E-06    -174.222E-06    -19.6680E-03
            3291     17.8600E-03    -194.464E-06    -158.190E-06    -17.8582E-03
            3292     15.6110E-03    -233.940E-06    -138.263E-06    -15.6086E-03
            3293     12.9780E-03    -267.656E-06    -114.932E-06    -12.9747E-03
            3294     10.0261E-03    -294.782E-06    -88.7706E-06    -10.0214E-03
            3295     6.82875E-03    -314.649E-06    -60.4234E-06    -6.82123E-03
            3296     3.46869E-03    -326.768E-06    -30.5883E-06    -3.45313E-03
            3297     330.841E-06    -330.841E-06     4.09438E-33    -33.9572E-33
            3298     334.965E-06     334.965E-06     4.73401E-33    -34.2493E-33
            3299     3.51179E-03     330.841E-06    -530.598E-21    -3.49617E-03
            3300     6.91360E-03     318.571E-06    -629.407E-21    -6.90626E-03
            3301     10.1507E-03     298.456E-06    -596.587E-21    -10.1463E-03
            3302     13.1393E-03     270.993E-06    -561.503E-21    -13.1365E-03
            3303     15.8050E-03     236.856E-06    -236.114E-21    -15.8032E-03
            3304     18.0819E-03     196.888E-06    -866.957E-21    -18.0808E-03
            3305     19.9138E-03     152.071E-06    -24.9940E-21    -19.9132E-03
            3306     21.2555E-03     103.510E-06    -531.540E-21    -21.2553E-03
            3307     22.0740E-03     52.4001E-06    -424.380E-21    -22.0740E-03
            3308     22.3491E-03     868.486E-21     114.464E-21    -22.3491E-03
            3309     22.0740E-03    -52.4001E-06     636.525E-21    -22.0740E-03
            3310     21.2555E-03    -103.510E-06    -726.018E-21    -21.2553E-03
            3311     19.9138E-03    -152.071E-06     357.042E-21    -19.9132E-03
            3312     18.0819E-03    -196.888E-06     485.571E-21    -18.0808E-03
            3313     15.8050E-03    -236.856E-06     14.1769E-21    -15.8032E-03
            3314     13.1393E-03    -270.993E-06     691.286E-21    -13.1365E-03
            3315     10.1507E-03    -298.456E-06    -686.644E-21    -10.1463E-03
            3316     6.91360E-03    -318.571E-06     634.636E-21    -6.90626E-03
            3317     3.51179E-03    -330.841E-06     50.3924E-21    -3.49617E-03
            3318     334.965E-06    -334.965E-06     4.73401E-33    -34.2493E-33
            3319     330.841E-06     330.841E-06     5.25708E-33    -33.6980E-33
            3320     3.46869E-03     326.768E-06     30.5883E-06    -3.45313E-03
            3321     6.82875E-03     314.649E-06     60.4234E-06    -6.82123E-03
            3322     10.0261E-03     294.782E-06     88.7706E-06    -10.0214E-03
            3323     12.9780E-03     267.656E-06     114.932E-06    -12.9747E-03
            3324     15.6110E-03     233.940E-06     138.263E-06    -15.6086E-03
            3325     17.8600E-03     194.464E-06     158.190E-06    -17.8582E-03
            3326     19.6694E-03     150.199E-06     174.222E-06    -19.6680E-03
            3327     20.9947E-03     102.236E-06     185.964E-06    -20.9936E-03
            3328     21.8031E-03     51.7550E-06     193.127E-06    -21.8022E-03
            3329     22.0748E-03    -912.577E-21     195.534E-06    -22.0740E-03
            3330     21.8031E-03    -51.7550E-06     193.127E-06    -21.8022E-03
            3331     20.9947E-03    -102.236E-06     185.964E-06    -20.9936E-03
            3332     19.6694E-03    -150.199E-06     174.222E-06    -19.6680E-03
            3333     17.8600E-03    -194.464E-06     158.190E-06    -17.8582E-03
            3334     15.6110E-03    -233.940E-06     138.263E-06    -15.6086E-03
            3335     12.9780E-03    -267.656E-06     114.932E-06    -12.9747E-03
            3336     10.0261E-03    -294.782E-06     88.7706E-06    -10.0214E-03
            3337     6.82875E-03    -314.649E-06     60.4234E-06    -6.82123E-03
            3338     3.46869E-03    -326.768E-06     30.5883E-06    -3.45313E-03
            3339     330.841E-06    -330.841E-06     5.25708E-33    -33.6980E-33
            3340     318.571E-06     318.571E-06     5.65070E-33    -32.3170E-33
            3341     3.34046E-03     314.649E-06     60.4234E-06    -3.32506E-03
            3342     6.57631E-03     302.979E-06     119.359E-06    -6.56824E-03
            3343     9.65546E-03     283.849E-06     175.355E-06    -9.64969E-03
            3344     12.4983E-03     257.729E-06     227.034E-06    -12.4935E-03
            3345     15.0339E-03     225.264E-06     273.122E-06    -15.0297E-03
            3346     17.1997E-03     187.251E-06     312.486E-06    -17.1959E-03
            3347     18.9423E-03     144.628E-06     344.154E-06    -18.9386E-03
            3348     20.2185E-03     98.4439E-06     367.349E-06    -20.2150E-03
            3349     20.9971E-03     49.8355E-06     381.498E-06    -20.9936E-03
            3350     21.2588E-03     573.752E-21     386.253E-06    -21.2553E-03
            3351     20.9971E-03    -49.8355E-06     381.498E-06    -20.9936E-03
            3352     20.2185E-03    -98.4439E-06     367.349E-06    -20.2150E-03
            3353     18.9423E-03    -144.628E-06     344.154E-06    -18.9386E-03
            3354     17.1997E-03    -187.251E-06     312.486E-06    -17.1959E-03
            3355     15.0339E-03    -225.264E-06     273.122E-06    -15.0297E-03
            3356     12.4983E-03    -257.729E-06     227.034E-06    -12.4935E-03
            3357     9.65546E-03    -283.849E-06     175.355E-06    -9.64969E-03
            3358     6.57631E-03    -302.979E-06     119.359E-06    -6.56824E-03
            3359     3.34046E-03    -314.649E-06     60.4234E-06    -3.32506E-03
            3360     318.571E-06    -318.571E-06     5.65070E-33    -32.3170E-33
            3361     298.456E-06     298.456E-06     5.90518E-33    -30.1402E-33
            3362     3.13029E-03     294.782E-06     88.7706E-06    -3.11511E-03
            3363     6.16256E-03     283.849E-06     175.355E-06    -6.15352E-03
            3364     9.04799E-03     265.927E-06     257.622E-06    -9.04041E-03
            3365     11.7119E-03     241.456E-06     333.546E-06    -11.7047E-03
            3366     14.0881E-03     211.041E-06     401.256E-06    -14.0808E-03
            3367     16.1176E-03     175.428E-06     459.086E-06    -16.1101E-03
            3368     17.7505E-03     135.496E-06     505.612E-06    -17.7428E-03
            3369     18.9465E-03     92.2281E-06     539.688E-06    -18.9386E-03
            3370     19.6761E-03     46.6889E-06     560.476E-06    -19.6680E-03
            3371     19.9213E-03    -868.002E-21     567.462E-06    -19.9132E-03
            3372     19.6761E-03    -46.6889E-06     560.476E-06    -19.6680E-03
            3373     18.9465E-03    -92.2281E-06     539.688E-06    -18.9386E-03
            3374     17.7505E-03    -135.496E-06     505.612E-06    -17.7428E-03
            3375     16.1176E-03    -175.428E-06     459.086E-06    -16.1101E-03
            3376     14.0881E-03    -211.041E-06     401.256E-06    -14.0808E-03
            3377     11.7119E-03    -241.456E-06     333.546E-06    -11.7047E-03
            3378     9.04799E-03    -265.927E-06     257.622E-06    -9.04041E-03
            3379     6.16256E-03    -283.849E-06     175.355E-06    -6.15352E-03
            3380     3.13029E-03    -294.782E-06     88.7706E-06    -3.11511E-03
            3381     298.456E-06    -298.456E-06     5.90518E-33    -30.1402E-33
            3382     270.993E-06     270.993E-06     6.01425E-33    -27.2212E-33
            3383     2.84342E-03     267.656E-06     114.932E-06    -2.82846E-03
            3384     5.59783E-03     257.729E-06     227.034E-06    -5.58728E-03
            3385     8.21884E-03     241.456E-06     333.546E-06    -8.20852E-03
            3386     10.6387E-03     219.238E-06     431.844E-06    -10.6276E-03
            3387     12.7971E-03     191.621E-06     519.510E-06    -12.7851E-03
            3388     14.6406E-03     159.286E-06     594.383E-06    -14.6277E-03
            3389     16.1239E-03     123.028E-06     654.620E-06    -16.1101E-03
            3390     17.2103E-03     83.7414E-06     698.739E-06    -17.1959E-03
            3391     17.8730E-03     42.3926E-06     725.652E-06    -17.8582E-03
            3392     18.0957E-03    -1.18024E-18     734.698E-06    -18.0808E-03
            3393     17.8730E-03    -42.3926E-06     725.652E-06    -17.8582E-03
            3394     17.2103E-03    -83.7414E-06     698.739E-06    -17.1959E-03
            3395     16.1239E-03    -123.028E-06     654.620E-06    -16.1101E-03
            3396     14.6406E-03    -159.286E-06     594.383E-06    -14.6277E-03
            3397     12.7971E-03    -191.621E-06     519.510E-06    -12.7851E-03
            3398     10.6387E-03    -219.238E-06     431.844E-06    -10.6276E-03
            3399     8.21884E-03    -241.456E-06     333.546E-06    -8.20852E-03
            3400     5.59783E-03    -257.729E-06     227.034E-06    -5.58728E-03
            3401     2.84342E-03    -267.656E-06     114.932E-06    -2.82846E-03
            3402     270.993E-06    -270.993E-06     6.01425E-33    -27.2212E-33
            3403     236.856E-06     236.856E-06     5.97524E-33    -23.6320E-33
            3404     2.48706E-03     233.940E-06     138.263E-06    -2.47217E-03
            3405     4.89628E-03     225.264E-06     273.122E-06    -4.88346E-03
            3406     7.18882E-03     211.041E-06     401.256E-06    -7.17451E-03
            3407     9.30538E-03     191.621E-06     519.510E-06    -9.28889E-03
            3408     11.1933E-03     167.483E-06     624.971E-06    -11.1746E-03
            3409     12.8058E-03     139.221E-06     715.044E-06    -12.7851E-03
            3410     14.1032E-03     107.531E-06     787.510E-06    -14.0808E-03
            3411     15.0534E-03     73.1926E-06     840.584E-06    -15.0297E-03
            3412     15.6331E-03     37.0525E-06     872.961E-06    -15.6086E-03
            3413     15.8279E-03    -389.659E-21     883.843E-06    -15.8032E-03
            3414     15.6331E-03    -37.0525E-06     872.961E-06    -15.6086E-03
            3415     15.0534E-03    -73.1926E-06     840.584E-06    -15.0297E-03
            3416     14.1032E-03    -107.531E-06     787.510E-06    -14.0808E-03
            3417     12.8058E-03    -139.221E-06     715.044E-06    -12.7851E-03
            3418     11.1933E-03    -167.483E-06     624.971E-06    -11.1746E-03
            3419     9.30538E-03    -191.621E-06     519.510E-06    -9.28889E-03
            3420     7.18882E-03    -211.041E-06     401.256E-06    -7.17451E-03
            3421     4.89628E-03    -225.264E-06     273.122E-06    -4.88346E-03
            3422     2.48706E-03    -233.940E-06     138.263E-06    -2.47217E-03
            3423     236.856E-06    -236.856E-06     5.97524E-33    -23.6320E-33
            3424     196.888E-06     196.888E-06     5.78909E-33    -19.4609E-33
            3425     2.07023E-03     194.464E-06     158.190E-06    -2.05500E-03
            3426     4.07571E-03     187.251E-06     312.486E-06    -4.05940E-03
            3427     5.98405E-03     175.428E-06     459.086E-06    -5.96384E-03
            3428     7.74591E-03     159.286E-06     594.383E-06    -7.72143E-03
            3429     9.31741E-03     139.221E-06     715.044E-06    -9.28889E-03
            3430     10.6597E-03     115.728E-06     818.098E-06    -10.6276E-03
            3431     11.7397E-03     89.3852E-06     901.008E-06    -11.7047E-03
            3432     12.5306E-03     60.8417E-06     961.732E-06    -12.4935E-03
            3433     13.0132E-03     30.8000E-06     998.775E-06    -12.9747E-03
            3434     13.1753E-03    -614.593E-21     1.01122E-03    -13.1365E-03
            3435     13.0132E-03    -30.8000E-06     998.775E-06    -12.9747E-03
            3436     12.5306E-03    -60.8417E-06     961.732E-06    -12.4935E-03
            3437     11.7397E-03    -89.3852E-06     901.008E-06    -11.7047E-03
            3438     10.6597E-03    -115.728E-06     818.098E-06    -10.6276E-03
            3439     9.31741E-03    -139.221E-06     715.044E-06    -9.28889E-03
            3440     7.74591E-03    -159.286E-06     594.383E-06    -7.72143E-03
            3441     5.98405E-03    -175.428E-06     459.086E-06    -5.96384E-03
            3442     4.07571E-03    -187.251E-06     312.486E-06    -4.05940E-03
            3443     2.07023E-03    -194.464E-06     158.190E-06    -2.05500E-03
            3444     196.888E-06    -196.888E-06     5.78909E-33    -19.4609E-33
            3445     152.071E-06     152.071E-06     5.46040E-33    -14.8106E-33
            3446     1.60381E-03     150.199E-06     174.222E-06    -1.58723E-03
            3447     3.15752E-03     144.628E-06     344.154E-06    -3.13537E-03
            3448     4.63596E-03     135.496E-06     505.612E-06    -4.60632E-03
            3449     6.00092E-03     123.028E-06     654.620E-06    -5.96384E-03
            3450     7.21840E-03     107.531E-06     787.510E-06    -7.17451E-03
            3451     8.25830E-03     89.3852E-06     901.008E-06    -8.20852E-03
            3452     9.09497E-03     69.0388E-06     992.320E-06    -9.04041E-03
            3453     9.70776E-03     46.9926E-06     1.05920E-03    -9.64969E-03
            3454     10.0816E-03     23.7892E-06     1.10000E-03    -10.0214E-03
            3455     10.2072E-03    -304.095E-21     1.11371E-03    -10.1463E-03
            3456     10.0816E-03    -23.7892E-06     1.10000E-03    -10.0214E-03
            3457     9.70776E-03    -46.9926E-06     1.05920E-03    -9.64969E-03
            3458     9.09497E-03    -69.0388E-06     992.320E-06    -9.04041E-03
            3459     8.25830E-03    -89.3852E-06     901.008E-06    -8.20852E-03
            3460     7.21840E-03    -107.531E-06     787.510E-06    -7.17451E-03
            3461     6.00092E-03    -123.028E-06     654.620E-06    -5.96384E-03
            3462     4.63596E-03    -135.496E-06     505.612E-06    -4.60632E-03
            3463     3.15752E-03    -144.628E-06     344.154E-06    -3.13537E-03
            3464     1.60381E-03    -150.199E-06     174.222E-06    -1.58723E-03
            3465     152.071E-06    -152.071E-06     5.46040E-33    -14.8106E-33
            3466     103.510E-06     103.510E-06     4.99725E-33    -9.79564E-33
            3467     1.10102E-03     102.236E-06     185.964E-06    -1.08038E-03
            3468     2.16777E-03     98.4439E-06     367.349E-06    -2.13415E-03
            3469     3.18282E-03     92.2281E-06     539.688E-06    -3.13537E-03
            3470     4.11994E-03     83.7414E-06     698.739E-06    -4.05940E-03
            3471     4.95582E-03     73.1926E-06     840.584E-06    -4.88346E-03
            3472     5.66977E-03     60.8417E-06     961.732E-06    -5.58728E-03
            3473     6.24419E-03     46.9926E-06     1.05920E-03    -6.15352E-03
            3474     6.66491E-03     31.9864E-06     1.13058E-03    -6.56824E-03
            3475     6.92156E-03     16.1925E-06     1.17413E-03    -6.82123E-03
            3476     7.00782E-03    -34.3010E-21     1.18877E-03    -6.90626E-03
            3477     6.92156E-03    -16.1925E-06     1.17413E-03    -6.82123E-03
            3478     6.66491E-03    -31.9864E-06     1.13058E-03    -6.56824E-03
            3479     6.24419E-03    -46.9926E-06     1.05920E-03    -6.15352E-03
            3480     5.66977E-03    -60.8417E-06     961.732E-06    -5.58728E-03
            3481     4.95582E-03    -73.1926E-06     840.584E-06    -4.88346E-03
            3482     4.11994E-03    -83.7414E-06     698.739E-06    -4.05940E-03
            3483     3.18282E-03    -92.2281E-06     539.688E-06    -3.13537E-03
            3484     2.16777E-03    -98.4439E-06     367.349E-06    -2.13415E-03
            3485     1.10102E-03    -102.236E-06     185.964E-06    -1.08038E-03
            3486     103.510E-06    -103.510E-06     4.99725E-33    -9.79564E-33
            3487     52.4001E-06     52.4001E-06     4.41106E-33    -4.53945E-33
            3488     582.323E-06     51.7550E-06     193.127E-06    -546.922E-06
            3489     1.14684E-03     49.8355E-06     381.498E-06    -1.08038E-03
            3490     1.68393E-03     46.6889E-06     560.476E-06    -1.58723E-03
            3491     2.17977E-03     42.3926E-06     725.652E-06    -2.05500E-03
            3492     2.62203E-03     37.0525E-06     872.961E-06    -2.47217E-03
            3493     2.99978E-03     30.8000E-06     998.775E-06    -2.82846E-03
            3494     3.30371E-03     23.7892E-06     1.10000E-03    -3.11511E-03
            3495     3.52631E-03     16.1925E-06     1.17413E-03    -3.32506E-03
            3496     3.66210E-03     8.19719E-06     1.21935E-03    -3.45313E-03
            3497     3.70774E-03    -187.366E-21     1.23455E-03    -3.49617E-03
            3498     3.66210E-03    -8.19719E-06     1.21935E-03    -3.45313E-03
            3499     3.52631E-03    -16.1925E-06     1.17413E-03    -3.32506E-03
            3500     3.30371E-03    -23.7892E-06     1.10000E-03    -3.11511E-03
            3501     2.99978E-03    -30.8000E-06     998.775E-06    -2.82846E-03
            3502     2.62203E-03    -37.0525E-06     872.961E-06    -2.47217E-03
            3503     2.17977E-03    -42.3926E-06     725.652E-06    -2.05500E-03
            3504     1.68393E-03    -46.6889E-06     560.476E-06    -1.58723E-03
            3505     1.14684E-03    -49.8355E-06     381.498E-06    -1.08038E-03
            3506     582.323E-06    -51.7550E-06     193.127E-06    -546.922E-06
            3507     52.4001E-06    -52.4001E-06     4.41106E-33    -4.53945E-33
            3508              0.    -3.50776E-33     1.74753E-33    -930.565E-36
            3509     195.534E-06    -5.46420E-33     195.534E-06    -3.46501E-33
            3510     386.253E-06    -5.27242E-33     386.253E-06    -6.01618E-33
            3511     567.462E-06    -4.95082E-33     567.462E-06    -8.41920E-33
            3512     734.698E-06    -4.50732E-33     734.698E-06    -10.6149E-33
            3513     883.843E-06    -3.95283E-33     883.843E-06    -12.5493E-33
            3514     1.01122E-03    -3.30101E-33     1.01122E-03    -14.1746E-33
            3515     1.11371E-03    -2.56791E-33     1.11371E-03    -15.4509E-33
            3516     1.18877E-03    -1.77157E-33     1.18877E-03    -16.3468E-33
            3517     1.23455E-03    -931.619E-36     1.23455E-03    -16.8401E-33
            3518     1.24994E-03    -68.7248E-36     1.24994E-03    -16.9188E-33
            3519     1.23455E-03     795.862E-36     1.23455E-03    -16.5809E-33
            3520     1.18877E-03     1.64085E-33     1.18877E-03    -15.8347E-33
            3521     1.11371E-03     2.44544E-33     1.11371E-03    -14.6986E-33
            3522     1.01122E-03     3.18981E-33     1.01122E-03    -13.2006E-33
            3523     883.843E-06     3.85564E-33     883.843E-06    -11.3776E-33
            3524     734.698E-06     4.42653E-33     734.698E-06    -9.27435E-33
            3525     567.462E-06     4.88842E-33     567.462E-06    -6.94277E-33
            3526     386.253E-06     5.22995E-33     386.253E-06    -4.44024E-33
            3527     195.534E-06     5.44269E-33     195.534E-06    -1.82837E-33
            3528              0.     3.50776E-33     1.74753E-33    -930.565E-36
            3529              0.    -2.97330E-33    -1.61104E-33    -1.06830E-33
            3530     104.370E-06    -4.02482E-33    -104.370E-06    -4.37602E-33
            3531     206.171E-06    -3.90068E-33    -206.171E-06    -7.77629E-33
            3532     302.894E-06    -3.68049E-33    -302.894E-06    -10.9851E-33
            3533     392.160E-06    -3.36968E-33    -392.160E-06    -13.9234E-33
            3534     471.769E-06    -2.97589E-33    -471.769E-06    -16.5188E-33
            3535     539.762E-06    -2.50883E-33    -539.762E-06    -18.7076E-33
            3536     594.464E-06    -1.97999E-33    -594.464E-06    -20.4356E-33
            3537     634.528E-06    -1.40240E-33    -634.528E-06    -21.6605E-33
            3538     658.968E-06    -790.279E-36    -658.968E-06    -22.3520E-33
            3539     667.182E-06    -158.696E-36    -667.182E-06    -22.4932E-33
            3540     658.968E-06     476.795E-36    -658.968E-06    -22.0805E-33
            3541     634.528E-06     1.10055E-33    -634.528E-06    -21.1241E-33
            3542     594.464E-06     1.69720E-33    -594.464E-06    -19.6475E-33
            3543     539.762E-06     2.25206E-33    -539.762E-06    -17.6872E-33
            3544     471.769E-06     2.75146E-33    -471.769E-06    -15.2913E-33
            3545     392.160E-06     3.18312E-33    -392.160E-06    -12.5189E-33
            3546     302.894E-06     3.53640E-33    -302.894E-06    -9.43830E-33
            3547     206.171E-06     3.80260E-33    -206.171E-06    -6.12526E-33
            3548     104.370E-06     3.97517E-33    -104.370E-06    -2.66140E-33
            3549              0.     2.97330E-33    -1.61104E-33    -1.06830E-33
            3550     27.8713E-06     27.8713E-06    -2.16952E-33    -6.42303E-33
            3551     558.639E-06     27.5281E-06    -103.085E-06    -548.355E-06
            3552     1.10250E-03     26.5071E-06    -203.632E-06    -1.08321E-03
            3553     1.61945E-03     24.8335E-06    -299.165E-06    -1.59139E-03
            3554     2.09660E-03     22.5483E-06    -387.332E-06    -2.06038E-03
            3555     2.52214E-03     19.7080E-06    -465.961E-06    -2.47865E-03
            3556     2.88560E-03     16.3823E-06    -533.116E-06    -2.83587E-03
            3557     3.17801E-03     12.6533E-06    -587.145E-06    -3.12328E-03
            3558     3.39218E-03     8.61269E-06    -626.716E-06    -3.33377E-03
            3559     3.52283E-03     4.36002E-06    -650.855E-06    -3.46218E-03
            3560     3.56674E-03    -75.7996E-21    -658.968E-06    -3.50533E-03
            3561     3.52283E-03    -4.36002E-06    -650.855E-06    -3.46218E-03
            3562     3.39218E-03    -8.61269E-06    -626.716E-06    -3.33377E-03
            3563     3.17801E-03    -12.6533E-06    -587.145E-06    -3.12328E-03
            3564     2.88560E-03    -16.3823E-06    -533.116E-06    -2.83587E-03
            3565     2.52214E-03    -19.7080E-06    -465.961E-06    -2.47865E-03
            3566     2.09660E-03    -22.5483E-06    -387.332E-06    -2.06038E-03
            3567     1.61945E-03    -24.8335E-06    -299.165E-06    -1.59139E-03
            3568     1.10250E-03    -26.5071E-06    -203.632E-06    -1.08321E-03
            3569     558.639E-06    -27.5281E-06    -103.085E-06    -548.355E-06
            3570     27.8713E-06    -27.8713E-06    -2.16952E-33    -6.42303E-33
            3571     55.0562E-06     55.0562E-06    -1.63978E-33    -11.8199E-33
            3572     1.08910E-03     54.3784E-06    -99.2620E-06    -1.08321E-03
            3573     2.14935E-03     52.3616E-06    -196.080E-06    -2.13974E-03
            3574     3.15714E-03     49.0555E-06    -288.070E-06    -3.14359E-03
            3575     4.08733E-03     44.5414E-06    -372.966E-06    -4.07003E-03
            3576     4.91693E-03     38.9306E-06    -448.679E-06    -4.89626E-03
            3577     5.62549E-03     32.3612E-06    -513.344E-06    -5.60192E-03
            3578     6.19555E-03     24.9950E-06    -565.368E-06    -6.16965E-03
            3579     6.61307E-03     17.0133E-06    -603.472E-06    -6.58545E-03
            3580     6.86777E-03     8.61269E-06    -626.716E-06    -6.83910E-03
            3581     6.95337E-03    -288.514E-21    -634.528E-06    -6.92436E-03
            3582     6.86777E-03    -8.61269E-06    -626.716E-06    -6.83910E-03
            3583     6.61307E-03    -17.0133E-06    -603.472E-06    -6.58545E-03
            3584     6.19555E-03    -24.9950E-06    -565.368E-06    -6.16965E-03
            3585     5.62549E-03    -32.3612E-06    -513.344E-06    -5.60192E-03
            3586     4.91693E-03    -38.9306E-06    -448.679E-06    -4.89626E-03
            3587     4.08733E-03    -44.5414E-06    -372.966E-06    -4.07003E-03
            3588     3.15714E-03    -49.0555E-06    -288.070E-06    -3.14359E-03
            3589     2.14935E-03    -52.3616E-06    -196.080E-06    -2.13974E-03
            3590     1.08910E-03    -54.3784E-06    -99.2620E-06    -1.08321E-03
            3591     55.0562E-06    -55.0562E-06    -1.63978E-33    -11.8199E-33
            3592     80.8855E-06     80.8855E-06    -1.06967E-33    -16.9257E-33
            3593     1.59610E-03     79.8897E-06    -92.9946E-06    -1.59139E-03
            3594     3.14989E-03     76.9267E-06    -183.699E-06    -3.14359E-03
            3595     4.62683E-03     72.0695E-06    -269.881E-06    -4.61839E-03
            3596     5.99002E-03     65.4378E-06    -349.417E-06    -5.97947E-03
            3597     7.20581E-03     57.1947E-06    -420.349E-06    -7.19331E-03
            3598     8.24421E-03     47.5433E-06    -480.931E-06    -8.23003E-03
            3599     9.07964E-03     36.7213E-06    -529.671E-06    -9.06410E-03
            3600     9.69152E-03     24.9950E-06    -565.368E-06    -9.67498E-03
            3601     10.0648E-03     12.6533E-06    -587.145E-06    -10.0476E-03
            3602     10.1902E-03    -95.4391E-21    -594.464E-06    -10.1729E-03
            3603     10.0648E-03    -12.6533E-06    -587.145E-06    -10.0476E-03
            3604     9.69152E-03    -24.9950E-06    -565.368E-06    -9.67498E-03
            3605     9.07964E-03    -36.7213E-06    -529.671E-06    -9.06410E-03
            3606     8.24421E-03    -47.5433E-06    -480.931E-06    -8.23003E-03
            3607     7.20581E-03    -57.1947E-06    -420.349E-06    -7.19331E-03
            3608     5.99002E-03    -65.4378E-06    -349.417E-06    -5.97947E-03
            3609     4.62683E-03    -72.0695E-06    -269.881E-06    -4.61839E-03
            3610     3.14989E-03    -76.9267E-06    -183.699E-06    -3.14359E-03
            3611     1.59610E-03    -79.8897E-06    -92.9946E-06    -1.59139E-03
            3612     80.8855E-06    -80.8855E-06    -1.06967E-33    -16.9257E-33
            3613     104.723E-06     104.723E-06    -473.212E-36    -21.6148E-33
            3614     2.06471E-03     103.434E-06    -84.4373E-06    -2.06038E-03
            3615     4.07467E-03     99.5976E-06    -166.796E-06    -4.07003E-03
            3616     5.98521E-03     93.3090E-06    -245.047E-06    -5.97947E-03
            3617     7.74863E-03     84.7228E-06    -317.264E-06    -7.74166E-03
            3618     9.32135E-03     74.0505E-06    -381.669E-06    -9.31324E-03
            3619     10.6646E-03     61.5547E-06    -436.676E-06    -10.6555E-03
            3620     11.7453E-03     47.5433E-06    -480.931E-06    -11.7354E-03
            3621     12.5368E-03     32.3612E-06    -513.344E-06    -12.5263E-03
            3622     13.0197E-03     16.3823E-06    -533.116E-06    -13.0088E-03
            3623     13.1820E-03    -746.210E-21    -539.762E-06    -13.1709E-03
            3624     13.0197E-03    -16.3823E-06    -533.116E-06    -13.0088E-03
            3625     12.5368E-03    -32.3612E-06    -513.344E-06    -12.5263E-03
            3626     11.7453E-03    -47.5433E-06    -480.931E-06    -11.7354E-03
            3627     10.6646E-03    -61.5547E-06    -436.676E-06    -10.6555E-03
            3628     9.32135E-03    -74.0505E-06    -381.669E-06    -9.31324E-03
            3629     7.74863E-03    -84.7228E-06    -317.264E-06    -7.74166E-03
            3630     5.98521E-03    -93.3090E-06    -245.047E-06    -5.97947E-03
            3631     4.07467E-03    -99.5976E-06    -166.796E-06    -4.07003E-03
            3632     2.06471E-03    -103.434E-06    -84.4373E-06    -2.06038E-03
            3633     104.723E-06    -104.723E-06    -473.212E-36    -21.6148E-33
            3634     125.982E-06     125.982E-06     134.894E-36    -25.7716E-33
            3635     2.48286E-03     124.431E-06    -73.8009E-06    -2.47865E-03
            3636     4.89989E-03     119.816E-06    -145.785E-06    -4.89626E-03
            3637     7.19737E-03     112.251E-06    -214.179E-06    -7.19331E-03
            3638     9.31792E-03     101.922E-06    -277.299E-06    -9.31324E-03
            3639     11.2092E-03     89.0828E-06    -333.591E-06    -11.2038E-03
            3640     12.8245E-03     74.0505E-06    -381.669E-06    -12.8186E-03
            3641     14.1240E-03     57.1947E-06    -420.349E-06    -14.1177E-03
            3642     15.0759E-03     38.9306E-06    -448.679E-06    -15.0691E-03
            3643     15.6565E-03     19.7080E-06    -465.961E-06    -15.6496E-03
            3644     15.8516E-03     50.0901E-21    -471.769E-06    -15.8446E-03
            3645     15.6565E-03    -19.7080E-06    -465.961E-06    -15.6496E-03
            3646     15.0759E-03    -38.9306E-06    -448.679E-06    -15.0691E-03
            3647     14.1240E-03    -57.1947E-06    -420.349E-06    -14.1177E-03
            3648     12.8245E-03    -74.0505E-06    -381.669E-06    -12.8186E-03
            3649     11.2092E-03    -89.0828E-06    -333.591E-06    -11.2038E-03
            3650     9.31792E-03    -101.922E-06    -277.299E-06    -9.31324E-03
            3651     7.19737E-03    -112.251E-06    -214.179E-06    -7.19331E-03
            3652     4.89989E-03    -119.816E-06    -145.785E-06    -4.89626E-03
            3653     2.48286E-03    -124.431E-06    -73.8009E-06    -2.47865E-03
            3654     125.982E-06    -125.982E-06     134.894E-36    -25.7716E-33
            3655     144.139E-06     144.139E-06     739.680E-36    -29.2939E-33
            3656     2.84011E-03     142.364E-06    -61.3473E-06    -2.83587E-03
            3657     5.60491E-03     137.084E-06    -121.184E-06    -5.60192E-03
            3658     8.23296E-03     128.429E-06    -178.037E-06    -8.23003E-03
            3659     10.6586E-03     116.611E-06    -230.506E-06    -10.6555E-03
            3660     12.8220E-03     101.922E-06    -277.299E-06    -12.8186E-03
            3661     14.6697E-03     84.7228E-06    -317.264E-06    -14.6660E-03
            3662     16.1563E-03     65.4378E-06    -349.417E-06    -16.1523E-03
            3663     17.2450E-03     44.5414E-06    -372.966E-06    -17.2409E-03
            3664     17.9092E-03     22.5483E-06    -387.332E-06    -17.9050E-03
            3665     18.1324E-03    -360.632E-21    -392.160E-06    -18.1282E-03
            3666     17.9092E-03    -22.5483E-06    -387.332E-06    -17.9050E-03
            3667     17.2450E-03    -44.5414E-06    -372.966E-06    -17.2409E-03
            3668     16.1563E-03    -65.4378E-06    -349.417E-06    -16.1523E-03
            3669     14.6697E-03    -84.7228E-06    -317.264E-06    -14.6660E-03
            3670     12.8220E-03    -101.922E-06    -277.299E-06    -12.8186E-03
            3671     10.6586E-03    -116.611E-06    -230.506E-06    -10.6555E-03
            3672     8.23296E-03    -128.429E-06    -178.037E-06    -8.23003E-03
            3673     5.60491E-03    -137.084E-06    -121.184E-06    -5.60192E-03
            3674     2.84011E-03    -142.364E-06    -61.3473E-06    -2.83587E-03
            3675     144.139E-06    -144.139E-06     739.680E-36    -29.2939E-33
            3676     158.747E-06     158.747E-06     1.32625E-33    -32.0948E-33
            3677     3.12757E-03     156.792E-06    -47.3831E-06    -3.12328E-03
            3678     6.17220E-03     150.977E-06    -93.5995E-06    -6.16965E-03
            3679     9.06625E-03     141.444E-06    -137.511E-06    -9.06410E-03
            3680     11.7374E-03     128.429E-06    -178.037E-06    -11.7354E-03
            3681     14.1197E-03     112.251E-06    -214.179E-06    -14.1177E-03
            3682     16.1545E-03     93.3090E-06    -245.047E-06    -16.1523E-03
            3683     17.7915E-03     72.0695E-06    -269.881E-06    -17.7893E-03
            3684     18.9905E-03     49.0555E-06    -288.070E-06    -18.9882E-03
            3685     19.7219E-03     24.8335E-06    -299.165E-06    -19.7196E-03
            3686     19.9677E-03     281.583E-21    -302.894E-06    -19.9654E-03
            3687     19.7219E-03    -24.8335E-06    -299.165E-06    -19.7196E-03
            3688     18.9905E-03    -49.0555E-06    -288.070E-06    -18.9882E-03
            3689     17.7915E-03    -72.0695E-06    -269.881E-06    -17.7893E-03
            3690     16.1545E-03    -93.3090E-06    -245.047E-06    -16.1523E-03
            3691     14.1197E-03    -112.251E-06    -214.179E-06    -14.1177E-03
            3692     11.7374E-03    -128.429E-06    -178.037E-06    -11.7354E-03
            3693     9.06625E-03    -141.444E-06    -137.511E-06    -9.06410E-03
            3694     6.17220E-03    -150.977E-06    -93.5995E-06    -6.16965E-03
            3695     3.12757E-03    -156.792E-06    -47.3831E-06    -3.12328E-03
            3696     158.747E-06    -158.747E-06     1.32625E-33    -32.0948E-33
            3697     169.446E-06     169.446E-06     1.88017E-33    -34.1055E-33
            3698     3.33812E-03     167.359E-06    -32.2522E-06    -3.33377E-03
            3699     6.58773E-03     161.152E-06    -63.7102E-06    -6.58545E-03
            3700     9.67661E-03     150.977E-06    -93.5995E-06    -9.67498E-03
            3701     12.5276E-03     137.084E-06    -121.184E-06    -12.5263E-03
            3702     15.0703E-03     119.816E-06    -145.785E-06    -15.0691E-03
            3703     17.2420E-03     99.5977E-06    -166.796E-06    -17.2409E-03
            3704     18.9893E-03     76.9267E-06    -183.699E-06    -18.9882E-03
            3705     20.2690E-03     52.3616E-06    -196.080E-06    -20.2679E-03
            3706     21.0496E-03     26.5071E-06    -203.632E-06    -21.0486E-03
            3707     21.3120E-03     473.204E-21    -206.171E-06    -21.3110E-03
            3708     21.0496E-03    -26.5071E-06    -203.632E-06    -21.0486E-03
            3709     20.2690E-03    -52.3616E-06    -196.080E-06    -20.2679E-03
            3710     18.9893E-03    -76.9267E-06    -183.699E-06    -18.9882E-03
            3711     17.2420E-03    -99.5977E-06    -166.796E-06    -17.2409E-03
            3712     15.0703E-03    -119.816E-06    -145.785E-06    -15.0691E-03
            3713     12.5276E-03    -137.084E-06    -121.184E-06    -12.5263E-03
            3714     9.67661E-03    -150.977E-06    -93.5995E-06    -9.67498E-03
            3715     6.58773E-03    -161.152E-06    -63.7102E-06    -6.58545E-03
            3716     3.33812E-03    -167.359E-06    -32.2522E-06    -3.33377E-03
            3717     169.446E-06    -169.446E-06     1.88017E-33    -34.1055E-33
            3718     175.972E-06     175.972E-06     2.38779E-33    -35.2763E-33
            3719     3.46658E-03     173.806E-06    -16.3271E-06    -3.46218E-03
            3720     6.84123E-03     167.359E-06    -32.2522E-06    -6.83910E-03
            3721     10.0490E-03     156.792E-06    -47.3831E-06    -10.0476E-03
            3722     13.0097E-03     142.364E-06    -61.3473E-06    -13.0088E-03
            3723     15.6502E-03     124.431E-06    -73.8009E-06    -15.6496E-03
            3724     17.9055E-03     103.434E-06    -84.4373E-06    -17.9050E-03
            3725     19.7200E-03     79.8897E-06    -92.9946E-06    -19.7196E-03
            3726     21.0489E-03     54.3784E-06    -99.2620E-06    -21.0486E-03
            3727     21.8596E-03     27.5281E-06    -103.085E-06    -21.8593E-03
            3728     22.1321E-03     1.48974E-18    -104.370E-06    -22.1318E-03
            3729     21.8596E-03    -27.5281E-06    -103.085E-06    -21.8593E-03
            3730     21.0489E-03    -54.3784E-06    -99.2620E-06    -21.0486E-03
            3731     19.7200E-03    -79.8897E-06    -92.9946E-06    -19.7196E-03
            3732     17.9055E-03    -103.434E-06    -84.4373E-06    -17.9050E-03
            3733     15.6502E-03    -124.431E-06    -73.8009E-06    -15.6496E-03
            3734     13.0097E-03    -142.364E-06    -61.3473E-06    -13.0088E-03
            3735     10.0490E-03    -156.792E-06    -47.3831E-06    -10.0476E-03
            3736     6.84123E-03    -167.359E-06    -32.2522E-06    -6.83910E-03
            3737     3.46658E-03    -173.806E-06    -16.3271E-06    -3.46218E-03
            3738     175.972E-06    -175.972E-06     2.38779E-33    -35.2763E-33
            3739     178.166E-06     178.166E-06     2.83661E-33    -35.5786E-33
            3740     3.50975E-03     175.972E-06    -135.323E-21    -3.50533E-03
            3741     6.92643E-03     169.446E-06    -170.305E-21    -6.92436E-03
            3742     10.1741E-03     158.747E-06    -240.350E-21    -10.1729E-03
            3743     13.1717E-03     144.139E-06    -195.559E-21    -13.1709E-03
            3744     15.8451E-03     125.982E-06    -96.3853E-21    -15.8446E-03
            3745     18.1285E-03     104.723E-06    -458.544E-21    -18.1282E-03
            3746     19.9656E-03     80.8855E-06     129.082E-21    -19.9654E-03
            3747     21.3110E-03     55.0562E-06    -302.704E-21    -21.3110E-03
            3748     22.1318E-03     27.8713E-06    -192.150E-21    -22.1318E-03
            3749     22.4077E-03     1.40866E-18     41.9869E-21    -22.4077E-03
            3750     22.1318E-03    -27.8713E-06     347.552E-21    -22.1318E-03
            3751     21.3110E-03    -55.0562E-06    -357.585E-21    -21.3110E-03
            3752     19.9656E-03    -80.8855E-06     188.604E-21    -19.9654E-03
            3753     18.1285E-03    -104.723E-06     334.578E-21    -18.1282E-03
            3754     15.8451E-03    -125.982E-06    -122.289E-21    -15.8446E-03
            3755     13.1717E-03    -144.139E-06     299.663E-21    -13.1709E-03
            3756     10.1741E-03    -158.747E-06    -560.218E-21    -10.1729E-03
            3757     6.92643E-03    -169.446E-06     248.979E-21    -6.92436E-03
            3758     3.50975E-03    -175.972E-06    -42.7050E-21    -3.50533E-03
            3759     178.166E-06    -178.166E-06     2.83661E-33    -35.5786E-33
            3760     175.972E-06     175.972E-06     3.21559E-33    -35.0048E-33
            3761     3.46658E-03     173.806E-06     16.3271E-06    -3.46218E-03
            3762     6.84123E-03     167.359E-06     32.2522E-06    -6.83910E-03
            3763     10.0490E-03     156.792E-06     47.3831E-06    -10.0476E-03
            3764     13.0097E-03     142.364E-06     61.3473E-06    -13.0088E-03
            3765     15.6502E-03     124.431E-06     73.8009E-06    -15.6496E-03
            3766     17.9055E-03     103.434E-06     84.4373E-06    -17.9050E-03
            3767     19.7200E-03     79.8897E-06     92.9946E-06    -19.7196E-03
            3768     21.0489E-03     54.3784E-06     99.2620E-06    -21.0486E-03
            3769     21.8596E-03     27.5281E-06     103.085E-06    -21.8593E-03
            3770     22.1321E-03    -1.11436E-18     104.370E-06    -22.1318E-03
            3771     21.8596E-03    -27.5281E-06     103.085E-06    -21.8593E-03
            3772     21.0489E-03    -54.3784E-06     99.2620E-06    -21.0486E-03
            3773     19.7200E-03    -79.8897E-06     92.9946E-06    -19.7196E-03
            3774     17.9055E-03    -103.434E-06     84.4373E-06    -17.9050E-03
            3775     15.6502E-03    -124.431E-06     73.8009E-06    -15.6496E-03
            3776     13.0097E-03    -142.364E-06     61.3473E-06    -13.0088E-03
            3777     10.0490E-03    -156.792E-06     47.3831E-06    -10.0476E-03
            3778     6.84123E-03    -167.359E-06     32.2522E-06    -6.83910E-03
            3779     3.46658E-03    -173.806E-06     16.3271E-06    -3.46218E-03
            3780     175.972E-06    -175.972E-06     3.21559E-33    -35.0048E-33
            3781     169.446E-06     169.446E-06     3.51539E-33    -33.5690E-33
            3782     3.33812E-03     167.359E-06     32.2522E-06    -3.33377E-03
            3783     6.58773E-03     161.152E-06     63.7102E-06    -6.58545E-03
            3784     9.67661E-03     150.977E-06     93.5995E-06    -9.67498E-03
            3785     12.5276E-03     137.084E-06     121.184E-06    -12.5263E-03
            3786     15.0703E-03     119.816E-06     145.785E-06    -15.0691E-03
            3787     17.2420E-03     99.5977E-06     166.796E-06    -17.2409E-03
            3788     18.9893E-03     76.9267E-06     183.699E-06    -18.9882E-03
            3789     20.2690E-03     52.3616E-06     196.080E-06    -20.2679E-03
            3790     21.0496E-03     26.5071E-06     203.632E-06    -21.0486E-03
            3791     21.3120E-03     621.220E-21     206.171E-06    -21.3110E-03
            3792     21.0496E-03    -26.5071E-06     203.632E-06    -21.0486E-03
            3793     20.2690E-03    -52.3616E-06     196.080E-06    -20.2679E-03
            3794     18.9893E-03    -76.9267E-06     183.699E-06    -18.9882E-03
            3795     17.2420E-03    -99.5977E-06     166.796E-06    -17.2409E-03
            3796     15.0703E-03    -119.816E-06     145.785E-06    -15.0691E-03
            3797     12.5276E-03    -137.084E-06     121.184E-06    -12.5263E-03
            3798     9.67661E-03    -150.977E-06     93.5995E-06    -9.67498E-03
            3799     6.58773E-03    -161.152E-06     63.7102E-06    -6.58545E-03
            3800     3.33812E-03    -167.359E-06     32.2522E-06    -3.33377E-03
            3801     169.446E-06    -169.446E-06     3.51539E-33    -33.5690E-33
            3802     158.747E-06     158.747E-06     3.72862E-33    -31.3067E-33
            3803     3.12757E-03     156.792E-06     47.3831E-06    -3.12328E-03
            3804     6.17220E-03     150.977E-06     93.5995E-06    -6.16965E-03
            3805     9.06625E-03     141.444E-06     137.511E-06    -9.06410E-03
            3806     11.7374E-03     128.429E-06     178.037E-06    -11.7354E-03
            3807     14.1197E-03     112.251E-06     214.179E-06    -14.1177E-03
            3808     16.1545E-03     93.3090E-06     245.047E-06    -16.1523E-03
            3809     17.7915E-03     72.0695E-06     269.881E-06    -17.7893E-03
            3810     18.9905E-03     49.0555E-06     288.070E-06    -18.9882E-03
            3811     19.7219E-03     24.8335E-06     299.165E-06    -19.7196E-03
            3812     19.9677E-03    -987.418E-21     302.894E-06    -19.9654E-03
            3813     19.7219E-03    -24.8335E-06     299.165E-06    -19.7196E-03
            3814     18.9905E-03    -49.0555E-06     288.070E-06    -18.9882E-03
            3815     17.7915E-03    -72.0695E-06     269.881E-06    -17.7893E-03
            3816     16.1545E-03    -93.3090E-06     245.047E-06    -16.1523E-03
            3817     14.1197E-03    -112.251E-06     214.179E-06    -14.1177E-03
            3818     11.7374E-03    -128.429E-06     178.037E-06    -11.7354E-03
            3819     9.06625E-03    -141.444E-06     137.511E-06    -9.06410E-03
            3820     6.17220E-03    -150.977E-06     93.5995E-06    -6.16965E-03
            3821     3.12757E-03    -156.792E-06     47.3831E-06    -3.12328E-03
            3822     158.747E-06    -158.747E-06     3.72862E-33    -31.3067E-33
            3823     144.139E-06     144.139E-06     3.85005E-33    -28.2735E-33
            3824     2.84011E-03     142.364E-06     61.3473E-06    -2.83587E-03
            3825     5.60491E-03     137.084E-06     121.184E-06    -5.60192E-03
            3826     8.23296E-03     128.429E-06     178.037E-06    -8.23003E-03
            3827     10.6586E-03     116.611E-06     230.506E-06    -10.6555E-03
            3828     12.8220E-03     101.922E-06     277.299E-06    -12.8186E-03
            3829     14.6697E-03     84.7228E-06     317.264E-06    -14.6660E-03
            3830     16.1563E-03     65.4378E-06     349.417E-06    -16.1523E-03
            3831     17.2450E-03     44.5414E-06     372.966E-06    -17.2409E-03
            3832     17.9092E-03     22.5483E-06     387.332E-06    -17.9050E-03
            3833     18.1324E-03    -1.92294E-18     392.160E-06    -18.1282E-03
            3834     17.9092E-03    -22.5483E-06     387.332E-06    -17.9050E-03
            3835     17.2450E-03    -44.5414E-06     372.966E-06    -17.2409E-03
            3836     16.1563E-03    -65.4378E-06     349.417E-06    -16.1523E-03
            3837     14.6697E-03    -84.7228E-06     317.264E-06    -14.6660E-03
            3838     12.8220E-03    -101.922E-06     277.299E-06    -12.8186E-03
            3839     10.6586E-03    -116.611E-06     230.506E-06    -10.6555E-03
            3840     8.23296E-03    -128.429E-06     178.037E-06    -8.23003E-03
            3841     5.60491E-03    -137.084E-06     121.184E-06    -5.60192E-03
            3842     2.84011E-03    -142.364E-06     61.3473E-06    -2.83587E-03
            3843     144.139E-06    -144.139E-06     3.85005E-33    -28.2735E-33
            3844     125.982E-06     125.982E-06     3.87668E-33    -24.5441E-33
            3845     2.48286E-03     124.431E-06     73.8009E-06    -2.47865E-03
            3846     4.89989E-03     119.816E-06     145.785E-06    -4.89626E-03
            3847     7.19737E-03     112.251E-06     214.179E-06    -7.19331E-03
            3848     9.31792E-03     101.922E-06     277.299E-06    -9.31324E-03
            3849     11.2092E-03     89.0828E-06     333.591E-06    -11.2038E-03
            3850     12.8245E-03     74.0505E-06     381.669E-06    -12.8186E-03
            3851     14.1240E-03     57.1947E-06     420.349E-06    -14.1177E-03
            3852     15.0759E-03     38.9306E-06     448.679E-06    -15.0691E-03
            3853     15.6565E-03     19.7080E-06     465.961E-06    -15.6496E-03
            3854     15.8516E-03    -631.759E-21     471.769E-06    -15.8446E-03
            3855     15.6565E-03    -19.7080E-06     465.961E-06    -15.6496E-03
            3856     15.0759E-03    -38.9306E-06     448.679E-06    -15.0691E-03
            3857     14.1240E-03    -57.1947E-06     420.349E-06    -14.1177E-03
            3858     12.8245E-03    -74.0505E-06     381.669E-06    -12.8186E-03
            3859     11.2092E-03    -89.0828E-06     333.591E-06    -11.2038E-03
            3860     9.31792E-03    -101.922E-06     277.299E-06    -9.31324E-03
            3861     7.19737E-03    -112.251E-06     214.179E-06    -7.19331E-03
            3862     4.89989E-03    -119.816E-06     145.785E-06    -4.89626E-03
            3863     2.48286E-03    -124.431E-06     73.8009E-06    -2.47865E-03
            3864     125.982E-06    -125.982E-06     3.87668E-33    -24.5441E-33
            3865     104.723E-06     104.723E-06     3.80785E-33    -20.2103E-33
            3866     2.06471E-03     103.434E-06     84.4373E-06    -2.06038E-03
            3867     4.07467E-03     99.5976E-06     166.796E-06    -4.07003E-03
            3868     5.98521E-03     93.3090E-06     245.047E-06    -5.97947E-03
            3869     7.74863E-03     84.7228E-06     317.264E-06    -7.74166E-03
            3870     9.32135E-03     74.0505E-06     381.669E-06    -9.31324E-03
            3871     10.6646E-03     61.5547E-06     436.676E-06    -10.6555E-03
            3872     11.7453E-03     47.5433E-06     480.931E-06    -11.7354E-03
            3873     12.5368E-03     32.3612E-06     513.344E-06    -12.5263E-03
            3874     13.0197E-03     16.3823E-06     533.116E-06    -13.0088E-03
            3875     13.1820E-03    -989.195E-21     539.762E-06    -13.1709E-03
            3876     13.0197E-03    -16.3823E-06     533.116E-06    -13.0088E-03
            3877     12.5368E-03    -32.3612E-06     513.344E-06    -12.5263E-03
            3878     11.7453E-03    -47.5433E-06     480.931E-06    -11.7354E-03
            3879     10.6646E-03    -61.5547E-06     436.676E-06    -10.6555E-03
            3880     9.32135E-03    -74.0505E-06     381.669E-06    -9.31324E-03
            3881     7.74863E-03    -84.7228E-06     317.264E-06    -7.74166E-03
            3882     5.98521E-03    -93.3090E-06     245.047E-06    -5.97947E-03
            3883     4.07467E-03    -99.5976E-06     166.796E-06    -4.07003E-03
            3884     2.06471E-03    -103.434E-06     84.4373E-06    -2.06038E-03
            3885     104.723E-06    -104.723E-06     3.80785E-33    -20.2103E-33
            3886     80.8855E-06     80.8855E-06     3.64526E-33    -15.3789E-33
            3887     1.59610E-03     79.8897E-06     92.9946E-06    -1.59139E-03
            3888     3.14989E-03     76.9267E-06     183.699E-06    -3.14359E-03
            3889     4.62683E-03     72.0695E-06     269.881E-06    -4.61839E-03
            3890     5.99002E-03     65.4378E-06     349.417E-06    -5.97947E-03
            3891     7.20581E-03     57.1947E-06     420.349E-06    -7.19331E-03
            3892     8.24421E-03     47.5433E-06     480.931E-06    -8.23003E-03
            3893     9.07964E-03     36.7213E-06     529.671E-06    -9.06410E-03
            3894     9.69152E-03     24.9950E-06     565.368E-06    -9.67498E-03
            3895     10.0648E-03     12.6533E-06     587.145E-06    -10.0476E-03
            3896     10.1902E-03    -414.510E-21     594.464E-06    -10.1729E-03
            3897     10.0648E-03    -12.6533E-06     587.145E-06    -10.0476E-03
            3898     9.69152E-03    -24.9950E-06     565.368E-06    -9.67498E-03
            3899     9.07964E-03    -36.7213E-06     529.671E-06    -9.06410E-03
            3900     8.24421E-03    -47.5433E-06     480.931E-06    -8.23003E-03
            3901     7.20581E-03    -57.1947E-06     420.349E-06    -7.19331E-03
            3902     5.99002E-03    -65.4378E-06     349.417E-06    -5.97947E-03
            3903     4.62683E-03    -72.0695E-06     269.881E-06    -4.61839E-03
            3904     3.14989E-03    -76.9267E-06     183.699E-06    -3.14359E-03
            3905     1.59610E-03    -79.8897E-06     92.9946E-06    -1.59139E-03
            3906     80.8855E-06    -80.8855E-06     3.64526E-33    -15.3789E-33
            3907     55.0562E-06     55.0562E-06     3.39290E-33    -10.1689E-33
            3908     1.08910E-03     54.3784E-06     99.2620E-06    -1.08321E-03
            3909     2.14935E-03     52.3616E-06     196.080E-06    -2.13974E-03
            3910     3.15714E-03     49.0555E-06     288.070E-06    -3.14359E-03
            3911     4.08733E-03     44.5414E-06     372.966E-06    -4.07003E-03
            3912     4.91693E-03     38.9306E-06     448.679E-06    -4.89626E-03
            3913     5.62549E-03     32.3612E-06     513.344E-06    -5.60192E-03
            3914     6.19555E-03     24.9950E-06     565.368E-06    -6.16965E-03
            3915     6.61307E-03     17.0133E-06     603.472E-06    -6.58545E-03
            3916     6.86777E-03     8.61269E-06     626.716E-06    -6.83910E-03
            3917     6.95337E-03    -161.999E-21     634.528E-06    -6.92436E-03
            3918     6.86777E-03    -8.61269E-06     626.716E-06    -6.83910E-03
            3919     6.61307E-03    -17.0133E-06     603.472E-06    -6.58545E-03
            3920     6.19555E-03    -24.9950E-06     565.368E-06    -6.16965E-03
            3921     5.62549E-03    -32.3612E-06     513.344E-06    -5.60192E-03
            3922     4.91693E-03    -38.9306E-06     448.679E-06    -4.89626E-03
            3923     4.08733E-03    -44.5414E-06     372.966E-06    -4.07003E-03
            3924     3.15714E-03    -49.0555E-06     288.070E-06    -3.14359E-03
            3925     2.14935E-03    -52.3616E-06     196.080E-06    -2.13974E-03
            3926     1.08910E-03    -54.3784E-06     99.2620E-06    -1.08321E-03
            3927     55.0562E-06    -55.0562E-06     3.39290E-33    -10.1689E-33
            3928     27.8713E-06     27.8713E-06     3.05701E-33    -4.70840E-33
            3929     558.639E-06     27.5281E-06     103.085E-06    -548.355E-06
            3930     1.10250E-03     26.5071E-06     203.632E-06    -1.08321E-03
            3931     1.61945E-03     24.8335E-06     299.165E-06    -1.59139E-03
            3932     2.09660E-03     22.5483E-06     387.332E-06    -2.06038E-03
            3933     2.52214E-03     19.7080E-06     465.961E-06    -2.47865E-03
            3934     2.88560E-03     16.3823E-06     533.116E-06    -2.83587E-03
            3935     3.17801E-03     12.6533E-06     587.145E-06    -3.12328E-03
            3936     3.39218E-03     8.61269E-06     626.716E-06    -3.33377E-03
            3937     3.52283E-03     4.36002E-06     650.855E-06    -3.46218E-03
            3938     3.56674E-03    -281.771E-21     658.968E-06    -3.50533E-03
            3939     3.52283E-03    -4.36002E-06     650.855E-06    -3.46218E-03
            3940     3.39218E-03    -8.61269E-06     626.716E-06    -3.33377E-03
            3941     3.17801E-03    -12.6533E-06     587.145E-06    -3.12328E-03
            3942     2.88560E-03    -16.3823E-06     533.116E-06    -2.83587E-03
            3943     2.52214E-03    -19.7080E-06     465.961E-06    -2.47865E-03
            3944     2.09660E-03    -22.5483E-06     387.332E-06    -2.06038E-03
            3945     1.61945E-03    -24.8335E-06     299.165E-06    -1.59139E-03
            3946     1.10250E-03    -26.5071E-06     203.632E-06    -1.08321E-03
            3947     558.639E-06    -27.5281E-06     103.085E-06    -548.355E-06
            3948     27.8713E-06    -27.8713E-06     3.05701E-33    -4.70840E-33
            3949              0.    -2.97330E-33     1.61104E-33    -1.06830E-33
            3950     104.370E-06    -4.02482E-33     104.370E-06    -4.37602E-33
            3951     206.171E-06    -3.90068E-33     206.171E-06    -7.77629E-33
            3952     302.894E-06    -3.68049E-33     302.894E-06    -10.9851E-33
            3953     392.160E-06    -3.36968E-33     392.160E-06    -13.9234E-33
            3954     471.769E-06    -2.97589E-33     471.769E-06    -16.5188E-33
            3955     539.762E-06    -2.50883E-33     539.762E-06    -18.7076E-33
            3956     594.464E-06    -1.97999E-33     594.464E-06    -20.4356E-33
            3957     634.528E-06    -1.40240E-33     634.528E-06    -21.6605E-33
            3958     658.968E-06    -790.279E-36     658.968E-06    -22.3520E-33
            3959     667.182E-06    -158.696E-36     667.182E-06    -22.4932E-33
            3960     658.968E-06     476.795E-36     658.968E-06    -22.0805E-33
            3961     634.528E-06     1.10055E-33     634.528E-06    -21.1241E-33
            3962     594.464E-06     1.69720E-33     594.464E-06    -19.6475E-33
            3963     539.762E-06     2.25206E-33     539.762E-06    -17.6872E-33
            3964     471.769E-06     2.75146E-33     471.769E-06    -15.2913E-33
            3965     392.160E-06     3.18312E-33     392.160E-06    -12.5189E-33
            3966     302.894E-06     3.53640E-33     302.894E-06    -9.43830E-33
            3967     206.171E-06     3.80260E-33     206.171E-06    -6.12526E-33
            3968     104.370E-06     3.97517E-33     104.370E-06    -2.66140E-33
            3969              0.     2.97330E-33     1.61104E-33    -1.06830E-33
            3970              0.    -2.46019E-33    -1.31639E-33    -1.16972E-33
            3971     18.3745E-06    -2.68899E-33    -18.3745E-06    -4.71889E-33
            3972     36.2966E-06    -2.63147E-33    -36.2966E-06    -8.49596E-33
            3973     53.3249E-06    -2.50916E-33    -53.3249E-06    -12.0638E-33
            3974     69.0402E-06    -2.32506E-33    -69.0402E-06    -15.3346E-33
            3975     83.0555E-06    -2.08371E-33    -83.0555E-06    -18.2279E-33
            3976     95.0257E-06    -1.79106E-33    -95.0257E-06    -20.6723E-33
            3977     104.656E-06    -1.45430E-33    -104.656E-06    -22.6076E-33
            3978     111.709E-06    -1.08173E-33    -111.709E-06    -23.9863E-33
            3979     116.012E-06    -682.526E-36    -116.012E-06    -24.7744E-33
            3980     117.458E-06    -266.517E-36    -117.458E-06    -24.9525E-33
            3981     116.012E-06     156.055E-36    -116.012E-06    -24.5161E-33
            3982     111.709E-06     574.784E-36    -111.709E-06    -23.4761E-33
            3983     104.656E-06     979.360E-36    -104.656E-06    -21.8580E-33
            3984     95.0257E-06     1.35982E-33    -95.0257E-06    -19.7017E-33
            3985     83.0555E-06     1.70680E-33    -83.0555E-06    -17.0603E-33
            3986     69.0402E-06     2.01175E-33    -69.0402E-06    -13.9987E-33
            3987     53.3249E-06     2.26716E-33    -53.3249E-06    -10.5925E-33
            3988     36.2966E-06     2.46675E-33    -36.2966E-06    -6.92552E-33
            3989     18.3745E-06     2.60560E-33    -18.3745E-06    -3.08796E-33
            3990              0.     2.46019E-33    -1.31639E-33    -1.16972E-33
            3991     3.45750E-06     3.45750E-06    -1.30730E-33    -6.66423E-33
            3992     550.372E-06     3.41493E-06    -18.1483E-06    -550.062E-06
            3993     1.08718E-03     3.28828E-06    -35.8497E-06    -1.08658E-03
            3994     1.59721E-03     3.08065E-06    -52.6684E-06    -1.59634E-03
            3995     2.06792E-03     2.79717E-06    -68.1902E-06    -2.06680E-03
            3996     2.48771E-03     2.44482E-06    -82.0329E-06    -2.48636E-03
            3997     2.84625E-03     2.03226E-06    -93.8557E-06    -2.84470E-03
            3998     3.13470E-03     1.56967E-06    -103.368E-06    -3.13300E-03
            3999     3.34597E-03     1.06842E-06    -110.334E-06    -3.34415E-03
            4000     3.47484E-03     540.871E-09    -114.584E-06    -3.47295E-03
            4001     3.51816E-03    -135.726E-21    -116.012E-06    -3.51624E-03
            4002     3.47484E-03    -540.871E-09    -114.584E-06    -3.47295E-03
            4003     3.34597E-03    -1.06842E-06    -110.334E-06    -3.34415E-03
            4004     3.13470E-03    -1.56967E-06    -103.368E-06    -3.13300E-03
            4005     2.84625E-03    -2.03226E-06    -93.8557E-06    -2.84470E-03
            4006     2.48771E-03    -2.44482E-06    -82.0329E-06    -2.48636E-03
            4007     2.06792E-03    -2.79717E-06    -68.1902E-06    -2.06680E-03
            4008     1.59721E-03    -3.08065E-06    -52.6684E-06    -1.59634E-03
            4009     1.08718E-03    -3.28828E-06    -35.8497E-06    -1.08658E-03
            4010     550.372E-06    -3.41493E-06    -18.1483E-06    -550.062E-06
            4011     3.45750E-06    -3.45750E-06    -1.30730E-33    -6.66423E-33
            4012     6.82986E-06     6.82986E-06    -1.09370E-33    -12.3387E-33
            4013     1.08674E-03     6.74577E-06    -17.4752E-06    -1.08658E-03
            4014     2.14669E-03     6.49558E-06    -34.5201E-06    -2.14640E-03
            4015     3.15379E-03     6.08545E-06    -50.7150E-06    -3.15338E-03
            4016     4.08323E-03     5.52547E-06    -65.6611E-06    -4.08270E-03
            4017     4.91214E-03     4.82944E-06    -78.9904E-06    -4.91150E-03
            4018     5.62009E-03     4.01449E-06    -90.3748E-06    -5.61936E-03
            4019     6.18965E-03     3.10069E-06    -99.5338E-06    -6.18885E-03
            4020     6.60680E-03     2.11054E-06    -106.242E-06    -6.60595E-03
            4021     6.86128E-03     1.06842E-06    -110.334E-06    -6.86039E-03
            4022     6.94681E-03    -379.765E-21    -111.709E-06    -6.94591E-03
            4023     6.86128E-03    -1.06842E-06    -110.334E-06    -6.86039E-03
            4024     6.60680E-03    -2.11054E-06    -106.242E-06    -6.60595E-03
            4025     6.18965E-03    -3.10069E-06    -99.5338E-06    -6.18885E-03
            4026     5.62009E-03    -4.01449E-06    -90.3748E-06    -5.61936E-03
            4027     4.91214E-03    -4.82944E-06    -78.9904E-06    -4.91150E-03
            4028     4.08323E-03    -5.52547E-06    -65.6611E-06    -4.08270E-03
            4029     3.15379E-03    -6.08545E-06    -50.7150E-06    -3.15338E-03
            4030     2.14669E-03    -6.49558E-06    -34.5201E-06    -2.14640E-03
            4031     1.08674E-03    -6.74577E-06    -17.4752E-06    -1.08658E-03
            4032     6.82986E-06    -6.82986E-06    -1.09370E-33    -12.3387E-33
            4033     10.0341E-06     10.0341E-06    -853.176E-36    -17.7094E-33
            4034     1.59646E-03     9.91051E-06    -16.3718E-06    -1.59634E-03
            4035     3.15356E-03     9.54295E-06    -32.3405E-06    -3.15338E-03
            4036     4.63302E-03     8.94040E-06    -47.5128E-06    -4.63276E-03
            4037     5.99840E-03     8.11771E-06    -61.5153E-06    -5.99808E-03
            4038     7.21608E-03     7.09514E-06    -74.0030E-06    -7.21570E-03
            4039     8.25608E-03     5.89786E-06    -84.6685E-06    -8.25565E-03
            4040     9.09279E-03     4.55536E-06    -93.2492E-06    -9.09231E-03
            4041     9.70560E-03     3.10069E-06    -99.5338E-06    -9.70509E-03
            4042     10.0794E-03     1.56967E-06    -103.368E-06    -10.0789E-03
            4043     10.2051E-03    -146.487E-21    -104.656E-06    -10.2045E-03
            4044     10.0794E-03    -1.56967E-06    -103.368E-06    -10.0789E-03
            4045     9.70560E-03    -3.10069E-06    -99.5338E-06    -9.70509E-03
            4046     9.09279E-03    -4.55536E-06    -93.2492E-06    -9.09231E-03
            4047     8.25608E-03    -5.89786E-06    -84.6685E-06    -8.25565E-03
            4048     7.21608E-03    -7.09514E-06    -74.0030E-06    -7.21570E-03
            4049     5.99840E-03    -8.11771E-06    -61.5153E-06    -5.99808E-03
            4050     4.63302E-03    -8.94040E-06    -47.5128E-06    -4.63276E-03
            4051     3.15356E-03    -9.54295E-06    -32.3405E-06    -3.15338E-03
            4052     1.59646E-03    -9.91051E-06    -16.3718E-06    -1.59634E-03
            4053     10.0341E-06    -10.0341E-06    -853.176E-36    -17.7094E-33
            4054     12.9912E-06     12.9912E-06    -591.642E-36    -22.6440E-33
            4055     2.06689E-03     12.8312E-06    -14.8653E-06    -2.06680E-03
            4056     4.08283E-03     12.3553E-06    -29.3645E-06    -4.08270E-03
            4057     5.99824E-03     11.5752E-06    -43.1407E-06    -5.99808E-03
            4058     7.76597E-03     10.5101E-06    -55.8547E-06    -7.76576E-03
            4059     9.34247E-03     9.18614E-06    -67.1933E-06    -9.34222E-03
            4060     10.6889E-03     7.63601E-06    -76.8774E-06    -10.6887E-03
            4061     11.7722E-03     5.89786E-06    -84.6685E-06    -11.7719E-03
            4062     12.5656E-03     4.01449E-06    -90.3748E-06    -12.5653E-03
            4063     13.0496E-03     2.03226E-06    -93.8557E-06    -13.0492E-03
            4064     13.2122E-03    -690.805E-21    -95.0257E-06    -13.2119E-03
            4065     13.0496E-03    -2.03226E-06    -93.8557E-06    -13.0492E-03
            4066     12.5656E-03    -4.01449E-06    -90.3748E-06    -12.5653E-03
            4067     11.7722E-03    -5.89786E-06    -84.6685E-06    -11.7719E-03
            4068     10.6889E-03    -7.63601E-06    -76.8774E-06    -10.6887E-03
            4069     9.34247E-03    -9.18614E-06    -67.1933E-06    -9.34222E-03
            4070     7.76597E-03    -10.5101E-06    -55.8547E-06    -7.76576E-03
            4071     5.99824E-03    -11.5752E-06    -43.1407E-06    -5.99808E-03
            4072     4.08283E-03    -12.3553E-06    -29.3645E-06    -4.08270E-03
            4073     2.06689E-03    -12.8312E-06    -14.8653E-06    -2.06680E-03
            4074     12.9912E-06    -12.9912E-06    -591.642E-36    -22.6440E-33
            4075     15.6284E-06     15.6284E-06    -315.540E-36    -27.0211E-33
            4076     2.48644E-03     15.4360E-06    -12.9927E-06    -2.48636E-03
            4077     4.91159E-03     14.8635E-06    -25.6656E-06    -4.91150E-03
            4078     7.21581E-03     13.9250E-06    -37.7064E-06    -7.21570E-03
            4079     9.34236E-03     12.6436E-06    -48.8188E-06    -9.34222E-03
            4080     11.2389E-03     11.0509E-06    -58.7291E-06    -11.2387E-03
            4081     12.8586E-03     9.18614E-06    -67.1933E-06    -12.8585E-03
            4082     14.1618E-03     7.09514E-06    -74.0030E-06    -14.1616E-03
            4083     15.1162E-03     4.82944E-06    -78.9904E-06    -15.1160E-03
            4084     15.6985E-03     2.44482E-06    -82.0329E-06    -15.6983E-03
            4085     15.8942E-03    -77.0139E-21    -83.0555E-06    -15.8939E-03
            4086     15.6985E-03    -2.44482E-06    -82.0329E-06    -15.6983E-03
            4087     15.1162E-03    -4.82944E-06    -78.9904E-06    -15.1160E-03
            4088     14.1618E-03    -7.09514E-06    -74.0030E-06    -14.1616E-03
            4089     12.8586E-03    -9.18614E-06    -67.1933E-06    -12.8585E-03
            4090     11.2389E-03    -11.0509E-06    -58.7291E-06    -11.2387E-03
            4091     9.34236E-03    -12.6436E-06    -48.8188E-06    -9.34222E-03
            4092     7.21581E-03    -13.9250E-06    -37.7064E-06    -7.21570E-03
            4093     4.91159E-03    -14.8635E-06    -25.6656E-06    -4.91150E-03
            4094     2.48644E-03    -15.4360E-06    -12.9927E-06    -2.48636E-03
            4095     15.6284E-06    -15.6284E-06    -315.540E-36    -27.0211E-33
            4096     17.8808E-06     17.8808E-06    -31.6676E-36    -30.7328E-33
            4097     2.84478E-03     17.6607E-06    -10.8003E-06    -2.84470E-03
            4098     5.61942E-03     17.0057E-06    -21.3346E-06    -5.61936E-03
            4099     8.25572E-03     15.9319E-06    -31.3436E-06    -8.25565E-03
            4100     10.6887E-03     14.4659E-06    -40.5808E-06    -10.6887E-03
            4101     12.8586E-03     12.6436E-06    -48.8188E-06    -12.8585E-03
            4102     14.7118E-03     10.5101E-06    -55.8547E-06    -14.7117E-03
            4103     16.2027E-03     8.11771E-06    -61.5153E-06    -16.2026E-03
            4104     17.2947E-03     5.52547E-06    -65.6611E-06    -17.2946E-03
            4105     17.9609E-03     2.79717E-06    -68.1902E-06    -17.9607E-03
            4106     18.1848E-03    -381.381E-21    -69.0402E-06    -18.1846E-03
            4107     17.9609E-03    -2.79717E-06    -68.1902E-06    -17.9607E-03
            4108     17.2947E-03    -5.52547E-06    -65.6611E-06    -17.2946E-03
            4109     16.2027E-03    -8.11771E-06    -61.5153E-06    -16.2026E-03
            4110     14.7118E-03    -10.5101E-06    -55.8547E-06    -14.7117E-03
            4111     12.8586E-03    -12.6436E-06    -48.8188E-06    -12.8585E-03
            4112     10.6887E-03    -14.4659E-06    -40.5808E-06    -10.6887E-03
            4113     8.25572E-03    -15.9319E-06    -31.3436E-06    -8.25565E-03
            4114     5.61942E-03    -17.0057E-06    -21.3346E-06    -5.61936E-03
            4115     2.84478E-03    -17.6607E-06    -10.8003E-06    -2.84470E-03
            4116     17.8808E-06    -17.8808E-06    -31.6676E-36    -30.7328E-33
            4117     19.6929E-06     19.6929E-06     252.984E-36    -33.6877E-33
            4118     3.13307E-03     19.4505E-06    -8.34185E-06    -3.13300E-03
            4119     6.18890E-03     18.7291E-06    -16.4783E-06    -6.18885E-03
            4120     9.09236E-03     17.5465E-06    -24.2090E-06    -9.09231E-03
            4121     11.7719E-03     15.9319E-06    -31.3436E-06    -11.7719E-03
            4122     14.1617E-03     13.9250E-06    -37.7064E-06    -14.1616E-03
            4123     16.2027E-03     11.5752E-06    -43.1407E-06    -16.2026E-03
            4124     17.8447E-03     8.94040E-06    -47.5128E-06    -17.8447E-03
            4125     19.0474E-03     6.08545E-06    -50.7150E-06    -19.0473E-03
            4126     19.7810E-03     3.08065E-06    -52.6684E-06    -19.7810E-03
            4127     20.0276E-03     79.9996E-21    -53.3249E-06    -20.0275E-03
            4128     19.7810E-03    -3.08065E-06    -52.6684E-06    -19.7810E-03
            4129     19.0474E-03    -6.08545E-06    -50.7150E-06    -19.0473E-03
            4130     17.8447E-03    -8.94040E-06    -47.5128E-06    -17.8447E-03
            4131     16.2027E-03    -11.5752E-06    -43.1407E-06    -16.2026E-03
            4132     14.1617E-03    -13.9250E-06    -37.7064E-06    -14.1616E-03
            4133     11.7719E-03    -15.9319E-06    -31.3436E-06    -11.7719E-03
            4134     9.09236E-03    -17.5465E-06    -24.2090E-06    -9.09231E-03
            4135     6.18890E-03    -18.7291E-06    -16.4783E-06    -6.18885E-03
            4136     3.13307E-03    -19.4505E-06    -8.34185E-06    -3.13300E-03
            4137     19.6929E-06    -19.6929E-06     252.984E-36    -33.6877E-33
            4138     21.0201E-06     21.0201E-06     531.407E-36    -35.8132E-33
            4139     3.34422E-03     20.7614E-06    -5.67803E-06    -3.34415E-03
            4140     6.60599E-03     19.9913E-06    -11.2163E-06    -6.60595E-03
            4141     9.70513E-03     18.7291E-06    -16.4783E-06    -9.70509E-03
            4142     12.5653E-03     17.0057E-06    -21.3346E-06    -12.5653E-03
            4143     15.1161E-03     14.8635E-06    -25.6656E-06    -15.1160E-03
            4144     17.2946E-03     12.3553E-06    -29.3645E-06    -17.2946E-03
            4145     19.0473E-03     9.54295E-06    -32.3405E-06    -19.0473E-03
            4146     20.3311E-03     6.49558E-06    -34.5201E-06    -20.3310E-03
            4147     21.1141E-03     3.28828E-06    -35.8497E-06    -21.1141E-03
            4148     21.3773E-03     264.382E-21    -36.2966E-06    -21.3773E-03
            4149     21.1141E-03    -3.28828E-06    -35.8497E-06    -21.1141E-03
            4150     20.3311E-03    -6.49558E-06    -34.5201E-06    -20.3310E-03
            4151     19.0473E-03    -9.54295E-06    -32.3405E-06    -19.0473E-03
            4152     17.2946E-03    -12.3553E-06    -29.3645E-06    -17.2946E-03
            4153     15.1161E-03    -14.8635E-06    -25.6656E-06    -15.1160E-03
            4154     12.5653E-03    -17.0057E-06    -21.3346E-06    -12.5653E-03
            4155     9.70513E-03    -18.7291E-06    -16.4783E-06    -9.70509E-03
            4156     6.60599E-03    -19.9913E-06    -11.2163E-06    -6.60595E-03
            4157     3.34422E-03    -20.7614E-06    -5.67803E-06    -3.34415E-03
            4158     21.0201E-06    -21.0201E-06     531.407E-36    -35.8132E-33
            4159     21.8298E-06     21.8298E-06     796.744E-36    -37.0568E-33
            4160     3.47302E-03     21.5610E-06    -2.87441E-06    -3.47295E-03
            4161     6.86043E-03     20.7614E-06    -5.67803E-06    -6.86039E-03
            4162     10.0789E-03     19.4505E-06    -8.34185E-06    -10.0789E-03
            4163     13.0493E-03     17.6607E-06    -10.8003E-06    -13.0492E-03
            4164     15.6983E-03     15.4360E-06    -12.9927E-06    -15.6983E-03
            4165     17.9607E-03     12.8312E-06    -14.8653E-06    -17.9607E-03
            4166     19.7810E-03     9.91052E-06    -16.3718E-06    -19.7810E-03
            4167     21.1141E-03     6.74578E-06    -17.4752E-06    -21.1141E-03
            4168     21.9274E-03     3.41493E-06    -18.1483E-06    -21.9274E-03
            4169     22.2007E-03     1.44957E-18    -18.3745E-06    -22.2007E-03
            4170     21.9274E-03    -3.41493E-06    -18.1483E-06    -21.9274E-03
            4171     21.1141E-03    -6.74578E-06    -17.4752E-06    -21.1141E-03
            4172     19.7810E-03    -9.91052E-06    -16.3718E-06    -19.7810E-03
            4173     17.9607E-03    -12.8312E-06    -14.8653E-06    -17.9607E-03
            4174     15.6983E-03    -15.4360E-06    -12.9927E-06    -15.6983E-03
            4175     13.0493E-03    -17.6607E-06    -10.8003E-06    -13.0492E-03
            4176     10.0789E-03    -19.4505E-06    -8.34185E-06    -10.0789E-03
            4177     6.86043E-03    -20.7614E-06    -5.67803E-06    -6.86039E-03
            4178     3.47302E-03    -21.5610E-06    -2.87441E-06    -3.47295E-03
            4179     21.8298E-06    -21.8298E-06     796.744E-36    -37.0568E-33
            4180     22.1019E-06     22.1019E-06     1.04246E-33    -37.3880E-33
            4181     3.51631E-03     21.8298E-06     168.435E-21    -3.51624E-03
            4182     6.94594E-03     21.0201E-06     192.715E-21    -6.94591E-03
            4183     10.2046E-03     19.6929E-06     213.260E-21    -10.2045E-03
            4184     13.2119E-03     17.8808E-06     211.669E-21    -13.2119E-03
            4185     15.8939E-03     15.6284E-06     171.584E-21    -15.8939E-03
            4186     18.1846E-03     12.9912E-06     183.464E-21    -18.1846E-03
            4187     20.0275E-03     10.0341E-06     289.920E-21    -20.0275E-03
            4188     21.3773E-03     6.82986E-06     219.556E-21    -21.3773E-03
            4189     22.2007E-03     3.45750E-06     184.425E-21    -22.2007E-03
            4190     22.4774E-03     1.27853E-18     111.186E-21    -22.4774E-03
            4191     22.2007E-03    -3.45750E-06     111.222E-21    -22.2007E-03
            4192     21.3773E-03    -6.82986E-06     101.832E-21    -21.3773E-03
            4193     20.0275E-03    -10.0341E-06     156.186E-21    -20.0275E-03
            4194     18.1846E-03    -12.9912E-06     193.024E-21    -18.1846E-03
            4195     15.8939E-03    -15.6284E-06     28.3337E-21    -15.8939E-03
            4196     13.2119E-03    -17.8808E-06     14.0670E-21    -13.2119E-03
            4197     10.2046E-03    -19.6929E-06    -133.700E-21    -10.2045E-03
            4198     6.94594E-03    -21.0201E-06    -10.8934E-21    -6.94591E-03
            4199     3.51631E-03    -21.8298E-06    -2.60505E-21    -3.51624E-03
            4200     22.1019E-06    -22.1019E-06     1.04246E-33    -37.3880E-33
            4201     21.8298E-06     21.8298E-06     1.26251E-33    -36.7985E-33
            4202     3.47302E-03     21.5610E-06     2.87441E-06    -3.47295E-03
            4203     6.86043E-03     20.7614E-06     5.67803E-06    -6.86039E-03
            4204     10.0789E-03     19.4505E-06     8.34185E-06    -10.0789E-03
            4205     13.0493E-03     17.6607E-06     10.8003E-06    -13.0492E-03
            4206     15.6983E-03     15.4360E-06     12.9927E-06    -15.6983E-03
            4207     17.9607E-03     12.8312E-06     14.8653E-06    -17.9607E-03
            4208     19.7810E-03     9.91052E-06     16.3718E-06    -19.7810E-03
            4209     21.1141E-03     6.74578E-06     17.4752E-06    -21.1141E-03
            4210     21.9274E-03     3.41493E-06     18.1483E-06    -21.9274E-03
            4211     22.2007E-03    -1.21753E-18     18.3745E-06    -22.2007E-03
            4212     21.9274E-03    -3.41493E-06     18.1483E-06    -21.9274E-03
            4213     21.1141E-03    -6.74578E-06     17.4752E-06    -21.1141E-03
            4214     19.7810E-03    -9.91052E-06     16.3718E-06    -19.7810E-03
            4215     17.9607E-03    -12.8312E-06     14.8653E-06    -17.9607E-03
            4216     15.6983E-03    -15.4360E-06     12.9927E-06    -15.6983E-03
            4217     13.0493E-03    -17.6607E-06     10.8003E-06    -13.0492E-03
            4218     10.0789E-03    -19.4505E-06     8.34185E-06    -10.0789E-03
            4219     6.86043E-03    -20.7614E-06     5.67803E-06    -6.86039E-03
            4220     3.47302E-03    -21.5610E-06     2.87441E-06    -3.47295E-03
            4221     21.8298E-06    -21.8298E-06     1.26251E-33    -36.7985E-33
            4222     21.0201E-06     21.0201E-06     1.45148E-33    -35.3029E-33
            4223     3.34422E-03     20.7614E-06     5.67803E-06    -3.34415E-03
            4224     6.60599E-03     19.9913E-06     11.2163E-06    -6.60595E-03
            4225     9.70513E-03     18.7291E-06     16.4783E-06    -9.70509E-03
            4226     12.5653E-03     17.0057E-06     21.3346E-06    -12.5653E-03
            4227     15.1161E-03     14.8635E-06     25.6656E-06    -15.1160E-03
            4228     17.2946E-03     12.3553E-06     29.3645E-06    -17.2946E-03
            4229     19.0473E-03     9.54295E-06     32.3405E-06    -19.0473E-03
            4230     20.3311E-03     6.49558E-06     34.5201E-06    -20.3310E-03
            4231     21.1141E-03     3.28828E-06     35.8497E-06    -21.1141E-03
            4232     21.3773E-03     651.329E-21     36.2966E-06    -21.3773E-03
            4233     21.1141E-03    -3.28828E-06     35.8497E-06    -21.1141E-03
            4234     20.3311E-03    -6.49558E-06     34.5201E-06    -20.3310E-03
            4235     19.0473E-03    -9.54295E-06     32.3405E-06    -19.0473E-03
            4236     17.2946E-03    -12.3553E-06     29.3645E-06    -17.2946E-03
            4237     15.1161E-03    -14.8635E-06     25.6656E-06    -15.1160E-03
            4238     12.5653E-03    -17.0057E-06     21.3346E-06    -12.5653E-03
            4239     9.70513E-03    -18.7291E-06     16.4783E-06    -9.70509E-03
            4240     6.60599E-03    -19.9913E-06     11.2163E-06    -6.60595E-03
            4241     3.34422E-03    -20.7614E-06     5.67803E-06    -3.34415E-03
            4242     21.0201E-06    -21.0201E-06     1.45148E-33    -35.3029E-33
            4243     19.6929E-06     19.6929E-06     1.60470E-33    -32.9381E-33
            4244     3.13307E-03     19.4505E-06     8.34185E-06    -3.13300E-03
            4245     6.18890E-03     18.7291E-06     16.4783E-06    -6.18885E-03
            4246     9.09236E-03     17.5465E-06     24.2090E-06    -9.09231E-03
            4247     11.7719E-03     15.9319E-06     31.3436E-06    -11.7719E-03
            4248     14.1617E-03     13.9250E-06     37.7064E-06    -14.1616E-03
            4249     16.2027E-03     11.5752E-06     43.1407E-06    -16.2026E-03
            4250     17.8447E-03     8.94040E-06     47.5128E-06    -17.8447E-03
            4251     19.0474E-03     6.08545E-06     50.7150E-06    -19.0473E-03
            4252     19.7810E-03     3.08065E-06     52.6684E-06    -19.7810E-03
            4253     20.0276E-03    -1.02557E-18     53.3249E-06    -20.0275E-03
            4254     19.7810E-03    -3.08065E-06     52.6684E-06    -19.7810E-03
            4255     19.0474E-03    -6.08545E-06     50.7150E-06    -19.0473E-03
            4256     17.8447E-03    -8.94040E-06     47.5128E-06    -17.8447E-03
            4257     16.2027E-03    -11.5752E-06     43.1407E-06    -16.2026E-03
            4258     14.1617E-03    -13.9250E-06     37.7064E-06    -14.1616E-03
            4259     11.7719E-03    -15.9319E-06     31.3436E-06    -11.7719E-03
            4260     9.09236E-03    -17.5465E-06     24.2090E-06    -9.09231E-03
            4261     6.18890E-03    -18.7291E-06     16.4783E-06    -6.18885E-03
            4262     3.13307E-03    -19.4505E-06     8.34185E-06    -3.13300E-03
            4263     19.6929E-06    -19.6929E-06     1.60470E-33    -32.9381E-33
            4264     17.8808E-06     17.8808E-06     1.71841E-33    -29.7622E-33
            4265     2.84478E-03     17.6607E-06     10.8003E-06    -2.84470E-03
            4266     5.61942E-03     17.0057E-06     21.3346E-06    -5.61936E-03
            4267     8.25572E-03     15.9319E-06     31.3436E-06    -8.25565E-03
            4268     10.6887E-03     14.4659E-06     40.5808E-06    -10.6887E-03
            4269     12.8586E-03     12.6436E-06     48.8188E-06    -12.8585E-03
            4270     14.7118E-03     10.5101E-06     55.8547E-06    -14.7117E-03
            4271     16.2027E-03     8.11771E-06     61.5153E-06    -16.2026E-03
            4272     17.2947E-03     5.52547E-06     65.6611E-06    -17.2946E-03
            4273     17.9609E-03     2.79717E-06     68.1902E-06    -17.9607E-03
            4274     18.1848E-03    -2.26608E-18     69.0402E-06    -18.1846E-03
            4275     17.9609E-03    -2.79717E-06     68.1902E-06    -17.9607E-03
            4276     17.2947E-03    -5.52547E-06     65.6611E-06    -17.2946E-03
            4277     16.2027E-03    -8.11771E-06     61.5153E-06    -16.2026E-03
            4278     14.7118E-03    -10.5101E-06     55.8547E-06    -14.7117E-03
            4279     12.8586E-03    -12.6436E-06     48.8188E-06    -12.8585E-03
            4280     10.6887E-03    -14.4659E-06     40.5808E-06    -10.6887E-03
            4281     8.25572E-03    -15.9319E-06     31.3436E-06    -8.25565E-03
            4282     5.61942E-03    -17.0057E-06     21.3346E-06    -5.61936E-03
            4283     2.84478E-03    -17.6607E-06     10.8003E-06    -2.84470E-03
            4284     17.8808E-06    -17.8808E-06     1.71841E-33    -29.7622E-33
            4285     15.6284E-06     15.6284E-06     1.78980E-33    -25.8535E-33
            4286     2.48644E-03     15.4360E-06     12.9927E-06    -2.48636E-03
            4287     4.91159E-03     14.8635E-06     25.6656E-06    -4.91150E-03
            4288     7.21581E-03     13.9250E-06     37.7064E-06    -7.21570E-03
            4289     9.34236E-03     12.6436E-06     48.8188E-06    -9.34222E-03
            4290     11.2389E-03     11.0509E-06     58.7291E-06    -11.2387E-03
            4291     12.8586E-03     9.18614E-06     67.1933E-06    -12.8585E-03
            4292     14.1618E-03     7.09514E-06     74.0030E-06    -14.1616E-03
            4293     15.1162E-03     4.82944E-06     78.9904E-06    -15.1160E-03
            4294     15.6985E-03     2.44482E-06     82.0329E-06    -15.6983E-03
            4295     15.8942E-03    -1.08063E-18     83.0555E-06    -15.8939E-03
            4296     15.6985E-03    -2.44482E-06     82.0329E-06    -15.6983E-03
            4297     15.1162E-03    -4.82944E-06     78.9904E-06    -15.1160E-03
            4298     14.1618E-03    -7.09514E-06     74.0030E-06    -14.1616E-03
            4299     12.8586E-03    -9.18614E-06     67.1933E-06    -12.8585E-03
            4300     11.2389E-03    -11.0509E-06     58.7291E-06    -11.2387E-03
            4301     9.34236E-03    -12.6436E-06     48.8188E-06    -9.34222E-03
            4302     7.21581E-03    -13.9250E-06     37.7064E-06    -7.21570E-03
            4303     4.91159E-03    -14.8635E-06     25.6656E-06    -4.91150E-03
            4304     2.48644E-03    -15.4360E-06     12.9927E-06    -2.48636E-03
            4305     15.6284E-06    -15.6284E-06     1.78980E-33    -25.8535E-33
            4306     12.9912E-06     12.9912E-06     1.81713E-33    -21.3081E-33
            4307     2.06689E-03     12.8312E-06     14.8653E-06    -2.06680E-03
            4308     4.08283E-03     12.3553E-06     29.3645E-06    -4.08270E-03
            4309     5.99824E-03     11.5752E-06     43.1407E-06    -5.99808E-03
            4310     7.76597E-03     10.5101E-06     55.8547E-06    -7.76576E-03
            4311     9.34247E-03     9.18614E-06     67.1933E-06    -9.34222E-03
            4312     10.6889E-03     7.63601E-06     76.8774E-06    -10.6887E-03
            4313     11.7722E-03     5.89786E-06     84.6685E-06    -11.7719E-03
            4314     12.5656E-03     4.01449E-06     90.3748E-06    -12.5653E-03
            4315     13.0496E-03     2.03226E-06     93.8557E-06    -13.0492E-03
            4316     13.2122E-03    -1.01223E-18     95.0257E-06    -13.2119E-03
            4317     13.0496E-03    -2.03226E-06     93.8557E-06    -13.0492E-03
            4318     12.5656E-03    -4.01449E-06     90.3748E-06    -12.5653E-03
            4319     11.7722E-03    -5.89786E-06     84.6685E-06    -11.7719E-03
            4320     10.6889E-03    -7.63601E-06     76.8774E-06    -10.6887E-03
            4321     9.34247E-03    -9.18614E-06     67.1933E-06    -9.34222E-03
            4322     7.76597E-03    -10.5101E-06     55.8547E-06    -7.76576E-03
            4323     5.99824E-03    -11.5752E-06     43.1407E-06    -5.99808E-03
            4324     4.08283E-03    -12.3553E-06     29.3645E-06    -4.08270E-03
            4325     2.06689E-03    -12.8312E-06     14.8653E-06    -2.06680E-03
            4326     12.9912E-06    -12.9912E-06     1.81713E-33    -21.3081E-33
            4327     10.0341E-06     10.0341E-06     1.79971E-33    -16.2381E-33
            4328     1.59646E-03     9.91051E-06     16.3718E-06    -1.59634E-03
            4329     3.15356E-03     9.54295E-06     32.3405E-06    -3.15338E-03
            4330     4.63302E-03     8.94040E-06     47.5128E-06    -4.63276E-03
            4331     5.99840E-03     8.11771E-06     61.5153E-06    -5.99808E-03
            4332     7.21608E-03     7.09514E-06     74.0030E-06    -7.21570E-03
            4333     8.25608E-03     5.89786E-06     84.6685E-06    -8.25565E-03
            4334     9.09279E-03     4.55536E-06     93.2492E-06    -9.09231E-03
            4335     9.70560E-03     3.10069E-06     99.5338E-06    -9.70509E-03
            4336     10.0794E-03     1.56967E-06     103.368E-06    -10.0789E-03
            4337     10.2051E-03    -451.534E-21     104.656E-06    -10.2045E-03
            4338     10.0794E-03    -1.56967E-06     103.368E-06    -10.0789E-03
            4339     9.70560E-03    -3.10069E-06     99.5338E-06    -9.70509E-03
            4340     9.09279E-03    -4.55536E-06     93.2492E-06    -9.09231E-03
            4341     8.25608E-03    -5.89786E-06     84.6685E-06    -8.25565E-03
            4342     7.21608E-03    -7.09514E-06     74.0030E-06    -7.21570E-03
            4343     5.99840E-03    -8.11771E-06     61.5153E-06    -5.99808E-03
            4344     4.63302E-03    -8.94040E-06     47.5128E-06    -4.63276E-03
            4345     3.15356E-03    -9.54295E-06     32.3405E-06    -3.15338E-03
            4346     1.59646E-03    -9.91051E-06     16.3718E-06    -1.59634E-03
            4347     10.0341E-06    -10.0341E-06     1.79971E-33    -16.2381E-33
            4348     6.82986E-06     6.82986E-06     1.73798E-33    -10.7683E-33
            4349     1.08674E-03     6.74577E-06     17.4752E-06    -1.08658E-03
            4350     2.14669E-03     6.49558E-06     34.5201E-06    -2.14640E-03
            4351     3.15379E-03     6.08545E-06     50.7150E-06    -3.15338E-03
            4352     4.08323E-03     5.52547E-06     65.6611E-06    -4.08270E-03
            4353     4.91214E-03     4.82944E-06     78.9904E-06    -4.91150E-03
            4354     5.62009E-03     4.01449E-06     90.3748E-06    -5.61936E-03
            4355     6.18965E-03     3.10069E-06     99.5338E-06    -6.18885E-03
            4356     6.60680E-03     2.11054E-06     106.242E-06    -6.60595E-03
            4357     6.86128E-03     1.06842E-06     110.334E-06    -6.86039E-03
            4358     6.94681E-03    -239.868E-21     111.709E-06    -6.94591E-03
            4359     6.86128E-03    -1.06842E-06     110.334E-06    -6.86039E-03
            4360     6.60680E-03    -2.11054E-06     106.242E-06    -6.60595E-03
            4361     6.18965E-03    -3.10069E-06     99.5338E-06    -6.18885E-03
            4362     5.62009E-03    -4.01449E-06     90.3748E-06    -5.61936E-03
            4363     4.91214E-03    -4.82944E-06     78.9904E-06    -4.91150E-03
            4364     4.08323E-03    -5.52547E-06     65.6611E-06    -4.08270E-03
            4365     3.15379E-03    -6.08545E-06     50.7150E-06    -3.15338E-03
            4366     2.14669E-03    -6.49558E-06     34.5201E-06    -2.14640E-03
            4367     1.08674E-03    -6.74577E-06     17.4752E-06    -1.08658E-03
            4368     6.82986E-06    -6.82986E-06     1.73798E-33    -10.7683E-33
            4369     3.45750E-06     3.45750E-06     1.63345E-33    -5.03330E-33
            4370     550.372E-06     3.41493E-06     18.1483E-06    -550.062E-06
            4371     1.08718E-03     3.28828E-06     35.8497E-06    -1.08658E-03
            4372     1.59721E-03     3.08065E-06     52.6684E-06    -1.59634E-03
            4373     2.06792E-03     2.79717E-06     68.1902E-06    -2.06680E-03
            4374     2.48771E-03     2.44482E-06     82.0329E-06    -2.48636E-03
            4375     2.84625E-03     2.03226E-06     93.8557E-06    -2.84470E-03
            4376     3.13470E-03     1.56967E-06     103.368E-06    -3.13300E-03
            4377     3.34597E-03     1.06842E-06     110.334E-06    -3.34415E-03
            4378     3.47484E-03     540.871E-09     114.584E-06    -3.47295E-03
            4379     3.51816E-03    -220.888E-21     116.012E-06    -3.51624E-03
            4380     3.47484E-03    -540.871E-09     114.584E-06    -3.47295E-03
            4381     3.34597E-03    -1.06842E-06     110.334E-06    -3.34415E-03
            4382     3.13470E-03    -1.56967E-06     103.368E-06    -3.13300E-03
            4383     2.84625E-03    -2.03226E-06     93.8557E-06    -2.84470E-03
            4384     2.48771E-03    -2.44482E-06     82.0329E-06    -2.48636E-03
            4385     2.06792E-03    -2.79717E-06     68.1902E-06    -2.06680E-03
            4386     1.59721E-03    -3.08065E-06     52.6684E-06    -1.59634E-03
            4387     1.08718E-03    -3.28828E-06     35.8497E-06    -1.08658E-03
            4388     550.372E-06    -3.41493E-06     18.1483E-06    -550.062E-06
            4389     3.45750E-06    -3.45750E-06     1.63345E-33    -5.03330E-33
            4390              0.    -2.46019E-33     1.31639E-33    -1.16972E-33
            4391     18.3745E-06    -2.68899E-33     18.3745E-06    -4.71889E-33
            4392     36.2966E-06    -2.63147E-33     36.2966E-06    -8.49596E-33
            4393     53.3249E-06    -2.50916E-33     53.3249E-06    -12.0638E-33
            4394     69.0402E-06    -2.32506E-33     69.0402E-06    -15.3346E-33
            4395     83.0555E-06    -2.08371E-33     83.0555E-06    -18.2279E-33
            4396     95.0257E-06    -1.79106E-33     95.0257E-06    -20.6723E-33
            4397     104.656E-06    -1.45430E-33     104.656E-06    -22.6076E-33
            4398     111.709E-06    -1.08173E-33     111.709E-06    -23.9863E-33
            4399     116.012E-06    -682.526E-36     116.012E-06    -24.7744E-33
            4400     117.458E-06    -266.517E-36     117.458E-06    -24.9525E-33
            4401     116.012E-06     156.055E-36     116.012E-06    -24.5161E-33
            4402     111.709E-06     574.784E-36     111.709E-06    -23.4761E-33
            4403     104.656E-06     979.360E-36     104.656E-06    -21.8580E-33
            4404     95.0257E-06     1.35982E-33     95.0257E-06    -19.7017E-33
            4405     83.0555E-06     1.70680E-33     83.0555E-06    -17.0603E-33
            4406     69.0402E-06     2.01175E-33     69.0402E-06    -13.9987E-33
            4407     53.3249E-06     2.26716E-33     53.3249E-06    -10.5925E-33
            4408     36.2966E-06     2.46675E-33     36.2966E-06    -6.92552E-33
            4409     18.3745E-06     2.60560E-33     18.3745E-06    -3.08796E-33
            4410              0.     2.46019E-33     1.31639E-33    -1.16972E-33
            4411              0.    -2.00705E-33    -824.480E-36    -1.21433E-33
            4412     67.9068E-06    -1.41485E-33     67.9068E-06    -4.51562E-33
            4413     134.142E-06    -1.42534E-33     134.142E-06    -8.19197E-33
            4414     197.073E-06    -1.40073E-33     197.073E-06    -11.6666E-33
            4415     255.152E-06    -1.34163E-33     255.152E-06    -14.8540E-33
            4416     306.949E-06    -1.24950E-33     306.949E-06    -17.6756E-33
            4417     351.187E-06    -1.12660E-33     351.187E-06    -20.0620E-33
            4418     386.778E-06    -975.962E-36     386.778E-06    -21.9543E-33
            4419     412.845E-06    -801.290E-36     412.845E-06    -23.3061E-33
            4420     428.747E-06    -606.888E-36     428.747E-06    -24.0841E-33
            4421     434.091E-06    -397.542E-36     434.091E-06    -24.2690E-33
            4422     428.747E-06    -178.407E-36     428.747E-06    -23.8563E-33
            4423     412.845E-06     45.1202E-36     412.845E-06    -22.8562E-33
            4424     386.778E-06     267.537E-36     386.778E-06    -21.2933E-33
            4425     351.187E-06     483.366E-36     351.187E-06    -19.2060E-33
            4426     306.949E-06     687.293E-36     306.949E-06    -16.6459E-33
            4427     255.152E-06     874.296E-36     255.152E-06    -13.6759E-33
            4428     197.073E-06     1.03977E-33     197.073E-06    -10.3692E-33
            4429     134.142E-06     1.17964E-33     134.142E-06    -6.80707E-33
            4430     67.9068E-06     1.29047E-33     67.9068E-06    -3.07739E-33
            4431              0.     2.00705E-33    -824.480E-36    -1.21433E-33
            4432     20.8529E-06    -20.8529E-06    -243.170E-36    -6.86843E-33
            4433     556.446E-06    -20.5962E-06     67.0708E-06    -552.005E-06
            4434     1.09862E-03    -19.8323E-06     132.490E-06    -1.09042E-03
            4435     1.61387E-03    -18.5801E-06     194.647E-06    -1.60198E-03
            4436     2.08942E-03    -16.8704E-06     252.011E-06    -2.07410E-03
            4437     2.51354E-03    -14.7452E-06     303.170E-06    -2.49514E-03
            4438     2.87577E-03    -12.2570E-06     346.864E-06    -2.85475E-03
            4439     3.16720E-03    -9.46702E-06     382.016E-06    -3.14407E-03
            4440     3.38065E-03    -6.44390E-06     407.763E-06    -3.35596E-03
            4441     3.51086E-03    -3.26211E-06     423.468E-06    -3.48522E-03
            4442     3.55462E-03    -154.433E-21     428.747E-06    -3.52867E-03
            4443     3.51086E-03     3.26211E-06     423.468E-06    -3.48522E-03
            4444     3.38065E-03     6.44390E-06     407.763E-06    -3.35596E-03
            4445     3.16720E-03     9.46702E-06     382.016E-06    -3.14407E-03
            4446     2.87577E-03     12.2570E-06     346.864E-06    -2.85475E-03
            4447     2.51354E-03     14.7452E-06     303.170E-06    -2.49514E-03
            4448     2.08942E-03     16.8704E-06     252.011E-06    -2.07410E-03
            4449     1.61387E-03     18.5801E-06     194.647E-06    -1.60198E-03
            4450     1.09862E-03     19.8323E-06     132.490E-06    -1.09042E-03
            4451     556.446E-06     20.5962E-06     67.0708E-06    -552.005E-06
            4452     20.8529E-06     20.8529E-06    -243.170E-36    -6.86843E-33
            4453     41.1923E-06    -41.1923E-06    -350.888E-36    -12.8397E-33
            4454     1.09309E-03    -40.6852E-06     64.5832E-06    -1.09042E-03
            4455     2.15812E-03    -39.1762E-06     127.576E-06    -2.15399E-03
            4456     3.17027E-03    -36.7026E-06     187.428E-06    -3.16452E-03
            4457     4.10444E-03    -33.3253E-06     242.664E-06    -4.09713E-03
            4458     4.93757E-03    -29.1274E-06     291.926E-06    -4.92885E-03
            4459     5.64914E-03    -24.2122E-06     333.999E-06    -5.63921E-03
            4460     6.22163E-03    -18.7009E-06     367.848E-06    -6.21071E-03
            4461     6.64092E-03    -12.7291E-06     392.639E-06    -6.62929E-03
            4462     6.89670E-03    -6.44390E-06     407.763E-06    -6.88463E-03
            4463     6.98266E-03    -358.647E-21     412.845E-06    -6.97045E-03
            4464     6.89670E-03     6.44390E-06     407.763E-06    -6.88463E-03
            4465     6.64092E-03     12.7291E-06     392.639E-06    -6.62929E-03
            4466     6.22163E-03     18.7009E-06     367.848E-06    -6.21071E-03
            4467     5.64914E-03     24.2122E-06     333.999E-06    -5.63921E-03
            4468     4.93757E-03     29.1274E-06     291.926E-06    -4.92885E-03
            4469     4.10444E-03     33.3253E-06     242.664E-06    -4.09713E-03
            4470     3.17027E-03     36.7026E-06     187.428E-06    -3.16452E-03
            4471     2.15812E-03     39.1762E-06     127.576E-06    -2.15399E-03
            4472     1.09309E-03     40.6852E-06     64.5832E-06    -1.09042E-03
            4473     41.1923E-06     41.1923E-06    -350.888E-36    -12.8397E-33
            4474     60.5175E-06    -60.5175E-06    -449.965E-36    -18.4947E-33
            4475     1.60424E-03    -59.7724E-06     60.5054E-06    -1.60198E-03
            4476     3.16730E-03    -57.5555E-06     119.521E-06    -3.16452E-03
            4477     4.65276E-03    -53.9215E-06     175.594E-06    -4.64913E-03
            4478     6.02376E-03    -48.9597E-06     227.343E-06    -6.01927E-03
            4479     7.24648E-03    -42.7923E-06     273.493E-06    -7.24119E-03
            4480     8.29080E-03    -35.5713E-06     312.910E-06    -8.28481E-03
            4481     9.13098E-03    -27.4744E-06     344.622E-06    -9.12443E-03
            4482     9.74634E-03    -18.7009E-06     367.848E-06    -9.73938E-03
            4483     10.1217E-03    -9.46702E-06     382.016E-06    -10.1145E-03
            4484     10.2479E-03    -109.992E-21     386.778E-06    -10.2406E-03
            4485     10.1217E-03     9.46702E-06     382.016E-06    -10.1145E-03
            4486     9.74634E-03     18.7009E-06     367.848E-06    -9.73938E-03
            4487     9.13098E-03     27.4744E-06     344.622E-06    -9.12443E-03
            4488     8.29080E-03     35.5713E-06     312.910E-06    -8.28481E-03
            4489     7.24648E-03     42.7923E-06     273.493E-06    -7.24119E-03
            4490     6.02376E-03     48.9597E-06     227.343E-06    -6.01927E-03
            4491     4.65276E-03     53.9215E-06     175.594E-06    -4.64913E-03
            4492     3.16730E-03     57.5555E-06     119.521E-06    -3.16452E-03
            4493     1.60424E-03     59.7724E-06     60.5054E-06    -1.60198E-03
            4494     60.5175E-06     60.5175E-06    -449.965E-36    -18.4947E-33
            4495     78.3525E-06    -78.3525E-06    -537.962E-36    -23.6944E-33
            4496     2.07627E-03    -77.3878E-06     54.9378E-06    -2.07410E-03
            4497     4.09924E-03    -74.5176E-06     108.523E-06    -4.09713E-03
            4498     6.02178E-03    -69.8126E-06     159.436E-06    -6.01927E-03
            4499     7.79619E-03    -63.3885E-06     206.423E-06    -7.79320E-03
            4500     9.37868E-03    -55.4036E-06     248.327E-06    -9.37523E-03
            4501     10.7303E-03    -46.0544E-06     284.116E-06    -10.7264E-03
            4502     11.8177E-03    -35.5713E-06     312.910E-06    -11.8135E-03
            4503     12.6141E-03    -24.2122E-06     333.999E-06    -12.6097E-03
            4504     13.0999E-03    -12.2570E-06     346.864E-06    -13.0953E-03
            4505     13.2632E-03    -775.564E-21     351.187E-06    -13.2586E-03
            4506     13.0999E-03     12.2570E-06     346.864E-06    -13.0953E-03
            4507     12.6141E-03     24.2122E-06     333.999E-06    -12.6097E-03
            4508     11.8177E-03     35.5713E-06     312.910E-06    -11.8135E-03
            4509     10.7303E-03     46.0544E-06     284.116E-06    -10.7264E-03
            4510     9.37868E-03     55.4036E-06     248.327E-06    -9.37523E-03
            4511     7.79619E-03     63.3885E-06     206.423E-06    -7.79320E-03
            4512     6.02178E-03     69.8126E-06     159.436E-06    -6.01927E-03
            4513     4.09924E-03     74.5176E-06     108.523E-06    -4.09713E-03
            4514     2.07627E-03     77.3878E-06     54.9378E-06    -2.07410E-03
            4515     78.3525E-06     78.3525E-06    -537.962E-36    -23.6944E-33
            4516     94.2582E-06    -94.2582E-06    -612.714E-36    -28.3106E-33
            4517     2.49734E-03    -93.0977E-06     48.0174E-06    -2.49514E-03
            4518     4.93058E-03    -89.6448E-06     94.8524E-06    -4.92885E-03
            4519     7.24302E-03    -83.9846E-06     139.352E-06    -7.24119E-03
            4520     9.37728E-03    -76.2565E-06     180.420E-06    -9.37523E-03
            4521     11.2807E-03    -66.6506E-06     217.046E-06    -11.2784E-03
            4522     12.9064E-03    -55.4036E-06     248.327E-06    -12.9039E-03
            4523     14.2143E-03    -42.7923E-06     273.493E-06    -14.2116E-03
            4524     15.1723E-03    -29.1274E-06     291.926E-06    -15.1694E-03
            4525     15.7566E-03    -14.7452E-06     303.170E-06    -15.7537E-03
            4526     15.9530E-03    -151.495E-21     306.949E-06    -15.9501E-03
            4527     15.7566E-03     14.7452E-06     303.170E-06    -15.7537E-03
            4528     15.1723E-03     29.1274E-06     291.926E-06    -15.1694E-03
            4529     14.2143E-03     42.7923E-06     273.493E-06    -14.2116E-03
            4530     12.9064E-03     55.4036E-06     248.327E-06    -12.9039E-03
            4531     11.2807E-03     66.6506E-06     217.046E-06    -11.2784E-03
            4532     9.37728E-03     76.2565E-06     180.420E-06    -9.37523E-03
            4533     7.24302E-03     83.9846E-06     139.352E-06    -7.24119E-03
            4534     4.93058E-03     89.6448E-06     94.8524E-06    -4.92885E-03
            4535     2.49734E-03     93.0977E-06     48.0174E-06    -2.49514E-03
            4536     94.2582E-06     94.2582E-06    -612.714E-36    -28.3106E-33
            4537     107.843E-06    -107.843E-06    -672.378E-36    -32.2298E-33
            4538     2.85702E-03    -106.515E-06     39.9146E-06    -2.85475E-03
            4539     5.64069E-03    -102.565E-06     78.8465E-06    -5.63921E-03
            4540     8.28618E-03    -96.0887E-06     115.837E-06    -8.28481E-03
            4541     10.7278E-03    -87.2468E-06     149.975E-06    -10.7264E-03
            4542     12.9054E-03    -76.2565E-06     180.420E-06    -12.9039E-03
            4543     14.7652E-03    -63.3885E-06     206.423E-06    -14.7636E-03
            4544     16.2615E-03    -48.9597E-06     227.343E-06    -16.2599E-03
            4545     17.3574E-03    -33.3253E-06     242.664E-06    -17.3557E-03
            4546     18.0260E-03    -16.8704E-06     252.011E-06    -18.0242E-03
            4547     18.2507E-03    -451.306E-21     255.152E-06    -18.2489E-03
            4548     18.0260E-03     16.8704E-06     252.011E-06    -18.0242E-03
            4549     17.3574E-03     33.3253E-06     242.664E-06    -17.3557E-03
            4550     16.2615E-03     48.9597E-06     227.343E-06    -16.2599E-03
            4551     14.7652E-03     63.3885E-06     206.423E-06    -14.7636E-03
            4552     12.9054E-03     76.2565E-06     180.420E-06    -12.9039E-03
            4553     10.7278E-03     87.2468E-06     149.975E-06    -10.7264E-03
            4554     8.28618E-03     96.0887E-06     115.837E-06    -8.28481E-03
            4555     5.64069E-03     102.565E-06     78.8465E-06    -5.63921E-03
            4556     2.85702E-03     106.515E-06     39.9146E-06    -2.85475E-03
            4557     107.843E-06     107.843E-06    -672.378E-36    -32.2298E-33
            4558     118.772E-06    -118.772E-06    -715.486E-36    -35.3553E-33
            4559     3.14640E-03    -117.310E-06     30.8291E-06    -3.14407E-03
            4560     6.21204E-03    -112.959E-06     60.8990E-06    -6.21071E-03
            4561     9.12549E-03    -105.827E-06     89.4694E-06    -9.12443E-03
            4562     11.8144E-03    -96.0887E-06     115.837E-06    -11.8135E-03
            4563     14.2126E-03    -83.9846E-06     139.352E-06    -14.2116E-03
            4564     16.2608E-03    -69.8126E-06     159.436E-06    -16.2599E-03
            4565     17.9086E-03    -53.9215E-06     175.594E-06    -17.9077E-03
            4566     19.1156E-03    -36.7026E-06     187.428E-06    -19.1146E-03
            4567     19.8518E-03    -18.5801E-06     194.647E-06    -19.8508E-03
            4568     20.0993E-03    -205.728E-21     197.073E-06    -20.0983E-03
            4569     19.8518E-03     18.5801E-06     194.647E-06    -19.8508E-03
            4570     19.1156E-03     36.7026E-06     187.428E-06    -19.1146E-03
            4571     17.9086E-03     53.9215E-06     175.594E-06    -17.9077E-03
            4572     16.2608E-03     69.8126E-06     159.436E-06    -16.2599E-03
            4573     14.2126E-03     83.9846E-06     139.352E-06    -14.2116E-03
            4574     11.8144E-03     96.0887E-06     115.837E-06    -11.8135E-03
            4575     9.12549E-03     105.827E-06     89.4694E-06    -9.12443E-03
            4576     6.21204E-03     112.959E-06     60.8990E-06    -6.21071E-03
            4577     3.14640E-03     117.310E-06     30.8291E-06    -3.14407E-03
            4578     118.772E-06     118.772E-06    -715.486E-36    -35.3553E-33
            4579     126.777E-06    -126.777E-06    -740.976E-36    -37.6103E-33
            4580     3.35836E-03    -125.216E-06     20.9844E-06    -3.35596E-03
            4581     6.63052E-03    -120.572E-06     41.4520E-06    -6.62929E-03
            4582     9.74023E-03    -112.959E-06     60.8990E-06    -9.73938E-03
            4583     12.6103E-03    -102.565E-06     78.8465E-06    -12.6097E-03
            4584     15.1700E-03    -89.6448E-06     94.8524E-06    -15.1694E-03
            4585     17.3562E-03    -74.5176E-06     108.523E-06    -17.3557E-03
            4586     19.1151E-03    -57.5555E-06     119.521E-06    -19.1146E-03
            4587     20.4033E-03    -39.1762E-06     127.576E-06    -20.4029E-03
            4588     21.1891E-03    -19.8323E-06     132.490E-06    -21.1887E-03
            4589     21.4533E-03     253.910E-21     134.142E-06    -21.4528E-03
            4590     21.1891E-03     19.8323E-06     132.490E-06    -21.1887E-03
            4591     20.4033E-03     39.1762E-06     127.576E-06    -20.4029E-03
            4592     19.1151E-03     57.5555E-06     119.521E-06    -19.1146E-03
            4593     17.3562E-03     74.5176E-06     108.523E-06    -17.3557E-03
            4594     15.1700E-03     89.6448E-06     94.8524E-06    -15.1694E-03
            4595     12.6103E-03     102.565E-06     78.8465E-06    -12.6097E-03
            4596     9.74023E-03     112.959E-06     60.8990E-06    -9.73938E-03
            4597     6.63052E-03     120.572E-06     41.4520E-06    -6.62929E-03
            4598     3.35836E-03     125.216E-06     20.9844E-06    -3.35596E-03
            4599     126.777E-06     126.777E-06    -740.976E-36    -37.6103E-33
            4600     131.660E-06    -131.660E-06    -748.221E-36    -38.9391E-33
            4601     3.48766E-03    -130.039E-06     10.6230E-06    -3.48522E-03
            4602     6.88580E-03    -125.216E-06     20.9844E-06    -6.88463E-03
            4603     10.1152E-03    -117.310E-06     30.8291E-06    -10.1145E-03
            4604     13.0958E-03    -106.515E-06     39.9146E-06    -13.0953E-03
            4605     15.7541E-03    -93.0977E-06     48.0174E-06    -15.7537E-03
            4606     18.0244E-03    -77.3878E-06     54.9378E-06    -18.0242E-03
            4607     19.8510E-03    -59.7724E-06     60.5054E-06    -19.8508E-03
            4608     21.1888E-03    -40.6852E-06     64.5832E-06    -21.1887E-03
            4609     22.0049E-03    -20.5962E-06     67.0708E-06    -22.0048E-03
            4610     22.2792E-03     1.15411E-18     67.9068E-06    -22.2791E-03
            4611     22.0049E-03     20.5962E-06     67.0708E-06    -22.0048E-03
            4612     21.1888E-03     40.6852E-06     64.5832E-06    -21.1887E-03
            4613     19.8510E-03     59.7724E-06     60.5054E-06    -19.8508E-03
            4614     18.0244E-03     77.3878E-06     54.9378E-06    -18.0242E-03
            4615     15.7541E-03     93.0977E-06     48.0174E-06    -15.7537E-03
            4616     13.0958E-03     106.515E-06     39.9146E-06    -13.0953E-03
            4617     10.1152E-03     117.310E-06     30.8291E-06    -10.1145E-03
            4618     6.88580E-03     125.216E-06     20.9844E-06    -6.88463E-03
            4619     3.48766E-03     130.039E-06     10.6230E-06    -3.48522E-03
            4620     131.660E-06     131.660E-06    -748.221E-36    -38.9391E-33
            4621     133.301E-06    -133.301E-06    -737.042E-36    -39.3092E-33
            4622     3.53112E-03    -131.660E-06     423.029E-21    -3.52867E-03
            4623     6.97160E-03    -126.777E-06     582.585E-21    -6.97045E-03
            4624     10.2413E-03    -118.772E-06     577.158E-21    -10.2406E-03
            4625     13.2590E-03    -107.843E-06     592.141E-21    -13.2586E-03
            4626     15.9504E-03    -94.2582E-06     278.443E-21    -15.9501E-03
            4627     18.2490E-03    -78.3525E-06     737.385E-21    -18.2489E-03
            4628     20.0984E-03    -60.5175E-06     475.756E-21    -20.0983E-03
            4629     21.4529E-03    -41.1923E-06     686.989E-21    -21.4528E-03
            4630     22.2791E-03    -20.8529E-06     559.036E-21    -22.2791E-03
            4631     22.5568E-03     888.741E-21     189.162E-21    -22.5568E-03
            4632     22.2791E-03     20.8529E-06    -180.974E-21    -22.2791E-03
            4633     21.4529E-03     41.1923E-06     451.995E-21    -21.4528E-03
            4634     20.0984E-03     60.5175E-06     99.8068E-21    -20.0983E-03
            4635     18.2490E-03     78.3525E-06     93.6051E-21    -18.2489E-03
            4636     15.9504E-03     94.2582E-06     51.0552E-21    -15.9501E-03
            4637     13.2590E-03     107.843E-06    -215.391E-21    -13.2586E-03
            4638     10.2413E-03     118.772E-06     301.821E-21    -10.2406E-03
            4639     6.97160E-03     126.777E-06    -314.044E-21    -6.97045E-03
            4640     3.53112E-03     131.660E-06     11.3172E-21    -3.52867E-03
            4641     133.301E-06     133.301E-06    -737.042E-36    -39.3092E-33
            4642     131.660E-06    -131.660E-06    -707.715E-36    -38.7113E-33
            4643     3.48766E-03    -130.039E-06    -10.6230E-06    -3.48522E-03
            4644     6.88580E-03    -125.216E-06    -20.9844E-06    -6.88463E-03
            4645     10.1152E-03    -117.310E-06    -30.8291E-06    -10.1145E-03
            4646     13.0958E-03    -106.515E-06    -39.9146E-06    -13.0953E-03
            4647     15.7541E-03    -93.0977E-06    -48.0174E-06    -15.7537E-03
            4648     18.0244E-03    -77.3878E-06    -54.9378E-06    -18.0242E-03
            4649     19.8510E-03    -59.7724E-06    -60.5054E-06    -19.8508E-03
            4650     21.1888E-03    -40.6852E-06    -64.5832E-06    -21.1887E-03
            4651     22.0049E-03    -20.5962E-06    -67.0708E-06    -22.0048E-03
            4652     22.2792E-03    -1.40429E-18    -67.9068E-06    -22.2791E-03
            4653     22.0049E-03     20.5962E-06    -67.0708E-06    -22.0048E-03
            4654     21.1888E-03     40.6852E-06    -64.5832E-06    -21.1887E-03
            4655     19.8510E-03     59.7724E-06    -60.5054E-06    -19.8508E-03
            4656     18.0244E-03     77.3878E-06    -54.9378E-06    -18.0242E-03
            4657     15.7541E-03     93.0977E-06    -48.0174E-06    -15.7537E-03
            4658     13.0958E-03     106.515E-06    -39.9146E-06    -13.0953E-03
            4659     10.1152E-03     117.310E-06    -30.8291E-06    -10.1145E-03
            4660     6.88580E-03     125.216E-06    -20.9844E-06    -6.88463E-03
            4661     3.48766E-03     130.039E-06    -10.6230E-06    -3.48522E-03
            4662     131.660E-06     131.660E-06    -707.715E-36    -38.7113E-33
            4663     126.777E-06    -126.777E-06    -660.962E-36    -37.1603E-33
            4664     3.35836E-03    -125.216E-06    -20.9844E-06    -3.35596E-03
            4665     6.63052E-03    -120.572E-06    -41.4520E-06    -6.62929E-03
            4666     9.74023E-03    -112.959E-06    -60.8990E-06    -9.73938E-03
            4667     12.6103E-03    -102.565E-06    -78.8465E-06    -12.6097E-03
            4668     15.1700E-03    -89.6448E-06    -94.8524E-06    -15.1694E-03
            4669     17.3562E-03    -74.5176E-06    -108.523E-06    -17.3557E-03
            4670     19.1151E-03    -57.5555E-06    -119.521E-06    -19.1146E-03
            4671     20.4033E-03    -39.1762E-06    -127.576E-06    -20.4029E-03
            4672     21.1891E-03    -19.8323E-06    -132.490E-06    -21.1887E-03
            4673     21.4533E-03     316.467E-21    -134.142E-06    -21.4528E-03
            4674     21.1891E-03     19.8323E-06    -132.490E-06    -21.1887E-03
            4675     20.4033E-03     39.1762E-06    -127.576E-06    -20.4029E-03
            4676     19.1151E-03     57.5555E-06    -119.521E-06    -19.1146E-03
            4677     17.3562E-03     74.5176E-06    -108.523E-06    -17.3557E-03
            4678     15.1700E-03     89.6448E-06    -94.8524E-06    -15.1694E-03
            4679     12.6103E-03     102.565E-06    -78.8465E-06    -12.6097E-03
            4680     9.74023E-03     112.959E-06    -60.8990E-06    -9.73938E-03
            4681     6.63052E-03     120.572E-06    -41.4520E-06    -6.62929E-03
            4682     3.35836E-03     125.216E-06    -20.9844E-06    -3.35596E-03
            4683     126.777E-06     126.777E-06    -660.962E-36    -37.1603E-33
            4684     118.772E-06    -118.772E-06    -597.933E-36    -34.6942E-33
            4685     3.14640E-03    -117.310E-06    -30.8291E-06    -3.14407E-03
            4686     6.21204E-03    -112.959E-06    -60.8990E-06    -6.21071E-03
            4687     9.12549E-03    -105.827E-06    -89.4694E-06    -9.12443E-03
            4688     11.8144E-03    -96.0887E-06    -115.837E-06    -11.8135E-03
            4689     14.2126E-03    -83.9846E-06    -139.352E-06    -14.2116E-03
            4690     16.2608E-03    -69.8126E-06    -159.436E-06    -16.2599E-03
            4691     17.9086E-03    -53.9215E-06    -175.594E-06    -17.9077E-03
            4692     19.1156E-03    -36.7026E-06    -187.428E-06    -19.1146E-03
            4693     19.8518E-03    -18.5801E-06    -194.647E-06    -19.8508E-03
            4694     20.0993E-03    -1.15036E-18    -197.073E-06    -20.0983E-03
            4695     19.8518E-03     18.5801E-06    -194.647E-06    -19.8508E-03
            4696     19.1156E-03     36.7026E-06    -187.428E-06    -19.1146E-03
            4697     17.9086E-03     53.9215E-06    -175.594E-06    -17.9077E-03
            4698     16.2608E-03     69.8126E-06    -159.436E-06    -16.2599E-03
            4699     14.2126E-03     83.9846E-06    -139.352E-06    -14.2116E-03
            4700     11.8144E-03     96.0887E-06    -115.837E-06    -11.8135E-03
            4701     9.12549E-03     105.827E-06    -89.4694E-06    -9.12443E-03
            4702     6.21204E-03     112.959E-06    -60.8990E-06    -6.21071E-03
            4703     3.14640E-03     117.310E-06    -30.8291E-06    -3.14407E-03
            4704     118.772E-06     118.772E-06    -597.933E-36    -34.6942E-33
            4705     107.843E-06    -107.843E-06    -520.182E-36    -31.3738E-33
            4706     2.85702E-03    -106.515E-06    -39.9146E-06    -2.85475E-03
            4707     5.64069E-03    -102.565E-06    -78.8465E-06    -5.63921E-03
            4708     8.28618E-03    -96.0887E-06    -115.837E-06    -8.28481E-03
            4709     10.7278E-03    -87.2468E-06    -149.975E-06    -10.7264E-03
            4710     12.9054E-03    -76.2565E-06    -180.420E-06    -12.9039E-03
            4711     14.7652E-03    -63.3885E-06    -206.423E-06    -14.7636E-03
            4712     16.2615E-03    -48.9597E-06    -227.343E-06    -16.2599E-03
            4713     17.3574E-03    -33.3253E-06    -242.664E-06    -17.3557E-03
            4714     18.0260E-03    -16.8704E-06    -252.011E-06    -18.0242E-03
            4715     18.2507E-03    -2.18646E-18    -255.152E-06    -18.2489E-03
            4716     18.0260E-03     16.8704E-06    -252.011E-06    -18.0242E-03
            4717     17.3574E-03     33.3253E-06    -242.664E-06    -17.3557E-03
            4718     16.2615E-03     48.9597E-06    -227.343E-06    -16.2599E-03
            4719     14.7652E-03     63.3885E-06    -206.423E-06    -14.7636E-03
            4720     12.9054E-03     76.2565E-06    -180.420E-06    -12.9039E-03
            4721     10.7278E-03     87.2468E-06    -149.975E-06    -10.7264E-03
            4722     8.28618E-03     96.0887E-06    -115.837E-06    -8.28481E-03
            4723     5.64069E-03     102.565E-06    -78.8465E-06    -5.63921E-03
            4724     2.85702E-03     106.515E-06    -39.9146E-06    -2.85475E-03
            4725     107.843E-06     107.843E-06    -520.182E-36    -31.3738E-33
            4726     94.2582E-06    -94.2582E-06    -429.622E-36    -27.2810E-33
            4727     2.49734E-03    -93.0977E-06    -48.0174E-06    -2.49514E-03
            4728     4.93058E-03    -89.6448E-06    -94.8524E-06    -4.92885E-03
            4729     7.24302E-03    -83.9846E-06    -139.352E-06    -7.24119E-03
            4730     9.37728E-03    -76.2565E-06    -180.420E-06    -9.37523E-03
            4731     11.2807E-03    -66.6506E-06    -217.046E-06    -11.2784E-03
            4732     12.9064E-03    -55.4036E-06    -248.327E-06    -12.9039E-03
            4733     14.2143E-03    -42.7923E-06    -273.493E-06    -14.2116E-03
            4734     15.1723E-03    -29.1274E-06    -291.926E-06    -15.1694E-03
            4735     15.7566E-03    -14.7452E-06    -303.170E-06    -15.7537E-03
            4736     15.9530E-03    -1.15312E-18    -306.949E-06    -15.9501E-03
            4737     15.7566E-03     14.7452E-06    -303.170E-06    -15.7537E-03
            4738     15.1723E-03     29.1274E-06    -291.926E-06    -15.1694E-03
            4739     14.2143E-03     42.7923E-06    -273.493E-06    -14.2116E-03
            4740     12.9064E-03     55.4036E-06    -248.327E-06    -12.9039E-03
            4741     11.2807E-03     66.6506E-06    -217.046E-06    -11.2784E-03
            4742     9.37728E-03     76.2565E-06    -180.420E-06    -9.37523E-03
            4743     7.24302E-03     83.9846E-06    -139.352E-06    -7.24119E-03
            4744     4.93058E-03     89.6448E-06    -94.8524E-06    -4.92885E-03
            4745     2.49734E-03     93.0977E-06    -48.0174E-06    -2.49514E-03
            4746     94.2582E-06     94.2582E-06    -429.622E-36    -27.2810E-33
            4747     78.3525E-06    -78.3525E-06    -328.483E-36    -22.5163E-33
            4748     2.07627E-03    -77.3878E-06    -54.9378E-06    -2.07410E-03
            4749     4.09924E-03    -74.5176E-06    -108.523E-06    -4.09713E-03
            4750     6.02178E-03    -69.8126E-06    -159.436E-06    -6.01927E-03
            4751     7.79619E-03    -63.3885E-06    -206.423E-06    -7.79320E-03
            4752     9.37868E-03    -55.4036E-06    -248.327E-06    -9.37523E-03
            4753     10.7303E-03    -46.0544E-06    -284.116E-06    -10.7264E-03
            4754     11.8177E-03    -35.5713E-06    -312.910E-06    -11.8135E-03
            4755     12.6141E-03    -24.2122E-06    -333.999E-06    -12.6097E-03
            4756     13.0999E-03    -12.2570E-06    -346.864E-06    -13.0953E-03
            4757     13.2632E-03    -1.02861E-18    -351.187E-06    -13.2586E-03
            4758     13.0999E-03     12.2570E-06    -346.864E-06    -13.0953E-03
            4759     12.6141E-03     24.2122E-06    -333.999E-06    -12.6097E-03
            4760     11.8177E-03     35.5713E-06    -312.910E-06    -11.8135E-03
            4761     10.7303E-03     46.0544E-06    -284.116E-06    -10.7264E-03
            4762     9.37868E-03     55.4036E-06    -248.327E-06    -9.37523E-03
            4763     7.79619E-03     63.3885E-06    -206.423E-06    -7.79320E-03
            4764     6.02178E-03     69.8126E-06    -159.436E-06    -6.01927E-03
            4765     4.09924E-03     74.5176E-06    -108.523E-06    -4.09713E-03
            4766     2.07627E-03     77.3878E-06    -54.9378E-06    -2.07410E-03
            4767     78.3525E-06     78.3525E-06    -328.483E-36    -22.5163E-33
            4768     60.5175E-06    -60.5175E-06    -219.256E-36    -17.1973E-33
            4769     1.60424E-03    -59.7724E-06    -60.5054E-06    -1.60198E-03
            4770     3.16730E-03    -57.5555E-06    -119.521E-06    -3.16452E-03
            4771     4.65276E-03    -53.9215E-06    -175.594E-06    -4.64913E-03
            4772     6.02376E-03    -48.9597E-06    -227.343E-06    -6.01927E-03
            4773     7.24648E-03    -42.7923E-06    -273.493E-06    -7.24119E-03
            4774     8.29080E-03    -35.5713E-06    -312.910E-06    -8.28481E-03
            4775     9.13098E-03    -27.4744E-06    -344.622E-06    -9.12443E-03
            4776     9.74634E-03    -18.7009E-06    -367.848E-06    -9.73938E-03
            4777     10.1217E-03    -9.46702E-06    -382.016E-06    -10.1145E-03
            4778     10.2479E-03    -371.806E-21    -386.778E-06    -10.2406E-03
            4779     10.1217E-03     9.46702E-06    -382.016E-06    -10.1145E-03
            4780     9.74634E-03     18.7009E-06    -367.848E-06    -9.73938E-03
            4781     9.13098E-03     27.4744E-06    -344.622E-06    -9.12443E-03
            4782     8.29080E-03     35.5713E-06    -312.910E-06    -8.28481E-03
            4783     7.24648E-03     42.7923E-06    -273.493E-06    -7.24119E-03
            4784     6.02376E-03     48.9597E-06    -227.343E-06    -6.01927E-03
            4785     4.65276E-03     53.9215E-06    -175.594E-06    -4.64913E-03
            4786     3.16730E-03     57.5555E-06    -119.521E-06    -3.16452E-03
            4787     1.60424E-03     59.7724E-06    -60.5054E-06    -1.60198E-03
            4788     60.5175E-06     60.5175E-06    -219.256E-36    -17.1973E-33
            4789     41.1923E-06    -41.1923E-06    -104.630E-36    -11.4548E-33
            4790     1.09309E-03    -40.6852E-06    -64.5832E-06    -1.09042E-03
            4791     2.15812E-03    -39.1762E-06    -127.576E-06    -2.15399E-03
            4792     3.17027E-03    -36.7026E-06    -187.428E-06    -3.16452E-03
            4793     4.10444E-03    -33.3253E-06    -242.664E-06    -4.09713E-03
            4794     4.93757E-03    -29.1274E-06    -291.926E-06    -4.92885E-03
            4795     5.64914E-03    -24.2122E-06    -333.999E-06    -5.63921E-03
            4796     6.22163E-03    -18.7009E-06    -367.848E-06    -6.21071E-03
            4797     6.64092E-03    -12.7291E-06    -392.639E-06    -6.62929E-03
            4798     6.89670E-03    -6.44390E-06    -407.763E-06    -6.88463E-03
            4799     6.98266E-03    -254.640E-21    -412.845E-06    -6.97045E-03
            4800     6.89670E-03     6.44390E-06    -407.763E-06    -6.88463E-03
            4801     6.64092E-03     12.7291E-06    -392.639E-06    -6.62929E-03
            4802     6.22163E-03     18.7009E-06    -367.848E-06    -6.21071E-03
            4803     5.64914E-03     24.2122E-06    -333.999E-06    -5.63921E-03
            4804     4.93757E-03     29.1274E-06    -291.926E-06    -4.92885E-03
            4805     4.10444E-03     33.3253E-06    -242.664E-06    -4.09713E-03
            4806     3.17027E-03     36.7026E-06    -187.428E-06    -3.16452E-03
            4807     2.15812E-03     39.1762E-06    -127.576E-06    -2.15399E-03
            4808     1.09309E-03     40.6852E-06    -64.5832E-06    -1.09042E-03
            4809     41.1923E-06     41.1923E-06    -104.630E-36    -11.4548E-33
            4810     20.8529E-06    -20.8529E-06     12.5727E-36    -5.43020E-33
            4811     556.446E-06    -20.5962E-06    -67.0708E-06    -552.005E-06
            4812     1.09862E-03    -19.8323E-06    -132.490E-06    -1.09042E-03
            4813     1.61387E-03    -18.5801E-06    -194.647E-06    -1.60198E-03
            4814     2.08942E-03    -16.8704E-06    -252.011E-06    -2.07410E-03
            4815     2.51354E-03    -14.7452E-06    -303.170E-06    -2.49514E-03
            4816     2.87577E-03    -12.2570E-06    -346.864E-06    -2.85475E-03
            4817     3.16720E-03    -9.46702E-06    -382.016E-06    -3.14407E-03
            4818     3.38065E-03    -6.44390E-06    -407.763E-06    -3.35596E-03
            4819     3.51086E-03    -3.26211E-06    -423.468E-06    -3.48522E-03
            4820     3.55462E-03    -166.113E-21    -428.747E-06    -3.52867E-03
            4821     3.51086E-03     3.26211E-06    -423.468E-06    -3.48522E-03
            4822     3.38065E-03     6.44390E-06    -407.763E-06    -3.35596E-03
            4823     3.16720E-03     9.46702E-06    -382.016E-06    -3.14407E-03
            4824     2.87577E-03     12.2570E-06    -346.864E-06    -2.85475E-03
            4825     2.51354E-03     14.7452E-06    -303.170E-06    -2.49514E-03
            4826     2.08942E-03     16.8704E-06    -252.011E-06    -2.07410E-03
            4827     1.61387E-03     18.5801E-06    -194.647E-06    -1.60198E-03
            4828     1.09862E-03     19.8323E-06    -132.490E-06    -1.09042E-03
            4829     556.446E-06     20.5962E-06    -67.0708E-06    -552.005E-06
            4830     20.8529E-06     20.8529E-06     12.5727E-36    -5.43020E-33
            4831              0.    -2.00705E-33     824.480E-36    -1.21433E-33
            4832     67.9068E-06    -1.41485E-33    -67.9068E-06    -4.51562E-33
            4833     134.142E-06    -1.42534E-33    -134.142E-06    -8.19197E-33
            4834     197.073E-06    -1.40073E-33    -197.073E-06    -11.6666E-33
            4835     255.152E-06    -1.34163E-33    -255.152E-06    -14.8540E-33
            4836     306.949E-06    -1.24950E-33    -306.949E-06    -17.6756E-33
            4837     351.187E-06    -1.12660E-33    -351.187E-06    -20.0620E-33
            4838     386.778E-06    -975.962E-36    -386.778E-06    -21.9543E-33
            4839     412.845E-06    -801.290E-36    -412.845E-06    -23.3061E-33
            4840     428.747E-06    -606.888E-36    -428.747E-06    -24.0841E-33
            4841     434.091E-06    -397.542E-36    -434.091E-06    -24.2690E-33
            4842     428.747E-06    -178.407E-36    -428.747E-06    -23.8563E-33
            4843     412.845E-06     45.1202E-36    -412.845E-06    -22.8562E-33
            4844     386.778E-06     267.537E-36    -386.778E-06    -21.2933E-33
            4845     351.187E-06     483.366E-36    -351.187E-06    -19.2060E-33
            4846     306.949E-06     687.293E-36    -306.949E-06    -16.6459E-33
            4847     255.152E-06     874.296E-36    -255.152E-06    -13.6759E-33
            4848     197.073E-06     1.03977E-33    -197.073E-06    -10.3692E-33
            4849     134.142E-06     1.17964E-33    -134.142E-06    -6.80707E-33
            4850     67.9068E-06     1.29047E-33    -67.9068E-06    -3.07739E-33
            4851              0.     2.00705E-33     824.480E-36    -1.21433E-33
            4852              0.    -1.62552E-33    -42.3124E-36    -1.16767E-33
            4853     159.918E-06    -127.104E-36     159.918E-06    -3.74974E-33
            4854     315.899E-06    -208.459E-36     315.899E-06    -6.80127E-33
            4855     464.101E-06    -284.681E-36     464.101E-06    -9.68534E-33
            4856     600.875E-06    -353.893E-36     600.875E-06    -12.3309E-33
            4857     722.854E-06    -414.391E-36     722.854E-06    -14.6729E-33
            4858     827.033E-06    -464.685E-36     827.033E-06    -16.6535E-33
            4859     910.849E-06    -503.538E-36     910.849E-06    -18.2241E-33
            4860     972.236E-06    -529.991E-36     972.236E-06    -19.3460E-33
            4861     1.00968E-03    -543.395E-36     1.00968E-03    -19.9915E-33
            4862     1.02227E-03    -543.418E-36     1.02227E-03    -20.1447E-33
            4863     1.00968E-03    -530.061E-36     1.00968E-03    -19.8019E-33
            4864     972.236E-06    -503.651E-36     972.236E-06    -18.9715E-33
            4865     910.849E-06    -464.841E-36     910.849E-06    -17.6740E-33
            4866     827.033E-06    -414.584E-36     827.033E-06    -15.9413E-33
            4867     722.854E-06    -354.118E-36     722.854E-06    -13.8160E-33
            4868     600.875E-06    -284.934E-36     600.875E-06    -11.3506E-33
            4869     464.101E-06    -208.733E-36     464.101E-06    -8.60567E-33
            4870     315.899E-06    -127.392E-36     315.899E-06    -5.64884E-33
            4871     159.918E-06    -42.9150E-36     159.918E-06    -2.55291E-33
            4872              0.     1.62552E-33    -42.3124E-36    -1.16767E-33
            4873     45.3027E-06    -45.3027E-06     1.17481E-33    -6.95713E-33
            4874     577.889E-06    -44.7450E-06     157.949E-06    -554.081E-06
            4875     1.13894E-03    -43.0855E-06     312.009E-06    -1.09452E-03
            4876     1.67255E-03    -40.3650E-06     458.387E-06    -1.60801E-03
            4877     2.16515E-03    -36.6507E-06     593.477E-06    -2.08190E-03
            4878     2.60450E-03    -32.0339E-06     713.954E-06    -2.50453E-03
            4879     2.97976E-03    -26.6283E-06     816.851E-06    -2.86549E-03
            4880     3.28168E-03    -20.5670E-06     899.635E-06    -3.15589E-03
            4881     3.50281E-03    -13.9993E-06     960.266E-06    -3.36858E-03
            4882     3.63770E-03    -7.08691E-06     997.253E-06    -3.49833E-03
            4883     3.68304E-03    -124.362E-21     1.00968E-03    -3.54194E-03
            4884     3.63770E-03     7.08691E-06     997.253E-06    -3.49833E-03
            4885     3.50281E-03     13.9993E-06     960.266E-06    -3.36858E-03
            4886     3.28168E-03     20.5670E-06     899.635E-06    -3.15589E-03
            4887     2.97976E-03     26.6283E-06     816.851E-06    -2.86549E-03
            4888     2.60450E-03     32.0339E-06     713.954E-06    -2.50453E-03
            4889     2.16515E-03     36.6507E-06     593.477E-06    -2.08190E-03
            4890     1.67255E-03     40.3650E-06     458.387E-06    -1.60801E-03
            4891     1.13894E-03     43.0855E-06     312.009E-06    -1.09452E-03
            4892     577.889E-06     44.7450E-06     157.949E-06    -554.081E-06
            4893     45.3027E-06     45.3027E-06     1.17481E-33    -6.95713E-33
            4894     89.4900E-06    -89.4900E-06     722.864E-36    -13.1371E-33
            4895     1.10856E-03    -88.3882E-06     152.091E-06    -1.09452E-03
            4896     2.18452E-03    -85.1100E-06     300.437E-06    -2.16209E-03
            4897     3.20793E-03    -79.7362E-06     441.386E-06    -3.17642E-03
            4898     4.15268E-03    -72.3989E-06     571.466E-06    -4.11253E-03
            4899     4.99532E-03    -63.2790E-06     687.475E-06    -4.94739E-03
            4900     5.71505E-03    -52.6009E-06     786.556E-06    -5.66042E-03
            4901     6.29410E-03    -40.6276E-06     866.269E-06    -6.23407E-03
            4902     6.71821E-03    -27.6539E-06     924.652E-06    -6.65422E-03
            4903     6.97693E-03    -13.9993E-06     960.266E-06    -6.91052E-03
            4904     7.06389E-03    -338.001E-21     972.236E-06    -6.99666E-03
            4905     6.97693E-03     13.9993E-06     960.266E-06    -6.91052E-03
            4906     6.71821E-03     27.6539E-06     924.652E-06    -6.65422E-03
            4907     6.29410E-03     40.6276E-06     866.269E-06    -6.23407E-03
            4908     5.71505E-03     52.6009E-06     786.556E-06    -5.66042E-03
            4909     4.99532E-03     63.2790E-06     687.475E-06    -4.94739E-03
            4910     4.15268E-03     72.3989E-06     571.466E-06    -4.11253E-03
            4911     3.20793E-03     79.7362E-06     441.386E-06    -3.17642E-03
            4912     2.18452E-03     85.1100E-06     300.437E-06    -2.16209E-03
            4913     1.10856E-03     88.3882E-06     152.091E-06    -1.09452E-03
            4914     89.4900E-06     89.4900E-06     722.864E-36    -13.1371E-33
            4915     131.474E-06    -131.474E-06     253.119E-36    -18.9936E-33
            4916     1.61952E-03    -129.855E-06     142.488E-06    -1.60801E-03
            4917     3.19131E-03    -125.039E-06     281.468E-06    -3.17642E-03
            4918     4.68636E-03    -117.144E-06     413.517E-06    -4.66661E-03
            4919     6.06651E-03    -106.364E-06     535.384E-06    -6.04190E-03
            4920     7.29749E-03    -92.9659E-06     644.067E-06    -7.26842E-03
            4921     8.34891E-03    -77.2783E-06     736.892E-06    -8.31597E-03
            4922     9.19483E-03    -59.6878E-06     811.572E-06    -9.15875E-03
            4923     9.81440E-03    -40.6276E-06     866.269E-06    -9.77601E-03
            4924     10.1924E-03    -20.5670E-06     899.635E-06    -10.1525E-03
            4925     10.3194E-03    -80.9844E-21     910.849E-06    -10.2791E-03
            4926     10.1924E-03     20.5670E-06     899.635E-06    -10.1525E-03
            4927     9.81440E-03     40.6276E-06     866.269E-06    -9.77601E-03
            4928     9.19483E-03     59.6878E-06     811.572E-06    -9.15875E-03
            4929     8.34891E-03     77.2783E-06     736.892E-06    -8.31597E-03
            4930     7.29749E-03     92.9659E-06     644.067E-06    -7.26842E-03
            4931     6.06651E-03     106.364E-06     535.384E-06    -6.04190E-03
            4932     4.68636E-03     117.144E-06     413.517E-06    -4.66661E-03
            4933     3.19131E-03     125.039E-06     281.468E-06    -3.17642E-03
            4934     1.61952E-03     129.855E-06     142.488E-06    -1.60801E-03
            4935     131.474E-06     131.474E-06     253.119E-36    -18.9936E-33
            4936     170.220E-06    -170.220E-06    -222.857E-36    -24.3824E-33
            4937     2.09268E-03    -168.124E-06     129.377E-06    -2.08190E-03
            4938     4.12365E-03    -161.889E-06     255.567E-06    -4.11253E-03
            4939     6.05546E-03    -151.667E-06     375.465E-06    -6.04190E-03
            4940     7.83880E-03    -137.711E-06     486.118E-06    -7.82250E-03
            4941     9.42941E-03    -120.364E-06     584.801E-06    -9.41049E-03
            4942     10.7880E-03    -100.053E-06     669.084E-06    -10.7668E-03
            4943     11.8810E-03    -77.2783E-06     736.892E-06    -11.8579E-03
            4944     12.6816E-03    -52.6009E-06     786.556E-06    -12.6571E-03
            4945     13.1700E-03    -26.6283E-06     816.851E-06    -13.1446E-03
            4946     13.3341E-03    -599.699E-21     827.033E-06    -13.3084E-03
            4947     13.1700E-03     26.6283E-06     816.851E-06    -13.1446E-03
            4948     12.6816E-03     52.6009E-06     786.556E-06    -12.6571E-03
            4949     11.8810E-03     77.2783E-06     736.892E-06    -11.8579E-03
            4950     10.7880E-03     100.053E-06     669.084E-06    -10.7668E-03
            4951     9.42941E-03     120.364E-06     584.801E-06    -9.41049E-03
            4952     7.83880E-03     137.711E-06     486.118E-06    -7.82250E-03
            4953     6.05546E-03     151.667E-06     375.465E-06    -6.04190E-03
            4954     4.12365E-03     161.889E-06     255.567E-06    -4.11253E-03
            4955     2.09268E-03     168.124E-06     129.377E-06    -2.08190E-03
            4956     170.220E-06     170.220E-06    -222.857E-36    -24.3824E-33
            4957     204.775E-06    -204.775E-06    -693.347E-36    -29.1708E-33
            4958     2.51522E-03    -202.254E-06     113.079E-06    -2.50453E-03
            4959     4.95625E-03    -194.753E-06     223.374E-06    -4.94739E-03
            4960     7.27811E-03    -182.456E-06     328.169E-06    -7.26842E-03
            4961     9.42153E-03    -165.667E-06     424.883E-06    -9.41049E-03
            4962     11.3333E-03    -144.798E-06     511.135E-06    -11.3208E-03
            4963     12.9662E-03    -120.364E-06     584.801E-06    -12.9524E-03
            4964     14.2799E-03    -92.9659E-06     644.067E-06    -14.2651E-03
            4965     15.2421E-03    -63.2790E-06     687.475E-06    -15.2265E-03
            4966     15.8291E-03    -32.0339E-06     713.954E-06    -15.8130E-03
            4967     16.0264E-03    -124.048E-21     722.854E-06    -16.0101E-03
            4968     15.8291E-03     32.0339E-06     713.954E-06    -15.8130E-03
            4969     15.2421E-03     63.2790E-06     687.475E-06    -15.2265E-03
            4970     14.2799E-03     92.9659E-06     644.067E-06    -14.2651E-03
            4971     12.9662E-03     120.364E-06     584.801E-06    -12.9524E-03
            4972     11.3333E-03     144.798E-06     511.135E-06    -11.3208E-03
            4973     9.42153E-03     165.667E-06     424.883E-06    -9.41049E-03
            4974     7.27811E-03     182.456E-06     328.169E-06    -7.26842E-03
            4975     4.95625E-03     194.753E-06     223.374E-06    -4.94739E-03
            4976     2.51522E-03     202.254E-06     113.079E-06    -2.50453E-03
            4977     204.775E-06     204.775E-06    -693.347E-36    -29.1708E-33
            4978     234.288E-06    -234.288E-06    -1.14676E-33    -33.2409E-33
            4979     2.87635E-03    -231.403E-06     93.9976E-06    -2.86549E-03
            4980     5.66784E-03    -222.821E-06     185.681E-06    -5.66042E-03
            4981     8.32306E-03    -208.752E-06     272.792E-06    -8.31597E-03
            4982     10.7742E-03    -189.543E-06     353.185E-06    -10.7668E-03
            4983     12.9604E-03    -165.667E-06     424.883E-06    -12.9524E-03
            4984     14.8278E-03    -137.711E-06     486.118E-06    -14.8192E-03
            4985     16.3301E-03    -106.364E-06     535.384E-06    -16.3210E-03
            4986     17.4305E-03    -72.3989E-06     571.466E-06    -17.4210E-03
            4987     18.1017E-03    -36.6507E-06     593.477E-06    -18.0920E-03
            4988     18.3273E-03    -571.697E-21     600.875E-06    -18.3175E-03
            4989     18.1017E-03     36.6507E-06     593.477E-06    -18.0920E-03
            4990     17.4305E-03     72.3989E-06     571.466E-06    -17.4210E-03
            4991     16.3301E-03     106.364E-06     535.384E-06    -16.3210E-03
            4992     14.8278E-03     137.711E-06     486.118E-06    -14.8192E-03
            4993     12.9604E-03     165.667E-06     424.883E-06    -12.9524E-03
            4994     10.7742E-03     189.543E-06     353.185E-06    -10.7668E-03
            4995     8.32306E-03     208.752E-06     272.792E-06    -8.31597E-03
            4996     5.66784E-03     222.821E-06     185.681E-06    -5.66042E-03
            4997     2.87635E-03     231.403E-06     93.9976E-06    -2.86549E-03
            4998     234.288E-06     234.288E-06    -1.14676E-33    -33.2409E-33
            4999     258.032E-06    -258.032E-06    -1.57194E-33    -36.4925E-33
            5000     3.16700E-03    -254.855E-06     72.6013E-06    -3.15589E-03
            5001     6.24055E-03    -245.403E-06     143.415E-06    -6.23407E-03
            5002     9.16405E-03    -229.908E-06     210.697E-06    -9.15875E-03
            5003     11.8629E-03    -208.752E-06     272.792E-06    -11.8579E-03
            5004     14.2700E-03    -182.456E-06     328.169E-06    -14.2651E-03
            5005     16.3260E-03    -151.667E-06     375.465E-06    -16.3210E-03
            5006     17.9802E-03    -117.144E-06     413.517E-06    -17.9751E-03
            5007     19.1917E-03    -79.7362E-06     441.386E-06    -19.1865E-03
            5008     19.9308E-03    -40.3650E-06     458.387E-06    -19.9255E-03
            5009     20.1792E-03    -677.017E-21     464.101E-06    -20.1739E-03
            5010     19.9308E-03     40.3650E-06     458.387E-06    -19.9255E-03
            5011     19.1917E-03     79.7362E-06     441.386E-06    -19.1865E-03
            5012     17.9802E-03     117.144E-06     413.517E-06    -17.9751E-03
            5013     16.3260E-03     151.667E-06     375.465E-06    -16.3210E-03
            5014     14.2700E-03     182.456E-06     328.169E-06    -14.2651E-03
            5015     11.8629E-03     208.752E-06     272.792E-06    -11.8579E-03
            5016     9.16405E-03     229.908E-06     210.697E-06    -9.15875E-03
            5017     6.24055E-03     245.403E-06     143.415E-06    -6.23407E-03
            5018     3.16700E-03     254.855E-06     72.6013E-06    -3.15589E-03
            5019     258.032E-06     258.032E-06    -1.57194E-33    -36.4925E-33
            5020     275.422E-06    -275.422E-06    -1.95842E-33    -38.8456E-33
            5021     3.37991E-03    -272.031E-06     49.4174E-06    -3.36858E-03
            5022     6.66009E-03    -261.942E-06     97.6181E-06    -6.65422E-03
            5023     9.78014E-03    -245.403E-06     143.415E-06    -9.77601E-03
            5024     12.6604E-03    -222.821E-06     185.681E-06    -12.6571E-03
            5025     15.2294E-03    -194.753E-06     223.374E-06    -15.2265E-03
            5026     17.4236E-03    -161.889E-06     255.567E-06    -17.4210E-03
            5027     19.1890E-03    -125.039E-06     281.468E-06    -19.1865E-03
            5028     20.4820E-03    -85.1100E-06     300.437E-06    -20.4796E-03
            5029     21.2707E-03    -43.0855E-06     312.009E-06    -21.2684E-03
            5030     21.5358E-03    -56.8004E-21     315.899E-06    -21.5335E-03
            5031     21.2707E-03     43.0855E-06     312.009E-06    -21.2684E-03
            5032     20.4820E-03     85.1100E-06     300.437E-06    -20.4796E-03
            5033     19.1890E-03     125.039E-06     281.468E-06    -19.1865E-03
            5034     17.4236E-03     161.889E-06     255.567E-06    -17.4210E-03
            5035     15.2294E-03     194.753E-06     223.374E-06    -15.2265E-03
            5036     12.6604E-03     222.821E-06     185.681E-06    -12.6571E-03
            5037     9.78014E-03     245.403E-06     143.415E-06    -9.77601E-03
            5038     6.66009E-03     261.942E-06     97.6181E-06    -6.65422E-03
            5039     3.37991E-03     272.031E-06     49.4174E-06    -3.36858E-03
            5040     275.422E-06     275.422E-06    -1.95842E-33    -38.8456E-33
            5041     286.030E-06    -286.030E-06    -2.29667E-33    -40.2422E-33
            5042     3.50981E-03    -282.509E-06     25.0167E-06    -3.49833E-03
            5043     6.91605E-03    -272.031E-06     49.4174E-06    -6.91052E-03
            5044     10.1560E-03    -254.855E-06     72.6013E-06    -10.1525E-03
            5045     13.1470E-03    -231.403E-06     93.9976E-06    -13.1446E-03
            5046     15.8147E-03    -202.254E-06     113.079E-06    -15.8130E-03
            5047     18.0932E-03    -168.124E-06     129.377E-06    -18.0920E-03
            5048     19.9264E-03    -129.855E-06     142.488E-06    -19.9255E-03
            5049     21.2691E-03    -88.3882E-06     152.091E-06    -21.2684E-03
            5050     22.0882E-03    -44.7450E-06     157.949E-06    -22.0876E-03
            5051     22.3635E-03     623.452E-21     159.918E-06    -22.3629E-03
            5052     22.0882E-03     44.7450E-06     157.949E-06    -22.0876E-03
            5053     21.2691E-03     88.3882E-06     152.091E-06    -21.2684E-03
            5054     19.9264E-03     129.855E-06     142.488E-06    -19.9255E-03
            5055     18.0932E-03     168.124E-06     129.377E-06    -18.0920E-03
            5056     15.8147E-03     202.254E-06     113.079E-06    -15.8130E-03
            5057     13.1470E-03     231.403E-06     93.9976E-06    -13.1446E-03
            5058     10.1560E-03     254.855E-06     72.6013E-06    -10.1525E-03
            5059     6.91605E-03     272.031E-06     49.4174E-06    -6.91052E-03
            5060     3.50981E-03     282.509E-06     25.0167E-06    -3.49833E-03
            5061     286.030E-06     286.030E-06    -2.29667E-33    -40.2422E-33
            5062     289.596E-06    -289.596E-06    -2.57837E-33    -40.6478E-33
            5063     3.55347E-03    -286.030E-06     813.724E-21    -3.54194E-03
            5064     7.00208E-03    -275.422E-06     991.308E-21    -6.99666E-03
            5065     10.2823E-03    -258.032E-06     972.419E-21    -10.2791E-03
            5066     13.3105E-03    -234.288E-06     935.459E-21    -13.3084E-03
            5067     16.0114E-03    -204.775E-06     502.524E-21    -16.0101E-03
            5068     18.3183E-03    -170.220E-06     1.13311E-18    -18.3175E-03
            5069     20.1743E-03    -131.474E-06     761.011E-21    -20.1739E-03
            5070     21.5337E-03    -89.4900E-06     942.507E-21    -21.5335E-03
            5071     22.3630E-03    -45.3027E-06     823.906E-21    -22.3629E-03
            5072     22.6417E-03     539.630E-21     182.691E-21    -22.6417E-03
            5073     22.3630E-03     45.3027E-06    -558.047E-21    -22.3629E-03
            5074     21.5337E-03     89.4900E-06     764.185E-21    -21.5335E-03
            5075     20.1743E-03     131.474E-06    -179.967E-21    -20.1739E-03
            5076     18.3183E-03     170.220E-06    -131.541E-21    -18.3175E-03
            5077     16.0114E-03     204.775E-06    -122.997E-21    -16.0101E-03
            5078     13.3105E-03     234.288E-06    -638.402E-21    -13.3084E-03
            5079     10.2823E-03     258.032E-06     338.708E-21    -10.2791E-03
            5080     7.00208E-03     275.422E-06    -570.074E-21    -6.99666E-03
            5081     3.55347E-03     286.030E-06    -81.3390E-21    -3.54194E-03
            5082     289.596E-06     289.596E-06    -2.57837E-33    -40.6478E-33
            5083     286.030E-06    -286.030E-06    -2.79658E-33    -40.0526E-33
            5084     3.50981E-03    -282.509E-06    -25.0167E-06    -3.49833E-03
            5085     6.91605E-03    -272.031E-06    -49.4174E-06    -6.91052E-03
            5086     10.1560E-03    -254.855E-06    -72.6013E-06    -10.1525E-03
            5087     13.1470E-03    -231.403E-06    -93.9976E-06    -13.1446E-03
            5088     15.8147E-03    -202.254E-06    -113.079E-06    -15.8130E-03
            5089     18.0932E-03    -168.124E-06    -129.377E-06    -18.0920E-03
            5090     19.9264E-03    -129.855E-06    -142.488E-06    -19.9255E-03
            5091     21.2691E-03    -88.3882E-06    -152.091E-06    -21.2684E-03
            5092     22.0882E-03    -44.7450E-06    -157.949E-06    -22.0876E-03
            5093     22.3635E-03    -1.25355E-18    -159.918E-06    -22.3629E-03
            5094     22.0882E-03     44.7450E-06    -157.949E-06    -22.0876E-03
            5095     21.2691E-03     88.3882E-06    -152.091E-06    -21.2684E-03
            5096     19.9264E-03     129.855E-06    -142.488E-06    -19.9255E-03
            5097     18.0932E-03     168.124E-06    -129.377E-06    -18.0920E-03
            5098     15.8147E-03     202.254E-06    -113.079E-06    -15.8130E-03
            5099     13.1470E-03     231.403E-06    -93.9976E-06    -13.1446E-03
            5100     10.1560E-03     254.855E-06    -72.6013E-06    -10.1525E-03
            5101     6.91605E-03     272.031E-06    -49.4174E-06    -6.91052E-03
            5102     3.50981E-03     282.509E-06    -25.0167E-06    -3.49833E-03
            5103     286.030E-06     286.030E-06    -2.79658E-33    -40.0526E-33
            5104     275.422E-06    -275.422E-06    -2.94593E-33    -38.4712E-33
            5105     3.37991E-03    -272.031E-06    -49.4174E-06    -3.36858E-03
            5106     6.66009E-03    -261.942E-06    -97.6181E-06    -6.65422E-03
            5107     9.78014E-03    -245.403E-06    -143.415E-06    -9.77601E-03
            5108     12.6604E-03    -222.821E-06    -185.681E-06    -12.6571E-03
            5109     15.2294E-03    -194.753E-06    -223.374E-06    -15.2265E-03
            5110     17.4236E-03    -161.889E-06    -255.567E-06    -17.4210E-03
            5111     19.1890E-03    -125.039E-06    -281.468E-06    -19.1865E-03
            5112     20.4820E-03    -85.1100E-06    -300.437E-06    -20.4796E-03
            5113     21.2707E-03    -43.0855E-06    -312.009E-06    -21.2684E-03
            5114     21.5358E-03    -224.266E-21    -315.899E-06    -21.5335E-03
            5115     21.2707E-03     43.0855E-06    -312.009E-06    -21.2684E-03
            5116     20.4820E-03     85.1100E-06    -300.437E-06    -20.4796E-03
            5117     19.1890E-03     125.039E-06    -281.468E-06    -19.1865E-03
            5118     17.4236E-03     161.889E-06    -255.567E-06    -17.4210E-03
            5119     15.2294E-03     194.753E-06    -223.374E-06    -15.2265E-03
            5120     12.6604E-03     222.821E-06    -185.681E-06    -12.6571E-03
            5121     9.78014E-03     245.403E-06    -143.415E-06    -9.77601E-03
            5122     6.66009E-03     261.942E-06    -97.6181E-06    -6.65422E-03
            5123     3.37991E-03     272.031E-06    -49.4174E-06    -3.36858E-03
            5124     275.422E-06     275.422E-06    -2.94593E-33    -38.4712E-33
            5125     258.032E-06    -258.032E-06    -3.02274E-33    -35.9424E-33
            5126     3.16700E-03    -254.855E-06    -72.6013E-06    -3.15589E-03
            5127     6.24055E-03    -245.403E-06    -143.415E-06    -6.23407E-03
            5128     9.16405E-03    -229.908E-06    -210.697E-06    -9.15875E-03
            5129     11.8629E-03    -208.752E-06    -272.792E-06    -11.8579E-03
            5130     14.2700E-03    -182.456E-06    -328.169E-06    -14.2651E-03
            5131     16.3260E-03    -151.667E-06    -375.465E-06    -16.3210E-03
            5132     17.9802E-03    -117.144E-06    -413.517E-06    -17.9751E-03
            5133     19.1917E-03    -79.7362E-06    -441.386E-06    -19.1865E-03
            5134     19.9308E-03    -40.3650E-06    -458.387E-06    -19.9255E-03
            5135     20.1792E-03    -1.19672E-18    -464.101E-06    -20.1739E-03
            5136     19.9308E-03     40.3650E-06    -458.387E-06    -19.9255E-03
            5137     19.1917E-03     79.7362E-06    -441.386E-06    -19.1865E-03
            5138     17.9802E-03     117.144E-06    -413.517E-06    -17.9751E-03
            5139     16.3260E-03     151.667E-06    -375.465E-06    -16.3210E-03
            5140     14.2700E-03     182.456E-06    -328.169E-06    -14.2651E-03
            5141     11.8629E-03     208.752E-06    -272.792E-06    -11.8579E-03
            5142     9.16405E-03     229.908E-06    -210.697E-06    -9.15875E-03
            5143     6.24055E-03     245.403E-06    -143.415E-06    -6.23407E-03
            5144     3.16700E-03     254.855E-06    -72.6013E-06    -3.15589E-03
            5145     258.032E-06     258.032E-06    -3.02274E-33    -35.9424E-33
            5146     234.288E-06    -234.288E-06    -3.02512E-33    -32.5287E-33
            5147     2.87635E-03    -231.403E-06    -93.9976E-06    -2.86549E-03
            5148     5.66784E-03    -222.821E-06    -185.681E-06    -5.66042E-03
            5149     8.32306E-03    -208.752E-06    -272.792E-06    -8.31597E-03
            5150     10.7742E-03    -189.543E-06    -353.185E-06    -10.7668E-03
            5151     12.9604E-03    -165.667E-06    -424.883E-06    -12.9524E-03
            5152     14.8278E-03    -137.711E-06    -486.118E-06    -14.8192E-03
            5153     16.3301E-03    -106.364E-06    -535.384E-06    -16.3210E-03
            5154     17.4305E-03    -72.3989E-06    -571.466E-06    -17.4210E-03
            5155     18.1017E-03    -36.6507E-06    -593.477E-06    -18.0920E-03
            5156     18.3273E-03    -1.92080E-18    -600.875E-06    -18.3175E-03
            5157     18.1017E-03     36.6507E-06    -593.477E-06    -18.0920E-03
            5158     17.4305E-03     72.3989E-06    -571.466E-06    -17.4210E-03
            5159     16.3301E-03     106.364E-06    -535.384E-06    -16.3210E-03
            5160     14.8278E-03     137.711E-06    -486.118E-06    -14.8192E-03
            5161     12.9604E-03     165.667E-06    -424.883E-06    -12.9524E-03
            5162     10.7742E-03     189.543E-06    -353.185E-06    -10.7668E-03
            5163     8.32306E-03     208.752E-06    -272.792E-06    -8.31597E-03
            5164     5.66784E-03     222.821E-06    -185.681E-06    -5.66042E-03
            5165     2.87635E-03     231.403E-06    -93.9976E-06    -2.86549E-03
            5166     234.288E-06     234.288E-06    -3.02512E-33    -32.5287E-33
            5167     204.775E-06    -204.775E-06    -2.95301E-33    -28.3139E-33
            5168     2.51522E-03    -202.254E-06    -113.079E-06    -2.50453E-03
            5169     4.95625E-03    -194.753E-06    -223.374E-06    -4.94739E-03
            5170     7.27811E-03    -182.456E-06    -328.169E-06    -7.26842E-03
            5171     9.42153E-03    -165.667E-06    -424.883E-06    -9.41049E-03
            5172     11.3333E-03    -144.798E-06    -511.135E-06    -11.3208E-03
            5173     12.9662E-03    -120.364E-06    -584.801E-06    -12.9524E-03
            5174     14.2799E-03    -92.9659E-06    -644.067E-06    -14.2651E-03
            5175     15.2421E-03    -63.2790E-06    -687.475E-06    -15.2265E-03
            5176     15.8291E-03    -32.0339E-06    -713.954E-06    -15.8130E-03
            5177     16.0264E-03    -987.770E-21    -722.854E-06    -16.0101E-03
            5178     15.8291E-03     32.0339E-06    -713.954E-06    -15.8130E-03
            5179     15.2421E-03     63.2790E-06    -687.475E-06    -15.2265E-03
            5180     14.2799E-03     92.9659E-06    -644.067E-06    -14.2651E-03
            5181     12.9662E-03     120.364E-06    -584.801E-06    -12.9524E-03
            5182     11.3333E-03     144.798E-06    -511.135E-06    -11.3208E-03
            5183     9.42153E-03     165.667E-06    -424.883E-06    -9.41049E-03
            5184     7.27811E-03     182.456E-06    -328.169E-06    -7.26842E-03
            5185     4.95625E-03     194.753E-06    -223.374E-06    -4.94739E-03
            5186     2.51522E-03     202.254E-06    -113.079E-06    -2.50453E-03
            5187     204.775E-06     204.775E-06    -2.95301E-33    -28.3139E-33
            5188     170.220E-06    -170.220E-06    -2.80819E-33    -23.4020E-33
            5189     2.09268E-03    -168.124E-06    -129.377E-06    -2.08190E-03
            5190     4.12365E-03    -161.889E-06    -255.567E-06    -4.11253E-03
            5191     6.05546E-03    -151.667E-06    -375.465E-06    -6.04190E-03
            5192     7.83880E-03    -137.711E-06    -486.118E-06    -7.82250E-03
            5193     9.42941E-03    -120.364E-06    -584.801E-06    -9.41049E-03
            5194     10.7880E-03    -100.053E-06    -669.084E-06    -10.7668E-03
            5195     11.8810E-03    -77.2783E-06    -736.892E-06    -11.8579E-03
            5196     12.6816E-03    -52.6009E-06    -786.556E-06    -12.6571E-03
            5197     13.1700E-03    -26.6283E-06    -816.851E-06    -13.1446E-03
            5198     13.3341E-03    -763.813E-21    -827.033E-06    -13.3084E-03
            5199     13.1700E-03     26.6283E-06    -816.851E-06    -13.1446E-03
            5200     12.6816E-03     52.6009E-06    -786.556E-06    -12.6571E-03
            5201     11.8810E-03     77.2783E-06    -736.892E-06    -11.8579E-03
            5202     10.7880E-03     100.053E-06    -669.084E-06    -10.7668E-03
            5203     9.42941E-03     120.364E-06    -584.801E-06    -9.41049E-03
            5204     7.83880E-03     137.711E-06    -486.118E-06    -7.82250E-03
            5205     6.05546E-03     151.667E-06    -375.465E-06    -6.04190E-03
            5206     4.12365E-03     161.889E-06    -255.567E-06    -4.11253E-03
            5207     2.09268E-03     168.124E-06    -129.377E-06    -2.08190E-03
            5208     170.220E-06     170.220E-06    -2.80819E-33    -23.4020E-33
            5209     131.474E-06    -131.474E-06    -2.59423E-33    -17.9139E-33
            5210     1.61952E-03    -129.855E-06    -142.488E-06    -1.60801E-03
            5211     3.19131E-03    -125.039E-06    -281.468E-06    -3.17642E-03
            5212     4.68636E-03    -117.144E-06    -413.517E-06    -4.66661E-03
            5213     6.06651E-03    -106.364E-06    -535.384E-06    -6.04190E-03
            5214     7.29749E-03    -92.9659E-06    -644.067E-06    -7.26842E-03
            5215     8.34891E-03    -77.2783E-06    -736.892E-06    -8.31597E-03
            5216     9.19483E-03    -59.6878E-06    -811.572E-06    -9.15875E-03
            5217     9.81440E-03    -40.6276E-06    -866.269E-06    -9.77601E-03
            5218     10.1924E-03    -20.5670E-06    -899.635E-06    -10.1525E-03
            5219     10.3194E-03    -446.138E-21    -910.849E-06    -10.2791E-03
            5220     10.1924E-03     20.5670E-06    -899.635E-06    -10.1525E-03
            5221     9.81440E-03     40.6276E-06    -866.269E-06    -9.77601E-03
            5222     9.19483E-03     59.6878E-06    -811.572E-06    -9.15875E-03
            5223     8.34891E-03     77.2783E-06    -736.892E-06    -8.31597E-03
            5224     7.29749E-03     92.9659E-06    -644.067E-06    -7.26842E-03
            5225     6.06651E-03     106.364E-06    -535.384E-06    -6.04190E-03
            5226     4.68636E-03     117.144E-06    -413.517E-06    -4.66661E-03
            5227     3.19131E-03     125.039E-06    -281.468E-06    -3.17642E-03
            5228     1.61952E-03     129.855E-06    -142.488E-06    -1.60801E-03
            5229     131.474E-06     131.474E-06    -2.59423E-33    -17.9139E-33
            5230     89.4900E-06    -89.4900E-06    -2.31638E-33    -11.9847E-33
            5231     1.10856E-03    -88.3882E-06    -152.091E-06    -1.09452E-03
            5232     2.18452E-03    -85.1100E-06    -300.437E-06    -2.16209E-03
            5233     3.20793E-03    -79.7362E-06    -441.386E-06    -3.17642E-03
            5234     4.15268E-03    -72.3989E-06    -571.466E-06    -4.11253E-03
            5235     4.99532E-03    -63.2790E-06    -687.475E-06    -4.94739E-03
            5236     5.71505E-03    -52.6009E-06    -786.556E-06    -5.66042E-03
            5237     6.29410E-03    -40.6276E-06    -866.269E-06    -6.23407E-03
            5238     6.71821E-03    -27.6539E-06    -924.652E-06    -6.65422E-03
            5239     6.97693E-03    -13.9993E-06    -960.266E-06    -6.91052E-03
            5240     7.06389E-03    -259.580E-21    -972.236E-06    -6.99666E-03
            5241     6.97693E-03     13.9993E-06    -960.266E-06    -6.91052E-03
            5242     6.71821E-03     27.6539E-06    -924.652E-06    -6.65422E-03
            5243     6.29410E-03     40.6276E-06    -866.269E-06    -6.23407E-03
            5244     5.71505E-03     52.6009E-06    -786.556E-06    -5.66042E-03
            5245     4.99532E-03     63.2790E-06    -687.475E-06    -4.94739E-03
            5246     4.15268E-03     72.3989E-06    -571.466E-06    -4.11253E-03
            5247     3.20793E-03     79.7362E-06    -441.386E-06    -3.17642E-03
            5248     2.18452E-03     85.1100E-06    -300.437E-06    -2.16209E-03
            5249     1.10856E-03     88.3882E-06    -152.091E-06    -1.09452E-03
            5250     89.4900E-06     89.4900E-06    -2.31638E-33    -11.9847E-33
            5251     45.3027E-06    -45.3027E-06    -1.98150E-33    -5.76031E-33
            5252     577.889E-06    -44.7450E-06    -157.949E-06    -554.081E-06
            5253     1.13894E-03    -43.0855E-06    -312.009E-06    -1.09452E-03
            5254     1.67255E-03    -40.3650E-06    -458.387E-06    -1.60801E-03
            5255     2.16515E-03    -36.6507E-06    -593.477E-06    -2.08190E-03
            5256     2.60450E-03    -32.0339E-06    -713.954E-06    -2.50453E-03
            5257     2.97976E-03    -26.6283E-06    -816.851E-06    -2.86549E-03
            5258     3.28168E-03    -20.5670E-06    -899.635E-06    -3.15589E-03
            5259     3.50281E-03    -13.9993E-06    -960.266E-06    -3.36858E-03
            5260     3.63770E-03    -7.08691E-06    -997.253E-06    -3.49833E-03
            5261     3.68304E-03    -110.834E-21    -1.00968E-03    -3.54194E-03
            5262     3.63770E-03     7.08691E-06    -997.253E-06    -3.49833E-03
            5263     3.50281E-03     13.9993E-06    -960.266E-06    -3.36858E-03
            5264     3.28168E-03     20.5670E-06    -899.635E-06    -3.15589E-03
            5265     2.97976E-03     26.6283E-06    -816.851E-06    -2.86549E-03
            5266     2.60450E-03     32.0339E-06    -713.954E-06    -2.50453E-03
            5267     2.16515E-03     36.6507E-06    -593.477E-06    -2.08190E-03
            5268     1.67255E-03     40.3650E-06    -458.387E-06    -1.60801E-03
            5269     1.13894E-03     43.0855E-06    -312.009E-06    -1.09452E-03
            5270     577.889E-06     44.7450E-06    -157.949E-06    -554.081E-06
            5271     45.3027E-06     45.3027E-06    -1.98150E-33    -5.76031E-33
            5272              0.    -1.62552E-33     42.3124E-36    -1.16767E-33
            5273     159.918E-06    -127.104E-36    -159.918E-06    -3.74974E-33
            5274     315.899E-06    -208.459E-36    -315.899E-06    -6.80127E-33
            5275     464.101E-06    -284.681E-36    -464.101E-06    -9.68534E-33
            5276     600.875E-06    -353.893E-36    -600.875E-06    -12.3309E-33
            5277     722.854E-06    -414.391E-36    -722.854E-06    -14.6729E-33
            5278     827.033E-06    -464.685E-36    -827.033E-06    -16.6535E-33
            5279     910.849E-06    -503.538E-36    -910.849E-06    -18.2241E-33
            5280     972.236E-06    -529.991E-36    -972.236E-06    -19.3460E-33
            5281     1.00968E-03    -543.395E-36    -1.00968E-03    -19.9915E-33
            5282     1.02227E-03    -543.418E-36    -1.02227E-03    -20.1447E-33
            5283     1.00968E-03    -530.061E-36    -1.00968E-03    -19.8019E-33
            5284     972.236E-06    -503.651E-36    -972.236E-06    -18.9715E-33
            5285     910.849E-06    -464.841E-36    -910.849E-06    -17.6740E-33
            5286     827.033E-06    -414.584E-36    -827.033E-06    -15.9413E-33
            5287     722.854E-06    -354.118E-36    -722.854E-06    -13.8160E-33
            5288     600.875E-06    -284.934E-36    -600.875E-06    -11.3506E-33
            5289     464.101E-06    -208.733E-36    -464.101E-06    -8.60567E-33
            5290     315.899E-06    -127.392E-36    -315.899E-06    -5.64884E-33
            5291     159.918E-06    -42.9150E-36    -159.918E-06    -2.55291E-33
            5292              0.     1.62552E-33     42.3124E-36    -1.16767E-33
            5293              0.    -1.09706E-33     1.28973E-33    -1.09606E-33
            5294     263.389E-06     1.62509E-33     263.389E-06    -2.89468E-33
            5295     520.292E-06     1.45768E-33     520.292E-06    -5.23806E-33
            5296     764.385E-06     1.25437E-33     764.385E-06    -7.45247E-33
            5297     989.655E-06     1.02018E-33     989.655E-06    -9.48337E-33
            5298     1.19056E-03     760.863E-36     1.19056E-03    -11.2808E-33
            5299     1.36214E-03     482.814E-36     1.36214E-03    -12.8004E-33
            5300     1.50019E-03     192.877E-36     1.50019E-03    -14.0048E-33
            5301     1.60130E-03    -101.809E-36     1.60130E-03    -14.8644E-33
            5302     1.66297E-03    -393.988E-36     1.66297E-03    -15.3580E-33
            5303     1.68370E-03    -676.466E-36     1.68370E-03    -15.4734E-33
            5304     1.66297E-03    -942.287E-36     1.66297E-03    -15.2078E-33
            5305     1.60130E-03    -1.18491E-33     1.60130E-03    -14.5677E-33
            5306     1.50019E-03    -1.39835E-33     1.50019E-03    -13.5690E-33
            5307     1.36214E-03    -1.57736E-33     1.36214E-03    -12.2361E-33
            5308     1.19056E-03    -1.71753E-33     1.19056E-03    -10.6019E-33
            5309     989.655E-06    -1.81541E-33     989.655E-06    -8.70669E-33
            5310     764.385E-06    -1.86859E-33     764.385E-06    -6.59707E-33
            5311     520.292E-06    -1.87575E-33     520.292E-06    -4.32502E-33
            5312     263.389E-06    -1.83673E-33     263.389E-06    -1.94646E-33
            5313              0.     1.09706E-33     1.28973E-33    -1.09606E-33
            5314     69.7013E-06    -69.7013E-06     3.40260E-33    -6.89980E-33
            5315     617.814E-06    -68.8431E-06     260.146E-06    -556.129E-06
            5316     1.21463E-03    -66.2898E-06     513.887E-06    -1.09856E-03
            5317     1.78288E-03    -62.1043E-06     754.974E-06    -1.61395E-03
            5318     2.30760E-03    -56.3895E-06     977.471E-06    -2.08959E-03
            5319     2.77566E-03    -49.2862E-06     1.17590E-03    -2.51378E-03
            5320     3.17546E-03    -40.9694E-06     1.34537E-03    -2.87608E-03
            5321     3.49713E-03    -31.6437E-06     1.48172E-03    -3.16755E-03
            5322     3.73273E-03    -21.5389E-06     1.58158E-03    -3.38103E-03
            5323     3.87645E-03    -10.9037E-06     1.64250E-03    -3.51126E-03
            5324     3.92475E-03     103.372E-21     1.66297E-03    -3.55503E-03
            5325     3.87645E-03     10.9037E-06     1.64250E-03    -3.51126E-03
            5326     3.73273E-03     21.5389E-06     1.58158E-03    -3.38103E-03
            5327     3.49713E-03     31.6437E-06     1.48172E-03    -3.16755E-03
            5328     3.17546E-03     40.9694E-06     1.34537E-03    -2.87608E-03
            5329     2.77566E-03     49.2862E-06     1.17590E-03    -2.51378E-03
            5330     2.30760E-03     56.3895E-06     977.471E-06    -2.08959E-03
            5331     1.78288E-03     62.1043E-06     754.974E-06    -1.61395E-03
            5332     1.21463E-03     66.2898E-06     513.887E-06    -1.09856E-03
            5333     617.814E-06     68.8431E-06     260.146E-06    -556.129E-06
            5334     69.7013E-06     69.7013E-06     3.40260E-33    -6.89980E-33
            5335     137.686E-06    -137.686E-06     2.55542E-33    -13.1497E-33
            5336     1.13494E-03    -135.991E-06     250.498E-06    -1.09856E-03
            5337     2.22963E-03    -130.947E-06     494.828E-06    -2.17008E-03
            5338     3.27229E-03    -122.679E-06     726.973E-06    -3.18816E-03
            5339     4.23515E-03    -111.391E-06     941.218E-06    -4.12773E-03
            5340     5.09406E-03    -97.3589E-06     1.13229E-03    -4.96567E-03
            5341     5.82773E-03    -80.9300E-06     1.29548E-03    -5.68134E-03
            5342     6.41802E-03    -62.5083E-06     1.42676E-03    -6.25711E-03
            5343     6.85038E-03    -42.5474E-06     1.52292E-03    -6.67881E-03
            5344     7.11413E-03    -21.5389E-06     1.58158E-03    -6.93606E-03
            5345     7.20277E-03     81.2177E-21     1.60130E-03    -7.02252E-03
            5346     7.11413E-03     21.5389E-06     1.58158E-03    -6.93606E-03
            5347     6.85038E-03     42.5474E-06     1.52292E-03    -6.67881E-03
            5348     6.41802E-03     62.5083E-06     1.42676E-03    -6.25711E-03
            5349     5.82773E-03     80.9300E-06     1.29548E-03    -5.68134E-03
            5350     5.09406E-03     97.3589E-06     1.13229E-03    -4.96567E-03
            5351     4.23515E-03     111.391E-06     941.218E-06    -4.12773E-03
            5352     3.27229E-03     122.679E-06     726.973E-06    -3.18816E-03
            5353     2.22963E-03     130.947E-06     494.828E-06    -2.17008E-03
            5354     1.13494E-03     135.991E-06     250.498E-06    -1.09856E-03
            5355     137.686E-06     137.686E-06     2.55542E-33    -13.1497E-33
            5356     202.281E-06    -202.281E-06     1.64532E-33    -19.0758E-33
            5357     1.64311E-03    -199.791E-06     234.681E-06    -1.61395E-03
            5358     3.22742E-03    -192.381E-06     463.584E-06    -3.18816E-03
            5359     4.73655E-03    -180.234E-06     681.072E-06    -4.68386E-03
            5360     6.13019E-03    -163.649E-06     881.789E-06    -6.06423E-03
            5361     7.37339E-03    -143.034E-06     1.06079E-03    -7.29529E-03
            5362     8.43532E-03    -118.898E-06     1.21368E-03    -8.34670E-03
            5363     9.28972E-03    -91.8336E-06     1.33668E-03    -9.19260E-03
            5364     9.91552E-03    -62.5083E-06     1.42676E-03    -9.81214E-03
            5365     10.2973E-03    -31.6437E-06     1.48172E-03    -10.1901E-03
            5366     10.4256E-03     46.5756E-21     1.50019E-03    -10.3171E-03
            5367     10.2973E-03     31.6437E-06     1.48172E-03    -10.1901E-03
            5368     9.91552E-03     62.5083E-06     1.42676E-03    -9.81214E-03
            5369     9.28972E-03     91.8336E-06     1.33668E-03    -9.19260E-03
            5370     8.43532E-03     118.898E-06     1.21368E-03    -8.34670E-03
            5371     7.37339E-03     143.034E-06     1.06079E-03    -7.29529E-03
            5372     6.13019E-03     163.649E-06     881.789E-06    -6.06423E-03
            5373     4.73655E-03     180.234E-06     681.072E-06    -4.68386E-03
            5374     3.22742E-03     192.381E-06     463.584E-06    -3.18816E-03
            5375     1.64311E-03     199.791E-06     234.681E-06    -1.61395E-03
            5376     202.281E-06     202.281E-06     1.64532E-33    -19.0758E-33
            5377     261.895E-06    -261.895E-06     694.697E-36    -24.5322E-33
            5378     2.11630E-03    -258.670E-06     213.086E-06    -2.08959E-03
            5379     4.15661E-03    -249.077E-06     420.925E-06    -4.12773E-03
            5380     6.10015E-03    -233.350E-06     618.400E-06    -6.06423E-03
            5381     7.89498E-03    -211.877E-06     800.648E-06    -7.85142E-03
            5382     9.49606E-03    -185.188E-06     963.181E-06    -9.44527E-03
            5383     10.8637E-03    -153.938E-06     1.10200E-03    -10.8065E-03
            5384     11.9640E-03    -118.898E-06     1.21368E-03    -11.9017E-03
            5385     12.7700E-03    -80.9300E-06     1.29548E-03    -12.7039E-03
            5386     13.2617E-03    -40.9694E-06     1.34537E-03    -13.1932E-03
            5387     13.4269E-03    -207.443E-21     1.36214E-03    -13.3576E-03
            5388     13.2617E-03     40.9694E-06     1.34537E-03    -13.1932E-03
            5389     12.7700E-03     80.9300E-06     1.29548E-03    -12.7039E-03
            5390     11.9640E-03     118.898E-06     1.21368E-03    -11.9017E-03
            5391     10.8637E-03     153.938E-06     1.10200E-03    -10.8065E-03
            5392     9.49606E-03     185.188E-06     963.181E-06    -9.44527E-03
            5393     7.89498E-03     211.877E-06     800.648E-06    -7.85142E-03
            5394     6.10015E-03     233.350E-06     618.400E-06    -6.06423E-03
            5395     4.15661E-03     249.077E-06     420.925E-06    -4.12773E-03
            5396     2.11630E-03     258.670E-06     213.086E-06    -2.08959E-03
            5397     261.895E-06     261.895E-06     694.697E-36    -24.5322E-33
            5398     315.060E-06    -315.060E-06    -273.027E-36    -29.3845E-33
            5399     2.53981E-03    -311.181E-06     186.244E-06    -2.51378E-03
            5400     4.98829E-03    -299.640E-06     367.902E-06    -4.96567E-03
            5401     7.32067E-03    -280.721E-06     540.502E-06    -7.29529E-03
            5402     9.47458E-03    -254.889E-06     699.792E-06    -9.44527E-03
            5403     11.3960E-03    -222.781E-06     841.851E-06    -11.3627E-03
            5404     13.0372E-03    -185.188E-06     963.181E-06    -13.0003E-03
            5405     14.3578E-03    -143.034E-06     1.06079E-03    -14.3178E-03
            5406     15.3250E-03    -97.3589E-06     1.13229E-03    -15.2828E-03
            5407     15.9150E-03    -49.2862E-06     1.17590E-03    -15.8714E-03
            5408     16.1133E-03     151.642E-21     1.19056E-03    -16.0692E-03
            5409     15.9150E-03     49.2862E-06     1.17590E-03    -15.8714E-03
            5410     15.3250E-03     97.3589E-06     1.13229E-03    -15.2828E-03
            5411     14.3578E-03     143.034E-06     1.06079E-03    -14.3178E-03
            5412     13.0372E-03     185.188E-06     963.181E-06    -13.0003E-03
            5413     11.3960E-03     222.781E-06     841.851E-06    -11.3627E-03
            5414     9.47458E-03     254.889E-06     699.792E-06    -9.44527E-03
            5415     7.32067E-03     280.721E-06     540.502E-06    -7.29529E-03
            5416     4.98829E-03     299.640E-06     367.902E-06    -4.96567E-03
            5417     2.53981E-03     311.181E-06     186.244E-06    -2.51378E-03
            5418     315.060E-06     315.060E-06    -273.027E-36    -29.3845E-33
            5419     360.467E-06    -360.467E-06    -1.23403E-33    -33.5133E-33
            5420     2.90216E-03    -356.029E-06     154.816E-06    -2.87608E-03
            5421     5.69988E-03    -342.825E-06     305.820E-06    -5.68134E-03
            5422     8.36495E-03    -321.179E-06     449.294E-06    -8.34670E-03
            5423     10.8261E-03    -291.624E-06     581.705E-06    -10.8065E-03
            5424     13.0216E-03    -254.889E-06     699.792E-06    -13.0003E-03
            5425     14.8970E-03    -211.877E-06     800.648E-06    -14.8739E-03
            5426     16.4059E-03    -163.649E-06     881.789E-06    -16.3813E-03
            5427     17.5110E-03    -111.391E-06     941.218E-06    -17.4854E-03
            5428     18.1852E-03    -56.3895E-06     977.471E-06    -18.1588E-03
            5429     18.4118E-03    -346.041E-21     989.655E-06    -18.3852E-03
            5430     18.1852E-03     56.3895E-06     977.471E-06    -18.1588E-03
            5431     17.5110E-03     111.391E-06     941.218E-06    -17.4854E-03
            5432     16.4059E-03     163.649E-06     881.789E-06    -16.3813E-03
            5433     14.8970E-03     211.877E-06     800.648E-06    -14.8739E-03
            5434     13.0216E-03     254.889E-06     699.792E-06    -13.0003E-03
            5435     10.8261E-03     291.624E-06     581.705E-06    -10.8065E-03
            5436     8.36495E-03     321.179E-06     449.294E-06    -8.34670E-03
            5437     5.69988E-03     342.825E-06     305.820E-06    -5.68134E-03
            5438     2.90216E-03     356.029E-06     154.816E-06    -2.87608E-03
            5439     360.467E-06     360.467E-06    -1.23403E-33    -33.5133E-33
            5440     396.999E-06    -396.999E-06    -2.16464E-33    -36.8169E-33
            5441     3.19397E-03    -392.111E-06     119.576E-06    -3.16755E-03
            5442     6.27294E-03    -377.568E-06     236.208E-06    -6.25711E-03
            5443     9.20594E-03    -353.728E-06     347.023E-06    -9.19260E-03
            5444     11.9145E-03    -321.179E-06     449.294E-06    -11.9017E-03
            5445     14.3308E-03    -280.721E-06     540.502E-06    -14.3178E-03
            5446     16.3947E-03    -233.350E-06     618.400E-06    -16.3813E-03
            5447     18.0552E-03    -180.234E-06     681.072E-06    -18.0415E-03
            5448     19.2715E-03    -122.679E-06     726.973E-06    -19.2574E-03
            5449     20.0135E-03    -62.1043E-06     754.974E-06    -19.9991E-03
            5450     20.2629E-03    -489.475E-21     764.385E-06    -20.2484E-03
            5451     20.0135E-03     62.1043E-06     754.974E-06    -19.9991E-03
            5452     19.2715E-03     122.679E-06     726.973E-06    -19.2574E-03
            5453     18.0552E-03     180.234E-06     681.072E-06    -18.0415E-03
            5454     16.3947E-03     233.350E-06     618.400E-06    -16.3813E-03
            5455     14.3308E-03     280.721E-06     540.502E-06    -14.3178E-03
            5456     11.9145E-03     321.179E-06     449.294E-06    -11.9017E-03
            5457     9.20594E-03     353.728E-06     347.023E-06    -9.19260E-03
            5458     6.27294E-03     377.568E-06     236.208E-06    -6.25711E-03
            5459     3.19397E-03     392.111E-06     119.576E-06    -3.16755E-03
            5460     396.999E-06     396.999E-06    -2.16464E-33    -36.8169E-33
            5461     423.755E-06    -423.755E-06    -3.04196E-33    -39.2139E-33
            5462     3.40781E-03    -418.538E-06     81.3917E-06    -3.38103E-03
            5463     6.69289E-03    -403.015E-06     160.779E-06    -6.67881E-03
            5464     9.82224E-03    -377.568E-06     236.208E-06    -9.81214E-03
            5465     12.7122E-03    -342.825E-06     305.820E-06    -12.7039E-03
            5466     15.2901E-03    -299.640E-06     367.902E-06    -15.2828E-03
            5467     17.4922E-03    -249.077E-06     420.925E-06    -17.4854E-03
            5468     19.2639E-03    -192.381E-06     463.584E-06    -19.2574E-03
            5469     20.5616E-03    -130.947E-06     494.828E-06    -20.5553E-03
            5470     21.3533E-03    -66.2898E-06     513.887E-06    -21.3470E-03
            5471     21.6194E-03    -390.563E-21     520.292E-06    -21.6131E-03
            5472     21.3533E-03     66.2898E-06     513.887E-06    -21.3470E-03
            5473     20.5616E-03     130.947E-06     494.828E-06    -20.5553E-03
            5474     19.2639E-03     192.381E-06     463.584E-06    -19.2574E-03
            5475     17.4922E-03     249.077E-06     420.925E-06    -17.4854E-03
            5476     15.2901E-03     299.640E-06     367.902E-06    -15.2828E-03
            5477     12.7122E-03     342.825E-06     305.820E-06    -12.7039E-03
            5478     9.82224E-03     377.568E-06     236.208E-06    -9.81214E-03
            5479     6.69289E-03     403.015E-06     160.779E-06    -6.67881E-03
            5480     3.40781E-03     418.538E-06     81.3917E-06    -3.38103E-03
            5481     423.755E-06     423.755E-06    -3.04196E-33    -39.2139E-33
            5482     440.076E-06    -440.076E-06    -3.84437E-33    -40.6453E-33
            5483     3.53830E-03    -434.658E-06     41.2031E-06    -3.51126E-03
            5484     6.94915E-03    -418.538E-06     81.3917E-06    -6.93606E-03
            5485     10.1983E-03    -392.111E-06     119.576E-06    -10.1901E-03
            5486     13.1989E-03    -356.029E-06     154.816E-06    -13.1932E-03
            5487     15.8756E-03    -311.181E-06     186.244E-06    -15.8714E-03
            5488     18.1619E-03    -258.670E-06     213.086E-06    -18.1588E-03
            5489     20.0015E-03    -199.791E-06     234.681E-06    -19.9991E-03
            5490     21.3489E-03    -135.991E-06     250.498E-06    -21.3470E-03
            5491     22.1709E-03    -68.8431E-06     260.146E-06    -22.1692E-03
            5492     22.4471E-03    -345.834E-21     263.389E-06    -22.4456E-03
            5493     22.1709E-03     68.8431E-06     260.146E-06    -22.1692E-03
            5494     21.3489E-03     135.991E-06     250.498E-06    -21.3470E-03
            5495     20.0015E-03     199.791E-06     234.681E-06    -19.9991E-03
            5496     18.1619E-03     258.670E-06     213.086E-06    -18.1588E-03
            5497     15.8756E-03     311.181E-06     186.244E-06    -15.8714E-03
            5498     13.1989E-03     356.029E-06     154.816E-06    -13.1932E-03
            5499     10.1983E-03     392.111E-06     119.576E-06    -10.1901E-03
            5500     6.94915E-03     418.538E-06     81.3917E-06    -6.93606E-03
            5501     3.53830E-03     434.658E-06     41.2031E-06    -3.51126E-03
            5502     440.076E-06     440.076E-06    -3.84437E-33    -40.6453E-33
            5503     445.562E-06    -445.562E-06    -4.55212E-33    -41.0759E-33
            5504     3.58216E-03    -440.076E-06     1.54509E-18    -3.55503E-03
            5505     7.03529E-03    -423.755E-06     1.71667E-18    -7.02252E-03
            5506     10.3247E-03    -396.999E-06     1.61659E-18    -10.3171E-03
            5507     13.3625E-03    -360.467E-06     1.52459E-18    -13.3576E-03
            5508     16.0723E-03    -315.060E-06     899.928E-21    -16.0692E-03
            5509     18.3871E-03    -261.895E-06     1.61791E-18    -18.3852E-03
            5510     20.2494E-03    -202.281E-06     1.10656E-18    -20.2484E-03
            5511     21.6135E-03    -137.686E-06     1.54004E-18    -21.6131E-03
            5512     22.4457E-03    -69.7013E-06     1.27796E-18    -22.4456E-03
            5513     22.7253E-03    -219.589E-21     360.830E-21    -22.7253E-03
            5514     22.4457E-03     69.7013E-06    -482.996E-21    -22.4456E-03
            5515     21.6135E-03     137.686E-06     754.881E-21    -21.6131E-03
            5516     20.2494E-03     202.281E-06     5.65726E-21    -20.2484E-03
            5517     18.3871E-03     261.895E-06    -743.158E-21    -18.3852E-03
            5518     16.0723E-03     315.060E-06    -376.494E-21    -16.0692E-03
            5519     13.3625E-03     360.467E-06    -1.14235E-18    -13.3576E-03
            5520     10.3247E-03     396.999E-06     167.696E-21    -10.3171E-03
            5521     7.03529E-03     423.755E-06    -933.099E-21    -7.02252E-03
            5522     3.58216E-03     440.076E-06    -188.762E-21    -3.55503E-03
            5523     445.562E-06     445.562E-06    -4.55212E-33    -41.0759E-33
            5524     440.076E-06    -440.076E-06    -5.14778E-33    -40.4951E-33
            5525     3.53830E-03    -434.658E-06    -41.2031E-06    -3.51126E-03
            5526     6.94915E-03    -418.538E-06    -81.3917E-06    -6.93606E-03
            5527     10.1983E-03    -392.111E-06    -119.576E-06    -10.1901E-03
            5528     13.1989E-03    -356.029E-06    -154.816E-06    -13.1932E-03
            5529     15.8756E-03    -311.181E-06    -186.244E-06    -15.8714E-03
            5530     18.1619E-03    -258.670E-06    -213.086E-06    -18.1588E-03
            5531     20.0015E-03    -199.791E-06    -234.681E-06    -19.9991E-03
            5532     21.3489E-03    -135.991E-06    -250.498E-06    -21.3470E-03
            5533     22.1709E-03    -68.8431E-06    -260.146E-06    -22.1692E-03
            5534     22.4471E-03    -936.227E-21    -263.389E-06    -22.4456E-03
            5535     22.1709E-03     68.8431E-06    -260.146E-06    -22.1692E-03
            5536     21.3489E-03     135.991E-06    -250.498E-06    -21.3470E-03
            5537     20.0015E-03     199.791E-06    -234.681E-06    -19.9991E-03
            5538     18.1619E-03     258.670E-06    -213.086E-06    -18.1588E-03
            5539     15.8756E-03     311.181E-06    -186.244E-06    -15.8714E-03
            5540     13.1989E-03     356.029E-06    -154.816E-06    -13.1932E-03
            5541     10.1983E-03     392.111E-06    -119.576E-06    -10.1901E-03
            5542     6.94915E-03     418.538E-06    -81.3917E-06    -6.93606E-03
            5543     3.53830E-03     434.658E-06    -41.2031E-06    -3.51126E-03
            5544     440.076E-06     440.076E-06    -5.14778E-33    -40.4951E-33
            5545     423.755E-06    -423.755E-06    -5.61669E-33    -38.9172E-33
            5546     3.40781E-03    -418.538E-06    -81.3917E-06    -3.38103E-03
            5547     6.69289E-03    -403.015E-06    -160.779E-06    -6.67881E-03
            5548     9.82224E-03    -377.568E-06    -236.208E-06    -9.81214E-03
            5549     12.7122E-03    -342.825E-06    -305.820E-06    -12.7039E-03
            5550     15.2901E-03    -299.640E-06    -367.902E-06    -15.2828E-03
            5551     17.4922E-03    -249.077E-06    -420.925E-06    -17.4854E-03
            5552     19.2639E-03    -192.381E-06    -463.584E-06    -19.2574E-03
            5553     20.5616E-03    -130.947E-06    -494.828E-06    -20.5553E-03
            5554     21.3533E-03    -66.2898E-06    -513.887E-06    -21.3470E-03
            5555     21.6194E-03    -401.244E-21    -520.292E-06    -21.6131E-03
            5556     21.3533E-03     66.2898E-06    -513.887E-06    -21.3470E-03
            5557     20.5616E-03     130.947E-06    -494.828E-06    -20.5553E-03
            5558     19.2639E-03     192.381E-06    -463.584E-06    -19.2574E-03
            5559     17.4922E-03     249.077E-06    -420.925E-06    -17.4854E-03
            5560     15.2901E-03     299.640E-06    -367.902E-06    -15.2828E-03
            5561     12.7122E-03     342.825E-06    -305.820E-06    -12.7039E-03
            5562     9.82224E-03     377.568E-06    -236.208E-06    -9.81214E-03
            5563     6.69289E-03     403.015E-06    -160.779E-06    -6.67881E-03
            5564     3.40781E-03     418.538E-06    -81.3917E-06    -3.38103E-03
            5565     423.755E-06     423.755E-06    -5.61669E-33    -38.9172E-33
            5566     396.999E-06    -396.999E-06    -5.94730E-33    -36.3810E-33
            5567     3.19397E-03    -392.111E-06    -119.576E-06    -3.16755E-03
            5568     6.27294E-03    -377.568E-06    -236.208E-06    -6.25711E-03
            5569     9.20594E-03    -353.728E-06    -347.023E-06    -9.19260E-03
            5570     11.9145E-03    -321.179E-06    -449.294E-06    -11.9017E-03
            5571     14.3308E-03    -280.721E-06    -540.502E-06    -14.3178E-03
            5572     16.3947E-03    -233.350E-06    -618.400E-06    -16.3813E-03
            5573     18.0552E-03    -180.234E-06    -681.072E-06    -18.0415E-03
            5574     19.2715E-03    -122.679E-06    -726.973E-06    -19.2574E-03
            5575     20.0135E-03    -62.1043E-06    -754.974E-06    -19.9991E-03
            5576     20.2629E-03    -758.300E-21    -764.385E-06    -20.2484E-03
            5577     20.0135E-03     62.1043E-06    -754.974E-06    -19.9991E-03
            5578     19.2715E-03     122.679E-06    -726.973E-06    -19.2574E-03
            5579     18.0552E-03     180.234E-06    -681.072E-06    -18.0415E-03
            5580     16.3947E-03     233.350E-06    -618.400E-06    -16.3813E-03
            5581     14.3308E-03     280.721E-06    -540.502E-06    -14.3178E-03
            5582     11.9145E-03     321.179E-06    -449.294E-06    -11.9017E-03
            5583     9.20594E-03     353.728E-06    -347.023E-06    -9.19260E-03
            5584     6.27294E-03     377.568E-06    -236.208E-06    -6.25711E-03
            5585     3.19397E-03     392.111E-06    -119.576E-06    -3.16755E-03
            5586     396.999E-06     396.999E-06    -5.94730E-33    -36.3810E-33
            5587     360.467E-06    -360.467E-06    -6.13146E-33    -32.9490E-33
            5588     2.90216E-03    -356.029E-06    -154.816E-06    -2.87608E-03
            5589     5.69988E-03    -342.825E-06    -305.820E-06    -5.68134E-03
            5590     8.36495E-03    -321.179E-06    -449.294E-06    -8.34670E-03
            5591     10.8261E-03    -291.624E-06    -581.705E-06    -10.8065E-03
            5592     13.0216E-03    -254.889E-06    -699.792E-06    -13.0003E-03
            5593     14.8970E-03    -211.877E-06    -800.648E-06    -14.8739E-03
            5594     16.4059E-03    -163.649E-06    -881.789E-06    -16.3813E-03
            5595     17.5110E-03    -111.391E-06    -941.218E-06    -17.4854E-03
            5596     18.1852E-03    -56.3895E-06    -977.471E-06    -18.1588E-03
            5597     18.4118E-03    -1.18540E-18    -989.655E-06    -18.3852E-03
            5598     18.1852E-03     56.3895E-06    -977.471E-06    -18.1588E-03
            5599     17.5110E-03     111.391E-06    -941.218E-06    -17.4854E-03
            5600     16.4059E-03     163.649E-06    -881.789E-06    -16.3813E-03
            5601     14.8970E-03     211.877E-06    -800.648E-06    -14.8739E-03
            5602     13.0216E-03     254.889E-06    -699.792E-06    -13.0003E-03
            5603     10.8261E-03     291.624E-06    -581.705E-06    -10.8065E-03
            5604     8.36495E-03     321.179E-06    -449.294E-06    -8.34670E-03
            5605     5.69988E-03     342.825E-06    -305.820E-06    -5.68134E-03
            5606     2.90216E-03     356.029E-06    -154.816E-06    -2.87608E-03
            5607     360.467E-06     360.467E-06    -6.13146E-33    -32.9490E-33
            5608     315.060E-06    -315.060E-06    -6.16464E-33    -28.7057E-33
            5609     2.53981E-03    -311.181E-06    -186.244E-06    -2.51378E-03
            5610     4.98829E-03    -299.640E-06    -367.902E-06    -4.96567E-03
            5611     7.32067E-03    -280.721E-06    -540.502E-06    -7.29529E-03
            5612     9.47458E-03    -254.889E-06    -699.792E-06    -9.44527E-03
            5613     11.3960E-03    -222.781E-06    -841.851E-06    -11.3627E-03
            5614     13.0372E-03    -185.188E-06    -963.181E-06    -13.0003E-03
            5615     14.3578E-03    -143.034E-06    -1.06079E-03    -14.3178E-03
            5616     15.3250E-03    -97.3589E-06    -1.13229E-03    -15.2828E-03
            5617     15.9150E-03    -49.2862E-06    -1.17590E-03    -15.8714E-03
            5618     16.1133E-03    -551.320E-21    -1.19056E-03    -16.0692E-03
            5619     15.9150E-03     49.2862E-06    -1.17590E-03    -15.8714E-03
            5620     15.3250E-03     97.3589E-06    -1.13229E-03    -15.2828E-03
            5621     14.3578E-03     143.034E-06    -1.06079E-03    -14.3178E-03
            5622     13.0372E-03     185.188E-06    -963.181E-06    -13.0003E-03
            5623     11.3960E-03     222.781E-06    -841.851E-06    -11.3627E-03
            5624     9.47458E-03     254.889E-06    -699.792E-06    -9.44527E-03
            5625     7.32067E-03     280.721E-06    -540.502E-06    -7.29529E-03
            5626     4.98829E-03     299.640E-06    -367.902E-06    -4.96567E-03
            5627     2.53981E-03     311.181E-06    -186.244E-06    -2.51378E-03
            5628     315.060E-06     315.060E-06    -6.16464E-33    -28.7057E-33
            5629     261.895E-06    -261.895E-06    -6.04604E-33    -23.7555E-33
            5630     2.11630E-03    -258.670E-06    -213.086E-06    -2.08959E-03
            5631     4.15661E-03    -249.077E-06    -420.925E-06    -4.12773E-03
            5632     6.10015E-03    -233.350E-06    -618.400E-06    -6.06423E-03
            5633     7.89498E-03    -211.877E-06    -800.648E-06    -7.85142E-03
            5634     9.49606E-03    -185.188E-06    -963.181E-06    -9.44527E-03
            5635     10.8637E-03    -153.938E-06    -1.10200E-03    -10.8065E-03
            5636     11.9640E-03    -118.898E-06    -1.21368E-03    -11.9017E-03
            5637     12.7700E-03    -80.9300E-06    -1.29548E-03    -12.7039E-03
            5638     13.2617E-03    -40.9694E-06    -1.34537E-03    -13.1932E-03
            5639     13.4269E-03    -602.139E-21    -1.36214E-03    -13.3576E-03
            5640     13.2617E-03     40.9694E-06    -1.34537E-03    -13.1932E-03
            5641     12.7700E-03     80.9300E-06    -1.29548E-03    -12.7039E-03
            5642     11.9640E-03     118.898E-06    -1.21368E-03    -11.9017E-03
            5643     10.8637E-03     153.938E-06    -1.10200E-03    -10.8065E-03
            5644     9.49606E-03     185.188E-06    -963.181E-06    -9.44527E-03
            5645     7.89498E-03     211.877E-06    -800.648E-06    -7.85142E-03
            5646     6.10015E-03     233.350E-06    -618.400E-06    -6.06423E-03
            5647     4.15661E-03     249.077E-06    -420.925E-06    -4.12773E-03
            5648     2.11630E-03     258.670E-06    -213.086E-06    -2.08959E-03
            5649     261.895E-06     261.895E-06    -6.04604E-33    -23.7555E-33
            5650     202.281E-06    -202.281E-06    -5.77856E-33    -18.2204E-33
            5651     1.64311E-03    -199.791E-06    -234.681E-06    -1.61395E-03
            5652     3.22742E-03    -192.381E-06    -463.584E-06    -3.18816E-03
            5653     4.73655E-03    -180.234E-06    -681.072E-06    -4.68386E-03
            5654     6.13019E-03    -163.649E-06    -881.789E-06    -6.06423E-03
            5655     7.37339E-03    -143.034E-06    -1.06079E-03    -7.29529E-03
            5656     8.43532E-03    -118.898E-06    -1.21368E-03    -8.34670E-03
            5657     9.28972E-03    -91.8336E-06    -1.33668E-03    -9.19260E-03
            5658     9.91552E-03    -62.5083E-06    -1.42676E-03    -9.81214E-03
            5659     10.2973E-03    -31.6437E-06    -1.48172E-03    -10.1901E-03
            5660     10.4256E-03    -619.387E-21    -1.50019E-03    -10.3171E-03
            5661     10.2973E-03     31.6437E-06    -1.48172E-03    -10.1901E-03
            5662     9.91552E-03     62.5083E-06    -1.42676E-03    -9.81214E-03
            5663     9.28972E-03     91.8336E-06    -1.33668E-03    -9.19260E-03
            5664     8.43532E-03     118.898E-06    -1.21368E-03    -8.34670E-03
            5665     7.37339E-03     143.034E-06    -1.06079E-03    -7.29529E-03
            5666     6.13019E-03     163.649E-06    -881.789E-06    -6.06423E-03
            5667     4.73655E-03     180.234E-06    -681.072E-06    -4.68386E-03
            5668     3.22742E-03     192.381E-06    -463.584E-06    -3.18816E-03
            5669     1.64311E-03     199.791E-06    -234.681E-06    -1.61395E-03
            5670     202.281E-06     202.281E-06    -5.77856E-33    -18.2204E-33
            5671     137.686E-06    -137.686E-06    -5.36879E-33    -12.2366E-33
            5672     1.13494E-03    -135.991E-06    -250.498E-06    -1.09856E-03
            5673     2.22963E-03    -130.947E-06    -494.828E-06    -2.17008E-03
            5674     3.27229E-03    -122.679E-06    -726.973E-06    -3.18816E-03
            5675     4.23515E-03    -111.391E-06    -941.218E-06    -4.12773E-03
            5676     5.09406E-03    -97.3589E-06    -1.13229E-03    -4.96567E-03
            5677     5.82773E-03    -80.9300E-06    -1.29548E-03    -5.68134E-03
            5678     6.41802E-03    -62.5083E-06    -1.42676E-03    -6.25711E-03
            5679     6.85038E-03    -42.5474E-06    -1.52292E-03    -6.67881E-03
            5680     7.11413E-03    -21.5389E-06    -1.58158E-03    -6.93606E-03
            5681     7.20277E-03    -290.112E-21    -1.60130E-03    -7.02252E-03
            5682     7.11413E-03     21.5389E-06    -1.58158E-03    -6.93606E-03
            5683     6.85038E-03     42.5474E-06    -1.52292E-03    -6.67881E-03
            5684     6.41802E-03     62.5083E-06    -1.42676E-03    -6.25711E-03
            5685     5.82773E-03     80.9300E-06    -1.29548E-03    -5.68134E-03
            5686     5.09406E-03     97.3589E-06    -1.13229E-03    -4.96567E-03
            5687     4.23515E-03     111.391E-06    -941.218E-06    -4.12773E-03
            5688     3.27229E-03     122.679E-06    -726.973E-06    -3.18816E-03
            5689     2.22963E-03     130.947E-06    -494.828E-06    -2.17008E-03
            5690     1.13494E-03     135.991E-06    -250.498E-06    -1.09856E-03
            5691     137.686E-06     137.686E-06    -5.36879E-33    -12.2366E-33
            5692     69.7013E-06    -69.7013E-06    -4.82682E-33    -5.95159E-33
            5693     617.814E-06    -68.8431E-06    -260.146E-06    -556.129E-06
            5694     1.21463E-03    -66.2898E-06    -513.887E-06    -1.09856E-03
            5695     1.78288E-03    -62.1043E-06    -754.974E-06    -1.61395E-03
            5696     2.30760E-03    -56.3895E-06    -977.471E-06    -2.08959E-03
            5697     2.77566E-03    -49.2862E-06    -1.17590E-03    -2.51378E-03
            5698     3.17546E-03    -40.9694E-06    -1.34537E-03    -2.87608E-03
            5699     3.49713E-03    -31.6437E-06    -1.48172E-03    -3.16755E-03
            5700     3.73273E-03    -21.5389E-06    -1.58158E-03    -3.38103E-03
            5701     3.87645E-03    -10.9037E-06    -1.64250E-03    -3.51126E-03
            5702     3.92475E-03    -210.006E-21    -1.66297E-03    -3.55503E-03
            5703     3.87645E-03     10.9037E-06    -1.64250E-03    -3.51126E-03
            5704     3.73273E-03     21.5389E-06    -1.58158E-03    -3.38103E-03
            5705     3.49713E-03     31.6437E-06    -1.48172E-03    -3.16755E-03
            5706     3.17546E-03     40.9694E-06    -1.34537E-03    -2.87608E-03
            5707     2.77566E-03     49.2862E-06    -1.17590E-03    -2.51378E-03
            5708     2.30760E-03     56.3895E-06    -977.471E-06    -2.08959E-03
            5709     1.78288E-03     62.1043E-06    -754.974E-06    -1.61395E-03
            5710     1.21463E-03     66.2898E-06    -513.887E-06    -1.09856E-03
            5711     617.814E-06     68.8431E-06    -260.146E-06    -556.129E-06
            5712     69.7013E-06     69.7013E-06    -4.82682E-33    -5.95159E-33
            5713              0.    -1.09706E-33    -1.28973E-33    -1.09606E-33
            5714     263.389E-06     1.62509E-33    -263.389E-06    -2.89468E-33
            5715     520.292E-06     1.45768E-33    -520.292E-06    -5.23806E-33
            5716     764.385E-06     1.25437E-33    -764.385E-06    -7.45247E-33
            5717     989.655E-06     1.02018E-33    -989.655E-06    -9.48337E-33
            5718     1.19056E-03     760.863E-36    -1.19056E-03    -11.2808E-33
            5719     1.36214E-03     482.814E-36    -1.36214E-03    -12.8004E-33
            5720     1.50019E-03     192.877E-36    -1.50019E-03    -14.0048E-33
            5721     1.60130E-03    -101.809E-36    -1.60130E-03    -14.8644E-33
            5722     1.66297E-03    -393.988E-36    -1.66297E-03    -15.3580E-33
            5723     1.68370E-03    -676.466E-36    -1.68370E-03    -15.4734E-33
            5724     1.66297E-03    -942.287E-36    -1.66297E-03    -15.2078E-33
            5725     1.60130E-03    -1.18491E-33    -1.60130E-03    -14.5677E-33
            5726     1.50019E-03    -1.39835E-33    -1.50019E-03    -13.5690E-33
            5727     1.36214E-03    -1.57736E-33    -1.36214E-03    -12.2361E-33
            5728     1.19056E-03    -1.71753E-33    -1.19056E-03    -10.6019E-33
            5729     989.655E-06    -1.81541E-33    -989.655E-06    -8.70669E-33
            5730     764.385E-06    -1.86859E-33    -764.385E-06    -6.59707E-33
            5731     520.292E-06    -1.87575E-33    -520.292E-06    -4.32502E-33
            5732     263.389E-06    -1.83673E-33    -263.389E-06    -1.94646E-33
            5733              0.     1.09706E-33    -1.28973E-33    -1.09606E-33
            5734              0.    -241.869E-36     2.43113E-33    -1.03893E-33
            5735     357.310E-06     4.44996E-33     357.310E-06    -2.48828E-33
            5736     705.821E-06     4.16805E-33     705.821E-06    -4.47480E-33
            5737     1.03695E-03     3.78351E-33     1.03695E-03    -6.35114E-33
            5738     1.34255E-03     3.30581E-33     1.34255E-03    -8.07110E-33
            5739     1.61509E-03     2.74671E-33     1.61509E-03    -9.59231E-33
            5740     1.84786E-03     2.11997E-33     1.84786E-03    -10.8773E-33
            5741     2.03514E-03     1.44104E-33     2.03514E-03    -11.8945E-33
            5742     2.17229E-03     726.617E-36     2.17229E-03    -12.6188E-33
            5743     2.25597E-03    -5.69432E-36     2.25597E-03    -13.0324E-33
            5744     2.28409E-03    -737.865E-36     2.28409E-03    -13.1251E-33
            5745     2.25597E-03    -1.45187E-33     2.25597E-03    -12.8946E-33
            5746     2.17229E-03    -2.13012E-33     2.17229E-03    -12.3466E-33
            5747     2.03514E-03    -2.75592E-33     2.03514E-03    -11.4946E-33
            5748     1.84786E-03    -3.31386E-33     1.84786E-03    -10.3595E-33
            5749     1.61509E-03    -3.79021E-33     1.61509E-03    -8.96937E-33
            5750     1.34255E-03    -4.17322E-33     1.34255E-03    -7.35837E-33
            5751     1.03695E-03    -4.45348E-33     1.03695E-03    -5.56619E-33
            5752     705.821E-06    -4.62408E-33     705.821E-06    -3.63695E-33
            5753     357.310E-06    -4.68082E-33     357.310E-06    -1.61815E-33
            5754              0.     241.869E-36     2.43113E-33    -1.03893E-33
            5755     5.58747E-06    -5.58747E-06     7.11849E-33    -6.74167E-33
            5756     660.299E-06    -5.51868E-06     352.911E-06    -558.049E-06
            5757     1.30431E-03    -5.31400E-06     697.132E-06    -1.10236E-03
            5758     1.91620E-03    -4.97847E-06     1.02419E-03    -1.61952E-03
            5759     2.48092E-03    -4.52036E-06     1.32602E-03    -2.09681E-03
            5760     2.98455E-03    -3.95094E-06     1.59521E-03    -2.52246E-03
            5761     3.41469E-03    -3.28423E-06     1.82511E-03    -2.88601E-03
            5762     3.76075E-03    -2.53666E-06     2.01008E-03    -3.17849E-03
            5763     4.01421E-03    -1.72662E-06     2.14555E-03    -3.39271E-03
            5764     4.16882E-03    -874.073E-09     2.22819E-03    -3.52338E-03
            5765     4.22079E-03     110.101E-21     2.25597E-03    -3.56730E-03
            5766     4.16882E-03     874.073E-09     2.22819E-03    -3.52338E-03
            5767     4.01421E-03     1.72662E-06     2.14555E-03    -3.39271E-03
            5768     3.76075E-03     2.53666E-06     2.01008E-03    -3.17849E-03
            5769     3.41469E-03     3.28423E-06     1.82511E-03    -2.88601E-03
            5770     2.98455E-03     3.95094E-06     1.59521E-03    -2.52246E-03
            5771     2.48092E-03     4.52036E-06     1.32602E-03    -2.09681E-03
            5772     1.91620E-03     4.97847E-06     1.02419E-03    -1.61952E-03
            5773     1.30431E-03     5.31400E-06     697.132E-06    -1.10236E-03
            5774     660.299E-06     5.51868E-06     352.911E-06    -558.049E-06
            5775     5.58747E-06     5.58747E-06     7.11849E-33    -6.74167E-33
            5776     11.0374E-06    -11.0374E-06     6.74051E-33    -12.8768E-33
            5777     1.15360E-03    -10.9015E-06     339.822E-06    -1.10236E-03
            5778     2.27871E-03    -10.4972E-06     671.276E-06    -2.17757E-03
            5779     3.34774E-03    -9.83436E-06     986.201E-06    -3.19917E-03
            5780     4.33433E-03    -8.92941E-06     1.27684E-03    -4.14199E-03
            5781     5.21421E-03    -7.80459E-06     1.53604E-03    -4.98282E-03
            5782     5.96569E-03    -6.48760E-06     1.75742E-03    -5.70095E-03
            5783     6.57028E-03    -5.01086E-06     1.93553E-03    -6.27872E-03
            5784     7.01309E-03    -3.41073E-06     2.06598E-03    -6.70187E-03
            5785     7.28321E-03    -1.72662E-06     2.14555E-03    -6.96001E-03
            5786     7.37399E-03     57.6961E-21     2.17229E-03    -7.04677E-03
            5787     7.28321E-03     1.72662E-06     2.14555E-03    -6.96001E-03
            5788     7.01309E-03     3.41073E-06     2.06598E-03    -6.70187E-03
            5789     6.57028E-03     5.01086E-06     1.93553E-03    -6.27872E-03
            5790     5.96569E-03     6.48760E-06     1.75742E-03    -5.70095E-03
            5791     5.21421E-03     7.80459E-06     1.53604E-03    -4.98282E-03
            5792     4.33433E-03     8.92941E-06     1.27684E-03    -4.14199E-03
            5793     3.34774E-03     9.83436E-06     986.201E-06    -3.19917E-03
            5794     2.27871E-03     10.4972E-06     671.276E-06    -2.17757E-03
            5795     1.15360E-03     10.9015E-06     339.822E-06    -1.10236E-03
            5796     11.0374E-06     11.0374E-06     6.74051E-33    -12.8768E-33
            5797     16.2155E-06    -16.2155E-06     6.19655E-33    -18.6949E-33
            5798     1.65059E-03    -16.0158E-06     318.365E-06    -1.61952E-03
            5799     3.26043E-03    -15.4218E-06     628.891E-06    -3.19917E-03
            5800     4.79001E-03    -14.4481E-06     923.932E-06    -4.70003E-03
            5801     6.20165E-03    -13.1186E-06     1.19622E-03    -6.08517E-03
            5802     7.46059E-03    -11.4661E-06     1.43906E-03    -7.32048E-03
            5803     8.53583E-03    -9.53122E-06     1.64646E-03    -8.37552E-03
            5804     9.40088E-03    -7.36167E-06     1.81332E-03    -9.22434E-03
            5805     10.0345E-03    -5.01086E-06     1.93553E-03    -9.84602E-03
            5806     10.4210E-03    -2.53666E-06     2.01008E-03    -10.2253E-03
            5807     10.5509E-03     91.7606E-21     2.03514E-03    -10.3527E-03
            5808     10.4210E-03     2.53666E-06     2.01008E-03    -10.2253E-03
            5809     10.0345E-03     5.01086E-06     1.93553E-03    -9.84602E-03
            5810     9.40088E-03     7.36167E-06     1.81332E-03    -9.22434E-03
            5811     8.53583E-03     9.53122E-06     1.64646E-03    -8.37552E-03
            5812     7.46059E-03     11.4661E-06     1.43906E-03    -7.32048E-03
            5813     6.20165E-03     13.1186E-06     1.19622E-03    -6.08517E-03
            5814     4.79001E-03     14.4481E-06     923.932E-06    -4.70003E-03
            5815     3.26043E-03     15.4218E-06     628.891E-06    -3.19917E-03
            5816     1.65059E-03     16.0158E-06     318.365E-06    -1.61952E-03
            5817     16.2155E-06     16.2155E-06     6.19655E-33    -18.6949E-33
            5818     20.9943E-06    -20.9943E-06     5.50001E-33    -24.0527E-33
            5819     2.11674E-03    -20.7358E-06     289.070E-06    -2.09681E-03
            5820     4.18121E-03    -19.9668E-06     571.021E-06    -4.14199E-03
            5821     6.14276E-03    -18.7061E-06     838.913E-06    -6.08517E-03
            5822     7.95306E-03    -16.9848E-06     1.08615E-03    -7.87853E-03
            5823     9.56754E-03    -14.8452E-06     1.30664E-03    -9.47788E-03
            5824     10.9464E-03    -12.3401E-06     1.49495E-03    -10.8439E-03
            5825     12.0558E-03    -9.53122E-06     1.64646E-03    -11.9428E-03
            5826     12.8683E-03    -6.48760E-06     1.75742E-03    -12.7477E-03
            5827     13.3639E-03    -3.28423E-06     1.82511E-03    -13.2387E-03
            5828     13.5305E-03    -88.7147E-21     1.84786E-03    -13.4037E-03
            5829     13.3639E-03     3.28423E-06     1.82511E-03    -13.2387E-03
            5830     12.8683E-03     6.48760E-06     1.75742E-03    -12.7477E-03
            5831     12.0558E-03     9.53122E-06     1.64646E-03    -11.9428E-03
            5832     10.9464E-03     12.3401E-06     1.49495E-03    -10.8439E-03
            5833     9.56754E-03     14.8452E-06     1.30664E-03    -9.47788E-03
            5834     7.95306E-03     16.9848E-06     1.08615E-03    -7.87853E-03
            5835     6.14276E-03     18.7061E-06     838.913E-06    -6.08517E-03
            5836     4.18121E-03     19.9668E-06     571.021E-06    -4.14199E-03
            5837     2.11674E-03     20.7358E-06     289.070E-06    -2.09681E-03
            5838     20.9943E-06     20.9943E-06     5.50001E-33    -24.0527E-33
            5839     25.2562E-06    -25.2562E-06     4.66805E-33    -28.8182E-33
            5840     2.53521E-03    -24.9452E-06     252.656E-06    -2.52246E-03
            5841     5.00781E-03    -24.0201E-06     499.091E-06    -4.98282E-03
            5842     7.35714E-03    -22.5034E-06     733.237E-06    -7.32048E-03
            5843     9.52533E-03    -20.4327E-06     949.328E-06    -9.47788E-03
            5844     11.4590E-03    -17.8588E-06     1.14204E-03    -11.4019E-03
            5845     13.1105E-03    -14.8452E-06     1.30664E-03    -13.0452E-03
            5846     14.4391E-03    -11.4661E-06     1.43906E-03    -14.3672E-03
            5847     15.4123E-03    -7.80459E-06     1.53604E-03    -15.3355E-03
            5848     16.0059E-03    -3.95094E-06     1.59521E-03    -15.9262E-03
            5849     16.2054E-03    -159.660E-21     1.61509E-03    -16.1247E-03
            5850     16.0059E-03     3.95094E-06     1.59521E-03    -15.9262E-03
            5851     15.4123E-03     7.80459E-06     1.53604E-03    -15.3355E-03
            5852     14.4391E-03     11.4661E-06     1.43906E-03    -14.3672E-03
            5853     13.1105E-03     14.8452E-06     1.30664E-03    -13.0452E-03
            5854     11.4590E-03     17.8588E-06     1.14204E-03    -11.4019E-03
            5855     9.52533E-03     20.4327E-06     949.328E-06    -9.47788E-03
            5856     7.35714E-03     22.5034E-06     733.237E-06    -7.32048E-03
            5857     5.00781E-03     24.0201E-06     499.091E-06    -4.98282E-03
            5858     2.53521E-03     24.9452E-06     252.656E-06    -2.52246E-03
            5859     25.2562E-06     25.2562E-06     4.66805E-33    -28.8182E-33
            5860     28.8962E-06    -28.8962E-06     3.72114E-33    -32.8742E-33
            5861     2.89378E-03    -28.5404E-06     210.021E-06    -2.88601E-03
            5862     5.71610E-03    -27.4819E-06     414.871E-06    -5.70095E-03
            5863     8.39771E-03    -25.7467E-06     609.506E-06    -8.37552E-03
            5864     10.8726E-03    -23.3775E-06     789.132E-06    -10.8439E-03
            5865     13.0797E-03    -20.4327E-06     949.328E-06    -13.0452E-03
            5866     14.9648E-03    -16.9848E-06     1.08615E-03    -14.9253E-03
            5867     16.4814E-03    -13.1186E-06     1.19622E-03    -16.4379E-03
            5868     17.5921E-03    -8.92941E-06     1.27684E-03    -17.5457E-03
            5869     18.2697E-03    -4.52036E-06     1.32602E-03    -18.2215E-03
            5870     18.4975E-03    -352.971E-21     1.34255E-03    -18.4487E-03
            5871     18.2697E-03     4.52036E-06     1.32602E-03    -18.2215E-03
            5872     17.5921E-03     8.92941E-06     1.27684E-03    -17.5457E-03
            5873     16.4814E-03     13.1186E-06     1.19622E-03    -16.4379E-03
            5874     14.9648E-03     16.9848E-06     1.08615E-03    -14.9253E-03
            5875     13.0797E-03     20.4327E-06     949.328E-06    -13.0452E-03
            5876     10.8726E-03     23.3775E-06     789.132E-06    -10.8439E-03
            5877     8.39771E-03     25.7467E-06     609.506E-06    -8.37552E-03
            5878     5.71610E-03     27.4819E-06     414.871E-06    -5.70095E-03
            5879     2.89378E-03     28.5404E-06     210.021E-06    -2.88601E-03
            5880     28.8962E-06     28.8962E-06     3.72114E-33    -32.8742E-33
            5881     31.8247E-06    -31.8247E-06     2.68261E-33    -36.1206E-33
            5882     3.18278E-03    -31.4328E-06     162.215E-06    -3.17849E-03
            5883     6.28696E-03    -30.2671E-06     320.436E-06    -6.27872E-03
            5884     9.23639E-03    -28.3560E-06     470.767E-06    -9.22434E-03
            5885     11.9584E-03    -25.7467E-06     609.506E-06    -11.9428E-03
            5886     14.3860E-03    -22.5034E-06     733.237E-06    -14.3672E-03
            5887     16.4593E-03    -18.7061E-06     838.913E-06    -16.4379E-03
            5888     18.1273E-03    -14.4481E-06     923.932E-06    -18.1038E-03
            5889     19.3490E-03    -9.83436E-06     986.201E-06    -19.3239E-03
            5890     20.0943E-03    -4.97847E-06     1.02419E-03    -20.0682E-03
            5891     20.3448E-03    -367.247E-21     1.03695E-03    -20.3183E-03
            5892     20.0943E-03     4.97847E-06     1.02419E-03    -20.0682E-03
            5893     19.3490E-03     9.83436E-06     986.201E-06    -19.3239E-03
            5894     18.1273E-03     14.4481E-06     923.932E-06    -18.1038E-03
            5895     16.4593E-03     18.7061E-06     838.913E-06    -16.4379E-03
            5896     14.3860E-03     22.5034E-06     733.237E-06    -14.3672E-03
            5897     11.9584E-03     25.7467E-06     609.506E-06    -11.9428E-03
            5898     9.23639E-03     28.3560E-06     470.767E-06    -9.22434E-03
            5899     6.28696E-03     30.2671E-06     320.436E-06    -6.27872E-03
            5900     3.18278E-03     31.4328E-06     162.215E-06    -3.17849E-03
            5901     31.8247E-06     31.8247E-06     2.68261E-33    -36.1206E-33
            5902     33.9695E-06    -33.9695E-06     1.57802E-33    -38.4776E-33
            5903     3.39467E-03    -33.5513E-06     110.415E-06    -3.39271E-03
            5904     6.70550E-03    -32.3069E-06     218.111E-06    -6.70187E-03
            5905     9.85128E-03    -30.2671E-06     320.436E-06    -9.84602E-03
            5906     12.7545E-03    -27.4819E-06     414.871E-06    -12.7477E-03
            5907     15.3437E-03    -24.0201E-06     499.091E-06    -15.3355E-03
            5908     17.5550E-03    -19.9668E-06     571.021E-06    -17.5457E-03
            5909     19.3341E-03    -15.4218E-06     628.891E-06    -19.3239E-03
            5910     20.6372E-03    -10.4972E-06     671.276E-06    -20.6262E-03
            5911     21.4320E-03    -5.31400E-06     697.132E-06    -21.4207E-03
            5912     21.6992E-03    -499.072E-21     705.821E-06    -21.6877E-03
            5913     21.4320E-03     5.31400E-06     697.132E-06    -21.4207E-03
            5914     20.6372E-03     10.4972E-06     671.276E-06    -20.6262E-03
            5915     19.3341E-03     15.4218E-06     628.891E-06    -19.3239E-03
            5916     17.5550E-03     19.9668E-06     571.021E-06    -17.5457E-03
            5917     15.3437E-03     24.0201E-06     499.091E-06    -15.3355E-03
            5918     12.7545E-03     27.4819E-06     414.871E-06    -12.7477E-03
            5919     9.85128E-03     30.2671E-06     320.436E-06    -9.84602E-03
            5920     6.70550E-03     32.3069E-06     218.111E-06    -6.70187E-03
            5921     3.39467E-03     33.5513E-06     110.415E-06    -3.39271E-03
            5922     33.9695E-06     33.9695E-06     1.57802E-33    -38.4776E-33
            5923     35.2779E-06    -35.2779E-06     434.571E-36    -39.8872E-33
            5924     3.52400E-03    -34.8436E-06     55.8956E-06    -3.52338E-03
            5925     6.96097E-03    -33.5513E-06     110.415E-06    -6.96001E-03
            5926     10.2266E-03    -31.4328E-06     162.215E-06    -10.2253E-03
            5927     13.2404E-03    -28.5404E-06     210.021E-06    -13.2387E-03
            5928     15.9282E-03    -24.9452E-06     252.656E-06    -15.9262E-03
            5929     18.2238E-03    -20.7358E-06     289.070E-06    -18.2215E-03
            5930     20.0707E-03    -16.0158E-06     318.365E-06    -20.0682E-03
            5931     21.4234E-03    -10.9015E-06     339.822E-06    -21.4207E-03
            5932     22.2486E-03    -5.51868E-06     352.911E-06    -22.2458E-03
            5933     22.5259E-03    -439.148E-21     357.310E-06    -22.5231E-03
            5934     22.2486E-03     5.51868E-06     352.911E-06    -22.2458E-03
            5935     21.4234E-03     10.9015E-06     339.822E-06    -21.4207E-03
            5936     20.0707E-03     16.0158E-06     318.365E-06    -20.0682E-03
            5937     18.2238E-03     20.7358E-06     289.070E-06    -18.2215E-03
            5938     15.9282E-03     24.9452E-06     252.656E-06    -15.9262E-03
            5939     13.2404E-03     28.5404E-06     210.021E-06    -13.2387E-03
            5940     10.2266E-03     31.4328E-06     162.215E-06    -10.2253E-03
            5941     6.96097E-03     33.5513E-06     110.415E-06    -6.96001E-03
            5942     3.52400E-03     34.8436E-06     55.8956E-06    -3.52338E-03
            5943     35.2779E-06     35.2779E-06     434.571E-36    -39.8872E-33
            5944     35.7177E-06    -35.7177E-06    -719.575E-36    -40.3147E-33
            5945     3.56748E-03    -35.2779E-06     1.10649E-18    -3.56730E-03
            5946     7.04685E-03    -33.9695E-06     1.57419E-18    -7.04677E-03
            5947     10.3528E-03    -31.8247E-06     1.41572E-18    -10.3527E-03
            5948     13.4038E-03    -28.8962E-06     1.78033E-18    -13.4037E-03
            5949     16.1248E-03    -25.2562E-06     517.472E-21    -16.1247E-03
            5950     18.4487E-03    -20.9943E-06     1.84855E-18    -18.4487E-03
            5951     20.3184E-03    -16.2155E-06     1.33556E-18    -20.3183E-03
            5952     21.6877E-03    -11.0374E-06     2.42414E-18    -21.6877E-03
            5953     22.5231E-03    -5.58747E-06     1.96798E-18    -22.5231E-03
            5954     22.8038E-03    -807.360E-21     715.695E-21    -22.8038E-03
            5955     22.5231E-03     5.58747E-06     116.149E-21    -22.5231E-03
            5956     21.6877E-03     11.0374E-06     767.555E-21    -21.6877E-03
            5957     20.3184E-03     16.2155E-06     1.12454E-18    -20.3183E-03
            5958     18.4487E-03     20.9943E-06    -375.354E-21    -18.4487E-03
            5959     16.1248E-03     25.2562E-06     165.330E-21    -16.1247E-03
            5960     13.4038E-03     28.8962E-06    -32.0446E-21    -13.4037E-03
            5961     10.3528E-03     31.8247E-06    -62.8672E-21    -10.3527E-03
            5962     7.04685E-03     33.9695E-06    -298.792E-21    -7.04677E-03
            5963     3.56748E-03     35.2779E-06     114.738E-21    -3.56730E-03
            5964     35.7177E-06     35.7177E-06    -719.575E-36    -40.3147E-33
            5965     35.2779E-06    -35.2779E-06    -1.85600E-33    -39.7494E-33
            5966     3.52400E-03    -34.8436E-06    -55.8956E-06    -3.52338E-03
            5967     6.96097E-03    -33.5513E-06    -110.415E-06    -6.96001E-03
            5968     10.2266E-03    -31.4328E-06    -162.215E-06    -10.2253E-03
            5969     13.2404E-03    -28.5404E-06    -210.021E-06    -13.2387E-03
            5970     15.9282E-03    -24.9452E-06    -252.656E-06    -15.9262E-03
            5971     18.2238E-03    -20.7358E-06    -289.070E-06    -18.2215E-03
            5972     20.0707E-03    -16.0158E-06    -318.365E-06    -20.0682E-03
            5973     21.4234E-03    -10.9015E-06    -339.822E-06    -21.4207E-03
            5974     22.2486E-03    -5.51868E-06    -352.911E-06    -22.2458E-03
            5975     22.5259E-03    -573.667E-21    -357.310E-06    -22.5231E-03
            5976     22.2486E-03     5.51868E-06    -352.911E-06    -22.2458E-03
            5977     21.4234E-03     10.9015E-06    -339.822E-06    -21.4207E-03
            5978     20.0707E-03     16.0158E-06    -318.365E-06    -20.0682E-03
            5979     18.2238E-03     20.7358E-06    -289.070E-06    -18.2215E-03
            5980     15.9282E-03     24.9452E-06    -252.656E-06    -15.9262E-03
            5981     13.2404E-03     28.5404E-06    -210.021E-06    -13.2387E-03
            5982     10.2266E-03     31.4328E-06    -162.215E-06    -10.2253E-03
            5983     6.96097E-03     33.5513E-06    -110.415E-06    -6.96001E-03
            5984     3.52400E-03     34.8436E-06    -55.8956E-06    -3.52338E-03
            5985     35.2779E-06     35.2779E-06    -1.85600E-33    -39.7494E-33
            5986     33.9695E-06    -33.9695E-06    -2.94673E-33    -38.2054E-33
            5987     3.39467E-03    -33.5513E-06    -110.415E-06    -3.39271E-03
            5988     6.70550E-03    -32.3069E-06    -218.111E-06    -6.70187E-03
            5989     9.85128E-03    -30.2671E-06    -320.436E-06    -9.84602E-03
            5990     12.7545E-03    -27.4819E-06    -414.871E-06    -12.7477E-03
            5991     15.3437E-03    -24.0201E-06    -499.091E-06    -15.3355E-03
            5992     17.5550E-03    -19.9668E-06    -571.021E-06    -17.5457E-03
            5993     19.3341E-03    -15.4218E-06    -628.891E-06    -19.3239E-03
            5994     20.6372E-03    -10.4972E-06    -671.276E-06    -20.6262E-03
            5995     21.4320E-03    -5.31400E-06    -697.132E-06    -21.4207E-03
            5996     21.6992E-03    -616.154E-21    -705.821E-06    -21.6877E-03
            5997     21.4320E-03     5.31400E-06    -697.132E-06    -21.4207E-03
            5998     20.6372E-03     10.4972E-06    -671.276E-06    -20.6262E-03
            5999     19.3341E-03     15.4218E-06    -628.891E-06    -19.3239E-03
            6000     17.5550E-03     19.9668E-06    -571.021E-06    -17.5457E-03
            6001     15.3437E-03     24.0201E-06    -499.091E-06    -15.3355E-03
            6002     12.7545E-03     27.4819E-06    -414.871E-06    -12.7477E-03
            6003     9.85128E-03     30.2671E-06    -320.436E-06    -9.84602E-03
            6004     6.70550E-03     32.3069E-06    -218.111E-06    -6.70187E-03
            6005     3.39467E-03     33.5513E-06    -110.415E-06    -3.39271E-03
            6006     33.9695E-06     33.9695E-06    -2.94673E-33    -38.2054E-33
            6007     31.8247E-06    -31.8247E-06    -3.96490E-33    -35.7207E-33
            6008     3.18278E-03    -31.4328E-06    -162.215E-06    -3.17849E-03
            6009     6.28696E-03    -30.2671E-06    -320.436E-06    -6.27872E-03
            6010     9.23639E-03    -28.3560E-06    -470.767E-06    -9.22434E-03
            6011     11.9584E-03    -25.7467E-06    -609.506E-06    -11.9428E-03
            6012     14.3860E-03    -22.5034E-06    -733.237E-06    -14.3672E-03
            6013     16.4593E-03    -18.7061E-06    -838.913E-06    -16.4379E-03
            6014     18.1273E-03    -14.4481E-06    -923.932E-06    -18.1038E-03
            6015     19.3490E-03    -9.83436E-06    -986.201E-06    -19.3239E-03
            6016     20.0943E-03    -4.97847E-06    -1.02419E-03    -20.0682E-03
            6017     20.3448E-03    -504.141E-21    -1.03695E-03    -20.3183E-03
            6018     20.0943E-03     4.97847E-06    -1.02419E-03    -20.0682E-03
            6019     19.3490E-03     9.83436E-06    -986.201E-06    -19.3239E-03
            6020     18.1273E-03     14.4481E-06    -923.932E-06    -18.1038E-03
            6021     16.4593E-03     18.7061E-06    -838.913E-06    -16.4379E-03
            6022     14.3860E-03     22.5034E-06    -733.237E-06    -14.3672E-03
            6023     11.9584E-03     25.7467E-06    -609.506E-06    -11.9428E-03
            6024     9.23639E-03     28.3560E-06    -470.767E-06    -9.22434E-03
            6025     6.28696E-03     30.2671E-06    -320.436E-06    -6.27872E-03
            6026     3.18278E-03     31.4328E-06    -162.215E-06    -3.17849E-03
            6027     31.8247E-06     31.8247E-06    -3.96490E-33    -35.7207E-33
            6028     28.8962E-06    -28.8962E-06    -4.88544E-33    -32.3563E-33
            6029     2.89378E-03    -28.5404E-06    -210.021E-06    -2.88601E-03
            6030     5.71610E-03    -27.4819E-06    -414.871E-06    -5.70095E-03
            6031     8.39771E-03    -25.7467E-06    -609.506E-06    -8.37552E-03
            6032     10.8726E-03    -23.3775E-06    -789.132E-06    -10.8439E-03
            6033     13.0797E-03    -20.4327E-06    -949.328E-06    -13.0452E-03
            6034     14.9648E-03    -16.9848E-06    -1.08615E-03    -14.9253E-03
            6035     16.4814E-03    -13.1186E-06    -1.19622E-03    -16.4379E-03
            6036     17.5921E-03    -8.92941E-06    -1.27684E-03    -17.5457E-03
            6037     18.2697E-03    -4.52036E-06    -1.32602E-03    -18.2215E-03
            6038     18.4975E-03    -812.022E-21    -1.34255E-03    -18.4487E-03
            6039     18.2697E-03     4.52036E-06    -1.32602E-03    -18.2215E-03
            6040     17.5921E-03     8.92941E-06    -1.27684E-03    -17.5457E-03
            6041     16.4814E-03     13.1186E-06    -1.19622E-03    -16.4379E-03
            6042     14.9648E-03     16.9848E-06    -1.08615E-03    -14.9253E-03
            6043     13.0797E-03     20.4327E-06    -949.328E-06    -13.0452E-03
            6044     10.8726E-03     23.3775E-06    -789.132E-06    -10.8439E-03
            6045     8.39771E-03     25.7467E-06    -609.506E-06    -8.37552E-03
            6046     5.71610E-03     27.4819E-06    -414.871E-06    -5.70095E-03
            6047     2.89378E-03     28.5404E-06    -210.021E-06    -2.88601E-03
            6048     28.8962E-06     28.8962E-06    -4.88544E-33    -32.3563E-33
            6049     25.2562E-06    -25.2562E-06    -5.68568E-33    -28.1953E-33
            6050     2.53521E-03    -24.9452E-06    -252.656E-06    -2.52246E-03
            6051     5.00781E-03    -24.0201E-06    -499.091E-06    -4.98282E-03
            6052     7.35714E-03    -22.5034E-06    -733.237E-06    -7.32048E-03
            6053     9.52533E-03    -20.4327E-06    -949.328E-06    -9.47788E-03
            6054     11.4590E-03    -17.8588E-06    -1.14204E-03    -11.4019E-03
            6055     13.1105E-03    -14.8452E-06    -1.30664E-03    -13.0452E-03
            6056     14.4391E-03    -11.4661E-06    -1.43906E-03    -14.3672E-03
            6057     15.4123E-03    -7.80459E-06    -1.53604E-03    -15.3355E-03
            6058     16.0059E-03    -3.95094E-06    -1.59521E-03    -15.9262E-03
            6059     16.2054E-03    -635.288E-21    -1.61509E-03    -16.1247E-03
            6060     16.0059E-03     3.95094E-06    -1.59521E-03    -15.9262E-03
            6061     15.4123E-03     7.80459E-06    -1.53604E-03    -15.3355E-03
            6062     14.4391E-03     11.4661E-06    -1.43906E-03    -14.3672E-03
            6063     13.1105E-03     14.8452E-06    -1.30664E-03    -13.0452E-03
            6064     11.4590E-03     17.8588E-06    -1.14204E-03    -11.4019E-03
            6065     9.52533E-03     20.4327E-06    -949.328E-06    -9.47788E-03
            6066     7.35714E-03     22.5034E-06    -733.237E-06    -7.32048E-03
            6067     5.00781E-03     24.0201E-06    -499.091E-06    -4.98282E-03
            6068     2.53521E-03     24.9452E-06    -252.656E-06    -2.52246E-03
            6069     25.2562E-06     25.2562E-06    -5.68568E-33    -28.1953E-33
            6070     20.9943E-06    -20.9943E-06    -6.34592E-33    -23.3400E-33
            6071     2.11674E-03    -20.7358E-06    -289.070E-06    -2.09681E-03
            6072     4.18121E-03    -19.9668E-06    -571.021E-06    -4.14199E-03
            6073     6.14276E-03    -18.7061E-06    -838.913E-06    -6.08517E-03
            6074     7.95306E-03    -16.9848E-06    -1.08615E-03    -7.87853E-03
            6075     9.56754E-03    -14.8452E-06    -1.30664E-03    -9.47788E-03
            6076     10.9464E-03    -12.3401E-06    -1.49495E-03    -10.8439E-03
            6077     12.0558E-03    -9.53122E-06    -1.64646E-03    -11.9428E-03
            6078     12.8683E-03    -6.48760E-06    -1.75742E-03    -12.7477E-03
            6079     13.3639E-03    -3.28423E-06    -1.82511E-03    -13.2387E-03
            6080     13.5305E-03    -514.196E-21    -1.84786E-03    -13.4037E-03
            6081     13.3639E-03     3.28423E-06    -1.82511E-03    -13.2387E-03
            6082     12.8683E-03     6.48760E-06    -1.75742E-03    -12.7477E-03
            6083     12.0558E-03     9.53122E-06    -1.64646E-03    -11.9428E-03
            6084     10.9464E-03     12.3401E-06    -1.49495E-03    -10.8439E-03
            6085     9.56754E-03     14.8452E-06    -1.30664E-03    -9.47788E-03
            6086     7.95306E-03     16.9848E-06    -1.08615E-03    -7.87853E-03
            6087     6.14276E-03     18.7061E-06    -838.913E-06    -6.08517E-03
            6088     4.18121E-03     19.9668E-06    -571.021E-06    -4.14199E-03
            6089     2.11674E-03     20.7358E-06    -289.070E-06    -2.09681E-03
            6090     20.9943E-06     20.9943E-06    -6.34592E-33    -23.3400E-33
            6091     16.2155E-06    -16.2155E-06    -6.84991E-33    -17.9100E-33
            6092     1.65059E-03    -16.0158E-06    -318.365E-06    -1.61952E-03
            6093     3.26043E-03    -15.4218E-06    -628.891E-06    -3.19917E-03
            6094     4.79001E-03    -14.4481E-06    -923.932E-06    -4.70003E-03
            6095     6.20165E-03    -13.1186E-06    -1.19622E-03    -6.08517E-03
            6096     7.46059E-03    -11.4661E-06    -1.43906E-03    -7.32048E-03
            6097     8.53583E-03    -9.53122E-06    -1.64646E-03    -8.37552E-03
            6098     9.40088E-03    -7.36167E-06    -1.81332E-03    -9.22434E-03
            6099     10.0345E-03    -5.01086E-06    -1.93553E-03    -9.84602E-03
            6100     10.4210E-03    -2.53666E-06    -2.01008E-03    -10.2253E-03
            6101     10.5509E-03    -536.531E-21    -2.03514E-03    -10.3527E-03
            6102     10.4210E-03     2.53666E-06    -2.01008E-03    -10.2253E-03
            6103     10.0345E-03     5.01086E-06    -1.93553E-03    -9.84602E-03
            6104     9.40088E-03     7.36167E-06    -1.81332E-03    -9.22434E-03
            6105     8.53583E-03     9.53122E-06    -1.64646E-03    -8.37552E-03
            6106     7.46059E-03     11.4661E-06    -1.43906E-03    -7.32048E-03
            6107     6.20165E-03     13.1186E-06    -1.19622E-03    -6.08517E-03
            6108     4.79001E-03     14.4481E-06    -923.932E-06    -4.70003E-03
            6109     3.26043E-03     15.4218E-06    -628.891E-06    -3.19917E-03
            6110     1.65059E-03     16.0158E-06    -318.365E-06    -1.61952E-03
            6111     16.2155E-06     16.2155E-06    -6.84991E-33    -17.9100E-33
            6112     11.0374E-06    -11.0374E-06    -7.18523E-33    -12.0390E-33
            6113     1.15360E-03    -10.9015E-06    -339.822E-06    -1.10236E-03
            6114     2.27871E-03    -10.4972E-06    -671.276E-06    -2.17757E-03
            6115     3.34774E-03    -9.83436E-06    -986.201E-06    -3.19917E-03
            6116     4.33433E-03    -8.92941E-06    -1.27684E-03    -4.14199E-03
            6117     5.21421E-03    -7.80459E-06    -1.53604E-03    -4.98282E-03
            6118     5.96569E-03    -6.48760E-06    -1.75742E-03    -5.70095E-03
            6119     6.57028E-03    -5.01086E-06    -1.93553E-03    -6.27872E-03
            6120     7.01309E-03    -3.41073E-06    -2.06598E-03    -6.70187E-03
            6121     7.28321E-03    -1.72662E-06    -2.14555E-03    -6.96001E-03
            6122     7.37399E-03    -242.890E-21    -2.17229E-03    -7.04677E-03
            6123     7.28321E-03     1.72662E-06    -2.14555E-03    -6.96001E-03
            6124     7.01309E-03     3.41073E-06    -2.06598E-03    -6.70187E-03
            6125     6.57028E-03     5.01086E-06    -1.93553E-03    -6.27872E-03
            6126     5.96569E-03     6.48760E-06    -1.75742E-03    -5.70095E-03
            6127     5.21421E-03     7.80459E-06    -1.53604E-03    -4.98282E-03
            6128     4.33433E-03     8.92941E-06    -1.27684E-03    -4.14199E-03
            6129     3.34774E-03     9.83436E-06    -986.201E-06    -3.19917E-03
            6130     2.27871E-03     10.4972E-06    -671.276E-06    -2.17757E-03
            6131     1.15360E-03     10.9015E-06    -339.822E-06    -1.10236E-03
            6132     11.0374E-06     11.0374E-06    -7.18523E-33    -12.0390E-33
            6133     5.58747E-06    -5.58747E-06    -7.34362E-33    -5.87154E-33
            6134     660.299E-06    -5.51868E-06    -352.911E-06    -558.049E-06
            6135     1.30431E-03    -5.31400E-06    -697.132E-06    -1.10236E-03
            6136     1.91620E-03    -4.97847E-06    -1.02419E-03    -1.61952E-03
            6137     2.48092E-03    -4.52036E-06    -1.32602E-03    -2.09681E-03
            6138     2.98455E-03    -3.95094E-06    -1.59521E-03    -2.52246E-03
            6139     3.41469E-03    -3.28423E-06    -1.82511E-03    -2.88601E-03
            6140     3.76075E-03    -2.53666E-06    -2.01008E-03    -3.17849E-03
            6141     4.01421E-03    -1.72662E-06    -2.14555E-03    -3.39271E-03
            6142     4.16882E-03    -874.073E-09    -2.22819E-03    -3.52338E-03
            6143     4.22079E-03    -170.455E-21    -2.25597E-03    -3.56730E-03
            6144     4.16882E-03     874.073E-09    -2.22819E-03    -3.52338E-03
            6145     4.01421E-03     1.72662E-06    -2.14555E-03    -3.39271E-03
            6146     3.76075E-03     2.53666E-06    -2.01008E-03    -3.17849E-03
            6147     3.41469E-03     3.28423E-06    -1.82511E-03    -2.88601E-03
            6148     2.98455E-03     3.95094E-06    -1.59521E-03    -2.52246E-03
            6149     2.48092E-03     4.52036E-06    -1.32602E-03    -2.09681E-03
            6150     1.91620E-03     4.97847E-06    -1.02419E-03    -1.61952E-03
            6151     1.30431E-03     5.31400E-06    -697.132E-06    -1.10236E-03
            6152     660.299E-06     5.51868E-06    -352.911E-06    -558.049E-06
            6153     5.58747E-06     5.58747E-06    -7.34362E-33    -5.87154E-33
            6154              0.    -241.869E-36    -2.43113E-33    -1.03893E-33
            6155     357.310E-06     4.44996E-33    -357.310E-06    -2.48828E-33
            6156     705.821E-06     4.16805E-33    -705.821E-06    -4.47480E-33
            6157     1.03695E-03     3.78351E-33    -1.03695E-03    -6.35114E-33
            6158     1.34255E-03     3.30581E-33    -1.34255E-03    -8.07110E-33
            6159     1.61509E-03     2.74671E-33    -1.61509E-03    -9.59231E-33
            6160     1.84786E-03     2.11997E-33    -1.84786E-03    -10.8773E-33
            6161     2.03514E-03     1.44104E-33    -2.03514E-03    -11.8945E-33
            6162     2.17229E-03     726.617E-36    -2.17229E-03    -12.6188E-33
            6163     2.25597E-03    -5.69432E-36    -2.25597E-03    -13.0324E-33
            6164     2.28409E-03    -737.865E-36    -2.28409E-03    -13.1251E-33
            6165     2.25597E-03    -1.45187E-33    -2.25597E-03    -12.8946E-33
            6166     2.17229E-03    -2.13012E-33    -2.17229E-03    -12.3466E-33
            6167     2.03514E-03    -2.75592E-33    -2.03514E-03    -11.4946E-33
            6168     1.84786E-03    -3.31386E-33    -1.84786E-03    -10.3595E-33
            6169     1.61509E-03    -3.79021E-33    -1.61509E-03    -8.96937E-33
            6170     1.34255E-03    -4.17322E-33    -1.34255E-03    -7.35837E-33
            6171     1.03695E-03    -4.45348E-33    -1.03695E-03    -5.56619E-33
            6172     705.821E-06    -4.62408E-33    -705.821E-06    -3.63695E-33
            6173     357.310E-06    -4.68082E-33    -357.310E-06    -1.61815E-33
            6174              0.     241.869E-36    -2.43113E-33    -1.03893E-33
            6175              0.     952.115E-36     3.54266E-33    -873.729E-36
            6176     456.084E-06     7.69321E-33     456.084E-06    -2.09486E-33
            6177     900.938E-06     7.11023E-33     900.938E-06    -3.62348E-33
            6178     1.32361E-03     6.35218E-33     1.32361E-03    -5.06287E-33
            6179     1.71369E-03     5.43771E-33     1.71369E-03    -6.37760E-33
            6180     2.06157E-03     4.38935E-33     2.06157E-03    -7.53530E-33
            6181     2.35869E-03     3.23291E-33     2.35869E-03    -8.50745E-33
            6182     2.59773E-03     1.99687E-33     2.59773E-03    -9.27012E-33
            6183     2.77280E-03     711.652E-36     2.77280E-03    -9.80453E-33
            6184     2.87960E-03    -591.086E-36     2.87960E-03    -10.0975E-33
            6185     2.91550E-03    -1.87927E-33     2.91550E-03    -10.1419E-33
            6186     2.87960E-03    -3.12118E-33     2.87960E-03    -9.93649E-33
            6187     2.77280E-03    -4.28624E-33     2.77280E-03    -9.48645E-33
            6188     2.59773E-03    -5.34575E-33     2.59773E-03    -8.80282E-33
            6189     2.35869E-03    -6.27363E-33     2.35869E-03    -7.90243E-33
            6190     2.06157E-03    -7.04704E-33     2.06157E-03    -6.80746E-33
            6191     1.71369E-03    -7.64693E-33     1.71369E-03    -5.54487E-33
            6192     1.32361E-03    -8.05852E-33     1.32361E-03    -4.14575E-33
            6193     900.938E-06    -8.27168E-33     900.938E-06    -2.64454E-33
            6194     456.084E-06    -8.28117E-33     456.084E-06    -1.07822E-33
            6195              0.    -952.115E-36     3.54266E-33    -873.729E-36
            6196     59.3922E-06     59.3922E-06     10.4360E-33    -6.26222E-33
            6197     720.766E-06     58.6610E-06     450.469E-06    -559.590E-06
            6198     1.42019E-03     56.4853E-06     889.846E-06    -1.10540E-03
            6199     2.08548E-03     52.9188E-06     1.30731E-03    -1.62399E-03
            6200     2.69964E-03     48.0493E-06     1.69259E-03    -2.10260E-03
            6201     3.24743E-03     41.9966E-06     2.03619E-03    -2.52943E-03
            6202     3.71532E-03     34.9098E-06     2.32965E-03    -2.89398E-03
            6203     4.09175E-03     26.9635E-06     2.56574E-03    -3.18727E-03
            6204     4.36746E-03     18.3532E-06     2.73866E-03    -3.40207E-03
            6205     4.53565E-03     9.29098E-06     2.84415E-03    -3.53311E-03
            6206     4.59218E-03     85.4788E-21     2.87960E-03    -3.57715E-03
            6207     4.53565E-03    -9.29098E-06     2.84415E-03    -3.53311E-03
            6208     4.36746E-03    -18.3532E-06     2.73866E-03    -3.40207E-03
            6209     4.09175E-03    -26.9635E-06     2.56574E-03    -3.18727E-03
            6210     3.71532E-03    -34.9098E-06     2.32965E-03    -2.89398E-03
            6211     3.24743E-03    -41.9966E-06     2.03619E-03    -2.52943E-03
            6212     2.69964E-03    -48.0493E-06     1.69259E-03    -2.10260E-03
            6213     2.08548E-03    -52.9188E-06     1.30731E-03    -1.62399E-03
            6214     1.42019E-03    -56.4853E-06     889.846E-06    -1.10540E-03
            6215     720.766E-06    -58.6610E-06     450.469E-06    -559.590E-06
            6216     59.3922E-06    -59.3922E-06     10.4360E-33    -6.26222E-33
            6217     117.322E-06     117.322E-06     9.92018E-33    -11.8556E-33
            6218     1.19310E-03     115.877E-06     433.762E-06    -1.10540E-03
            6219     2.34833E-03     111.580E-06     856.843E-06    -2.18358E-03
            6220     3.44773E-03     104.535E-06     1.25883E-03    -3.20800E-03
            6221     4.46276E-03     94.9154E-06     1.62981E-03    -4.15342E-03
            6222     5.36813E-03     82.9591E-06     1.96067E-03    -4.99657E-03
            6223     6.14146E-03     68.9601E-06     2.24324E-03    -5.71669E-03
            6224     6.76364E-03     53.2630E-06     2.47059E-03    -6.29605E-03
            6225     7.21935E-03     36.2545E-06     2.63709E-03    -6.72038E-03
            6226     7.49735E-03     18.3532E-06     2.73866E-03    -6.97923E-03
            6227     7.59078E-03     61.4712E-21     2.77280E-03    -7.06622E-03
            6228     7.49735E-03    -18.3532E-06     2.73866E-03    -6.97923E-03
            6229     7.21935E-03    -36.2545E-06     2.63709E-03    -6.72038E-03
            6230     6.76364E-03    -53.2630E-06     2.47059E-03    -6.29605E-03
            6231     6.14146E-03    -68.9601E-06     2.24324E-03    -5.71669E-03
            6232     5.36813E-03    -82.9591E-06     1.96067E-03    -4.99657E-03
            6233     4.46276E-03    -94.9154E-06     1.62981E-03    -4.15342E-03
            6234     3.44773E-03    -104.535E-06     1.25883E-03    -3.20800E-03
            6235     2.34833E-03    -111.580E-06     856.843E-06    -2.18358E-03
            6236     1.19310E-03    -115.877E-06     433.762E-06    -1.10540E-03
            6237     117.322E-06    -117.322E-06     9.92018E-33    -11.8556E-33
            6238     172.363E-06     172.363E-06     9.16013E-33    -17.1570E-33
            6239     1.68270E-03     170.241E-06     406.374E-06    -1.62399E-03
            6240     3.31097E-03     163.927E-06     802.742E-06    -3.20800E-03
            6241     4.86075E-03     153.576E-06     1.17934E-03    -4.71301E-03
            6242     6.29166E-03     139.444E-06     1.52691E-03    -6.10197E-03
            6243     7.56800E-03     121.879E-06     1.83687E-03    -7.34069E-03
            6244     8.65819E-03     101.312E-06     2.10161E-03    -8.39865E-03
            6245     9.53532E-03     78.2511E-06     2.31459E-03    -9.24981E-03
            6246     10.1778E-03     53.2630E-06     2.47059E-03    -9.87320E-03
            6247     10.5697E-03     26.9635E-06     2.56574E-03    -10.2535E-03
            6248     10.7014E-03     122.803E-21     2.59773E-03    -10.3813E-03
            6249     10.5697E-03    -26.9635E-06     2.56574E-03    -10.2535E-03
            6250     10.1778E-03    -53.2630E-06     2.47059E-03    -9.87320E-03
            6251     9.53532E-03    -78.2511E-06     2.31459E-03    -9.24981E-03
            6252     8.65819E-03    -101.312E-06     2.10161E-03    -8.39865E-03
            6253     7.56800E-03    -121.879E-06     1.83687E-03    -7.34069E-03
            6254     6.29166E-03    -139.444E-06     1.52691E-03    -6.10197E-03
            6255     4.86075E-03    -153.576E-06     1.17934E-03    -4.71301E-03
            6256     3.31097E-03    -163.927E-06     802.742E-06    -3.20800E-03
            6257     1.68270E-03    -170.241E-06     406.374E-06    -1.62399E-03
            6258     172.363E-06    -172.363E-06     9.16013E-33    -17.1570E-33
            6259     223.160E-06     223.160E-06     8.17453E-33    -22.0360E-33
            6260     2.14608E-03     220.412E-06     368.980E-06    -2.10260E-03
            6261     4.22223E-03     212.237E-06     728.874E-06    -4.15342E-03
            6262     6.19841E-03     198.837E-06     1.07082E-03    -6.10197E-03
            6263     8.02303E-03     180.540E-06     1.38640E-03    -7.90028E-03
            6264     9.65057E-03     157.798E-06     1.66784E-03    -9.50405E-03
            6265     11.0407E-03     131.170E-06     1.90822E-03    -10.8738E-03
            6266     12.1592E-03     101.312E-06     2.10161E-03    -11.9758E-03
            6267     12.9784E-03     68.9601E-06     2.24324E-03    -12.7829E-03
            6268     13.4782E-03     34.9098E-06     2.32965E-03    -13.2753E-03
            6269     13.6461E-03    -96.2639E-21     2.35869E-03    -13.4408E-03
            6270     13.4782E-03    -34.9098E-06     2.32965E-03    -13.2753E-03
            6271     12.9784E-03    -68.9601E-06     2.24324E-03    -12.7829E-03
            6272     12.1592E-03    -101.312E-06     2.10161E-03    -11.9758E-03
            6273     11.0407E-03    -131.170E-06     1.90822E-03    -10.8738E-03
            6274     9.65057E-03    -157.798E-06     1.66784E-03    -9.50405E-03
            6275     8.02303E-03    -180.540E-06     1.38640E-03    -7.90028E-03
            6276     6.19841E-03    -198.837E-06     1.07082E-03    -6.10197E-03
            6277     4.22223E-03    -212.237E-06     728.874E-06    -4.15342E-03
            6278     2.14608E-03    -220.412E-06     368.980E-06    -2.10260E-03
            6279     223.160E-06    -223.160E-06     8.17453E-33    -22.0360E-33
            6280     268.461E-06     268.461E-06     6.98764E-33    -26.3724E-33
            6281     2.56365E-03     265.156E-06     322.500E-06    -2.52943E-03
            6282     5.04349E-03     255.322E-06     637.060E-06    -4.99657E-03
            6283     7.40398E-03     239.201E-06     935.932E-06    -7.34069E-03
            6284     9.58345E-03     217.190E-06     1.21176E-03    -9.50405E-03
            6285     11.5275E-03     189.831E-06     1.45775E-03    -11.4334E-03
            6286     13.1880E-03     157.798E-06     1.66784E-03    -13.0812E-03
            6287     14.5240E-03     121.879E-06     1.83687E-03    -14.4069E-03
            6288     15.5026E-03     82.9591E-06     1.96067E-03    -15.3779E-03
            6289     16.0995E-03     41.9966E-06     2.03619E-03    -15.9702E-03
            6290     16.3001E-03    -74.8354E-21     2.06157E-03    -16.1693E-03
            6291     16.0995E-03    -41.9966E-06     2.03619E-03    -15.9702E-03
            6292     15.5026E-03    -82.9591E-06     1.96067E-03    -15.3779E-03
            6293     14.5240E-03    -121.879E-06     1.83687E-03    -14.4069E-03
            6294     13.1880E-03    -157.798E-06     1.66784E-03    -13.0812E-03
            6295     11.5275E-03    -189.831E-06     1.45775E-03    -11.4334E-03
            6296     9.58345E-03    -217.190E-06     1.21176E-03    -9.50405E-03
            6297     7.40398E-03    -239.201E-06     935.932E-06    -7.34069E-03
            6298     5.04349E-03    -255.322E-06     637.060E-06    -4.99657E-03
            6299     2.56365E-03    -265.156E-06     322.500E-06    -2.52943E-03
            6300     268.461E-06    -268.461E-06     6.98764E-33    -26.3724E-33
            6301     307.153E-06     307.153E-06     5.62869E-33    -30.0594E-33
            6302     2.92216E-03     303.371E-06     268.080E-06    -2.89398E-03
            6303     5.74860E-03     292.120E-06     529.558E-06    -5.71669E-03
            6304     8.43904E-03     273.675E-06     777.997E-06    -8.39865E-03
            6305     10.9232E-03     248.492E-06     1.00728E-03    -10.8738E-03
            6306     13.1390E-03     217.190E-06     1.21176E-03    -13.0812E-03
            6307     15.0317E-03     180.540E-06     1.38640E-03    -14.9665E-03
            6308     16.5544E-03     139.444E-06     1.52691E-03    -16.4833E-03
            6309     17.6698E-03     94.9154E-06     1.62981E-03    -17.5942E-03
            6310     18.3501E-03     48.0493E-06     1.69259E-03    -18.2719E-03
            6311     18.5788E-03    -392.573E-21     1.71369E-03    -18.4996E-03
            6312     18.3501E-03    -48.0493E-06     1.69259E-03    -18.2719E-03
            6313     17.6698E-03    -94.9154E-06     1.62981E-03    -17.5942E-03
            6314     16.5544E-03    -139.444E-06     1.52691E-03    -16.4833E-03
            6315     15.0317E-03    -180.540E-06     1.38640E-03    -14.9665E-03
            6316     13.1390E-03    -217.190E-06     1.21176E-03    -13.0812E-03
            6317     10.9232E-03    -248.492E-06     1.00728E-03    -10.8738E-03
            6318     8.43904E-03    -273.675E-06     777.997E-06    -8.39865E-03
            6319     5.74860E-03    -292.120E-06     529.558E-06    -5.71669E-03
            6320     2.92216E-03    -303.371E-06     268.080E-06    -2.89398E-03
            6321     307.153E-06    -307.153E-06     5.62869E-33    -30.0594E-33
            6322     338.281E-06     338.281E-06     4.13115E-33    -33.0062E-33
            6323     3.21141E-03     334.116E-06     207.058E-06    -3.18727E-03
            6324     6.31752E-03     321.724E-06     409.017E-06    -6.29605E-03
            6325     9.27420E-03     301.411E-06     600.905E-06    -9.24981E-03
            6326     12.0042E-03     273.675E-06     777.997E-06    -11.9758E-03
            6327     14.4393E-03     239.201E-06     935.932E-06    -14.4069E-03
            6328     16.5192E-03     198.837E-06     1.07082E-03    -16.4833E-03
            6329     18.1927E-03     153.576E-06     1.17934E-03    -18.1538E-03
            6330     19.4184E-03     104.535E-06     1.25883E-03    -19.3773E-03
            6331     20.1661E-03     52.9188E-06     1.30731E-03    -20.1236E-03
            6332     20.4174E-03    -350.306E-21     1.32361E-03    -20.3744E-03
            6333     20.1661E-03    -52.9188E-06     1.30731E-03    -20.1236E-03
            6334     19.4184E-03    -104.535E-06     1.25883E-03    -19.3773E-03
            6335     18.1927E-03    -153.576E-06     1.17934E-03    -18.1538E-03
            6336     16.5192E-03    -198.837E-06     1.07082E-03    -16.4833E-03
            6337     14.4393E-03    -239.201E-06     935.932E-06    -14.4069E-03
            6338     12.0042E-03    -273.675E-06     777.997E-06    -11.9758E-03
            6339     9.27420E-03    -301.411E-06     600.905E-06    -9.24981E-03
            6340     6.31752E-03    -321.724E-06     409.017E-06    -6.29605E-03
            6341     3.21141E-03    -334.116E-06     207.058E-06    -3.18727E-03
            6342     338.281E-06    -338.281E-06     4.13115E-33    -33.0062E-33
            6343     361.080E-06     361.080E-06     2.53189E-33    -35.1403E-33
            6344     3.42362E-03     356.634E-06     140.938E-06    -3.40207E-03
            6345     6.73490E-03     343.407E-06     278.405E-06    -6.72038E-03
            6346     9.88691E-03     321.724E-06     409.017E-06    -9.87320E-03
            6347     12.7972E-03     292.120E-06     529.558E-06    -12.7829E-03
            6348     15.3932E-03     255.322E-06     637.060E-06    -15.3779E-03
            6349     17.6105E-03     212.237E-06     728.874E-06    -17.5942E-03
            6350     19.3946E-03     163.927E-06     802.742E-06    -19.3773E-03
            6351     20.7012E-03     111.580E-06     856.843E-06    -20.6832E-03
            6352     21.4983E-03     56.4853E-06     889.846E-06    -21.4798E-03
            6353     21.7663E-03    -407.713E-21     900.938E-06    -21.7476E-03
            6354     21.4983E-03    -56.4853E-06     889.846E-06    -21.4798E-03
            6355     20.7012E-03    -111.580E-06     856.843E-06    -20.6832E-03
            6356     19.3946E-03    -163.927E-06     802.742E-06    -19.3773E-03
            6357     17.6105E-03    -212.237E-06     728.874E-06    -17.5942E-03
            6358     15.3932E-03    -255.322E-06     637.060E-06    -15.3779E-03
            6359     12.7972E-03    -292.120E-06     529.558E-06    -12.7829E-03
            6360     9.88691E-03    -321.724E-06     409.017E-06    -9.87320E-03
            6361     6.73490E-03    -343.407E-06     278.405E-06    -6.72038E-03
            6362     3.42362E-03    -356.634E-06     140.938E-06    -3.40207E-03
            6363     361.080E-06    -361.080E-06     2.53189E-33    -35.1403E-33
            6364     374.987E-06     374.987E-06     870.280E-36    -36.4092E-33
            6365     3.55319E-03     370.371E-06     71.3473E-06    -3.53311E-03
            6366     6.98975E-03     356.634E-06     140.938E-06    -6.97923E-03
            6367     10.2610E-03     334.116E-06     207.058E-06    -10.2535E-03
            6368     13.2814E-03     303.371E-06     268.080E-06    -13.2753E-03
            6369     15.9756E-03     265.156E-06     322.500E-06    -15.9702E-03
            6370     18.2769E-03     220.412E-06     368.980E-06    -18.2719E-03
            6371     20.1284E-03     170.241E-06     406.374E-06    -20.1236E-03
            6372     21.4845E-03     115.877E-06     433.762E-06    -21.4798E-03
            6373     22.3118E-03     58.6610E-06     450.469E-06    -22.3072E-03
            6374     22.5899E-03    -438.696E-21     456.084E-06    -22.5852E-03
            6375     22.3118E-03    -58.6610E-06     450.469E-06    -22.3072E-03
            6376     21.4845E-03    -115.877E-06     433.762E-06    -21.4798E-03
            6377     20.1284E-03    -170.241E-06     406.374E-06    -20.1236E-03
            6378     18.2769E-03    -220.412E-06     368.980E-06    -18.2719E-03
            6379     15.9756E-03    -265.156E-06     322.500E-06    -15.9702E-03
            6380     13.2814E-03    -303.371E-06     268.080E-06    -13.2753E-03
            6381     10.2610E-03    -334.116E-06     207.058E-06    -10.2535E-03
            6382     6.98975E-03    -356.634E-06     140.938E-06    -6.97923E-03
            6383     3.55319E-03    -370.371E-06     71.3473E-06    -3.53311E-03
            6384     374.987E-06    -374.987E-06     870.280E-36    -36.4092E-33
            6385     379.662E-06     379.662E-06    -812.757E-36    -36.7815E-33
            6386     3.59675E-03     374.987E-06     880.415E-21    -3.57715E-03
            6387     7.07544E-03     361.080E-06     1.37816E-18    -7.06622E-03
            6388     10.3868E-03     338.281E-06     1.38836E-18    -10.3813E-03
            6389     13.4443E-03     307.153E-06     1.46307E-18    -13.4408E-03
            6390     16.1715E-03     268.461E-06     408.652E-21    -16.1693E-03
            6391     18.5010E-03     223.160E-06     1.22123E-18    -18.4996E-03
            6392     20.3752E-03     172.363E-06     1.51120E-18    -20.3744E-03
            6393     21.7479E-03     117.322E-06     2.82524E-18    -21.7476E-03
            6394     22.5853E-03     59.3922E-06     1.97131E-18    -22.5852E-03
            6395     22.8668E-03    -715.705E-21     1.27525E-18    -22.8668E-03
            6396     22.5853E-03    -59.3922E-06     346.260E-21    -22.5852E-03
            6397     21.7479E-03    -117.322E-06     494.027E-21    -21.7476E-03
            6398     20.3752E-03    -172.363E-06     1.11977E-18    -20.3744E-03
            6399     18.5010E-03    -223.160E-06    -291.905E-21    -18.4996E-03
            6400     16.1715E-03    -268.461E-06     21.6260E-21    -16.1693E-03
            6401     13.4443E-03    -307.153E-06     103.365E-21    -13.4408E-03
            6402     10.3868E-03    -338.281E-06     238.592E-21    -10.3813E-03
            6403     7.07544E-03    -361.080E-06     92.6858E-21    -7.06622E-03
            6404     3.59675E-03    -374.987E-06     377.575E-21    -3.57715E-03
            6405     379.662E-06    -379.662E-06    -812.757E-36    -36.7815E-33
            6406     374.987E-06     374.987E-06    -2.47578E-33    -36.2482E-33
            6407     3.55319E-03     370.371E-06    -71.3473E-06    -3.53311E-03
            6408     6.98975E-03     356.634E-06    -140.938E-06    -6.97923E-03
            6409     10.2610E-03     334.116E-06    -207.058E-06    -10.2535E-03
            6410     13.2814E-03     303.371E-06    -268.080E-06    -13.2753E-03
            6411     15.9756E-03     265.156E-06    -322.500E-06    -15.9702E-03
            6412     18.2769E-03     220.412E-06    -368.980E-06    -18.2719E-03
            6413     20.1284E-03     170.241E-06    -406.374E-06    -20.1236E-03
            6414     21.4845E-03     115.877E-06    -433.762E-06    -21.4798E-03
            6415     22.3118E-03     58.6610E-06    -450.469E-06    -22.3072E-03
            6416     22.5899E-03    -679.913E-21    -456.084E-06    -22.5852E-03
            6417     22.3118E-03    -58.6610E-06    -450.469E-06    -22.3072E-03
            6418     21.4845E-03    -115.877E-06    -433.762E-06    -21.4798E-03
            6419     20.1284E-03    -170.241E-06    -406.374E-06    -20.1236E-03
            6420     18.2769E-03    -220.412E-06    -368.980E-06    -18.2719E-03
            6421     15.9756E-03    -265.156E-06    -322.500E-06    -15.9702E-03
            6422     13.2814E-03    -303.371E-06    -268.080E-06    -13.2753E-03
            6423     10.2610E-03    -334.116E-06    -207.058E-06    -10.2535E-03
            6424     6.98975E-03    -356.634E-06    -140.938E-06    -6.97923E-03
            6425     3.55319E-03    -370.371E-06    -71.3473E-06    -3.53311E-03
            6426     374.987E-06    -374.987E-06    -2.47578E-33    -36.2482E-33
            6427     361.080E-06     361.080E-06    -4.07784E-33    -34.8223E-33
            6428     3.42362E-03     356.634E-06    -140.938E-06    -3.40207E-03
            6429     6.73490E-03     343.407E-06    -278.405E-06    -6.72038E-03
            6430     9.88691E-03     321.724E-06    -409.017E-06    -9.87320E-03
            6431     12.7972E-03     292.120E-06    -529.558E-06    -12.7829E-03
            6432     15.3932E-03     255.322E-06    -637.060E-06    -15.3779E-03
            6433     17.6105E-03     212.237E-06    -728.874E-06    -17.5942E-03
            6434     19.3946E-03     163.927E-06    -802.742E-06    -19.3773E-03
            6435     20.7012E-03     111.580E-06    -856.843E-06    -20.6832E-03
            6436     21.4983E-03     56.4853E-06    -889.846E-06    -21.4798E-03
            6437     21.7663E-03    -362.366E-21    -900.938E-06    -21.7476E-03
            6438     21.4983E-03    -56.4853E-06    -889.846E-06    -21.4798E-03
            6439     20.7012E-03    -111.580E-06    -856.843E-06    -20.6832E-03
            6440     19.3946E-03    -163.927E-06    -802.742E-06    -19.3773E-03
            6441     17.6105E-03    -212.237E-06    -728.874E-06    -17.5942E-03
            6442     15.3932E-03    -255.322E-06    -637.060E-06    -15.3779E-03
            6443     12.7972E-03    -292.120E-06    -529.558E-06    -12.7829E-03
            6444     9.88691E-03    -321.724E-06    -409.017E-06    -9.87320E-03
            6445     6.73490E-03    -343.407E-06    -278.405E-06    -6.72038E-03
            6446     3.42362E-03    -356.634E-06    -140.938E-06    -3.40207E-03
            6447     361.080E-06    -361.080E-06    -4.07784E-33    -34.8223E-33
            6448     338.281E-06     338.281E-06    -5.57950E-33    -32.5389E-33
            6449     3.21141E-03     334.116E-06    -207.058E-06    -3.18727E-03
            6450     6.31752E-03     321.724E-06    -409.017E-06    -6.29605E-03
            6451     9.27420E-03     301.411E-06    -600.905E-06    -9.24981E-03
            6452     12.0042E-03     273.675E-06    -777.997E-06    -11.9758E-03
            6453     14.4393E-03     239.201E-06    -935.932E-06    -14.4069E-03
            6454     16.5192E-03     198.837E-06    -1.07082E-03    -16.4833E-03
            6455     18.1927E-03     153.576E-06    -1.17934E-03    -18.1538E-03
            6456     19.4184E-03     104.535E-06    -1.25883E-03    -19.3773E-03
            6457     20.1661E-03     52.9188E-06    -1.30731E-03    -20.1236E-03
            6458     20.4174E-03    -398.372E-21    -1.32361E-03    -20.3744E-03
            6459     20.1661E-03    -52.9188E-06    -1.30731E-03    -20.1236E-03
            6460     19.4184E-03    -104.535E-06    -1.25883E-03    -19.3773E-03
            6461     18.1927E-03    -153.576E-06    -1.17934E-03    -18.1538E-03
            6462     16.5192E-03    -198.837E-06    -1.07082E-03    -16.4833E-03
            6463     14.4393E-03    -239.201E-06    -935.932E-06    -14.4069E-03
            6464     12.0042E-03    -273.675E-06    -777.997E-06    -11.9758E-03
            6465     9.27420E-03    -301.411E-06    -600.905E-06    -9.24981E-03
            6466     6.31752E-03    -321.724E-06    -409.017E-06    -6.29605E-03
            6467     3.21141E-03    -334.116E-06    -207.058E-06    -3.18727E-03
            6468     338.281E-06    -338.281E-06    -5.57950E-33    -32.5389E-33
            6469     307.153E-06     307.153E-06    -6.94376E-33    -29.4544E-33
            6470     2.92216E-03     303.371E-06    -268.080E-06    -2.89398E-03
            6471     5.74860E-03     292.120E-06    -529.558E-06    -5.71669E-03
            6472     8.43904E-03     273.675E-06    -777.997E-06    -8.39865E-03
            6473     10.9232E-03     248.492E-06    -1.00728E-03    -10.8738E-03
            6474     13.1390E-03     217.190E-06    -1.21176E-03    -13.0812E-03
            6475     15.0317E-03     180.540E-06    -1.38640E-03    -14.9665E-03
            6476     16.5544E-03     139.444E-06    -1.52691E-03    -16.4833E-03
            6477     17.6698E-03     94.9154E-06    -1.62981E-03    -17.5942E-03
            6478     18.3501E-03     48.0493E-06    -1.69259E-03    -18.2719E-03
            6479     18.5788E-03    -593.670E-21    -1.71369E-03    -18.4996E-03
            6480     18.3501E-03    -48.0493E-06    -1.69259E-03    -18.2719E-03
            6481     17.6698E-03    -94.9154E-06    -1.62981E-03    -17.5942E-03
            6482     16.5544E-03    -139.444E-06    -1.52691E-03    -16.4833E-03
            6483     15.0317E-03    -180.540E-06    -1.38640E-03    -14.9665E-03
            6484     13.1390E-03    -217.190E-06    -1.21176E-03    -13.0812E-03
            6485     10.9232E-03    -248.492E-06    -1.00728E-03    -10.8738E-03
            6486     8.43904E-03    -273.675E-06    -777.997E-06    -8.39865E-03
            6487     5.74860E-03    -292.120E-06    -529.558E-06    -5.71669E-03
            6488     2.92216E-03    -303.371E-06    -268.080E-06    -2.89398E-03
            6489     307.153E-06    -307.153E-06    -6.94376E-33    -29.4544E-33
            6490     268.461E-06     268.461E-06    -8.13705E-33    -25.6445E-33
            6491     2.56365E-03     265.156E-06    -322.500E-06    -2.52943E-03
            6492     5.04349E-03     255.322E-06    -637.060E-06    -4.99657E-03
            6493     7.40398E-03     239.201E-06    -935.932E-06    -7.34069E-03
            6494     9.58345E-03     217.190E-06    -1.21176E-03    -9.50405E-03
            6495     11.5275E-03     189.831E-06    -1.45775E-03    -11.4334E-03
            6496     13.1880E-03     157.798E-06    -1.66784E-03    -13.0812E-03
            6497     14.5240E-03     121.879E-06    -1.83687E-03    -14.4069E-03
            6498     15.5026E-03     82.9591E-06    -1.96067E-03    -15.3779E-03
            6499     16.0995E-03     41.9966E-06    -2.03619E-03    -15.9702E-03
            6500     16.3001E-03    -562.549E-21    -2.06157E-03    -16.1693E-03
            6501     16.0995E-03    -41.9966E-06    -2.03619E-03    -15.9702E-03
            6502     15.5026E-03    -82.9591E-06    -1.96067E-03    -15.3779E-03
            6503     14.5240E-03    -121.879E-06    -1.83687E-03    -14.4069E-03
            6504     13.1880E-03    -157.798E-06    -1.66784E-03    -13.0812E-03
            6505     11.5275E-03    -189.831E-06    -1.45775E-03    -11.4334E-03
            6506     9.58345E-03    -217.190E-06    -1.21176E-03    -9.50405E-03
            6507     7.40398E-03    -239.201E-06    -935.932E-06    -7.34069E-03
            6508     5.04349E-03    -255.322E-06    -637.060E-06    -4.99657E-03
            6509     2.56365E-03    -265.156E-06    -322.500E-06    -2.52943E-03
            6510     268.461E-06    -268.461E-06    -8.13705E-33    -25.6445E-33
            6511     223.160E-06     223.160E-06    -9.12998E-33    -21.2033E-33
            6512     2.14608E-03     220.412E-06    -368.980E-06    -2.10260E-03
            6513     4.22223E-03     212.237E-06    -728.874E-06    -4.15342E-03
            6514     6.19841E-03     198.837E-06    -1.07082E-03    -6.10197E-03
            6515     8.02303E-03     180.540E-06    -1.38640E-03    -7.90028E-03
            6516     9.65057E-03     157.798E-06    -1.66784E-03    -9.50405E-03
            6517     11.0407E-03     131.170E-06    -1.90822E-03    -10.8738E-03
            6518     12.1592E-03     101.312E-06    -2.10161E-03    -11.9758E-03
            6519     12.9784E-03     68.9601E-06    -2.24324E-03    -12.7829E-03
            6520     13.4782E-03     34.9098E-06    -2.32965E-03    -13.2753E-03
            6521     13.6461E-03    -377.257E-21    -2.35869E-03    -13.4408E-03
            6522     13.4782E-03    -34.9098E-06    -2.32965E-03    -13.2753E-03
            6523     12.9784E-03    -68.9601E-06    -2.24324E-03    -12.7829E-03
            6524     12.1592E-03    -101.312E-06    -2.10161E-03    -11.9758E-03
            6525     11.0407E-03    -131.170E-06    -1.90822E-03    -10.8738E-03
            6526     9.65057E-03    -157.798E-06    -1.66784E-03    -9.50405E-03
            6527     8.02303E-03    -180.540E-06    -1.38640E-03    -7.90028E-03
            6528     6.19841E-03    -198.837E-06    -1.07082E-03    -6.10197E-03
            6529     4.22223E-03    -212.237E-06    -728.874E-06    -4.15342E-03
            6530     2.14608E-03    -220.412E-06    -368.980E-06    -2.10260E-03
            6531     223.160E-06    -223.160E-06    -9.12998E-33    -21.2033E-33
            6532     172.363E-06     172.363E-06    -9.89809E-33    -16.2399E-33
            6533     1.68270E-03     170.241E-06    -406.374E-06    -1.62399E-03
            6534     3.31097E-03     163.927E-06    -802.742E-06    -3.20800E-03
            6535     4.86075E-03     153.576E-06    -1.17934E-03    -4.71301E-03
            6536     6.29166E-03     139.444E-06    -1.52691E-03    -6.10197E-03
            6537     7.56800E-03     121.879E-06    -1.83687E-03    -7.34069E-03
            6538     8.65819E-03     101.312E-06    -2.10161E-03    -8.39865E-03
            6539     9.53532E-03     78.2511E-06    -2.31459E-03    -9.24981E-03
            6540     10.1778E-03     53.2630E-06    -2.47059E-03    -9.87320E-03
            6541     10.5697E-03     26.9635E-06    -2.56574E-03    -10.2535E-03
            6542     10.7014E-03    -459.674E-21    -2.59773E-03    -10.3813E-03
            6543     10.5697E-03    -26.9635E-06    -2.56574E-03    -10.2535E-03
            6544     10.1778E-03    -53.2630E-06    -2.47059E-03    -9.87320E-03
            6545     9.53532E-03    -78.2511E-06    -2.31459E-03    -9.24981E-03
            6546     8.65819E-03    -101.312E-06    -2.10161E-03    -8.39865E-03
            6547     7.56800E-03    -121.879E-06    -1.83687E-03    -7.34069E-03
            6548     6.29166E-03    -139.444E-06    -1.52691E-03    -6.10197E-03
            6549     4.86075E-03    -153.576E-06    -1.17934E-03    -4.71301E-03
            6550     3.31097E-03    -163.927E-06    -802.742E-06    -3.20800E-03
            6551     1.68270E-03    -170.241E-06    -406.374E-06    -1.62399E-03
            6552     172.363E-06    -172.363E-06    -9.89809E-33    -16.2399E-33
            6553     117.322E-06     117.322E-06    -10.4225E-33    -10.8766E-33
            6554     1.19310E-03     115.877E-06    -433.762E-06    -1.10540E-03
            6555     2.34833E-03     111.580E-06    -856.843E-06    -2.18358E-03
            6556     3.44773E-03     104.535E-06    -1.25883E-03    -3.20800E-03
            6557     4.46276E-03     94.9154E-06    -1.62981E-03    -4.15342E-03
            6558     5.36813E-03     82.9591E-06    -1.96067E-03    -4.99657E-03
            6559     6.14146E-03     68.9601E-06    -2.24324E-03    -5.71669E-03
            6560     6.76364E-03     53.2630E-06    -2.47059E-03    -6.29605E-03
            6561     7.21935E-03     36.2545E-06    -2.63709E-03    -6.72038E-03
            6562     7.49735E-03     18.3532E-06    -2.73866E-03    -6.97923E-03
            6563     7.59078E-03    -192.105E-21    -2.77280E-03    -7.06622E-03
            6564     7.49735E-03    -18.3532E-06    -2.73866E-03    -6.97923E-03
            6565     7.21935E-03    -36.2545E-06    -2.63709E-03    -6.72038E-03
            6566     6.76364E-03    -53.2630E-06    -2.47059E-03    -6.29605E-03
            6567     6.14146E-03    -68.9601E-06    -2.24324E-03    -5.71669E-03
            6568     5.36813E-03    -82.9591E-06    -1.96067E-03    -4.99657E-03
            6569     4.46276E-03    -94.9154E-06    -1.62981E-03    -4.15342E-03
            6570     3.44773E-03    -104.535E-06    -1.25883E-03    -3.20800E-03
            6571     2.34833E-03    -111.580E-06    -856.843E-06    -2.18358E-03
            6572     1.19310E-03    -115.877E-06    -433.762E-06    -1.10540E-03
            6573     117.322E-06    -117.322E-06    -10.4225E-33    -10.8766E-33
            6574     59.3922E-06     59.3922E-06    -10.6902E-33    -5.24558E-33
            6575     720.766E-06     58.6610E-06    -450.469E-06    -559.590E-06
            6576     1.42019E-03     56.4853E-06    -889.846E-06    -1.10540E-03
            6577     2.08548E-03     52.9188E-06    -1.30731E-03    -1.62399E-03
            6578     2.69964E-03     48.0493E-06    -1.69259E-03    -2.10260E-03
            6579     3.24743E-03     41.9966E-06    -2.03619E-03    -2.52943E-03
            6580     3.71532E-03     34.9098E-06    -2.32965E-03    -2.89398E-03
            6581     4.09175E-03     26.9635E-06    -2.56574E-03    -3.18727E-03
            6582     4.36746E-03     18.3532E-06    -2.73866E-03    -3.40207E-03
            6583     4.53565E-03     9.29098E-06    -2.84415E-03    -3.53311E-03
            6584     4.59218E-03    -135.007E-21    -2.87960E-03    -3.57715E-03
            6585     4.53565E-03    -9.29098E-06    -2.84415E-03    -3.53311E-03
            6586     4.36746E-03    -18.3532E-06    -2.73866E-03    -3.40207E-03
            6587     4.09175E-03    -26.9635E-06    -2.56574E-03    -3.18727E-03
            6588     3.71532E-03    -34.9098E-06    -2.32965E-03    -2.89398E-03
            6589     3.24743E-03    -41.9966E-06    -2.03619E-03    -2.52943E-03
            6590     2.69964E-03    -48.0493E-06    -1.69259E-03    -2.10260E-03
            6591     2.08548E-03    -52.9188E-06    -1.30731E-03    -1.62399E-03
            6592     1.42019E-03    -56.4853E-06    -889.846E-06    -1.10540E-03
            6593     720.766E-06    -58.6610E-06    -450.469E-06    -559.590E-06
            6594     59.3922E-06    -59.3922E-06    -10.6902E-33    -5.24558E-33
            6595              0.     952.115E-36    -3.54266E-33    -873.729E-36
            6596     456.084E-06     7.69321E-33    -456.084E-06    -2.09486E-33
            6597     900.938E-06     7.11023E-33    -900.938E-06    -3.62348E-33
            6598     1.32361E-03     6.35218E-33    -1.32361E-03    -5.06287E-33
            6599     1.71369E-03     5.43771E-33    -1.71369E-03    -6.37760E-33
            6600     2.06157E-03     4.38935E-33    -2.06157E-03    -7.53530E-33
            6601     2.35869E-03     3.23291E-33    -2.35869E-03    -8.50745E-33
            6602     2.59773E-03     1.99687E-33    -2.59773E-03    -9.27012E-33
            6603     2.77280E-03     711.652E-36    -2.77280E-03    -9.80453E-33
            6604     2.87960E-03    -591.086E-36    -2.87960E-03    -10.0975E-33
            6605     2.91550E-03    -1.87927E-33    -2.91550E-03    -10.1419E-33
            6606     2.87960E-03    -3.12118E-33    -2.87960E-03    -9.93649E-33
            6607     2.77280E-03    -4.28624E-33    -2.77280E-03    -9.48645E-33
            6608     2.59773E-03    -5.34575E-33    -2.59773E-03    -8.80282E-33
            6609     2.35869E-03    -6.27363E-33    -2.35869E-03    -7.90243E-33
            6610     2.06157E-03    -7.04704E-33    -2.06157E-03    -6.80746E-33
            6611     1.71369E-03    -7.64693E-33    -1.71369E-03    -5.54487E-33
            6612     1.32361E-03    -8.05852E-33    -1.32361E-03    -4.14575E-33
            6613     900.938E-06    -8.27168E-33    -900.938E-06    -2.64454E-33
            6614     456.084E-06    -8.28117E-33    -456.084E-06    -1.07822E-33
            6615              0.    -952.115E-36    -3.54266E-33    -873.729E-36
            6616              0.     2.55604E-33     4.73552E-33    -608.387E-36
            6617     560.098E-06     11.4782E-33     560.098E-06    -1.45430E-33
            6618     1.10640E-03     10.5795E-33     1.10640E-03    -2.27092E-33
            6619     1.62547E-03     9.42035E-33     1.62547E-03    -3.03162E-33
            6620     2.10451E-03     8.02921E-33     2.10451E-03    -3.71767E-33
            6621     2.53172E-03     6.44037E-33     2.53172E-03    -4.31218E-33
            6622     2.89660E-03     4.69295E-33     2.89660E-03    -4.80051E-33
            6623     3.19016E-03     2.82997E-33     3.19016E-03    -5.17064E-33
            6624     3.40516E-03     897.310E-36     3.40516E-03    -5.41344E-33
            6625     3.53632E-03    -1.05745E-33     3.53632E-03    -5.52295E-33
            6626     3.58040E-03    -2.98617E-33     3.58040E-03    -5.49647E-33
            6627     3.53632E-03    -4.84136E-33     3.53632E-03    -5.33465E-33
            6628     3.40516E-03    -6.57734E-33     3.40516E-03    -5.04146E-33
            6629     3.19016E-03    -8.15136E-33     3.19016E-03    -4.62414E-33
            6630     2.89660E-03    -9.52467E-33     2.89660E-03    -4.09296E-33
            6631     2.53172E-03    -10.6635E-33     2.53172E-03    -3.46100E-33
            6632     2.10451E-03    -11.5397E-33     2.10451E-03    -2.74382E-33
            6633     1.62547E-03    -12.1317E-33     1.62547E-03    -1.95907E-33
            6634     1.10640E-03    -12.4251E-33     1.10640E-03    -1.12608E-33
            6635     560.098E-06    -12.4125E-33     560.098E-06    -265.371E-36
            6636              0.    -2.55604E-33     4.73552E-33    -608.387E-36
            6637     129.333E-06     129.333E-06     13.9857E-33    -5.25856E-33
            6638     797.998E-06     127.740E-06     553.202E-06    -560.760E-06
            6639     1.56087E-03     123.003E-06     1.09278E-03    -1.10771E-03
            6640     2.28892E-03     115.236E-06     1.60545E-03    -1.62739E-03
            6641     2.96158E-03     104.632E-06     2.07860E-03    -2.10699E-03
            6642     3.56173E-03     91.4519E-06     2.50055E-03    -2.53472E-03
            6643     4.07442E-03     76.0198E-06     2.86094E-03    -2.90003E-03
            6644     4.48695E-03     58.7157E-06     3.15088E-03    -3.19393E-03
            6645     4.78910E-03     39.9660E-06     3.36324E-03    -3.40919E-03
            6646     4.97343E-03     20.2321E-06     3.49278E-03    -3.54050E-03
            6647     5.03539E-03     75.0762E-21     3.53632E-03    -3.58463E-03
            6648     4.97343E-03    -20.2321E-06     3.49278E-03    -3.54050E-03
            6649     4.78910E-03    -39.9660E-06     3.36324E-03    -3.40919E-03
            6650     4.48695E-03    -58.7157E-06     3.15088E-03    -3.19393E-03
            6651     4.07442E-03    -76.0198E-06     2.86094E-03    -2.90003E-03
            6652     3.56173E-03    -91.4519E-06     2.50055E-03    -2.53472E-03
            6653     2.96158E-03    -104.632E-06     2.07860E-03    -2.10699E-03
            6654     2.28892E-03    -115.236E-06     1.60545E-03    -1.62739E-03
            6655     1.56087E-03    -123.003E-06     1.09278E-03    -1.10771E-03
            6656     797.998E-06    -127.740E-06     553.202E-06    -560.760E-06
            6657     129.333E-06    -129.333E-06     13.9857E-33    -5.25856E-33
            6658     255.480E-06     255.480E-06     13.3375E-33    -9.78576E-33
            6659     1.25477E-03     252.335E-06     532.685E-06    -1.10771E-03
            6660     2.44014E-03     242.976E-06     1.05225E-03    -2.18815E-03
            6661     3.57435E-03     227.635E-06     1.54591E-03    -3.21470E-03
            6662     4.62297E-03     206.688E-06     2.00150E-03    -4.16210E-03
            6663     5.55882E-03     180.652E-06     2.40781E-03    -5.00702E-03
            6664     6.35838E-03     150.168E-06     2.75483E-03    -5.72864E-03
            6665     7.00178E-03     115.986E-06     3.03402E-03    -6.30921E-03
            6666     7.47306E-03     78.9478E-06     3.23850E-03    -6.73443E-03
            6667     7.76057E-03     39.9660E-06     3.36324E-03    -6.99382E-03
            6668     7.85720E-03     52.8805E-21     3.40516E-03    -7.08099E-03
            6669     7.76057E-03    -39.9660E-06     3.36324E-03    -6.99382E-03
            6670     7.47306E-03    -78.9478E-06     3.23850E-03    -6.73443E-03
            6671     7.00178E-03    -115.986E-06     3.03402E-03    -6.30921E-03
            6672     6.35838E-03    -150.168E-06     2.75483E-03    -5.72864E-03
            6673     5.55882E-03    -180.652E-06     2.40781E-03    -5.00702E-03
            6674     4.62297E-03    -206.688E-06     2.00150E-03    -4.16210E-03
            6675     3.57435E-03    -227.635E-06     1.54591E-03    -3.21470E-03
            6676     2.44014E-03    -242.976E-06     1.05225E-03    -2.18815E-03
            6677     1.25477E-03    -252.335E-06     532.685E-06    -1.10771E-03
            6678     255.480E-06    -255.480E-06     13.3375E-33    -9.78576E-33
            6679     375.338E-06     375.338E-06     12.3608E-33    -14.0720E-33
            6680     1.74209E-03     370.717E-06     499.051E-06    -1.62739E-03
            6681     3.38136E-03     356.967E-06     985.813E-06    -3.21470E-03
            6682     4.95125E-03     334.428E-06     1.44830E-03    -4.72286E-03
            6683     6.40299E-03     303.655E-06     1.87513E-03    -6.11473E-03
            6684     7.69872E-03     265.404E-06     2.25578E-03    -7.35603E-03
            6685     8.80580E-03     220.618E-06     2.58089E-03    -8.41620E-03
            6686     9.69668E-03     170.400E-06     2.84245E-03    -9.26914E-03
            6687     10.3492E-03     115.986E-06     3.03402E-03    -9.89384E-03
            6688     10.7474E-03     58.7157E-06     3.15088E-03    -10.2749E-03
            6689     10.8812E-03     101.310E-21     3.19016E-03    -10.4030E-03
            6690     10.7474E-03    -58.7157E-06     3.15088E-03    -10.2749E-03
            6691     10.3492E-03    -115.986E-06     3.03402E-03    -9.89384E-03
            6692     9.69668E-03    -170.400E-06     2.84245E-03    -9.26914E-03
            6693     8.80580E-03    -220.618E-06     2.58089E-03    -8.41620E-03
            6694     7.69872E-03    -265.404E-06     2.25578E-03    -7.35603E-03
            6695     6.40299E-03    -303.655E-06     1.87513E-03    -6.11473E-03
            6696     4.95125E-03    -334.428E-06     1.44830E-03    -4.72286E-03
            6697     3.38136E-03    -356.967E-06     985.813E-06    -3.21470E-03
            6698     1.74209E-03    -370.717E-06     499.051E-06    -1.62739E-03
            6699     375.338E-06    -375.338E-06     12.3608E-33    -14.0720E-33
            6700     485.953E-06     485.953E-06     11.0798E-33    -18.0117E-33
            6701     2.20797E-03     479.970E-06     453.129E-06    -2.10699E-03
            6702     4.28228E-03     462.169E-06     895.100E-06    -4.16210E-03
            6703     6.26951E-03     432.987E-06     1.31503E-03    -6.11473E-03
            6704     8.10734E-03     393.144E-06     1.70258E-03    -7.91679E-03
            6705     9.74773E-03     343.620E-06     2.04821E-03    -9.52392E-03
            6706     11.1493E-03     285.636E-06     2.34340E-03    -10.8965E-03
            6707     12.2772E-03     220.618E-06     2.58089E-03    -12.0008E-03
            6708     13.1034E-03     150.168E-06     2.75483E-03    -12.8096E-03
            6709     13.6074E-03     76.0198E-06     2.86094E-03    -13.3030E-03
            6710     13.7768E-03    -4.50486E-21     2.89660E-03    -13.4689E-03
            6711     13.6074E-03    -76.0198E-06     2.86094E-03    -13.3030E-03
            6712     13.1034E-03    -150.168E-06     2.75483E-03    -12.8096E-03
            6713     12.2772E-03    -220.618E-06     2.58089E-03    -12.0008E-03
            6714     11.1493E-03    -285.636E-06     2.34340E-03    -10.8965E-03
            6715     9.74773E-03    -343.620E-06     2.04821E-03    -9.52392E-03
            6716     8.10734E-03    -393.144E-06     1.70258E-03    -7.91679E-03
            6717     6.26951E-03    -432.987E-06     1.31503E-03    -6.11473E-03
            6718     4.28228E-03    -462.169E-06     895.100E-06    -4.16210E-03
            6719     2.20797E-03    -479.970E-06     453.129E-06    -2.10699E-03
            6720     485.953E-06    -485.953E-06     11.0798E-33    -18.0117E-33
            6721     584.602E-06     584.602E-06     9.52598E-33    -21.5080E-33
            6722     2.62965E-03     577.405E-06     396.049E-06    -2.53472E-03
            6723     5.09818E-03     555.990E-06     782.346E-06    -5.00702E-03
            6724     7.46349E-03     520.884E-06     1.14938E-03    -7.35603E-03
            6725     9.65107E-03     472.953E-06     1.48811E-03    -9.52392E-03
            6726     11.6037E-03     413.376E-06     1.79020E-03    -11.4573E-03
            6727     13.2720E-03     343.620E-06     2.04821E-03    -13.1085E-03
            6728     14.6146E-03     265.404E-06     2.25578E-03    -14.4370E-03
            6729     15.5980E-03     180.652E-06     2.40781E-03    -15.4100E-03
            6730     16.1980E-03     91.4519E-06     2.50055E-03    -16.0036E-03
            6731     16.3997E-03    -107.022E-21     2.53172E-03    -16.2031E-03
            6732     16.1980E-03    -91.4519E-06     2.50055E-03    -16.0036E-03
            6733     15.5980E-03    -180.652E-06     2.40781E-03    -15.4100E-03
            6734     14.6146E-03    -265.404E-06     2.25578E-03    -14.4370E-03
            6735     13.2720E-03    -343.620E-06     2.04821E-03    -13.1085E-03
            6736     11.6037E-03    -413.376E-06     1.79020E-03    -11.4573E-03
            6737     9.65107E-03    -472.953E-06     1.48811E-03    -9.52392E-03
            6738     7.46349E-03    -520.884E-06     1.14938E-03    -7.35603E-03
            6739     5.09818E-03    -555.990E-06     782.346E-06    -5.00702E-03
            6740     2.62965E-03    -577.405E-06     396.049E-06    -2.53472E-03
            6741     584.602E-06    -584.602E-06     9.52598E-33    -21.5080E-33
            6742     668.857E-06     668.857E-06     7.73759E-33    -24.4746E-33
            6743     2.99248E-03     660.622E-06     329.217E-06    -2.90003E-03
            6744     5.80043E-03     636.120E-06     650.328E-06    -5.72864E-03
            6745     8.49120E-03     595.956E-06     955.426E-06    -8.41620E-03
            6746     10.9799E-03     541.116E-06     1.23700E-03    -10.8965E-03
            6747     13.2012E-03     472.953E-06     1.48811E-03    -13.1085E-03
            6748     15.0992E-03     393.144E-06     1.70258E-03    -14.9978E-03
            6749     16.6266E-03     303.655E-06     1.87513E-03    -16.5177E-03
            6750     17.7454E-03     206.688E-06     2.00150E-03    -17.6310E-03
            6751     18.4279E-03     104.632E-06     2.07860E-03    -18.3100E-03
            6752     18.6574E-03    -222.292E-21     2.10451E-03    -18.5383E-03
            6753     18.4279E-03    -104.632E-06     2.07860E-03    -18.3100E-03
            6754     17.7454E-03    -206.688E-06     2.00150E-03    -17.6310E-03
            6755     16.6266E-03    -303.655E-06     1.87513E-03    -16.5177E-03
            6756     15.0992E-03    -393.144E-06     1.70258E-03    -14.9978E-03
            6757     13.2012E-03    -472.953E-06     1.48811E-03    -13.1085E-03
            6758     10.9799E-03    -541.116E-06     1.23700E-03    -10.8965E-03
            6759     8.49120E-03    -595.956E-06     955.426E-06    -8.41620E-03
            6760     5.80043E-03    -636.120E-06     650.328E-06    -5.72864E-03
            6761     2.99248E-03    -660.622E-06     329.217E-06    -2.90003E-03
            6762     668.857E-06    -668.857E-06     7.73759E-33    -24.4746E-33
            6763     736.642E-06     736.642E-06     5.75868E-33    -26.8386E-33
            6764     3.28561E-03     727.572E-06     254.279E-06    -3.19393E-03
            6765     6.36783E-03     700.588E-06     502.297E-06    -6.30921E-03
            6766     9.32161E-03     656.352E-06     737.947E-06    -9.26914E-03
            6767     12.0535E-03     595.956E-06     955.426E-06    -12.0008E-03
            6768     14.4921E-03     520.884E-06     1.14938E-03    -14.4370E-03
            6769     16.5757E-03     432.987E-06     1.31503E-03    -16.5177E-03
            6770     18.2523E-03     334.428E-06     1.44830E-03    -18.1917E-03
            6771     19.4805E-03     227.635E-06     1.54591E-03    -19.4178E-03
            6772     20.2298E-03     115.236E-06     1.60545E-03    -20.1657E-03
            6773     20.4816E-03    -333.217E-21     1.62547E-03    -20.4170E-03
            6774     20.2298E-03    -115.236E-06     1.60545E-03    -20.1657E-03
            6775     19.4805E-03    -227.635E-06     1.54591E-03    -19.4178E-03
            6776     18.2523E-03    -334.428E-06     1.44830E-03    -18.1917E-03
            6777     16.5757E-03    -432.987E-06     1.31503E-03    -16.5177E-03
            6778     14.4921E-03    -520.884E-06     1.14938E-03    -14.4370E-03
            6779     12.0535E-03    -595.956E-06     955.426E-06    -12.0008E-03
            6780     9.32161E-03    -656.352E-06     737.947E-06    -9.26914E-03
            6781     6.36783E-03    -700.588E-06     502.297E-06    -6.30921E-03
            6782     3.28561E-03    -727.572E-06     254.279E-06    -3.19393E-03
            6783     736.642E-06    -736.642E-06     5.75868E-33    -26.8386E-33
            6784     786.288E-06     786.288E-06     3.63796E-33    -28.5417E-33
            6785     3.50080E-03     776.608E-06     173.080E-06    -3.40919E-03
            6786     6.78444E-03     747.804E-06     341.898E-06    -6.73443E-03
            6787     9.93133E-03     700.588E-06     502.297E-06    -9.89384E-03
            6788     12.8419E-03     636.120E-06     650.328E-06    -12.8096E-03
            6789     15.4399E-03     555.990E-06     782.346E-06    -15.4100E-03
            6790     17.6597E-03     462.169E-06     895.100E-06    -17.6310E-03
            6791     19.4460E-03     356.967E-06     985.813E-06    -19.4178E-03
            6792     20.7545E-03     242.976E-06     1.05225E-03    -20.7264E-03
            6793     21.5528E-03     123.003E-06     1.09278E-03    -21.5248E-03
            6794     21.8211E-03    -426.252E-21     1.10640E-03    -21.7931E-03
            6795     21.5528E-03    -123.003E-06     1.09278E-03    -21.5248E-03
            6796     20.7545E-03    -242.976E-06     1.05225E-03    -20.7264E-03
            6797     19.4460E-03    -356.967E-06     985.813E-06    -19.4178E-03
            6798     17.6597E-03    -462.169E-06     895.100E-06    -17.6310E-03
            6799     15.4399E-03    -555.990E-06     782.346E-06    -15.4100E-03
            6800     12.8419E-03    -636.120E-06     650.328E-06    -12.8096E-03
            6801     9.93133E-03    -700.588E-06     502.297E-06    -9.89384E-03
            6802     6.78444E-03    -747.804E-06     341.898E-06    -6.73443E-03
            6803     3.50080E-03    -776.608E-06     173.080E-06    -3.40919E-03
            6804     786.288E-06    -786.288E-06     3.63796E-33    -28.5417E-33
            6805     816.574E-06     816.574E-06     1.42767E-33    -29.5421E-33
            6806     3.63225E-03     806.520E-06     87.6186E-06    -3.54050E-03
            6807     7.03893E-03     776.608E-06     173.080E-06    -6.99382E-03
            6808     10.3038E-03     727.572E-06     254.279E-06    -10.2749E-03
            6809     13.3235E-03     660.622E-06     329.217E-06    -13.3030E-03
            6810     16.0189E-03     577.405E-06     396.049E-06    -16.0036E-03
            6811     18.3219E-03     479.970E-06     453.129E-06    -18.3100E-03
            6812     20.1753E-03     370.717E-06     499.051E-06    -20.1657E-03
            6813     21.5328E-03     252.335E-06     532.685E-06    -21.5248E-03
            6814     22.3610E-03     127.740E-06     553.202E-06    -22.3538E-03
            6815     22.6394E-03    -393.730E-21     560.098E-06    -22.6325E-03
            6816     22.3610E-03    -127.740E-06     553.202E-06    -22.3538E-03
            6817     21.5328E-03    -252.335E-06     532.685E-06    -21.5248E-03
            6818     20.1753E-03    -370.717E-06     499.051E-06    -20.1657E-03
            6819     18.3219E-03    -479.970E-06     453.129E-06    -18.3100E-03
            6820     16.0189E-03    -577.405E-06     396.049E-06    -16.0036E-03
            6821     13.3235E-03    -660.622E-06     329.217E-06    -13.3030E-03
            6822     10.3038E-03    -727.572E-06     254.279E-06    -10.2749E-03
            6823     7.03893E-03    -776.608E-06     173.080E-06    -6.99382E-03
            6824     3.63225E-03    -806.520E-06     87.6186E-06    -3.54050E-03
            6825     816.574E-06    -816.574E-06     1.42767E-33    -29.5421E-33
            6826     826.752E-06     826.752E-06    -817.780E-36    -29.8150E-33
            6827     3.67646E-03     816.574E-06     802.872E-21    -3.58463E-03
            6828     7.12452E-03     786.288E-06     1.34912E-18    -7.08099E-03
            6829     10.4290E-03     736.642E-06     1.37270E-18    -10.4030E-03
            6830     13.4854E-03     668.857E-06     1.42650E-18    -13.4689E-03
            6831     16.2136E-03     584.602E-06     533.303E-21    -16.2031E-03
            6832     18.5447E-03     485.953E-06     1.22962E-18    -18.5383E-03
            6833     20.4205E-03     375.338E-06     1.88107E-18    -20.4170E-03
            6834     21.7946E-03     255.480E-06     3.05198E-18    -21.7931E-03
            6835     22.6328E-03     129.333E-06     2.26611E-18    -22.6325E-03
            6836     22.9146E-03    -590.348E-21     1.64059E-18    -22.9146E-03
            6837     22.6328E-03    -129.333E-06     1.04636E-18    -22.6325E-03
            6838     21.7946E-03    -255.480E-06     741.747E-21    -21.7931E-03
            6839     20.4205E-03    -375.338E-06     1.46732E-18    -20.4170E-03
            6840     18.5447E-03    -485.953E-06     32.6806E-21    -18.5383E-03
            6841     16.2136E-03    -584.602E-06     192.976E-21    -16.2031E-03
            6842     13.4854E-03    -668.857E-06     700.336E-21    -13.4689E-03
            6843     10.4290E-03    -736.642E-06     616.596E-21    -10.4030E-03
            6844     7.12452E-03    -786.288E-06     501.706E-21    -7.08099E-03
            6845     3.67646E-03    -816.574E-06     695.571E-21    -3.58463E-03
            6846     826.752E-06    -826.752E-06    -817.780E-36    -29.8150E-33
            6847     816.574E-06     816.574E-06    -3.04309E-33    -29.3538E-33
            6848     3.63225E-03     806.520E-06    -87.6186E-06    -3.54050E-03
            6849     7.03893E-03     776.608E-06    -173.080E-06    -6.99382E-03
            6850     10.3038E-03     727.572E-06    -254.279E-06    -10.2749E-03
            6851     13.3235E-03     660.622E-06    -329.217E-06    -13.3030E-03
            6852     16.0189E-03     577.405E-06    -396.049E-06    -16.0036E-03
            6853     18.3219E-03     479.970E-06    -453.129E-06    -18.3100E-03
            6854     20.1753E-03     370.717E-06    -499.051E-06    -20.1657E-03
            6855     21.5328E-03     252.335E-06    -532.685E-06    -21.5248E-03
            6856     22.3610E-03     127.740E-06    -553.202E-06    -22.3538E-03
            6857     22.6394E-03    -509.467E-21    -560.098E-06    -22.6325E-03
            6858     22.3610E-03    -127.740E-06    -553.202E-06    -22.3538E-03
            6859     21.5328E-03    -252.335E-06    -532.685E-06    -21.5248E-03
            6860     20.1753E-03    -370.717E-06    -499.051E-06    -20.1657E-03
            6861     18.3219E-03    -479.970E-06    -453.129E-06    -18.3100E-03
            6862     16.0189E-03    -577.405E-06    -396.049E-06    -16.0036E-03
            6863     13.3235E-03    -660.622E-06    -329.217E-06    -13.3030E-03
            6864     10.3038E-03    -727.572E-06    -254.279E-06    -10.2749E-03
            6865     7.03893E-03    -776.608E-06    -173.080E-06    -6.99382E-03
            6866     3.63225E-03    -806.520E-06    -87.6186E-06    -3.54050E-03
            6867     816.574E-06    -816.574E-06    -3.04309E-33    -29.3538E-33
            6868     786.288E-06     786.288E-06    -5.19347E-33    -28.1697E-33
            6869     3.50080E-03     776.608E-06    -173.080E-06    -3.40919E-03
            6870     6.78444E-03     747.804E-06    -341.898E-06    -6.73443E-03
            6871     9.93133E-03     700.588E-06    -502.297E-06    -9.89384E-03
            6872     12.8419E-03     636.120E-06    -650.328E-06    -12.8096E-03
            6873     15.4399E-03     555.990E-06    -782.346E-06    -15.4100E-03
            6874     17.6597E-03     462.169E-06    -895.100E-06    -17.6310E-03
            6875     19.4460E-03     356.967E-06    -985.813E-06    -19.4178E-03
            6876     20.7545E-03     242.976E-06    -1.05225E-03    -20.7264E-03
            6877     21.5528E-03     123.003E-06    -1.09278E-03    -21.5248E-03
            6878     21.8211E-03    -205.408E-21    -1.10640E-03    -21.7931E-03
            6879     21.5528E-03    -123.003E-06    -1.09278E-03    -21.5248E-03
            6880     20.7545E-03    -242.976E-06    -1.05225E-03    -20.7264E-03
            6881     19.4460E-03    -356.967E-06    -985.813E-06    -19.4178E-03
            6882     17.6597E-03    -462.169E-06    -895.100E-06    -17.6310E-03
            6883     15.4399E-03    -555.990E-06    -782.346E-06    -15.4100E-03
            6884     12.8419E-03    -636.120E-06    -650.328E-06    -12.8096E-03
            6885     9.93133E-03    -700.588E-06    -502.297E-06    -9.89384E-03
            6886     6.78444E-03    -747.804E-06    -341.898E-06    -6.73443E-03
            6887     3.50080E-03    -776.608E-06    -173.080E-06    -3.40919E-03
            6888     786.288E-06    -786.288E-06    -5.19347E-33    -28.1697E-33
            6889     736.642E-06     736.642E-06    -7.21597E-33    -26.2921E-33
            6890     3.28561E-03     727.572E-06    -254.279E-06    -3.19393E-03
            6891     6.36783E-03     700.588E-06    -502.297E-06    -6.30921E-03
            6892     9.32161E-03     656.352E-06    -737.947E-06    -9.26914E-03
            6893     12.0535E-03     595.956E-06    -955.426E-06    -12.0008E-03
            6894     14.4921E-03     520.884E-06    -1.14938E-03    -14.4370E-03
            6895     16.5757E-03     432.987E-06    -1.31503E-03    -16.5177E-03
            6896     18.2523E-03     334.428E-06    -1.44830E-03    -18.1917E-03
            6897     19.4805E-03     227.635E-06    -1.54591E-03    -19.4178E-03
            6898     20.2298E-03     115.236E-06    -1.60545E-03    -20.1657E-03
            6899     20.4816E-03    -284.071E-21    -1.62547E-03    -20.4170E-03
            6900     20.2298E-03    -115.236E-06    -1.60545E-03    -20.1657E-03
            6901     19.4805E-03    -227.635E-06    -1.54591E-03    -19.4178E-03
            6902     18.2523E-03    -334.428E-06    -1.44830E-03    -18.1917E-03
            6903     16.5757E-03    -432.987E-06    -1.31503E-03    -16.5177E-03
            6904     14.4921E-03    -520.884E-06    -1.14938E-03    -14.4370E-03
            6905     12.0535E-03    -595.956E-06    -955.426E-06    -12.0008E-03
            6906     9.32161E-03    -656.352E-06    -737.947E-06    -9.26914E-03
            6907     6.36783E-03    -700.588E-06    -502.297E-06    -6.30921E-03
            6908     3.28561E-03    -727.572E-06    -254.279E-06    -3.19393E-03
            6909     736.642E-06    -736.642E-06    -7.21597E-33    -26.2921E-33
            6910     668.857E-06     668.857E-06    -9.06079E-33    -23.7671E-33
            6911     2.99248E-03     660.622E-06    -329.217E-06    -2.90003E-03
            6912     5.80043E-03     636.120E-06    -650.328E-06    -5.72864E-03
            6913     8.49120E-03     595.956E-06    -955.426E-06    -8.41620E-03
            6914     10.9799E-03     541.116E-06    -1.23700E-03    -10.8965E-03
            6915     13.2012E-03     472.953E-06    -1.48811E-03    -13.1085E-03
            6916     15.0992E-03     393.144E-06    -1.70258E-03    -14.9978E-03
            6917     16.6266E-03     303.655E-06    -1.87513E-03    -16.5177E-03
            6918     17.7454E-03     206.688E-06    -2.00150E-03    -17.6310E-03
            6919     18.4279E-03     104.632E-06    -2.07860E-03    -18.3100E-03
            6920     18.6574E-03    -551.841E-21    -2.10451E-03    -18.5383E-03
            6921     18.4279E-03    -104.632E-06    -2.07860E-03    -18.3100E-03
            6922     17.7454E-03    -206.688E-06    -2.00150E-03    -17.6310E-03
            6923     16.6266E-03    -303.655E-06    -1.87513E-03    -16.5177E-03
            6924     15.0992E-03    -393.144E-06    -1.70258E-03    -14.9978E-03
            6925     13.2012E-03    -472.953E-06    -1.48811E-03    -13.1085E-03
            6926     10.9799E-03    -541.116E-06    -1.23700E-03    -10.8965E-03
            6927     8.49120E-03    -595.956E-06    -955.426E-06    -8.41620E-03
            6928     5.80043E-03    -636.120E-06    -650.328E-06    -5.72864E-03
            6929     2.99248E-03    -660.622E-06    -329.217E-06    -2.90003E-03
            6930     668.857E-06    -668.857E-06    -9.06079E-33    -23.7671E-33
            6931     584.602E-06     584.602E-06    -10.6825E-33    -20.6568E-33
            6932     2.62965E-03     577.405E-06    -396.049E-06    -2.53472E-03
            6933     5.09818E-03     555.990E-06    -782.346E-06    -5.00702E-03
            6934     7.46349E-03     520.884E-06    -1.14938E-03    -7.35603E-03
            6935     9.65107E-03     472.953E-06    -1.48811E-03    -9.52392E-03
            6936     11.6037E-03     413.376E-06    -1.79020E-03    -11.4573E-03
            6937     13.2720E-03     343.620E-06    -2.04821E-03    -13.1085E-03
            6938     14.6146E-03     265.404E-06    -2.25578E-03    -14.4370E-03
            6939     15.5980E-03     180.652E-06    -2.40781E-03    -15.4100E-03
            6940     16.1980E-03     91.4519E-06    -2.50055E-03    -16.0036E-03
            6941     16.3997E-03    -361.745E-21    -2.53172E-03    -16.2031E-03
            6942     16.1980E-03    -91.4519E-06    -2.50055E-03    -16.0036E-03
            6943     15.5980E-03    -180.652E-06    -2.40781E-03    -15.4100E-03
            6944     14.6146E-03    -265.404E-06    -2.25578E-03    -14.4370E-03
            6945     13.2720E-03    -343.620E-06    -2.04821E-03    -13.1085E-03
            6946     11.6037E-03    -413.376E-06    -1.79020E-03    -11.4573E-03
            6947     9.65107E-03    -472.953E-06    -1.48811E-03    -9.52392E-03
            6948     7.46349E-03    -520.884E-06    -1.14938E-03    -7.35603E-03
            6949     5.09818E-03    -555.990E-06    -782.346E-06    -5.00702E-03
            6950     2.62965E-03    -577.405E-06    -396.049E-06    -2.53472E-03
            6951     584.602E-06    -584.602E-06    -10.6825E-33    -20.6568E-33
            6952     485.953E-06     485.953E-06    -12.0412E-33    -17.0379E-33
            6953     2.20797E-03     479.970E-06    -453.129E-06    -2.10699E-03
            6954     4.28228E-03     462.169E-06    -895.100E-06    -4.16210E-03
            6955     6.26951E-03     432.987E-06    -1.31503E-03    -6.11473E-03
            6956     8.10734E-03     393.144E-06    -1.70258E-03    -7.91679E-03
            6957     9.74773E-03     343.620E-06    -2.04821E-03    -9.52392E-03
            6958     11.1493E-03     285.636E-06    -2.34340E-03    -10.8965E-03
            6959     12.2772E-03     220.618E-06    -2.58089E-03    -12.0008E-03
            6960     13.1034E-03     150.168E-06    -2.75483E-03    -12.8096E-03
            6961     13.6074E-03     76.0198E-06    -2.86094E-03    -13.3030E-03
            6962     13.7768E-03    -362.078E-21    -2.89660E-03    -13.4689E-03
            6963     13.6074E-03    -76.0198E-06    -2.86094E-03    -13.3030E-03
            6964     13.1034E-03    -150.168E-06    -2.75483E-03    -12.8096E-03
            6965     12.2772E-03    -220.618E-06    -2.58089E-03    -12.0008E-03
            6966     11.1493E-03    -285.636E-06    -2.34340E-03    -10.8965E-03
            6967     9.74773E-03    -343.620E-06    -2.04821E-03    -9.52392E-03
            6968     8.10734E-03    -393.144E-06    -1.70258E-03    -7.91679E-03
            6969     6.26951E-03    -432.987E-06    -1.31503E-03    -6.11473E-03
            6970     4.28228E-03    -462.169E-06    -895.100E-06    -4.16210E-03
            6971     2.20797E-03    -479.970E-06    -453.129E-06    -2.10699E-03
            6972     485.953E-06    -485.953E-06    -12.0412E-33    -17.0379E-33
            6973     375.338E-06     375.338E-06    -13.1034E-33    -12.9994E-33
            6974     1.74209E-03     370.717E-06    -499.051E-06    -1.62739E-03
            6975     3.38136E-03     356.967E-06    -985.813E-06    -3.21470E-03
            6976     4.95125E-03     334.428E-06    -1.44830E-03    -4.72286E-03
            6977     6.40299E-03     303.655E-06    -1.87513E-03    -6.11473E-03
            6978     7.69872E-03     265.404E-06    -2.25578E-03    -7.35603E-03
            6979     8.80580E-03     220.618E-06    -2.58089E-03    -8.41620E-03
            6980     9.69668E-03     170.400E-06    -2.84245E-03    -9.26914E-03
            6981     10.3492E-03     115.986E-06    -3.03402E-03    -9.89384E-03
            6982     10.7474E-03     58.7157E-06    -3.15088E-03    -10.2749E-03
            6983     10.8812E-03    -335.293E-21    -3.19016E-03    -10.4030E-03
            6984     10.7474E-03    -58.7157E-06    -3.15088E-03    -10.2749E-03
            6985     10.3492E-03    -115.986E-06    -3.03402E-03    -9.89384E-03
            6986     9.69668E-03    -170.400E-06    -2.84245E-03    -9.26914E-03
            6987     8.80580E-03    -220.618E-06    -2.58089E-03    -8.41620E-03
            6988     7.69872E-03    -265.404E-06    -2.25578E-03    -7.35603E-03
            6989     6.40299E-03    -303.655E-06    -1.87513E-03    -6.11473E-03
            6990     4.95125E-03    -334.428E-06    -1.44830E-03    -4.72286E-03
            6991     3.38136E-03    -356.967E-06    -985.813E-06    -3.21470E-03
            6992     1.74209E-03    -370.717E-06    -499.051E-06    -1.62739E-03
            6993     375.338E-06    -375.338E-06    -13.1034E-33    -12.9994E-33
            6994     255.480E-06     255.480E-06    -13.8429E-33    -8.64092E-33
            6995     1.25477E-03     252.335E-06    -532.685E-06    -1.10771E-03
            6996     2.44014E-03     242.976E-06    -1.05225E-03    -2.18815E-03
            6997     3.57435E-03     227.635E-06    -1.54591E-03    -3.21470E-03
            6998     4.62297E-03     206.688E-06    -2.00150E-03    -4.16210E-03
            6999     5.55882E-03     180.652E-06    -2.40781E-03    -5.00702E-03
            7000     6.35838E-03     150.168E-06    -2.75483E-03    -5.72864E-03
            7001     7.00178E-03     115.986E-06    -3.03402E-03    -6.30921E-03
            7002     7.47306E-03     78.9478E-06    -3.23850E-03    -6.73443E-03
            7003     7.76057E-03     39.9660E-06    -3.36324E-03    -6.99382E-03
            7004     7.85720E-03    -151.434E-21    -3.40516E-03    -7.08099E-03
            7005     7.76057E-03    -39.9660E-06    -3.36324E-03    -6.99382E-03
            7006     7.47306E-03    -78.9478E-06    -3.23850E-03    -6.73443E-03
            7007     7.00178E-03    -115.986E-06    -3.03402E-03    -6.30921E-03
            7008     6.35838E-03    -150.168E-06    -2.75483E-03    -5.72864E-03
            7009     5.55882E-03    -180.652E-06    -2.40781E-03    -5.00702E-03
            7010     4.62297E-03    -206.688E-06    -2.00150E-03    -4.16210E-03
            7011     3.57435E-03    -227.635E-06    -1.54591E-03    -3.21470E-03
            7012     2.44014E-03    -242.976E-06    -1.05225E-03    -2.18815E-03
            7013     1.25477E-03    -252.335E-06    -532.685E-06    -1.10771E-03
            7014     255.480E-06    -255.480E-06    -13.8429E-33    -8.64092E-33
            7015     129.333E-06     129.333E-06    -14.2416E-33    -4.06963E-33
            7016     797.998E-06     127.740E-06    -553.202E-06    -560.760E-06
            7017     1.56087E-03     123.003E-06    -1.09278E-03    -1.10771E-03
            7018     2.28892E-03     115.236E-06    -1.60545E-03    -1.62739E-03
            7019     2.96158E-03     104.632E-06    -2.07860E-03    -2.10699E-03
            7020     3.56173E-03     91.4519E-06    -2.50055E-03    -2.53472E-03
            7021     4.07442E-03     76.0198E-06    -2.86094E-03    -2.90003E-03
            7022     4.48695E-03     58.7157E-06    -3.15088E-03    -3.19393E-03
            7023     4.78910E-03     39.9660E-06    -3.36324E-03    -3.40919E-03
            7024     4.97343E-03     20.2321E-06    -3.49278E-03    -3.54050E-03
            7025     5.03539E-03    -88.2974E-21    -3.53632E-03    -3.58463E-03
            7026     4.97343E-03    -20.2321E-06    -3.49278E-03    -3.54050E-03
            7027     4.78910E-03    -39.9660E-06    -3.36324E-03    -3.40919E-03
            7028     4.48695E-03    -58.7157E-06    -3.15088E-03    -3.19393E-03
            7029     4.07442E-03    -76.0198E-06    -2.86094E-03    -2.90003E-03
            7030     3.56173E-03    -91.4519E-06    -2.50055E-03    -2.53472E-03
            7031     2.96158E-03    -104.632E-06    -2.07860E-03    -2.10699E-03
            7032     2.28892E-03    -115.236E-06    -1.60545E-03    -1.62739E-03
            7033     1.56087E-03    -123.003E-06    -1.09278E-03    -1.10771E-03
            7034     797.998E-06    -127.740E-06    -553.202E-06    -560.760E-06
            7035     129.333E-06    -129.333E-06    -14.2416E-33    -4.06963E-33
            7036              0.     2.55604E-33    -4.73552E-33    -608.387E-36
            7037     560.098E-06     11.4782E-33    -560.098E-06    -1.45430E-33
            7038     1.10640E-03     10.5795E-33    -1.10640E-03    -2.27092E-33
            7039     1.62547E-03     9.42035E-33    -1.62547E-03    -3.03162E-33
            7040     2.10451E-03     8.02921E-33    -2.10451E-03    -3.71767E-33
            7041     2.53172E-03     6.44037E-33    -2.53172E-03    -4.31218E-33
            7042     2.89660E-03     4.69295E-33    -2.89660E-03    -4.80051E-33
            7043     3.19016E-03     2.82997E-33    -3.19016E-03    -5.17064E-33
            7044     3.40516E-03     897.310E-36    -3.40516E-03    -5.41344E-33
            7045     3.53632E-03    -1.05745E-33    -3.53632E-03    -5.52295E-33
            7046     3.58040E-03    -2.98617E-33    -3.58040E-03    -5.49647E-33
            7047     3.53632E-03    -4.84136E-33    -3.53632E-03    -5.33465E-33
            7048     3.40516E-03    -6.57734E-33    -3.40516E-03    -5.04146E-33
            7049     3.19016E-03    -8.15136E-33    -3.19016E-03    -4.62414E-33
            7050     2.89660E-03    -9.52467E-33    -2.89660E-03    -4.09296E-33
            7051     2.53172E-03    -10.6635E-33    -2.53172E-03    -3.46100E-33
            7052     2.10451E-03    -11.5397E-33    -2.10451E-03    -2.74382E-33
            7053     1.62547E-03    -12.1317E-33    -1.62547E-03    -1.95907E-33
            7054     1.10640E-03    -12.4251E-33    -1.10640E-03    -1.12608E-33
            7055     560.098E-06    -12.4125E-33    -560.098E-06    -265.371E-36
            7056              0.    -2.55604E-33    -4.73552E-33    -608.387E-36
            7057              0.     4.51493E-33     6.10147E-33    -298.596E-36
            7058     669.762E-06     15.7905E-33     669.762E-06    -746.481E-36
            7059     1.32303E-03     14.5307E-33     1.32303E-03    -837.720E-36
            7060     1.94372E-03     12.9130E-33     1.94372E-03    -908.332E-36
            7061     2.51656E-03     10.9774E-33     2.51656E-03    -956.578E-36
            7062     3.02742E-03     8.77153E-33     3.02742E-03    -981.270E-36
            7063     3.46374E-03     6.34964E-33     3.46374E-03    -981.799E-36
            7064     3.81477E-03     3.77140E-33     3.81477E-03    -958.153E-36
            7065     4.07187E-03     1.10030E-33     4.07187E-03    -910.915E-36
            7066     4.22871E-03    -1.59790E-33     4.22871E-03    -841.247E-36
            7067     4.28142E-03    -4.25675E-33     4.28142E-03    -750.864E-36
            7068     4.22871E-03    -6.81079E-33     4.22871E-03    -641.993E-36
            7069     4.07187E-03    -9.19712E-33     4.07187E-03    -517.314E-36
            7070     3.81477E-03    -11.3570E-33     3.81477E-03    -379.896E-36
            7071     3.46374E-03    -13.2372E-33     3.46374E-03    -233.125E-36
            7072     3.02742E-03    -14.7915E-33     3.02742E-03    -80.6130E-36
            7073     2.51656E-03    -15.9815E-33     2.51656E-03     73.8838E-36
            7074     1.94372E-03    -16.7781E-33     1.94372E-03     226.562E-36
            7075     1.32303E-03    -17.1615E-33     1.32303E-03     373.660E-36
            7076     669.762E-06    -17.1223E-33     669.762E-06     511.558E-36
            7077              0.    -4.51493E-33     6.10147E-33    -298.596E-36
            7078     208.500E-06     208.500E-06     17.9074E-33    -3.74502E-33
            7079     891.914E-06     205.933E-06     661.516E-06    -561.694E-06
            7080     1.72569E-03     198.295E-06     1.30674E-03    -1.10956E-03
            7081     2.52534E-03     185.775E-06     1.91979E-03    -1.63010E-03
            7082     3.26508E-03     168.680E-06     2.48557E-03    -2.11050E-03
            7083     3.92542E-03     147.432E-06     2.99015E-03    -2.53894E-03
            7084     4.48967E-03     122.553E-06     3.42110E-03    -2.90486E-03
            7085     4.94373E-03     94.6569E-06     3.76781E-03    -3.19925E-03
            7086     5.27635E-03     64.4300E-06     4.02174E-03    -3.41486E-03
            7087     5.47927E-03     32.6166E-06     4.17665E-03    -3.54639E-03
            7088     5.54747E-03     81.3966E-21     4.22871E-03    -3.59060E-03
            7089     5.47927E-03    -32.6166E-06     4.17665E-03    -3.54639E-03
            7090     5.27635E-03    -64.4300E-06     4.02174E-03    -3.41486E-03
            7091     4.94373E-03    -94.6569E-06     3.76781E-03    -3.19925E-03
            7092     4.48967E-03    -122.553E-06     3.42110E-03    -2.90486E-03
            7093     3.92542E-03    -147.432E-06     2.99015E-03    -2.53894E-03
            7094     3.26508E-03    -168.680E-06     2.48557E-03    -2.11050E-03
            7095     2.52534E-03    -185.775E-06     1.91979E-03    -1.63010E-03
            7096     1.72569E-03    -198.295E-06     1.30674E-03    -1.10956E-03
            7097     891.914E-06    -205.933E-06     661.516E-06    -561.694E-06
            7098     208.500E-06    -208.500E-06     17.9074E-33    -3.74502E-33
            7099     411.866E-06     411.866E-06     17.1154E-33    -6.76096E-33
            7100     1.34251E-03     406.795E-06     636.981E-06    -1.10956E-03
            7101     2.55747E-03     391.708E-06     1.25828E-03    -2.19179E-03
            7102     3.73105E-03     366.975E-06     1.84859E-03    -3.22006E-03
            7103     4.81873E-03     333.206E-06     2.39339E-03    -4.16904E-03
            7104     5.79040E-03     291.233E-06     2.87925E-03    -5.01536E-03
            7105     6.62097E-03     242.089E-06     3.29421E-03    -5.73819E-03
            7106     7.28949E-03     186.983E-06     3.62806E-03    -6.31972E-03
            7107     7.77925E-03     127.274E-06     3.87258E-03    -6.74564E-03
            7108     8.07806E-03     64.4300E-06     4.02174E-03    -7.00546E-03
            7109     8.17850E-03     40.4609E-21     4.07187E-03    -7.09279E-03
            7110     8.07806E-03    -64.4300E-06     4.02174E-03    -7.00546E-03
            7111     7.77925E-03    -127.274E-06     3.87258E-03    -6.74564E-03
            7112     7.28949E-03    -186.983E-06     3.62806E-03    -6.31972E-03
            7113     6.62097E-03    -242.089E-06     3.29421E-03    -5.73819E-03
            7114     5.79040E-03    -291.233E-06     2.87925E-03    -5.01536E-03
            7115     4.81873E-03    -333.206E-06     2.39339E-03    -4.16904E-03
            7116     3.73105E-03    -366.975E-06     1.84859E-03    -3.22006E-03
            7117     2.55747E-03    -391.708E-06     1.25828E-03    -2.19179E-03
            7118     1.34251E-03    -406.795E-06     636.981E-06    -1.10956E-03
            7119     411.866E-06    -411.866E-06     17.1154E-33    -6.76096E-33
            7120     605.090E-06     605.090E-06     15.9019E-33    -9.61043E-33
            7121     1.83590E-03     597.640E-06     596.762E-06    -1.63010E-03
            7122     3.47701E-03     575.475E-06     1.17883E-03    -3.22006E-03
            7123     5.06654E-03     539.139E-06     1.73187E-03    -4.73073E-03
            7124     6.54079E-03     489.528E-06     2.24227E-03    -6.12492E-03
            7125     7.85818E-03     427.863E-06     2.69745E-03    -7.36828E-03
            7126     8.98442E-03     355.663E-06     3.08622E-03    -8.43022E-03
            7127     9.89101E-03     274.705E-06     3.39899E-03    -9.28458E-03
            7128     10.5552E-03     186.983E-06     3.62806E-03    -9.91032E-03
            7129     10.9604E-03     94.6569E-06     3.76781E-03    -10.2920E-03
            7130     11.0967E-03     79.4945E-21     3.81477E-03    -10.4203E-03
            7131     10.9604E-03    -94.6569E-06     3.76781E-03    -10.2920E-03
            7132     10.5552E-03    -186.983E-06     3.62806E-03    -9.91032E-03
            7133     9.89101E-03    -274.705E-06     3.39899E-03    -9.28458E-03
            7134     8.98442E-03    -355.663E-06     3.08622E-03    -8.43022E-03
            7135     7.85818E-03    -427.863E-06     2.69745E-03    -7.36828E-03
            7136     6.54079E-03    -489.528E-06     2.24227E-03    -6.12492E-03
            7137     5.06654E-03    -539.139E-06     1.73187E-03    -4.73073E-03
            7138     3.47701E-03    -575.475E-06     1.17883E-03    -3.22006E-03
            7139     1.83590E-03    -597.640E-06     596.762E-06    -1.63010E-03
            7140     605.090E-06    -605.090E-06     15.9019E-33    -9.61043E-33
            7141     783.415E-06     783.415E-06     14.2969E-33    -12.2233E-33
            7142     2.31226E-03     773.770E-06     541.848E-06    -2.11050E-03
            7143     4.36826E-03     745.072E-06     1.07035E-03    -4.16904E-03
            7144     6.36197E-03     698.028E-06     1.57251E-03    -6.12492E-03
            7145     8.21166E-03     633.796E-06     2.03594E-03    -7.92998E-03
            7146     9.86474E-03     553.958E-06     2.44923E-03    -9.53978E-03
            7147     11.2781E-03     460.480E-06     2.80223E-03    -10.9147E-03
            7148     12.4158E-03     355.663E-06     3.08622E-03    -12.0208E-03
            7149     13.2493E-03     242.089E-06     3.29421E-03    -12.8310E-03
            7150     13.7579E-03     122.553E-06     3.42110E-03    -13.3252E-03
            7151     13.9288E-03    -19.8222E-21     3.46374E-03    -13.4913E-03
            7152     13.7579E-03    -122.553E-06     3.42110E-03    -13.3252E-03
            7153     13.2493E-03    -242.089E-06     3.29421E-03    -12.8310E-03
            7154     12.4158E-03    -355.663E-06     3.08622E-03    -12.0208E-03
            7155     11.2781E-03    -460.480E-06     2.80223E-03    -10.9147E-03
            7156     9.86474E-03    -553.958E-06     2.44923E-03    -9.53978E-03
            7157     8.21166E-03    -633.796E-06     2.03594E-03    -7.92998E-03
            7158     6.36197E-03    -698.028E-06     1.57251E-03    -6.12492E-03
            7159     4.36826E-03    -745.072E-06     1.07035E-03    -4.16904E-03
            7160     2.31226E-03    -773.770E-06     541.848E-06    -2.11050E-03
            7161     783.415E-06    -783.415E-06     14.2969E-33    -12.2233E-33
            7162     942.450E-06     942.450E-06     12.3398E-33    -14.5351E-33
            7163     2.74535E-03     930.847E-06     473.593E-06    -2.53894E-03
            7164     5.18000E-03     896.323E-06     935.524E-06    -5.01536E-03
            7165     7.54227E-03     839.729E-06     1.37442E-03    -7.36828E-03
            7166     9.73423E-03     762.458E-06     1.77947E-03    -9.53978E-03
            7167     11.6933E-03     666.413E-06     2.14071E-03    -11.4764E-03
            7168     13.3683E-03     553.958E-06     2.44923E-03    -13.1304E-03
            7169     14.7167E-03     427.863E-06     2.69745E-03    -14.4611E-03
            7170     15.7046E-03     291.233E-06     2.87925E-03    -15.4357E-03
            7171     16.3074E-03     147.432E-06     2.99015E-03    -16.0302E-03
            7172     16.5100E-03    -26.6830E-21     3.02742E-03    -16.2300E-03
            7173     16.3074E-03    -147.432E-06     2.99015E-03    -16.0302E-03
            7174     15.7046E-03    -291.233E-06     2.87925E-03    -15.4357E-03
            7175     14.7167E-03    -427.863E-06     2.69745E-03    -14.4611E-03
            7176     13.3683E-03    -553.958E-06     2.44923E-03    -13.1304E-03
            7177     11.6933E-03    -666.413E-06     2.14071E-03    -11.4764E-03
            7178     9.73423E-03    -762.458E-06     1.77947E-03    -9.53978E-03
            7179     7.54227E-03    -839.729E-06     1.37442E-03    -7.36828E-03
            7180     5.18000E-03    -896.323E-06     935.524E-06    -5.01536E-03
            7181     2.74535E-03    -930.847E-06     473.593E-06    -2.53894E-03
            7182     942.450E-06    -942.450E-06     12.3398E-33    -14.5351E-33
            7183     1.07828E-03     1.07828E-03     10.0789E-33    -16.4891E-33
            7184     3.11888E-03     1.06500E-03     393.676E-06    -2.90486E-03
            7185     5.88075E-03     1.02550E-03     777.658E-06    -5.73819E-03
            7186     8.56137E-03     960.753E-06     1.14249E-03    -8.43022E-03
            7187     11.0489E-03     872.346E-06     1.47919E-03    -10.9147E-03
            7188     13.2723E-03     762.458E-06     1.77947E-03    -13.1304E-03
            7189     15.1733E-03     633.796E-06     2.03594E-03    -15.0228E-03
            7190     16.7037E-03     489.528E-06     2.24227E-03    -16.5452E-03
            7191     17.8249E-03     333.206E-06     2.39339E-03    -17.6603E-03
            7192     18.5090E-03     168.680E-06     2.48557E-03    -18.3405E-03
            7193     18.7389E-03    -122.043E-21     2.51656E-03    -18.5692E-03
            7194     18.5090E-03    -168.680E-06     2.48557E-03    -18.3405E-03
            7195     17.8249E-03    -333.206E-06     2.39339E-03    -17.6603E-03
            7196     16.7037E-03    -489.528E-06     2.24227E-03    -16.5452E-03
            7197     15.1733E-03    -633.796E-06     2.03594E-03    -15.0228E-03
            7198     13.2723E-03    -762.458E-06     1.77947E-03    -13.1304E-03
            7199     11.0489E-03    -872.346E-06     1.47919E-03    -10.9147E-03
            7200     8.56137E-03    -960.753E-06     1.14249E-03    -8.43022E-03
            7201     5.88075E-03    -1.02550E-03     777.658E-06    -5.73819E-03
            7202     3.11888E-03    -1.06500E-03     393.676E-06    -2.90486E-03
            7203     1.07828E-03    -1.07828E-03     10.0789E-33    -16.4891E-33
            7204     1.18756E-03     1.18756E-03     7.56979E-33    -18.0370E-33
            7205     3.42103E-03     1.17294E-03     304.065E-06    -3.19925E-03
            7206     6.44789E-03     1.12943E-03     600.644E-06    -6.31972E-03
            7207     9.38625E-03     1.05812E-03     882.432E-06    -9.28458E-03
            7208     12.1132E-03     960.753E-06     1.14249E-03    -12.0208E-03
            7209     14.5505E-03     839.729E-06     1.37442E-03    -14.4611E-03
            7210     16.6345E-03     698.028E-06     1.57251E-03    -16.5452E-03
            7211     18.3121E-03     539.139E-06     1.73187E-03    -18.2220E-03
            7212     19.5412E-03     366.975E-06     1.84859E-03    -19.4501E-03
            7213     20.2911E-03     185.775E-06     1.91979E-03    -20.1993E-03
            7214     20.5432E-03    -307.358E-21     1.94372E-03    -20.4510E-03
            7215     20.2911E-03    -185.775E-06     1.91979E-03    -20.1993E-03
            7216     19.5412E-03    -366.975E-06     1.84859E-03    -19.4501E-03
            7217     18.3121E-03    -539.139E-06     1.73187E-03    -18.2220E-03
            7218     16.6345E-03    -698.028E-06     1.57251E-03    -16.5452E-03
            7219     14.5505E-03    -839.729E-06     1.37442E-03    -14.4611E-03
            7220     12.1132E-03    -960.753E-06     1.14249E-03    -12.0208E-03
            7221     9.38625E-03    -1.05812E-03     882.432E-06    -9.28458E-03
            7222     6.44789E-03    -1.12943E-03     600.644E-06    -6.31972E-03
            7223     3.42103E-03    -1.17294E-03     304.065E-06    -3.19925E-03
            7224     1.18756E-03    -1.18756E-03     7.56979E-33    -18.0370E-33
            7225     1.26759E-03     1.26759E-03     4.87431E-33    -19.1408E-33
            7226     3.64302E-03     1.25199E-03     206.968E-06    -3.41486E-03
            7227     6.86471E-03     1.20555E-03     408.839E-06    -6.74564E-03
            7228     9.99254E-03     1.12943E-03     600.644E-06    -9.91032E-03
            7229     12.8954E-03     1.02550E-03     777.658E-06    -12.8310E-03
            7230     15.4900E-03     896.323E-06     935.524E-06    -15.4357E-03
            7231     17.7084E-03     745.072E-06     1.07035E-03    -17.6603E-03
            7232     19.4943E-03     575.475E-06     1.17883E-03    -19.4501E-03
            7233     20.8027E-03     391.708E-06     1.25828E-03    -20.7610E-03
            7234     21.6011E-03     198.295E-06     1.30674E-03    -21.5606E-03
            7235     21.8694E-03    -293.657E-21     1.32303E-03    -21.8294E-03
            7236     21.6011E-03    -198.295E-06     1.30674E-03    -21.5606E-03
            7237     20.8027E-03    -391.708E-06     1.25828E-03    -20.7610E-03
            7238     19.4943E-03    -575.475E-06     1.17883E-03    -19.4501E-03
            7239     17.7084E-03    -745.072E-06     1.07035E-03    -17.6603E-03
            7240     15.4900E-03    -896.323E-06     935.524E-06    -15.4357E-03
            7241     12.8954E-03    -1.02550E-03     777.658E-06    -12.8310E-03
            7242     9.99254E-03    -1.12943E-03     600.644E-06    -9.91032E-03
            7243     6.86471E-03    -1.20555E-03     408.839E-06    -6.74564E-03
            7244     3.64302E-03    -1.25199E-03     206.968E-06    -3.41486E-03
            7245     1.26759E-03    -1.26759E-03     4.87431E-33    -19.1408E-33
            7246     1.31642E-03     1.31642E-03     2.05880E-33    -19.7733E-33
            7247     3.77868E-03     1.30021E-03     104.774E-06    -3.54639E-03
            7248     7.11947E-03     1.25199E-03     206.968E-06    -7.00546E-03
            7249     10.3631E-03     1.17294E-03     304.065E-06    -10.2920E-03
            7250     13.3735E-03     1.06500E-03     393.676E-06    -13.3252E-03
            7251     16.0642E-03     930.847E-06     473.593E-06    -16.0302E-03
            7252     18.3649E-03     773.770E-06     541.848E-06    -18.3405E-03
            7253     20.2169E-03     597.640E-06     596.762E-06    -20.1993E-03
            7254     21.5738E-03     406.795E-06     636.981E-06    -21.5606E-03
            7255     22.4018E-03     205.933E-06     661.516E-06    -22.3911E-03
            7256     22.6801E-03    -166.390E-21     669.762E-06    -22.6702E-03
            7257     22.4018E-03    -205.933E-06     661.516E-06    -22.3911E-03
            7258     21.5738E-03    -406.795E-06     636.981E-06    -21.5606E-03
            7259     20.2169E-03    -597.640E-06     596.762E-06    -20.1993E-03
            7260     18.3649E-03    -773.770E-06     541.848E-06    -18.3405E-03
            7261     16.0642E-03    -930.847E-06     473.593E-06    -16.0302E-03
            7262     13.3735E-03    -1.06500E-03     393.676E-06    -13.3252E-03
            7263     10.3631E-03    -1.17294E-03     304.065E-06    -10.2920E-03
            7264     7.11947E-03    -1.25199E-03     206.968E-06    -7.00546E-03
            7265     3.77868E-03    -1.30021E-03     104.774E-06    -3.54639E-03
            7266     1.31642E-03    -1.31642E-03     2.05880E-33    -19.7733E-33
            7267     1.33283E-03     1.33283E-03    -807.393E-36    -19.9189E-33
            7268     3.82431E-03     1.31642E-03     817.813E-21    -3.59060E-03
            7269     7.20517E-03     1.26759E-03     1.29773E-18    -7.09279E-03
            7270     10.4878E-03     1.18756E-03     1.47947E-18    -10.4203E-03
            7271     13.5343E-03     1.07828E-03     982.660E-21    -13.4913E-03
            7272     16.2574E-03     942.450E-06     660.199E-21    -16.2300E-03
            7273     18.5857E-03     783.415E-06     1.03720E-18    -18.5692E-03
            7274     20.4600E-03     605.090E-06     1.81511E-18    -20.4510E-03
            7275     21.8332E-03     411.866E-06     2.87065E-18    -21.8294E-03
            7276     22.6711E-03     208.500E-06     2.23155E-18    -22.6702E-03
            7277     22.9527E-03    -392.475E-21     2.31949E-18    -22.9527E-03
            7278     22.6711E-03    -208.500E-06     1.69460E-18    -22.6702E-03
            7279     21.8332E-03    -411.866E-06     835.631E-21    -21.8294E-03
            7280     20.4600E-03    -605.090E-06     1.73671E-18    -20.4510E-03
            7281     18.5857E-03    -783.415E-06    -35.3477E-21    -18.5692E-03
            7282     16.2574E-03    -942.450E-06     459.171E-21    -16.2300E-03
            7283     13.5343E-03    -1.07828E-03     822.788E-21    -13.4913E-03
            7284     10.4878E-03    -1.18756E-03     1.16665E-18    -10.4203E-03
            7285     7.20517E-03    -1.26759E-03     905.664E-21    -7.09279E-03
            7286     3.82431E-03    -1.31642E-03     1.13435E-18    -3.59060E-03
            7287     1.33283E-03    -1.33283E-03    -807.393E-36    -19.9189E-33
            7288     1.31642E-03     1.31642E-03    -3.65371E-33    -19.5740E-33
            7289     3.77868E-03     1.30021E-03    -104.774E-06    -3.54639E-03
            7290     7.11947E-03     1.25199E-03    -206.968E-06    -7.00546E-03
            7291     10.3631E-03     1.17294E-03    -304.065E-06    -10.2920E-03
            7292     13.3735E-03     1.06500E-03    -393.676E-06    -13.3252E-03
            7293     16.0642E-03     930.847E-06    -473.593E-06    -16.0302E-03
            7294     18.3649E-03     773.770E-06    -541.848E-06    -18.3405E-03
            7295     20.2169E-03     597.640E-06    -596.762E-06    -20.1993E-03
            7296     21.5738E-03     406.795E-06    -636.981E-06    -21.5606E-03
            7297     22.4018E-03     205.933E-06    -661.516E-06    -22.3911E-03
            7298     22.6801E-03    -481.569E-21    -669.762E-06    -22.6702E-03
            7299     22.4018E-03    -205.933E-06    -661.516E-06    -22.3911E-03
            7300     21.5738E-03    -406.795E-06    -636.981E-06    -21.5606E-03
            7301     20.2169E-03    -597.640E-06    -596.762E-06    -20.1993E-03
            7302     18.3649E-03    -773.770E-06    -541.848E-06    -18.3405E-03
            7303     16.0642E-03    -930.847E-06    -473.593E-06    -16.0302E-03
            7304     13.3735E-03    -1.06500E-03    -393.676E-06    -13.3252E-03
            7305     10.3631E-03    -1.17294E-03    -304.065E-06    -10.2920E-03
            7306     7.11947E-03    -1.25199E-03    -206.968E-06    -7.00546E-03
            7307     3.77868E-03    -1.30021E-03    -104.774E-06    -3.54639E-03
            7308     1.31642E-03    -1.31642E-03    -3.65371E-33    -19.5740E-33
            7309     1.26759E-03     1.26759E-03    -6.41006E-33    -18.7472E-33
            7310     3.64302E-03     1.25199E-03    -206.968E-06    -3.41486E-03
            7311     6.86471E-03     1.20555E-03    -408.839E-06    -6.74564E-03
            7312     9.99254E-03     1.12943E-03    -600.644E-06    -9.91032E-03
            7313     12.8954E-03     1.02550E-03    -777.658E-06    -12.8310E-03
            7314     15.4900E-03     896.323E-06    -935.524E-06    -15.4357E-03
            7315     17.7084E-03     745.072E-06    -1.07035E-03    -17.6603E-03
            7316     19.4943E-03     575.475E-06    -1.17883E-03    -19.4501E-03
            7317     20.8027E-03     391.708E-06    -1.25828E-03    -20.7610E-03
            7318     21.6011E-03     198.295E-06    -1.30674E-03    -21.5606E-03
            7319     21.8694E-03    -59.7479E-21    -1.32303E-03    -21.8294E-03
            7320     21.6011E-03    -198.295E-06    -1.30674E-03    -21.5606E-03
            7321     20.8027E-03    -391.708E-06    -1.25828E-03    -20.7610E-03
            7322     19.4943E-03    -575.475E-06    -1.17883E-03    -19.4501E-03
            7323     17.7084E-03    -745.072E-06    -1.07035E-03    -17.6603E-03
            7324     15.4900E-03    -896.323E-06    -935.524E-06    -15.4357E-03
            7325     12.8954E-03    -1.02550E-03    -777.658E-06    -12.8310E-03
            7326     9.99254E-03    -1.12943E-03    -600.644E-06    -9.91032E-03
            7327     6.86471E-03    -1.20555E-03    -408.839E-06    -6.74564E-03
            7328     3.64302E-03    -1.25199E-03    -206.968E-06    -3.41486E-03
            7329     1.26759E-03    -1.26759E-03    -6.41006E-33    -18.7472E-33
            7330     1.18756E-03     1.18756E-03    -9.00857E-33    -17.4587E-33
            7331     3.42103E-03     1.17294E-03    -304.065E-06    -3.19925E-03
            7332     6.44789E-03     1.12943E-03    -600.644E-06    -6.31972E-03
            7333     9.38625E-03     1.05812E-03    -882.432E-06    -9.28458E-03
            7334     12.1132E-03     960.753E-06    -1.14249E-03    -12.0208E-03
            7335     14.5505E-03     839.729E-06    -1.37442E-03    -14.4611E-03
            7336     16.6345E-03     698.028E-06    -1.57251E-03    -16.5452E-03
            7337     18.3121E-03     539.139E-06    -1.73187E-03    -18.2220E-03
            7338     19.5412E-03     366.975E-06    -1.84859E-03    -19.4501E-03
            7339     20.2911E-03     185.775E-06    -1.91979E-03    -20.1993E-03
            7340     20.5432E-03    -55.5865E-21    -1.94372E-03    -20.4510E-03
            7341     20.2911E-03    -185.775E-06    -1.91979E-03    -20.1993E-03
            7342     19.5412E-03    -366.975E-06    -1.84859E-03    -19.4501E-03
            7343     18.3121E-03    -539.139E-06    -1.73187E-03    -18.2220E-03
            7344     16.6345E-03    -698.028E-06    -1.57251E-03    -16.5452E-03
            7345     14.5505E-03    -839.729E-06    -1.37442E-03    -14.4611E-03
            7346     12.1132E-03    -960.753E-06    -1.14249E-03    -12.0208E-03
            7347     9.38625E-03    -1.05812E-03    -882.432E-06    -9.28458E-03
            7348     6.44789E-03    -1.12943E-03    -600.644E-06    -6.31972E-03
            7349     3.42103E-03    -1.17294E-03    -304.065E-06    -3.19925E-03
            7350     1.18756E-03    -1.18756E-03    -9.00857E-33    -17.4587E-33
            7351     1.07828E-03     1.07828E-03    -11.3853E-33    -15.7404E-33
            7352     3.11888E-03     1.06500E-03    -393.676E-06    -2.90486E-03
            7353     5.88075E-03     1.02550E-03    -777.658E-06    -5.73819E-03
            7354     8.56137E-03     960.753E-06    -1.14249E-03    -8.43022E-03
            7355     11.0489E-03     872.346E-06    -1.47919E-03    -10.9147E-03
            7356     13.2723E-03     762.458E-06    -1.77947E-03    -13.1304E-03
            7357     15.1733E-03     633.796E-06    -2.03594E-03    -15.0228E-03
            7358     16.7037E-03     489.528E-06    -2.24227E-03    -16.5452E-03
            7359     17.8249E-03     333.206E-06    -2.39339E-03    -17.6603E-03
            7360     18.5090E-03     168.680E-06    -2.48557E-03    -18.3405E-03
            7361     18.7389E-03    -413.938E-21    -2.51656E-03    -18.5692E-03
            7362     18.5090E-03    -168.680E-06    -2.48557E-03    -18.3405E-03
            7363     17.8249E-03    -333.206E-06    -2.39339E-03    -17.6603E-03
            7364     16.7037E-03    -489.528E-06    -2.24227E-03    -16.5452E-03
            7365     15.1733E-03    -633.796E-06    -2.03594E-03    -15.0228E-03
            7366     13.2723E-03    -762.458E-06    -1.77947E-03    -13.1304E-03
            7367     11.0489E-03    -872.346E-06    -1.47919E-03    -10.9147E-03
            7368     8.56137E-03    -960.753E-06    -1.14249E-03    -8.43022E-03
            7369     5.88075E-03    -1.02550E-03    -777.658E-06    -5.73819E-03
            7370     3.11888E-03    -1.06500E-03    -393.676E-06    -2.90486E-03
            7371     1.07828E-03    -1.07828E-03    -11.3853E-33    -15.7404E-33
            7372     942.450E-06     942.450E-06    -13.4816E-33    -13.6345E-33
            7373     2.74535E-03     930.847E-06    -473.593E-06    -2.53894E-03
            7374     5.18000E-03     896.323E-06    -935.524E-06    -5.01536E-03
            7375     7.54227E-03     839.729E-06    -1.37442E-03    -7.36828E-03
            7376     9.73423E-03     762.458E-06    -1.77947E-03    -9.53978E-03
            7377     11.6933E-03     666.413E-06    -2.14071E-03    -11.4764E-03
            7378     13.3683E-03     553.958E-06    -2.44923E-03    -13.1304E-03
            7379     14.7167E-03     427.863E-06    -2.69745E-03    -14.4611E-03
            7380     15.7046E-03     291.233E-06    -2.87925E-03    -15.4357E-03
            7381     16.3074E-03     147.432E-06    -2.99015E-03    -16.0302E-03
            7382     16.5100E-03    -217.512E-21    -3.02742E-03    -16.2300E-03
            7383     16.3074E-03    -147.432E-06    -2.99015E-03    -16.0302E-03
            7384     15.7046E-03    -291.233E-06    -2.87925E-03    -15.4357E-03
            7385     14.7167E-03    -427.863E-06    -2.69745E-03    -14.4611E-03
            7386     13.3683E-03    -553.958E-06    -2.44923E-03    -13.1304E-03
            7387     11.6933E-03    -666.413E-06    -2.14071E-03    -11.4764E-03
            7388     9.73423E-03    -762.458E-06    -1.77947E-03    -9.53978E-03
            7389     7.54227E-03    -839.729E-06    -1.37442E-03    -7.36828E-03
            7390     5.18000E-03    -896.323E-06    -935.524E-06    -5.01536E-03
            7391     2.74535E-03    -930.847E-06    -473.593E-06    -2.53894E-03
            7392     942.450E-06    -942.450E-06    -13.4816E-33    -13.6345E-33
            7393     783.415E-06     783.415E-06    -15.2460E-33    -11.1928E-33
            7394     2.31226E-03     773.770E-06    -541.848E-06    -2.11050E-03
            7395     4.36826E-03     745.072E-06    -1.07035E-03    -4.16904E-03
            7396     6.36197E-03     698.028E-06    -1.57251E-03    -6.12492E-03
            7397     8.21166E-03     633.796E-06    -2.03594E-03    -7.92998E-03
            7398     9.86474E-03     553.958E-06    -2.44923E-03    -9.53978E-03
            7399     11.2781E-03     460.480E-06    -2.80223E-03    -10.9147E-03
            7400     12.4158E-03     355.663E-06    -3.08622E-03    -12.0208E-03
            7401     13.2493E-03     242.089E-06    -3.29421E-03    -12.8310E-03
            7402     13.7579E-03     122.553E-06    -3.42110E-03    -13.3252E-03
            7403     13.9288E-03    -213.162E-21    -3.46374E-03    -13.4913E-03
            7404     13.7579E-03    -122.553E-06    -3.42110E-03    -13.3252E-03
            7405     13.2493E-03    -242.089E-06    -3.29421E-03    -12.8310E-03
            7406     12.4158E-03    -355.663E-06    -3.08622E-03    -12.0208E-03
            7407     11.2781E-03    -460.480E-06    -2.80223E-03    -10.9147E-03
            7408     9.86474E-03    -553.958E-06    -2.44923E-03    -9.53978E-03
            7409     8.21166E-03    -633.796E-06    -2.03594E-03    -7.92998E-03
            7410     6.36197E-03    -698.028E-06    -1.57251E-03    -6.12492E-03
            7411     4.36826E-03    -745.072E-06    -1.07035E-03    -4.16904E-03
            7412     2.31226E-03    -773.770E-06    -541.848E-06    -2.11050E-03
            7413     783.415E-06    -783.415E-06    -15.2460E-33    -11.1928E-33
            7414     605.090E-06     605.090E-06    -16.6350E-33    -8.47554E-33
            7415     1.83590E-03     597.640E-06    -596.762E-06    -1.63010E-03
            7416     3.47701E-03     575.475E-06    -1.17883E-03    -3.22006E-03
            7417     5.06654E-03     539.139E-06    -1.73187E-03    -4.73073E-03
            7418     6.54079E-03     489.528E-06    -2.24227E-03    -6.12492E-03
            7419     7.85818E-03     427.863E-06    -2.69745E-03    -7.36828E-03
            7420     8.98442E-03     355.663E-06    -3.08622E-03    -8.43022E-03
            7421     9.89101E-03     274.705E-06    -3.39899E-03    -9.28458E-03
            7422     10.5552E-03     186.983E-06    -3.62806E-03    -9.91032E-03
            7423     10.9604E-03     94.6569E-06    -3.76781E-03    -10.2920E-03
            7424     11.0967E-03    -204.108E-21    -3.81477E-03    -10.4203E-03
            7425     10.9604E-03    -94.6569E-06    -3.76781E-03    -10.2920E-03
            7426     10.5552E-03    -186.983E-06    -3.62806E-03    -9.91032E-03
            7427     9.89101E-03    -274.705E-06    -3.39899E-03    -9.28458E-03
            7428     8.98442E-03    -355.663E-06    -3.08622E-03    -8.43022E-03
            7429     7.85818E-03    -427.863E-06    -2.69745E-03    -7.36828E-03
            7430     6.54079E-03    -489.528E-06    -2.24227E-03    -6.12492E-03
            7431     5.06654E-03    -539.139E-06    -1.73187E-03    -4.73073E-03
            7432     3.47701E-03    -575.475E-06    -1.17883E-03    -3.22006E-03
            7433     1.83590E-03    -597.640E-06    -596.762E-06    -1.63010E-03
            7434     605.090E-06    -605.090E-06    -16.6350E-33    -8.47554E-33
            7435     411.866E-06     411.866E-06    -17.6144E-33    -5.54958E-33
            7436     1.34251E-03     406.795E-06    -636.981E-06    -1.10956E-03
            7437     2.55747E-03     391.708E-06    -1.25828E-03    -2.19179E-03
            7438     3.73105E-03     366.975E-06    -1.84859E-03    -3.22006E-03
            7439     4.81873E-03     333.206E-06    -2.39339E-03    -4.16904E-03
            7440     5.79040E-03     291.233E-06    -2.87925E-03    -5.01536E-03
            7441     6.62097E-03     242.089E-06    -3.29421E-03    -5.73819E-03
            7442     7.28949E-03     186.983E-06    -3.62806E-03    -6.31972E-03
            7443     7.77925E-03     127.274E-06    -3.87258E-03    -6.74564E-03
            7444     8.07806E-03     64.4300E-06    -4.02174E-03    -7.00546E-03
            7445     8.17850E-03    -98.3749E-21    -4.07187E-03    -7.09279E-03
            7446     8.07806E-03    -64.4300E-06    -4.02174E-03    -7.00546E-03
            7447     7.77925E-03    -127.274E-06    -3.87258E-03    -6.74564E-03
            7448     7.28949E-03    -186.983E-06    -3.62806E-03    -6.31972E-03
            7449     6.62097E-03    -242.089E-06    -3.29421E-03    -5.73819E-03
            7450     5.79040E-03    -291.233E-06    -2.87925E-03    -5.01536E-03
            7451     4.81873E-03    -333.206E-06    -2.39339E-03    -4.16904E-03
            7452     3.73105E-03    -366.975E-06    -1.84859E-03    -3.22006E-03
            7453     2.55747E-03    -391.708E-06    -1.25828E-03    -2.19179E-03
            7454     1.34251E-03    -406.795E-06    -636.981E-06    -1.10956E-03
            7455     411.866E-06    -411.866E-06    -17.6144E-33    -5.54958E-33
            7456     208.500E-06     208.500E-06    -18.1600E-33    -2.48698E-33
            7457     891.914E-06     205.933E-06    -661.516E-06    -561.694E-06
            7458     1.72569E-03     198.295E-06    -1.30674E-03    -1.10956E-03
            7459     2.52534E-03     185.775E-06    -1.91979E-03    -1.63010E-03
            7460     3.26508E-03     168.680E-06    -2.48557E-03    -2.11050E-03
            7461     3.92542E-03     147.432E-06    -2.99015E-03    -2.53894E-03
            7462     4.48967E-03     122.553E-06    -3.42110E-03    -2.90486E-03
            7463     4.94373E-03     94.6569E-06    -3.76781E-03    -3.19925E-03
            7464     5.27635E-03     64.4300E-06    -4.02174E-03    -3.41486E-03
            7465     5.47927E-03     32.6166E-06    -4.17665E-03    -3.54639E-03
            7466     5.54747E-03    -62.2138E-21    -4.22871E-03    -3.59060E-03
            7467     5.47927E-03    -32.6166E-06    -4.17665E-03    -3.54639E-03
            7468     5.27635E-03    -64.4300E-06    -4.02174E-03    -3.41486E-03
            7469     4.94373E-03    -94.6569E-06    -3.76781E-03    -3.19925E-03
            7470     4.48967E-03    -122.553E-06    -3.42110E-03    -2.90486E-03
            7471     3.92542E-03    -147.432E-06    -2.99015E-03    -2.53894E-03
            7472     3.26508E-03    -168.680E-06    -2.48557E-03    -2.11050E-03
            7473     2.52534E-03    -185.775E-06    -1.91979E-03    -1.63010E-03
            7474     1.72569E-03    -198.295E-06    -1.30674E-03    -1.10956E-03
            7475     891.914E-06    -205.933E-06    -661.516E-06    -561.694E-06
            7476     208.500E-06    -208.500E-06    -18.1600E-33    -2.48698E-33
            7477              0.     4.51493E-33    -6.10147E-33    -298.596E-36
            7478     669.762E-06     15.7905E-33    -669.762E-06    -746.481E-36
            7479     1.32303E-03     14.5307E-33    -1.32303E-03    -837.720E-36
            7480     1.94372E-03     12.9130E-33    -1.94372E-03    -908.332E-36
            7481     2.51656E-03     10.9774E-33    -2.51656E-03    -956.578E-36
            7482     3.02742E-03     8.77153E-33    -3.02742E-03    -981.270E-36
            7483     3.46374E-03     6.34964E-33    -3.46374E-03    -981.799E-36
            7484     3.81477E-03     3.77140E-33    -3.81477E-03    -958.153E-36
            7485     4.07187E-03     1.10030E-33    -4.07187E-03    -910.915E-36
            7486     4.22871E-03    -1.59790E-33    -4.22871E-03    -841.247E-36
            7487     4.28142E-03    -4.25675E-33    -4.28142E-03    -750.864E-36
            7488     4.22871E-03    -6.81079E-33    -4.22871E-03    -641.993E-36
            7489     4.07187E-03    -9.19712E-33    -4.07187E-03    -517.314E-36
            7490     3.81477E-03    -11.3570E-33    -3.81477E-03    -379.896E-36
            7491     3.46374E-03    -13.2372E-33    -3.46374E-03    -233.125E-36
            7492     3.02742E-03    -14.7915E-33    -3.02742E-03    -80.6130E-36
            7493     2.51656E-03    -15.9815E-33    -2.51656E-03     73.8838E-36
            7494     1.94372E-03    -16.7781E-33    -1.94372E-03     226.562E-36
            7495     1.32303E-03    -17.1615E-33    -1.32303E-03     373.660E-36
            7496     669.762E-06    -17.1223E-33    -669.762E-06     511.558E-36
            7497              0.    -4.51493E-33    -6.10147E-33    -298.596E-36
            7498              0.     6.72979E-33     7.66162E-33    -92.5091E-36
            7499     785.363E-06     20.5597E-33     785.363E-06    -379.565E-36
            7500     1.55139E-03     18.8350E-33     1.55139E-03    -309.358E-36
            7501     2.27921E-03     16.6466E-33     2.27921E-03    -231.534E-36
            7502     2.95091E-03     14.0482E-33     2.95091E-03    -148.008E-36
            7503     3.54996E-03     11.1040E-33     3.54996E-03    -60.8389E-36
            7504     4.06159E-03     7.88630E-33     4.06159E-03     27.8289E-36
            7505     4.47321E-03     4.47443E-33     4.47321E-03     115.812E-36
            7506     4.77468E-03     952.386E-36     4.77468E-03     200.943E-36
            7507     4.95859E-03    -2.59311E-33     4.95859E-03     281.126E-36
            7508     5.02040E-03    -6.07475E-33     5.02040E-03     354.386E-36
            7509     4.95859E-03    -9.40681E-33     4.95859E-03     418.921E-36
            7510     4.77468E-03    -12.5072E-33     4.77468E-03     473.141E-36
            7511     4.47321E-03    -15.2997E-33     4.47321E-03     515.710E-36
            7512     4.06159E-03    -17.7155E-33     4.06159E-03     545.580E-36
            7513     3.54996E-03    -19.6950E-33     3.54996E-03     562.017E-36
            7514     2.95091E-03    -21.1895E-33     2.95091E-03     564.615E-36
            7515     2.27921E-03    -22.1624E-33     2.27921E-03     553.310E-36
            7516     1.55139E-03    -22.5894E-33     1.55139E-03     528.381E-36
            7517     785.363E-06    -22.4603E-33     785.363E-06     490.441E-36
            7518              0.    -6.72979E-33     7.66162E-33    -92.5091E-36
            7519     301.778E-06     301.778E-06     22.2632E-33    -1.91426E-33
            7520     1.00351E-03     298.063E-06     775.694E-06    -562.578E-06
            7521     1.91449E-03     287.008E-06     1.53229E-03    -1.11130E-03
            7522     2.79385E-03     268.886E-06     2.25115E-03    -1.63266E-03
            7523     3.60869E-03     244.144E-06     2.91458E-03    -2.11382E-03
            7524     4.33657E-03     213.389E-06     3.50625E-03    -2.54293E-03
            7525     4.95873E-03     177.381E-06     4.01158E-03    -2.90943E-03
            7526     5.45950E-03     137.004E-06     4.41813E-03    -3.20428E-03
            7527     5.82635E-03     93.2546E-06     4.71590E-03    -3.42024E-03
            7528     6.05018E-03     47.2085E-06     4.89754E-03    -3.55198E-03
            7529     6.12541E-03     61.3480E-21     4.95859E-03    -3.59625E-03
            7530     6.05018E-03    -47.2085E-06     4.89754E-03    -3.55198E-03
            7531     5.82635E-03    -93.2546E-06     4.71590E-03    -3.42024E-03
            7532     5.45950E-03    -137.004E-06     4.41813E-03    -3.20428E-03
            7533     4.95873E-03    -177.381E-06     4.01158E-03    -2.90943E-03
            7534     4.33657E-03    -213.389E-06     3.50625E-03    -2.54293E-03
            7535     3.60869E-03    -244.144E-06     2.91458E-03    -2.11382E-03
            7536     2.79385E-03    -268.886E-06     2.25115E-03    -1.63266E-03
            7537     1.91449E-03    -287.008E-06     1.53229E-03    -1.11130E-03
            7538     1.00351E-03    -298.063E-06     775.694E-06    -562.578E-06
            7539     301.778E-06    -301.778E-06     22.2632E-33    -1.91426E-33
            7540     596.125E-06     596.125E-06     21.2735E-33    -3.34096E-33
            7541     1.46272E-03     588.786E-06     746.925E-06    -1.11130E-03
            7542     2.70509E-03     566.949E-06     1.47546E-03    -2.19524E-03
            7543     3.92203E-03     531.152E-06     2.16766E-03    -3.22513E-03
            7544     5.05416E-03     482.276E-06     2.80649E-03    -4.17560E-03
            7545     6.06709E-03     421.524E-06     3.37621E-03    -5.02325E-03
            7546     6.93358E-03     350.394E-06     3.86280E-03    -5.74722E-03
            7547     7.63130E-03     270.635E-06     4.25427E-03    -6.32967E-03
            7548     8.14258E-03     184.213E-06     4.54099E-03    -6.75626E-03
            7549     8.45455E-03     93.2546E-06     4.71590E-03    -7.01649E-03
            7550     8.55942E-03     112.431E-21     4.77468E-03    -7.10395E-03
            7551     8.45455E-03    -93.2546E-06     4.71590E-03    -7.01649E-03
            7552     8.14258E-03    -184.213E-06     4.54099E-03    -6.75626E-03
            7553     7.63130E-03    -270.635E-06     4.25427E-03    -6.32967E-03
            7554     6.93358E-03    -350.394E-06     3.86280E-03    -5.74722E-03
            7555     6.06709E-03    -421.524E-06     3.37621E-03    -5.02325E-03
            7556     5.05416E-03    -482.276E-06     2.80649E-03    -4.17560E-03
            7557     3.92203E-03    -531.152E-06     2.16766E-03    -3.22513E-03
            7558     2.70509E-03    -566.949E-06     1.47546E-03    -2.19524E-03
            7559     1.46272E-03    -588.786E-06     746.925E-06    -1.11130E-03
            7560     596.125E-06    -596.125E-06     21.2735E-33    -3.34096E-33
            7561     875.794E-06     875.794E-06     19.7601E-33    -4.68539E-33
            7562     1.97573E-03     865.012E-06     699.764E-06    -1.63266E-03
            7563     3.60638E-03     832.930E-06     1.38230E-03    -3.22513E-03
            7564     5.21377E-03     780.338E-06     2.03079E-03    -4.73817E-03
            7565     6.71177E-03     708.532E-06     2.62928E-03    -6.13455E-03
            7566     8.05301E-03     619.280E-06     3.16303E-03    -7.37988E-03
            7567     9.20076E-03     514.779E-06     3.61890E-03    -8.44349E-03
            7568     10.1251E-03     397.602E-06     3.98566E-03    -9.29919E-03
            7569     10.8026E-03     270.635E-06     4.25427E-03    -9.92592E-03
            7570     11.2160E-03     137.004E-06     4.41813E-03    -10.3082E-03
            7571     11.3549E-03     49.7125E-21     4.47321E-03    -10.4367E-03
            7572     11.2160E-03    -137.004E-06     4.41813E-03    -10.3082E-03
            7573     10.8026E-03    -270.635E-06     4.25427E-03    -9.92592E-03
            7574     10.1251E-03    -397.602E-06     3.98566E-03    -9.29919E-03
            7575     9.20076E-03    -514.779E-06     3.61890E-03    -8.44349E-03
            7576     8.05301E-03    -619.280E-06     3.16303E-03    -7.37988E-03
            7577     6.71177E-03    -708.532E-06     2.62928E-03    -6.13455E-03
            7578     5.21377E-03    -780.338E-06     2.03079E-03    -4.73817E-03
            7579     3.60638E-03    -832.930E-06     1.38230E-03    -3.22513E-03
            7580     1.97573E-03    -865.012E-06     699.764E-06    -1.63266E-03
            7581     875.794E-06    -875.794E-06     19.7601E-33    -4.68539E-33
            7582     1.13390E-03     1.13390E-03     17.7600E-33    -5.91445E-33
            7583     2.47512E-03     1.11994E-03     635.372E-06    -2.11382E-03
            7584     4.49153E-03     1.07840E-03     1.25510E-03    -4.17560E-03
            7585     6.48487E-03     1.01031E-03     1.84392E-03    -6.13455E-03
            7586     8.34407E-03     917.343E-06     2.38734E-03    -7.94246E-03
            7587     10.0093E-03     801.787E-06     2.87197E-03    -9.55479E-03
            7588     11.4345E-03     666.489E-06     3.28589E-03    -10.9319E-03
            7589     12.5824E-03     514.779E-06     3.61890E-03    -12.0397E-03
            7590     13.4237E-03     350.394E-06     3.86280E-03    -12.8512E-03
            7591     13.9371E-03     177.381E-06     4.01158E-03    -13.3462E-03
            7592     14.1097E-03     234.178E-21     4.06159E-03    -13.5125E-03
            7593     13.9371E-03    -177.381E-06     4.01158E-03    -13.3462E-03
            7594     13.4237E-03    -350.394E-06     3.86280E-03    -12.8512E-03
            7595     12.5824E-03    -514.779E-06     3.61890E-03    -12.0397E-03
            7596     11.4345E-03    -666.489E-06     3.28589E-03    -10.9319E-03
            7597     10.0093E-03    -801.787E-06     2.87197E-03    -9.55479E-03
            7598     8.34407E-03    -917.343E-06     2.38734E-03    -7.94246E-03
            7599     6.48487E-03    -1.01031E-03     1.84392E-03    -6.13455E-03
            7600     4.49153E-03    -1.07840E-03     1.25510E-03    -4.17560E-03
            7601     2.47512E-03    -1.11994E-03     635.372E-06    -2.11382E-03
            7602     1.13390E-03    -1.13390E-03     17.7600E-33    -5.91445E-33
            7603     1.36408E-03     1.36408E-03     15.3227E-33    -6.99788E-33
            7604     2.93089E-03     1.34729E-03     555.335E-06    -2.54293E-03
            7605     5.30278E-03     1.29732E-03     1.09700E-03    -5.02325E-03
            7606     7.65096E-03     1.21541E-03     1.61165E-03    -7.37988E-03
            7607     9.84205E-03     1.10357E-03     2.08661E-03    -9.55479E-03
            7608     11.8048E-03     964.551E-06     2.51020E-03    -11.4944E-03
            7609     13.4848E-03     801.787E-06     2.87197E-03    -13.1510E-03
            7610     14.8381E-03     619.280E-06     3.16303E-03    -14.4838E-03
            7611     15.8300E-03     421.524E-06     3.37621E-03    -15.4600E-03
            7612     16.4352E-03     213.389E-06     3.50625E-03    -16.0554E-03
            7613     16.6387E-03    -186.829E-21     3.54996E-03    -16.2556E-03
            7614     16.4352E-03    -213.389E-06     3.50625E-03    -16.0554E-03
            7615     15.8300E-03    -421.524E-06     3.37621E-03    -15.4600E-03
            7616     14.8381E-03    -619.280E-06     3.16303E-03    -14.4838E-03
            7617     13.4848E-03    -801.787E-06     2.87197E-03    -13.1510E-03
            7618     11.8048E-03    -964.551E-06     2.51020E-03    -11.4944E-03
            7619     9.84205E-03    -1.10357E-03     2.08661E-03    -9.55479E-03
            7620     7.65096E-03    -1.21541E-03     1.61165E-03    -7.37988E-03
            7621     5.30278E-03    -1.29732E-03     1.09700E-03    -5.02325E-03
            7622     2.93089E-03    -1.34729E-03     555.335E-06    -2.54293E-03
            7623     1.36408E-03    -1.36408E-03     15.3227E-33    -6.99788E-33
            7624     1.56068E-03     1.56068E-03     12.5081E-33    -7.90900E-33
            7625     3.32475E-03     1.54146E-03     461.625E-06    -2.90943E-03
            7626     6.00543E-03     1.48429E-03     911.883E-06    -5.74722E-03
            7627     8.66146E-03     1.39057E-03     1.33969E-03    -8.44349E-03
            7628     11.1404E-03     1.26261E-03     1.73450E-03    -10.9319E-03
            7629     13.3612E-03     1.10357E-03     2.08661E-03    -13.1510E-03
            7630     15.2622E-03     917.343E-06     2.38734E-03    -15.0464E-03
            7631     16.7935E-03     708.532E-06     2.62928E-03    -16.5713E-03
            7632     17.9159E-03     482.276E-06     2.80649E-03    -17.6881E-03
            7633     18.6008E-03     244.144E-06     2.91458E-03    -18.3694E-03
            7634     18.8310E-03     273.037E-21     2.95091E-03    -18.5984E-03
            7635     18.6008E-03    -244.144E-06     2.91458E-03    -18.3694E-03
            7636     17.9159E-03    -482.276E-06     2.80649E-03    -17.6881E-03
            7637     16.7935E-03    -708.532E-06     2.62928E-03    -16.5713E-03
            7638     15.2622E-03    -917.343E-06     2.38734E-03    -15.0464E-03
            7639     13.3612E-03    -1.10357E-03     2.08661E-03    -13.1510E-03
            7640     11.1404E-03    -1.26261E-03     1.73450E-03    -10.9319E-03
            7641     8.66146E-03    -1.39057E-03     1.33969E-03    -8.44349E-03
            7642     6.00543E-03    -1.48429E-03     911.883E-06    -5.74722E-03
            7643     3.32475E-03    -1.54146E-03     461.625E-06    -2.90943E-03
            7644     1.56068E-03    -1.56068E-03     12.5081E-33    -7.90900E-33
            7645     1.71884E-03     1.71884E-03     9.38544E-33    -8.62537E-33
            7646     3.64372E-03     1.69768E-03     356.547E-06    -3.20428E-03
            7647     6.57518E-03     1.63472E-03     704.315E-06    -6.32967E-03
            7648     9.48109E-03     1.53150E-03     1.03474E-03    -9.29919E-03
            7649     12.1936E-03     1.39057E-03     1.33969E-03    -12.0397E-03
            7650     14.6238E-03     1.21541E-03     1.61165E-03    -14.4838E-03
            7651     16.7041E-03     1.01031E-03     1.84392E-03    -16.5713E-03
            7652     18.3799E-03     780.338E-06     2.03079E-03    -18.2507E-03
            7653     19.6081E-03     531.152E-06     2.16766E-03    -19.4807E-03
            7654     20.3577E-03     268.886E-06     2.25115E-03    -20.2310E-03
            7655     20.6096E-03     6.04423E-21     2.27921E-03    -20.4832E-03
            7656     20.3577E-03    -268.886E-06     2.25115E-03    -20.2310E-03
            7657     19.6081E-03    -531.152E-06     2.16766E-03    -19.4807E-03
            7658     18.3799E-03    -780.338E-06     2.03079E-03    -18.2507E-03
            7659     16.7041E-03    -1.01031E-03     1.84392E-03    -16.5713E-03
            7660     14.6238E-03    -1.21541E-03     1.61165E-03    -14.4838E-03
            7661     12.1936E-03    -1.39057E-03     1.33969E-03    -12.0397E-03
            7662     9.48109E-03    -1.53150E-03     1.03474E-03    -9.29919E-03
            7663     6.57518E-03    -1.63472E-03     704.315E-06    -6.32967E-03
            7664     3.64372E-03    -1.69768E-03     356.547E-06    -3.20428E-03
            7665     1.71884E-03    -1.71884E-03     9.38544E-33    -8.62537E-33
            7666     1.83469E-03     1.83469E-03     6.03172E-33    -9.12936E-33
            7667     3.87822E-03     1.81210E-03     242.691E-06    -3.42024E-03
            7668     6.99439E-03     1.74489E-03     479.405E-06    -6.75626E-03
            7669     10.0843E-03     1.63472E-03     704.315E-06    -9.92592E-03
            7670     12.9687E-03     1.48429E-03     911.883E-06    -12.8512E-03
            7671     15.5531E-03     1.29732E-03     1.09700E-03    -15.4600E-03
            7672     17.7653E-03     1.07840E-03     1.25510E-03    -17.6881E-03
            7673     19.5474E-03     832.930E-06     1.38230E-03    -19.4807E-03
            7674     20.8536E-03     566.949E-06     1.47546E-03    -20.7936E-03
            7675     21.6507E-03     287.008E-06     1.53229E-03    -21.5945E-03
            7676     21.9187E-03    -277.752E-21     1.55139E-03    -21.8637E-03
            7677     21.6507E-03    -287.008E-06     1.53229E-03    -21.5945E-03
            7678     20.8536E-03    -566.949E-06     1.47546E-03    -20.7936E-03
            7679     19.5474E-03    -832.930E-06     1.38230E-03    -19.4807E-03
            7680     17.7653E-03    -1.07840E-03     1.25510E-03    -17.6881E-03
            7681     15.5531E-03    -1.29732E-03     1.09700E-03    -15.4600E-03
            7682     12.9687E-03    -1.48429E-03     911.883E-06    -12.8512E-03
            7683     10.0843E-03    -1.63472E-03     704.315E-06    -9.92592E-03
            7684     6.99439E-03    -1.74489E-03     479.405E-06    -6.75626E-03
            7685     3.87822E-03    -1.81210E-03     242.691E-06    -3.42024E-03
            7686     1.83469E-03    -1.83469E-03     6.03172E-33    -9.12936E-33
            7687     1.90535E-03     1.90535E-03     2.52947E-33    -9.40855E-33
            7688     4.02158E-03     1.88189E-03     122.858E-06    -3.55198E-03
            7689     7.25077E-03     1.81210E-03     242.691E-06    -7.01649E-03
            7690     10.4532E-03     1.69768E-03     356.547E-06    -10.3082E-03
            7691     13.4428E-03     1.54146E-03     461.625E-06    -13.3462E-03
            7692     16.1214E-03     1.34729E-03     555.335E-06    -16.0554E-03
            7693     18.4145E-03     1.11994E-03     635.372E-06    -18.3694E-03
            7694     20.2616E-03     865.012E-06     699.764E-06    -20.2310E-03
            7695     21.6155E-03     588.786E-06     746.925E-06    -21.5945E-03
            7696     22.4417E-03     298.063E-06     775.694E-06    -22.4263E-03
            7697     22.7194E-03     25.9925E-21     785.363E-06    -22.7058E-03
            7698     22.4417E-03    -298.063E-06     775.694E-06    -22.4263E-03
            7699     21.6155E-03    -588.786E-06     746.925E-06    -21.5945E-03
            7700     20.2616E-03    -865.012E-06     699.764E-06    -20.2310E-03
            7701     18.4145E-03    -1.11994E-03     635.372E-06    -18.3694E-03
            7702     16.1214E-03    -1.34729E-03     555.335E-06    -16.0554E-03
            7703     13.4428E-03    -1.54146E-03     461.625E-06    -13.3462E-03
            7704     10.4532E-03    -1.69768E-03     356.547E-06    -10.3082E-03
            7705     7.25077E-03    -1.81210E-03     242.691E-06    -7.01649E-03
            7706     4.02158E-03    -1.88189E-03     122.858E-06    -3.55198E-03
            7707     1.90535E-03    -1.90535E-03     2.52947E-33    -9.40855E-33
            7708     1.92910E-03     1.92910E-03    -1.03506E-33    -9.45608E-33
            7709     4.06981E-03     1.90535E-03     842.521E-21    -3.59625E-03
            7710     7.33704E-03     1.83469E-03     1.34764E-18    -7.10395E-03
            7711     10.5773E-03     1.71884E-03     1.39628E-18    -10.4367E-03
            7712     13.6023E-03     1.56068E-03     333.587E-21    -13.5125E-03
            7713     16.3127E-03     1.36408E-03     690.614E-21    -16.2556E-03
            7714     18.6329E-03     1.13390E-03     994.648E-21    -18.5984E-03
            7715     20.5019E-03     875.794E-06     928.557E-21    -20.4832E-03
            7716     21.8718E-03     596.125E-06     2.17815E-18    -21.8637E-03
            7717     22.7078E-03     301.778E-06     2.67697E-18    -22.7058E-03
            7718     22.9889E-03    -157.113E-21     2.14865E-18    -22.9889E-03
            7719     22.7078E-03    -301.778E-06     2.04164E-18    -22.7058E-03
            7720     21.8718E-03    -596.125E-06     1.08259E-18    -21.8637E-03
            7721     20.5019E-03    -875.794E-06     1.18190E-18    -20.4832E-03
            7722     18.6329E-03    -1.13390E-03    -619.892E-21    -18.5984E-03
            7723     16.3127E-03    -1.36408E-03     390.047E-21    -16.2556E-03
            7724     13.6023E-03    -1.56068E-03     557.497E-21    -13.5125E-03
            7725     10.5773E-03    -1.71884E-03     1.44985E-18    -10.4367E-03
            7726     7.33704E-03    -1.83469E-03     1.29124E-18    -7.10395E-03
            7727     4.06981E-03    -1.90535E-03     1.66858E-18    -3.59625E-03
            7728     1.92910E-03    -1.92910E-03    -1.03506E-33    -9.45608E-33
            7729     1.90535E-03     1.90535E-03    -4.57411E-33    -9.27076E-33
            7730     4.02158E-03     1.88189E-03    -122.858E-06    -3.55198E-03
            7731     7.25077E-03     1.81210E-03    -242.691E-06    -7.01649E-03
            7732     10.4532E-03     1.69768E-03    -356.547E-06    -10.3082E-03
            7733     13.4428E-03     1.54146E-03    -461.625E-06    -13.3462E-03
            7734     16.1214E-03     1.34729E-03    -555.335E-06    -16.0554E-03
            7735     18.4145E-03     1.11994E-03    -635.372E-06    -18.3694E-03
            7736     20.2616E-03     865.012E-06    -699.764E-06    -20.2310E-03
            7737     21.6155E-03     588.786E-06    -746.925E-06    -21.5945E-03
            7738     22.4417E-03     298.063E-06    -775.694E-06    -22.4263E-03
            7739     22.7194E-03    -183.859E-21    -785.363E-06    -22.7058E-03
            7740     22.4417E-03    -298.063E-06    -775.694E-06    -22.4263E-03
            7741     21.6155E-03    -588.786E-06    -746.925E-06    -21.5945E-03
            7742     20.2616E-03    -865.012E-06    -699.764E-06    -20.2310E-03
            7743     18.4145E-03    -1.11994E-03    -635.372E-06    -18.3694E-03
            7744     16.1214E-03    -1.34729E-03    -555.335E-06    -16.0554E-03
            7745     13.4428E-03    -1.54146E-03    -461.625E-06    -13.3462E-03
            7746     10.4532E-03    -1.69768E-03    -356.547E-06    -10.3082E-03
            7747     7.25077E-03    -1.81210E-03    -242.691E-06    -7.01649E-03
            7748     4.02158E-03    -1.88189E-03    -122.858E-06    -3.55198E-03
            7749     1.90535E-03    -1.90535E-03    -4.57411E-33    -9.27076E-33
            7750     1.83469E-03     1.83469E-03    -8.00053E-33    -8.85716E-33
            7751     3.87822E-03     1.81210E-03    -242.691E-06    -3.42024E-03
            7752     6.99439E-03     1.74489E-03    -479.405E-06    -6.75626E-03
            7753     10.0843E-03     1.63472E-03    -704.315E-06    -9.92592E-03
            7754     12.9687E-03     1.48429E-03    -911.883E-06    -12.8512E-03
            7755     15.5531E-03     1.29732E-03    -1.09700E-03    -15.4600E-03
            7756     17.7653E-03     1.07840E-03    -1.25510E-03    -17.6881E-03
            7757     19.5474E-03     832.930E-06    -1.38230E-03    -19.4807E-03
            7758     20.8536E-03     566.949E-06    -1.47546E-03    -20.7936E-03
            7759     21.6507E-03     287.008E-06    -1.53229E-03    -21.5945E-03
            7760     21.9187E-03     534.427E-21    -1.55139E-03    -21.8637E-03
            7761     21.6507E-03    -287.008E-06    -1.53229E-03    -21.5945E-03
            7762     20.8536E-03    -566.949E-06    -1.47546E-03    -20.7936E-03
            7763     19.5474E-03    -832.930E-06    -1.38230E-03    -19.4807E-03
            7764     17.7653E-03    -1.07840E-03    -1.25510E-03    -17.6881E-03
            7765     15.5531E-03    -1.29732E-03    -1.09700E-03    -15.4600E-03
            7766     12.9687E-03    -1.48429E-03    -911.883E-06    -12.8512E-03
            7767     10.0843E-03    -1.63472E-03    -704.315E-06    -9.92592E-03
            7768     6.99439E-03    -1.74489E-03    -479.405E-06    -6.75626E-03
            7769     3.87822E-03    -1.81210E-03    -242.691E-06    -3.42024E-03
            7770     1.83469E-03    -1.83469E-03    -8.00053E-33    -8.85716E-33
            7771     1.71884E-03     1.71884E-03    -11.2299E-33    -8.22548E-33
            7772     3.64372E-03     1.69768E-03    -356.547E-06    -3.20428E-03
            7773     6.57518E-03     1.63472E-03    -704.315E-06    -6.32967E-03
            7774     9.48109E-03     1.53150E-03    -1.03474E-03    -9.29919E-03
            7775     12.1936E-03     1.39057E-03    -1.33969E-03    -12.0397E-03
            7776     14.6238E-03     1.21541E-03    -1.61165E-03    -14.4838E-03
            7777     16.7041E-03     1.01031E-03    -1.84392E-03    -16.5713E-03
            7778     18.3799E-03     780.338E-06    -2.03079E-03    -18.2507E-03
            7779     19.6081E-03     531.152E-06    -2.16766E-03    -19.4807E-03
            7780     20.3577E-03     268.886E-06    -2.25115E-03    -20.2310E-03
            7781     20.6096E-03     5.20081E-21    -2.27921E-03    -20.4832E-03
            7782     20.3577E-03    -268.886E-06    -2.25115E-03    -20.2310E-03
            7783     19.6081E-03    -531.152E-06    -2.16766E-03    -19.4807E-03
            7784     18.3799E-03    -780.338E-06    -2.03079E-03    -18.2507E-03
            7785     16.7041E-03    -1.01031E-03    -1.84392E-03    -16.5713E-03
            7786     14.6238E-03    -1.21541E-03    -1.61165E-03    -14.4838E-03
            7787     12.1936E-03    -1.39057E-03    -1.33969E-03    -12.0397E-03
            7788     9.48109E-03    -1.53150E-03    -1.03474E-03    -9.29919E-03
            7789     6.57518E-03    -1.63472E-03    -704.315E-06    -6.32967E-03
            7790     3.64372E-03    -1.69768E-03    -356.547E-06    -3.20428E-03
            7791     1.71884E-03    -1.71884E-03    -11.2299E-33    -8.22548E-33
            7792     1.56068E-03     1.56068E-03    -14.1828E-33    -7.39125E-33
            7793     3.32475E-03     1.54146E-03    -461.625E-06    -2.90943E-03
            7794     6.00543E-03     1.48429E-03    -911.883E-06    -5.74722E-03
            7795     8.66146E-03     1.39057E-03    -1.33969E-03    -8.44349E-03
            7796     11.1404E-03     1.26261E-03    -1.73450E-03    -10.9319E-03
            7797     13.3612E-03     1.10357E-03    -2.08661E-03    -13.1510E-03
            7798     15.2622E-03     917.343E-06    -2.38734E-03    -15.0464E-03
            7799     16.7935E-03     708.532E-06    -2.62928E-03    -16.5713E-03
            7800     17.9159E-03     482.276E-06    -2.80649E-03    -17.6881E-03
            7801     18.6008E-03     244.144E-06    -2.91458E-03    -18.3694E-03
            7802     18.8310E-03     101.083E-21    -2.95091E-03    -18.5984E-03
            7803     18.6008E-03    -244.144E-06    -2.91458E-03    -18.3694E-03
            7804     17.9159E-03    -482.276E-06    -2.80649E-03    -17.6881E-03
            7805     16.7935E-03    -708.532E-06    -2.62928E-03    -16.5713E-03
            7806     15.2622E-03    -917.343E-06    -2.38734E-03    -15.0464E-03
            7807     13.3612E-03    -1.10357E-03    -2.08661E-03    -13.1510E-03
            7808     11.1404E-03    -1.26261E-03    -1.73450E-03    -10.9319E-03
            7809     8.66146E-03    -1.39057E-03    -1.33969E-03    -8.44349E-03
            7810     6.00543E-03    -1.48429E-03    -911.883E-06    -5.74722E-03
            7811     3.32475E-03    -1.54146E-03    -461.625E-06    -2.90943E-03
            7812     1.56068E-03    -1.56068E-03    -14.1828E-33    -7.39125E-33
            7813     1.36408E-03     1.36408E-03    -16.7865E-33    -6.37503E-33
            7814     2.93089E-03     1.34729E-03    -555.335E-06    -2.54293E-03
            7815     5.30278E-03     1.29732E-03    -1.09700E-03    -5.02325E-03
            7816     7.65096E-03     1.21541E-03    -1.61165E-03    -7.37988E-03
            7817     9.84205E-03     1.10357E-03    -2.08661E-03    -9.55479E-03
            7818     11.8048E-03     964.551E-06    -2.51020E-03    -11.4944E-03
            7819     13.4848E-03     801.787E-06    -2.87197E-03    -13.1510E-03
            7820     14.8381E-03     619.280E-06    -3.16303E-03    -14.4838E-03
            7821     15.8300E-03     421.524E-06    -3.37621E-03    -15.4600E-03
            7822     16.4352E-03     213.389E-06    -3.50625E-03    -16.0554E-03
            7823     16.6387E-03     33.0815E-21    -3.54996E-03    -16.2556E-03
            7824     16.4352E-03    -213.389E-06    -3.50625E-03    -16.0554E-03
            7825     15.8300E-03    -421.524E-06    -3.37621E-03    -15.4600E-03
            7826     14.8381E-03    -619.280E-06    -3.16303E-03    -14.4838E-03
            7827     13.4848E-03    -801.787E-06    -2.87197E-03    -13.1510E-03
            7828     11.8048E-03    -964.551E-06    -2.51020E-03    -11.4944E-03
            7829     9.84205E-03    -1.10357E-03    -2.08661E-03    -9.55479E-03
            7830     7.65096E-03    -1.21541E-03    -1.61165E-03    -7.37988E-03
            7831     5.30278E-03    -1.29732E-03    -1.09700E-03    -5.02325E-03
            7832     2.93089E-03    -1.34729E-03    -555.335E-06    -2.54293E-03
            7833     1.36408E-03    -1.36408E-03    -16.7865E-33    -6.37503E-33
            7834     1.13390E-03     1.13390E-03    -18.9768E-33    -5.20183E-33
            7835     2.47512E-03     1.11994E-03    -635.372E-06    -2.11382E-03
            7836     4.49153E-03     1.07840E-03    -1.25510E-03    -4.17560E-03
            7837     6.48487E-03     1.01031E-03    -1.84392E-03    -6.13455E-03
            7838     8.34407E-03     917.343E-06    -2.38734E-03    -7.94246E-03
            7839     10.0093E-03     801.787E-06    -2.87197E-03    -9.55479E-03
            7840     11.4345E-03     666.489E-06    -3.28589E-03    -10.9319E-03
            7841     12.5824E-03     514.779E-06    -3.61890E-03    -12.0397E-03
            7842     13.4237E-03     350.394E-06    -3.86280E-03    -12.8512E-03
            7843     13.9371E-03     177.381E-06    -4.01158E-03    -13.3462E-03
            7844     14.1097E-03     13.8809E-21    -4.06159E-03    -13.5125E-03
            7845     13.9371E-03    -177.381E-06    -4.01158E-03    -13.3462E-03
            7846     13.4237E-03    -350.394E-06    -3.86280E-03    -12.8512E-03
            7847     12.5824E-03    -514.779E-06    -3.61890E-03    -12.0397E-03
            7848     11.4345E-03    -666.489E-06    -3.28589E-03    -10.9319E-03
            7849     10.0093E-03    -801.787E-06    -2.87197E-03    -9.55479E-03
            7850     8.34407E-03    -917.343E-06    -2.38734E-03    -7.94246E-03
            7851     6.48487E-03    -1.01031E-03    -1.84392E-03    -6.13455E-03
            7852     4.49153E-03    -1.07840E-03    -1.25510E-03    -4.17560E-03
            7853     2.47512E-03    -1.11994E-03    -635.372E-06    -2.11382E-03
            7854     1.13390E-03    -1.13390E-03    -18.9768E-33    -5.20183E-33
            7855     875.794E-06     875.794E-06    -20.6999E-33    -3.90055E-33
            7856     1.97573E-03     865.012E-06    -699.764E-06    -1.63266E-03
            7857     3.60638E-03     832.930E-06    -1.38230E-03    -3.22513E-03
            7858     5.21377E-03     780.338E-06    -2.03079E-03    -4.73817E-03
            7859     6.71177E-03     708.532E-06    -2.62928E-03    -6.13455E-03
            7860     8.05301E-03     619.280E-06    -3.16303E-03    -7.37988E-03
            7861     9.20076E-03     514.779E-06    -3.61890E-03    -8.44349E-03
            7862     10.1251E-03     397.602E-06    -3.98566E-03    -9.29919E-03
            7863     10.8026E-03     270.635E-06    -4.25427E-03    -9.92592E-03
            7864     11.2160E-03     137.004E-06    -4.41813E-03    -10.3082E-03
            7865     11.3549E-03     6.62952E-21    -4.47321E-03    -10.4367E-03
            7866     11.2160E-03    -137.004E-06    -4.41813E-03    -10.3082E-03
            7867     10.8026E-03    -270.635E-06    -4.25427E-03    -9.92592E-03
            7868     10.1251E-03    -397.602E-06    -3.98566E-03    -9.29919E-03
            7869     9.20076E-03    -514.779E-06    -3.61890E-03    -8.44349E-03
            7870     8.05301E-03    -619.280E-06    -3.16303E-03    -7.37988E-03
            7871     6.71177E-03    -708.532E-06    -2.62928E-03    -6.13455E-03
            7872     5.21377E-03    -780.338E-06    -2.03079E-03    -4.73817E-03
            7873     3.60638E-03    -832.930E-06    -1.38230E-03    -3.22513E-03
            7874     1.97573E-03    -865.012E-06    -699.764E-06    -1.63266E-03
            7875     875.794E-06    -875.794E-06    -20.6999E-33    -3.90055E-33
            7876     596.125E-06     596.125E-06    -21.9133E-33    -2.50322E-33
            7877     1.46272E-03     588.786E-06    -746.925E-06    -1.11130E-03
            7878     2.70509E-03     566.949E-06    -1.47546E-03    -2.19524E-03
            7879     3.92203E-03     531.152E-06    -2.16766E-03    -3.22513E-03
            7880     5.05416E-03     482.276E-06    -2.80649E-03    -4.17560E-03
            7881     6.06709E-03     421.524E-06    -3.37621E-03    -5.02325E-03
            7882     6.93358E-03     350.394E-06    -3.86280E-03    -5.74722E-03
            7883     7.63130E-03     270.635E-06    -4.25427E-03    -6.32967E-03
            7884     8.14258E-03     184.213E-06    -4.54099E-03    -6.75626E-03
            7885     8.45455E-03     93.2546E-06    -4.71590E-03    -7.01649E-03
            7886     8.55942E-03    -47.7135E-21    -4.77468E-03    -7.10395E-03
            7887     8.45455E-03    -93.2546E-06    -4.71590E-03    -7.01649E-03
            7888     8.14258E-03    -184.213E-06    -4.54099E-03    -6.75626E-03
            7889     7.63130E-03    -270.635E-06    -4.25427E-03    -6.32967E-03
            7890     6.93358E-03    -350.394E-06    -3.86280E-03    -5.74722E-03
            7891     6.06709E-03    -421.524E-06    -3.37621E-03    -5.02325E-03
            7892     5.05416E-03    -482.276E-06    -2.80649E-03    -4.17560E-03
            7893     3.92203E-03    -531.152E-06    -2.16766E-03    -3.22513E-03
            7894     2.70509E-03    -566.949E-06    -1.47546E-03    -2.19524E-03
            7895     1.46272E-03    -588.786E-06    -746.925E-06    -1.11130E-03
            7896     596.125E-06    -596.125E-06    -21.9133E-33    -2.50322E-33
            7897     301.778E-06     301.778E-06    -22.5870E-33    -1.04425E-33
            7898     1.00351E-03     298.063E-06    -775.694E-06    -562.578E-06
            7899     1.91449E-03     287.008E-06    -1.53229E-03    -1.11130E-03
            7900     2.79385E-03     268.886E-06    -2.25115E-03    -1.63266E-03
            7901     3.60869E-03     244.144E-06    -2.91458E-03    -2.11382E-03
            7902     4.33657E-03     213.389E-06    -3.50625E-03    -2.54293E-03
            7903     4.95873E-03     177.381E-06    -4.01158E-03    -2.90943E-03
            7904     5.45950E-03     137.004E-06    -4.41813E-03    -3.20428E-03
            7905     5.82635E-03     93.2546E-06    -4.71590E-03    -3.42024E-03
            7906     6.05018E-03     47.2085E-06    -4.89754E-03    -3.55198E-03
            7907     6.12541E-03     82.0472E-21    -4.95859E-03    -3.59625E-03
            7908     6.05018E-03    -47.2085E-06    -4.89754E-03    -3.55198E-03
            7909     5.82635E-03    -93.2546E-06    -4.71590E-03    -3.42024E-03
            7910     5.45950E-03    -137.004E-06    -4.41813E-03    -3.20428E-03
            7911     4.95873E-03    -177.381E-06    -4.01158E-03    -2.90943E-03
            7912     4.33657E-03    -213.389E-06    -3.50625E-03    -2.54293E-03
            7913     3.60869E-03    -244.144E-06    -2.91458E-03    -2.11382E-03
            7914     2.79385E-03    -268.886E-06    -2.25115E-03    -1.63266E-03
            7915     1.91449E-03    -287.008E-06    -1.53229E-03    -1.11130E-03
            7916     1.00351E-03    -298.063E-06    -775.694E-06    -562.578E-06
            7917     301.778E-06    -301.778E-06    -22.5870E-33    -1.04425E-33
            7918              0.     6.72979E-33    -7.66162E-33    -92.5091E-36
            7919     785.363E-06     20.5597E-33    -785.363E-06    -379.565E-36
            7920     1.55139E-03     18.8350E-33    -1.55139E-03    -309.358E-36
            7921     2.27921E-03     16.6466E-33    -2.27921E-03    -231.534E-36
            7922     2.95091E-03     14.0482E-33    -2.95091E-03    -148.008E-36
            7923     3.54996E-03     11.1040E-33    -3.54996E-03    -60.8389E-36
            7924     4.06159E-03     7.88630E-33    -4.06159E-03     27.8289E-36
            7925     4.47321E-03     4.47443E-33    -4.47321E-03     115.812E-36
            7926     4.77468E-03     952.386E-36    -4.77468E-03     200.943E-36
            7927     4.95859E-03    -2.59311E-33    -4.95859E-03     281.126E-36
            7928     5.02040E-03    -6.07475E-33    -5.02040E-03     354.386E-36
            7929     4.95859E-03    -9.40681E-33    -4.95859E-03     418.921E-36
            7930     4.77468E-03    -12.5072E-33    -4.77468E-03     473.141E-36
            7931     4.47321E-03    -15.2997E-33    -4.47321E-03     515.710E-36
            7932     4.06159E-03    -17.7155E-33    -4.06159E-03     545.580E-36
            7933     3.54996E-03    -19.6950E-33    -3.54996E-03     562.017E-36
            7934     2.95091E-03    -21.1895E-33    -2.95091E-03     564.615E-36
            7935     2.27921E-03    -22.1624E-33    -2.27921E-03     553.310E-36
            7936     1.55139E-03    -22.5894E-33    -1.55139E-03     528.381E-36
            7937     785.363E-06    -22.4603E-33    -785.363E-06     490.441E-36
            7938              0.    -6.72979E-33    -7.66162E-33    -92.5091E-36
            7939              0.    -446.495E-36    -348.794E-36    -868.965E-36
            7940     907.470E-06     6.49700E-33     907.470E-06    -2.02859E-33
            7941     1.79260E-03     4.70569E-33     1.79260E-03    -4.70477E-33
            7942     2.63358E-03     2.79851E-33     2.63358E-03    -7.26509E-33
            7943     3.40972E-03     822.427E-36     3.40972E-03    -9.64653E-33
            7944     4.10190E-03    -1.17391E-33     4.10190E-03    -11.7904E-33
            7945     4.69307E-03    -3.14134E-33     4.69307E-03    -13.6440E-33
            7946     5.16869E-03    -5.03143E-33     5.16869E-03    -15.1616E-33
            7947     5.51704E-03    -6.79762E-33     5.51704E-03    -16.3059E-33
            7948     5.72954E-03    -8.39643E-33     5.72954E-03    -17.0487E-33
            7949     5.80096E-03    -9.78849E-33     5.80096E-03    -17.3717E-33
            7950     5.72954E-03    -10.9395E-33     5.72954E-03    -17.2670E-33
            7951     5.51704E-03    -11.8212E-33     5.51704E-03    -16.7370E-33
            7952     5.16869E-03    -12.4118E-33     5.16869E-03    -15.7950E-33
            7953     4.69307E-03    -12.6968E-33     4.69307E-03    -14.4640E-33
            7954     4.10190E-03    -12.6691E-33     4.10190E-03    -12.7769E-33
            7955     3.40972E-03    -12.3295E-33     3.40972E-03    -10.7751E-33
            7956     2.63358E-03    -11.6863E-33     2.63358E-03    -8.50810E-33
            7957     1.79260E-03    -10.7553E-33     1.79260E-03    -6.03154E-33
            7958     907.470E-06    -9.55952E-33     907.470E-06    -3.40647E-33
            7959              0.     446.495E-36    -348.794E-36    -868.965E-36
            7960     415.245E-06     415.245E-06     7.73868E-33    -2.24617E-33
            7961     1.13528E-03     410.133E-06     896.298E-06    -563.291E-06
            7962     2.12811E-03     394.922E-06     1.77053E-03    -1.11271E-03
            7963     3.09439E-03     369.986E-06     2.60116E-03    -1.63473E-03
            7964     3.99176E-03     335.941E-06     3.36774E-03    -2.11650E-03
            7965     4.79405E-03     293.623E-06     4.05140E-03    -2.54616E-03
            7966     5.48013E-03     244.075E-06     4.63530E-03    -2.91312E-03
            7967     6.03246E-03     188.517E-06     5.10506E-03    -3.20835E-03
            7968     6.43716E-03     128.318E-06     5.44912E-03    -3.42457E-03
            7969     6.68409E-03     64.9587E-06     5.65900E-03    -3.55648E-03
            7970     6.76709E-03    -72.6394E-21     5.72954E-03    -3.60081E-03
            7971     6.68409E-03    -64.9587E-06     5.65900E-03    -3.55648E-03
            7972     6.43716E-03    -128.318E-06     5.44912E-03    -3.42457E-03
            7973     6.03246E-03    -188.517E-06     5.10506E-03    -3.20835E-03
            7974     5.48013E-03    -244.075E-06     4.63530E-03    -2.91312E-03
            7975     4.79405E-03    -293.623E-06     4.05140E-03    -2.54616E-03
            7976     3.99176E-03    -335.941E-06     3.36774E-03    -2.11650E-03
            7977     3.09439E-03    -369.986E-06     2.60116E-03    -1.63473E-03
            7978     2.12811E-03    -394.922E-06     1.77053E-03    -1.11271E-03
            7979     1.13528E-03    -410.133E-06     896.298E-06    -563.291E-06
            7980     415.245E-06    -415.245E-06     7.73868E-33    -2.24617E-33
            7981     820.266E-06     820.266E-06     7.05519E-33    -5.13456E-33
            7982     1.62461E-03     810.167E-06     863.055E-06    -1.11271E-03
            7983     2.88902E-03     780.119E-06     1.70486E-03    -2.19802E-03
            7984     4.15156E-03     730.862E-06     2.50468E-03    -3.22922E-03
            7985     5.33256E-03     663.609E-06     3.24283E-03    -4.18089E-03
            7986     6.39159E-03     580.016E-06     3.90114E-03    -5.02962E-03
            7987     7.29853E-03     482.140E-06     4.46338E-03    -5.75450E-03
            7988     8.02928E-03     372.393E-06     4.91572E-03    -6.33769E-03
            7989     8.56495E-03     253.476E-06     5.24702E-03    -6.76482E-03
            7990     8.89187E-03     128.318E-06     5.44912E-03    -7.02539E-03
            7991     9.00177E-03    -62.6893E-21     5.51704E-03    -7.11296E-03
            7992     8.89187E-03    -128.318E-06     5.44912E-03    -7.02539E-03
            7993     8.56495E-03    -253.476E-06     5.24702E-03    -6.76482E-03
            7994     8.02928E-03    -372.393E-06     4.91572E-03    -6.33769E-03
            7995     7.29853E-03    -482.140E-06     4.46338E-03    -5.75450E-03
            7996     6.39159E-03    -580.016E-06     3.90114E-03    -5.02962E-03
            7997     5.33256E-03    -663.609E-06     3.24283E-03    -4.18089E-03
            7998     4.15156E-03    -730.862E-06     2.50468E-03    -3.22922E-03
            7999     2.88902E-03    -780.119E-06     1.70486E-03    -2.19802E-03
            8000     1.62461E-03    -810.167E-06     863.055E-06    -1.11271E-03
            8001     820.266E-06    -820.266E-06     7.05519E-33    -5.13456E-33
            8002     1.20509E-03     1.20509E-03     6.19798E-33    -7.89651E-33
            8003     2.17780E-03     1.19025E-03     808.562E-06    -1.63473E-03
            8004     3.78054E-03     1.14611E-03     1.59721E-03    -3.22922E-03
            8005     5.40059E-03     1.07374E-03     2.34654E-03    -4.74418E-03
            8006     6.92161E-03     974.937E-06     3.03808E-03    -6.14233E-03
            8007     8.28762E-03     852.127E-06     3.65482E-03    -7.38924E-03
            8008     9.45836E-03     708.333E-06     4.18156E-03    -8.45420E-03
            8009     10.4021E-03     547.099E-06     4.60534E-03    -9.31098E-03
            8010     11.0940E-03     372.393E-06     4.91572E-03    -9.93850E-03
            8011     11.5164E-03     188.517E-06     5.10506E-03    -10.3213E-03
            8012     11.6583E-03    -18.0334E-21     5.16869E-03    -10.4500E-03
            8013     11.5164E-03    -188.517E-06     5.10506E-03    -10.3213E-03
            8014     11.0940E-03    -372.393E-06     4.91572E-03    -9.93850E-03
            8015     10.4021E-03    -547.099E-06     4.60534E-03    -9.31098E-03
            8016     9.45836E-03    -708.333E-06     4.18156E-03    -8.45420E-03
            8017     8.28762E-03    -852.127E-06     3.65482E-03    -7.38924E-03
            8018     6.92161E-03    -974.937E-06     3.03808E-03    -6.14233E-03
            8019     5.40059E-03    -1.07374E-03     2.34654E-03    -4.74418E-03
            8020     3.78054E-03    -1.14611E-03     1.59721E-03    -3.22922E-03
            8021     2.17780E-03    -1.19025E-03     808.562E-06    -1.63473E-03
            8022     1.20509E-03    -1.20509E-03     6.19798E-33    -7.89651E-33
            8023     1.56024E-03     1.56024E-03     5.18816E-33    -10.4640E-33
            8024     2.71907E-03     1.54103E-03     734.159E-06    -2.11650E-03
            8025     4.66743E-03     1.48387E-03     1.45024E-03    -4.18089E-03
            8026     6.64834E-03     1.39018E-03     2.13061E-03    -6.14233E-03
            8027     8.51149E-03     1.26226E-03     2.75852E-03    -7.95253E-03
            8028     10.1860E-03     1.10326E-03     3.31850E-03    -9.56691E-03
            8029     11.6218E-03     917.085E-06     3.79678E-03    -10.9457E-03
            8030     12.7793E-03     708.333E-06     4.18156E-03    -12.0550E-03
            8031     13.6281E-03     482.140E-06     4.46338E-03    -12.8675E-03
            8032     14.1463E-03     244.075E-06     4.63530E-03    -13.3631E-03
            8033     14.3205E-03     230.826E-21     4.69307E-03    -13.5296E-03
            8034     14.1463E-03    -244.075E-06     4.63530E-03    -13.3631E-03
            8035     13.6281E-03    -482.140E-06     4.46338E-03    -12.8675E-03
            8036     12.7793E-03    -708.333E-06     4.18156E-03    -12.0550E-03
            8037     11.6218E-03    -917.085E-06     3.79678E-03    -10.9457E-03
            8038     10.1860E-03    -1.10326E-03     3.31850E-03    -9.56691E-03
            8039     8.51149E-03    -1.26226E-03     2.75852E-03    -7.95253E-03
            8040     6.64834E-03    -1.39018E-03     2.13061E-03    -6.14233E-03
            8041     4.66743E-03    -1.48387E-03     1.45024E-03    -4.18089E-03
            8042     2.71907E-03    -1.54103E-03     734.159E-06    -2.11650E-03
            8043     1.56024E-03    -1.56024E-03     5.18816E-33    -10.4640E-33
            8044     1.87697E-03     1.87697E-03     4.05059E-33    -12.7739E-33
            8045     3.21426E-03     1.85386E-03     641.678E-06    -2.54616E-03
            8046     5.48547E-03     1.78510E-03     1.26756E-03    -5.02962E-03
            8047     7.80164E-03     1.67239E-03     1.86222E-03    -7.38924E-03
            8048     9.98222E-03     1.51850E-03     2.41103E-03    -9.56691E-03
            8049     11.9428E-03     1.32722E-03     2.90048E-03    -11.5090E-03
            8050     13.6242E-03     1.10326E-03     3.31850E-03    -13.1677E-03
            8051     14.9799E-03     852.127E-06     3.65482E-03    -14.5022E-03
            8052     15.9741E-03     580.016E-06     3.90114E-03    -15.4796E-03
            8053     16.5811E-03     293.623E-06     4.05140E-03    -16.0758E-03
            8054     16.7851E-03    -507.783E-21     4.10190E-03    -16.2762E-03
            8055     16.5811E-03    -293.623E-06     4.05140E-03    -16.0758E-03
            8056     15.9741E-03    -580.016E-06     3.90114E-03    -15.4796E-03
            8057     14.9799E-03    -852.127E-06     3.65482E-03    -14.5022E-03
            8058     13.6242E-03    -1.10326E-03     3.31850E-03    -13.1677E-03
            8059     11.9428E-03    -1.32722E-03     2.90048E-03    -11.5090E-03
            8060     9.98222E-03    -1.51850E-03     2.41103E-03    -9.56691E-03
            8061     7.80164E-03    -1.67239E-03     1.86222E-03    -7.38924E-03
            8062     5.48547E-03    -1.78510E-03     1.26756E-03    -5.02962E-03
            8063     3.21426E-03    -1.85386E-03     641.678E-06    -2.54616E-03
            8064     1.87697E-03    -1.87697E-03     4.05059E-33    -12.7739E-33
            8065     2.14748E-03     2.14748E-03     2.81328E-33    -14.7692E-33
            8066     3.64275E-03     2.12105E-03     533.397E-06    -2.91312E-03
            8067     6.19644E-03     2.04238E-03     1.05366E-03    -5.75450E-03
            8068     8.80516E-03     1.91342E-03     1.54798E-03    -8.45420E-03
            8069     11.2625E-03     1.73735E-03     2.00418E-03    -10.9457E-03
            8070     13.4725E-03     1.51850E-03     2.41103E-03    -13.1677E-03
            8071     15.3679E-03     1.26226E-03     2.75852E-03    -15.0655E-03
            8072     16.8963E-03     974.937E-06     3.03808E-03    -16.5923E-03
            8073     18.0172E-03     663.609E-06     3.24283E-03    -17.7105E-03
            8074     18.7015E-03     335.941E-06     3.36774E-03    -18.3927E-03
            8075     18.9316E-03     428.013E-21     3.40972E-03    -18.6220E-03
            8076     18.7015E-03    -335.941E-06     3.36774E-03    -18.3927E-03
            8077     18.0172E-03    -663.609E-06     3.24283E-03    -17.7105E-03
            8078     16.8963E-03    -974.937E-06     3.03808E-03    -16.5923E-03
            8079     15.3679E-03    -1.26226E-03     2.75852E-03    -15.0655E-03
            8080     13.4725E-03    -1.51850E-03     2.41103E-03    -13.1677E-03
            8081     11.2625E-03    -1.73735E-03     2.00418E-03    -10.9457E-03
            8082     8.80516E-03    -1.91342E-03     1.54798E-03    -8.45420E-03
            8083     6.19644E-03    -2.04238E-03     1.05366E-03    -5.75450E-03
            8084     3.64275E-03    -2.12105E-03     533.397E-06    -2.91312E-03
            8085     2.14748E-03    -2.14748E-03     2.81328E-33    -14.7692E-33
            8086     2.36512E-03     2.36512E-03     1.50669E-33    -16.4009E-33
            8087     3.99000E-03     2.33600E-03     411.983E-06    -3.20835E-03
            8088     6.77409E-03     2.24936E-03     813.821E-06    -6.33769E-03
            8089     9.62106E-03     2.10734E-03     1.19562E-03    -9.31098E-03
            8090     12.3037E-03     1.91342E-03     1.54798E-03    -12.0550E-03
            8091     14.7166E-03     1.67239E-03     1.86222E-03    -14.5022E-03
            8092     16.7862E-03     1.39018E-03     2.13061E-03    -16.5923E-03
            8093     18.4551E-03     1.07374E-03     2.34654E-03    -18.2738E-03
            8094     19.6791E-03     730.862E-06     2.50468E-03    -19.5054E-03
            8095     20.4264E-03     369.986E-06     2.60116E-03    -20.2567E-03
            8096     20.6776E-03     468.276E-21     2.63358E-03    -20.5092E-03
            8097     20.4264E-03    -369.986E-06     2.60116E-03    -20.2567E-03
            8098     19.6791E-03    -730.862E-06     2.50468E-03    -19.5054E-03
            8099     18.4551E-03    -1.07374E-03     2.34654E-03    -18.2738E-03
            8100     16.7862E-03    -1.39018E-03     2.13061E-03    -16.5923E-03
            8101     14.7166E-03    -1.67239E-03     1.86222E-03    -14.5022E-03
            8102     12.3037E-03    -1.91342E-03     1.54798E-03    -12.0550E-03
            8103     9.62106E-03    -2.10734E-03     1.19562E-03    -9.31098E-03
            8104     6.77409E-03    -2.24936E-03     813.821E-06    -6.33769E-03
            8105     3.99000E-03    -2.33600E-03     411.983E-06    -3.20835E-03
            8106     2.36512E-03    -2.36512E-03     1.50669E-33    -16.4009E-33
            8107     2.52452E-03     2.52452E-03     163.010E-36    -17.6287E-33
            8108     4.24542E-03     2.49344E-03     280.424E-06    -3.42457E-03
            8109     7.19960E-03     2.40096E-03     553.942E-06    -6.76482E-03
            8110     10.2223E-03     2.24936E-03     813.821E-06    -9.93850E-03
            8111     13.0711E-03     2.04238E-03     1.05366E-03    -12.8675E-03
            8112     15.6336E-03     1.78510E-03     1.26756E-03    -15.4796E-03
            8113     17.8317E-03     1.48387E-03     1.45024E-03    -17.7105E-03
            8114     19.6042E-03     1.14611E-03     1.59721E-03    -19.5054E-03
            8115     20.9042E-03     780.119E-06     1.70486E-03    -20.8200E-03
            8116     21.6979E-03     394.922E-06     1.77053E-03    -21.6219E-03
            8117     21.9647E-03    -418.281E-21     1.79260E-03    -21.8914E-03
            8118     21.6979E-03    -394.922E-06     1.77053E-03    -21.6219E-03
            8119     20.9042E-03    -780.119E-06     1.70486E-03    -20.8200E-03
            8120     19.6042E-03    -1.14611E-03     1.59721E-03    -19.5054E-03
            8121     17.8317E-03    -1.48387E-03     1.45024E-03    -17.7105E-03
            8122     15.6336E-03    -1.78510E-03     1.26756E-03    -15.4796E-03
            8123     13.0711E-03    -2.04238E-03     1.05366E-03    -12.8675E-03
            8124     10.2223E-03    -2.24936E-03     813.821E-06    -9.93850E-03
            8125     7.19960E-03    -2.40096E-03     553.942E-06    -6.76482E-03
            8126     4.24542E-03    -2.49344E-03     280.424E-06    -3.42457E-03
            8127     2.52452E-03    -2.52452E-03     163.010E-36    -17.6287E-33
            8128     2.62176E-03     2.62176E-03    -1.18469E-33    -18.4224E-33
            8129     4.40160E-03     2.58948E-03     141.960E-06    -3.55648E-03
            8130     7.46002E-03     2.49344E-03     280.424E-06    -7.02539E-03
            8131     10.5904E-03     2.33600E-03     411.983E-06    -10.3213E-03
            8132     13.5409E-03     2.12105E-03     533.397E-06    -13.3631E-03
            8133     16.1951E-03     1.85386E-03     641.678E-06    -16.0758E-03
            8134     18.4717E-03     1.54103E-03     734.159E-06    -18.3927E-03
            8135     20.3077E-03     1.19025E-03     808.562E-06    -20.2567E-03
            8136     21.6543E-03     810.167E-06     863.055E-06    -21.6219E-03
            8137     22.4763E-03     410.133E-06     896.298E-06    -22.4547E-03
            8138     22.7527E-03     620.701E-21     907.470E-06    -22.7346E-03
            8139     22.4763E-03    -410.133E-06     896.298E-06    -22.4547E-03
            8140     21.6543E-03    -810.167E-06     863.055E-06    -21.6219E-03
            8141     20.3077E-03    -1.19025E-03     808.562E-06    -20.2567E-03
            8142     18.4717E-03    -1.54103E-03     734.159E-06    -18.3927E-03
            8143     16.1951E-03    -1.85386E-03     641.678E-06    -16.0758E-03
            8144     13.5409E-03    -2.12105E-03     533.397E-06    -13.3631E-03
            8145     10.5904E-03    -2.33600E-03     411.983E-06    -10.3213E-03
            8146     7.46002E-03    -2.49344E-03     280.424E-06    -7.02539E-03
            8147     4.40160E-03    -2.58948E-03     141.960E-06    -3.55648E-03
            8148     2.62176E-03    -2.62176E-03    -1.18469E-33    -18.4224E-33
            8149     2.65444E-03     2.65444E-03    -2.50321E-33    -18.7625E-33
            8150     4.45415E-03     2.62176E-03     778.716E-21    -3.60081E-03
            8151     7.54767E-03     2.52452E-03     1.53645E-18    -7.11296E-03
            8152     10.7143E-03     2.36512E-03     313.926E-21    -10.4500E-03
            8153     13.6990E-03     2.14748E-03     1.08496E-18    -13.5296E-03
            8154     16.3841E-03     1.87697E-03     1.37266E-18    -16.2762E-03
            8155     18.6872E-03     1.56024E-03     1.45660E-18    -18.6220E-03
            8156     20.5446E-03     1.20509E-03    -605.615E-21    -20.5092E-03
            8157     21.9068E-03     820.266E-06     1.63724E-18    -21.8914E-03
            8158     22.7384E-03     415.245E-06     4.34983E-18    -22.7346E-03
            8159     23.0180E-03    -582.744E-21    -1.02166E-18    -23.0180E-03
            8160     22.7384E-03    -415.245E-06    -228.172E-21    -22.7346E-03
            8161     21.9068E-03    -820.266E-06     556.922E-21    -21.8914E-03
            8162     20.5446E-03    -1.20509E-03    -1.24117E-18    -20.5092E-03
            8163     18.6872E-03    -1.56024E-03    -2.06158E-18    -18.6220E-03
            8164     16.3841E-03    -1.87697E-03     662.019E-21    -16.2762E-03
            8165     13.6990E-03    -2.14748E-03     1.05549E-18    -13.5296E-03
            8166     10.7143E-03    -2.36512E-03     2.94363E-18    -10.4500E-03
            8167     7.54767E-03    -2.52452E-03     1.83325E-18    -7.11296E-03
            8168     4.45415E-03    -2.62176E-03     2.53862E-18    -3.60081E-03
            8169     2.65444E-03    -2.65444E-03    -2.50321E-33    -18.7625E-33
            8170     2.62176E-03     2.62176E-03    -3.76010E-33    -18.6407E-33
            8171     4.40160E-03     2.58948E-03    -141.960E-06    -3.55648E-03
            8172     7.46002E-03     2.49344E-03    -280.424E-06    -7.02539E-03
            8173     10.5904E-03     2.33600E-03    -411.983E-06    -10.3213E-03
            8174     13.5409E-03     2.12105E-03    -533.397E-06    -13.3631E-03
            8175     16.1951E-03     1.85386E-03    -641.678E-06    -16.0758E-03
            8176     18.4717E-03     1.54103E-03    -734.159E-06    -18.3927E-03
            8177     20.3077E-03     1.19025E-03    -808.562E-06    -20.2567E-03
            8178     21.6543E-03     810.167E-06    -863.055E-06    -21.6219E-03
            8179     22.4763E-03     410.133E-06    -896.298E-06    -22.4547E-03
            8180     22.7527E-03    -730.992E-21    -907.470E-06    -22.7346E-03
            8181     22.4763E-03    -410.133E-06    -896.298E-06    -22.4547E-03
            8182     21.6543E-03    -810.167E-06    -863.055E-06    -21.6219E-03
            8183     20.3077E-03    -1.19025E-03    -808.562E-06    -20.2567E-03
            8184     18.4717E-03    -1.54103E-03    -734.159E-06    -18.3927E-03
            8185     16.1951E-03    -1.85386E-03    -641.678E-06    -16.0758E-03
            8186     13.5409E-03    -2.12105E-03    -533.397E-06    -13.3631E-03
            8187     10.5904E-03    -2.33600E-03    -411.983E-06    -10.3213E-03
            8188     7.46002E-03    -2.49344E-03    -280.424E-06    -7.02539E-03
            8189     4.40160E-03    -2.58948E-03    -141.960E-06    -3.55648E-03
            8190     2.62176E-03    -2.62176E-03    -3.76010E-33    -18.6407E-33
            8191     2.52452E-03     2.52452E-03    -4.92440E-33    -18.0598E-33
            8192     4.24542E-03     2.49344E-03    -280.424E-06    -3.42457E-03
            8193     7.19960E-03     2.40096E-03    -553.942E-06    -6.76482E-03
            8194     10.2223E-03     2.24936E-03    -813.821E-06    -9.93850E-03
            8195     13.0711E-03     2.04238E-03    -1.05366E-03    -12.8675E-03
            8196     15.6336E-03     1.78510E-03    -1.26756E-03    -15.4796E-03
            8197     17.8317E-03     1.48387E-03    -1.45024E-03    -17.7105E-03
            8198     19.6042E-03     1.14611E-03    -1.59721E-03    -19.5054E-03
            8199     20.9042E-03     780.119E-06    -1.70486E-03    -20.8200E-03
            8200     21.6979E-03     394.922E-06    -1.77053E-03    -21.6219E-03
            8201     21.9647E-03     617.306E-21    -1.79260E-03    -21.8914E-03
            8202     21.6979E-03    -394.922E-06    -1.77053E-03    -21.6219E-03
            8203     20.9042E-03    -780.119E-06    -1.70486E-03    -20.8200E-03
            8204     19.6042E-03    -1.14611E-03    -1.59721E-03    -19.5054E-03
            8205     17.8317E-03    -1.48387E-03    -1.45024E-03    -17.7105E-03
            8206     15.6336E-03    -1.78510E-03    -1.26756E-03    -15.4796E-03
            8207     13.0711E-03    -2.04238E-03    -1.05366E-03    -12.8675E-03
            8208     10.2223E-03    -2.24936E-03    -813.821E-06    -9.93850E-03
            8209     7.19960E-03    -2.40096E-03    -553.942E-06    -6.76482E-03
            8210     4.24542E-03    -2.49344E-03    -280.424E-06    -3.42457E-03
            8211     2.52452E-03    -2.52452E-03    -4.92440E-33    -18.0598E-33
            8212     2.36512E-03     2.36512E-03    -5.96745E-33    -17.0342E-33
            8213     3.99000E-03     2.33600E-03    -411.983E-06    -3.20835E-03
            8214     6.77409E-03     2.24936E-03    -813.821E-06    -6.33769E-03
            8215     9.62106E-03     2.10734E-03    -1.19562E-03    -9.31098E-03
            8216     12.3037E-03     1.91342E-03    -1.54798E-03    -12.0550E-03
            8217     14.7166E-03     1.67239E-03    -1.86222E-03    -14.5022E-03
            8218     16.7862E-03     1.39018E-03    -2.13061E-03    -16.5923E-03
            8219     18.4551E-03     1.07374E-03    -2.34654E-03    -18.2738E-03
            8220     19.6791E-03     730.862E-06    -2.50468E-03    -19.5054E-03
            8221     20.4264E-03     369.986E-06    -2.60116E-03    -20.2567E-03
            8222     20.6776E-03    -26.3782E-21    -2.63358E-03    -20.5092E-03
            8223     20.4264E-03    -369.986E-06    -2.60116E-03    -20.2567E-03
            8224     19.6791E-03    -730.862E-06    -2.50468E-03    -19.5054E-03
            8225     18.4551E-03    -1.07374E-03    -2.34654E-03    -18.2738E-03
            8226     16.7862E-03    -1.39018E-03    -2.13061E-03    -16.5923E-03
            8227     14.7166E-03    -1.67239E-03    -1.86222E-03    -14.5022E-03
            8228     12.3037E-03    -1.91342E-03    -1.54798E-03    -12.0550E-03
            8229     9.62106E-03    -2.10734E-03    -1.19562E-03    -9.31098E-03
            8230     6.77409E-03    -2.24936E-03    -813.821E-06    -6.33769E-03
            8231     3.99000E-03    -2.33600E-03    -411.983E-06    -3.20835E-03
            8232     2.36512E-03    -2.36512E-03    -5.96745E-33    -17.0342E-33
            8233     2.14748E-03     2.14748E-03    -6.86356E-33    -15.5892E-33
            8234     3.64275E-03     2.12105E-03    -533.397E-06    -2.91312E-03
            8235     6.19644E-03     2.04238E-03    -1.05366E-03    -5.75450E-03
            8236     8.80516E-03     1.91342E-03    -1.54798E-03    -8.45420E-03
            8237     11.2625E-03     1.73735E-03    -2.00418E-03    -10.9457E-03
            8238     13.4725E-03     1.51850E-03    -2.41103E-03    -13.1677E-03
            8239     15.3679E-03     1.26226E-03    -2.75852E-03    -15.0655E-03
            8240     16.8963E-03     974.937E-06    -3.03808E-03    -16.5923E-03
            8241     18.0172E-03     663.609E-06    -3.24283E-03    -17.7105E-03
            8242     18.7015E-03     335.941E-06    -3.36774E-03    -18.3927E-03
            8243     18.9316E-03     603.875E-21    -3.40972E-03    -18.6220E-03
            8244     18.7015E-03    -335.941E-06    -3.36774E-03    -18.3927E-03
            8245     18.0172E-03    -663.609E-06    -3.24283E-03    -17.7105E-03
            8246     16.8963E-03    -974.937E-06    -3.03808E-03    -16.5923E-03
            8247     15.3679E-03    -1.26226E-03    -2.75852E-03    -15.0655E-03
            8248     13.4725E-03    -1.51850E-03    -2.41103E-03    -13.1677E-03
            8249     11.2625E-03    -1.73735E-03    -2.00418E-03    -10.9457E-03
            8250     8.80516E-03    -1.91342E-03    -1.54798E-03    -8.45420E-03
            8251     6.19644E-03    -2.04238E-03    -1.05366E-03    -5.75450E-03
            8252     3.64275E-03    -2.12105E-03    -533.397E-06    -2.91312E-03
            8253     2.14748E-03    -2.14748E-03    -6.86356E-33    -15.5892E-33
            8254     1.87697E-03     1.87697E-03    -7.59067E-33    -13.7604E-33
            8255     3.21426E-03     1.85386E-03    -641.678E-06    -2.54616E-03
            8256     5.48547E-03     1.78510E-03    -1.26756E-03    -5.02962E-03
            8257     7.80164E-03     1.67239E-03    -1.86222E-03    -7.38924E-03
            8258     9.98222E-03     1.51850E-03    -2.41103E-03    -9.56691E-03
            8259     11.9428E-03     1.32722E-03    -2.90048E-03    -11.5090E-03
            8260     13.6242E-03     1.10326E-03    -3.31850E-03    -13.1677E-03
            8261     14.9799E-03     852.127E-06    -3.65482E-03    -14.5022E-03
            8262     15.9741E-03     580.016E-06    -3.90114E-03    -15.4796E-03
            8263     16.5811E-03     293.623E-06    -4.05140E-03    -16.0758E-03
            8264     16.7851E-03    -317.908E-21    -4.10190E-03    -16.2762E-03
            8265     16.5811E-03    -293.623E-06    -4.05140E-03    -16.0758E-03
            8266     15.9741E-03    -580.016E-06    -3.90114E-03    -15.4796E-03
            8267     14.9799E-03    -852.127E-06    -3.65482E-03    -14.5022E-03
            8268     13.6242E-03    -1.10326E-03    -3.31850E-03    -13.1677E-03
            8269     11.9428E-03    -1.32722E-03    -2.90048E-03    -11.5090E-03
            8270     9.98222E-03    -1.51850E-03    -2.41103E-03    -9.56691E-03
            8271     7.80164E-03    -1.67239E-03    -1.86222E-03    -7.38924E-03
            8272     5.48547E-03    -1.78510E-03    -1.26756E-03    -5.02962E-03
            8273     3.21426E-03    -1.85386E-03    -641.678E-06    -2.54616E-03
            8274     1.87697E-03    -1.87697E-03    -7.59067E-33    -13.7604E-33
            8275     1.56024E-03     1.56024E-03    -8.13086E-33    -11.5927E-33
            8276     2.71907E-03     1.54103E-03    -734.159E-06    -2.11650E-03
            8277     4.66743E-03     1.48387E-03    -1.45024E-03    -4.18089E-03
            8278     6.64834E-03     1.39018E-03    -2.13061E-03    -6.14233E-03
            8279     8.51149E-03     1.26226E-03    -2.75852E-03    -7.95253E-03
            8280     10.1860E-03     1.10326E-03    -3.31850E-03    -9.56691E-03
            8281     11.6218E-03     917.085E-06    -3.79678E-03    -10.9457E-03
            8282     12.7793E-03     708.333E-06    -4.18156E-03    -12.0550E-03
            8283     13.6281E-03     482.140E-06    -4.46338E-03    -12.8675E-03
            8284     14.1463E-03     244.075E-06    -4.63530E-03    -13.3631E-03
            8285     14.3205E-03    -215.739E-21    -4.69307E-03    -13.5296E-03
            8286     14.1463E-03    -244.075E-06    -4.63530E-03    -13.3631E-03
            8287     13.6281E-03    -482.140E-06    -4.46338E-03    -12.8675E-03
            8288     12.7793E-03    -708.333E-06    -4.18156E-03    -12.0550E-03
            8289     11.6218E-03    -917.085E-06    -3.79678E-03    -10.9457E-03
            8290     10.1860E-03    -1.10326E-03    -3.31850E-03    -9.56691E-03
            8291     8.51149E-03    -1.26226E-03    -2.75852E-03    -7.95253E-03
            8292     6.64834E-03    -1.39018E-03    -2.13061E-03    -6.14233E-03
            8293     4.66743E-03    -1.48387E-03    -1.45024E-03    -4.18089E-03
            8294     2.71907E-03    -1.54103E-03    -734.159E-06    -2.11650E-03
            8295     1.56024E-03    -1.56024E-03    -8.13086E-33    -11.5927E-33
            8296     1.20509E-03     1.20509E-03    -8.47085E-33    -9.13952E-33
            8297     2.17780E-03     1.19025E-03    -808.562E-06    -1.63473E-03
            8298     3.78054E-03     1.14611E-03    -1.59721E-03    -3.22922E-03
            8299     5.40059E-03     1.07374E-03    -2.34654E-03    -4.74418E-03
            8300     6.92161E-03     974.937E-06    -3.03808E-03    -6.14233E-03
            8301     8.28762E-03     852.127E-06    -3.65482E-03    -7.38924E-03
            8302     9.45836E-03     708.333E-06    -4.18156E-03    -8.45420E-03
            8303     10.4021E-03     547.099E-06    -4.60534E-03    -9.31098E-03
            8304     11.0940E-03     372.393E-06    -4.91572E-03    -9.93850E-03
            8305     11.5164E-03     188.517E-06    -5.10506E-03    -10.3213E-03
            8306     11.6583E-03     164.903E-21    -5.16869E-03    -10.4500E-03
            8307     11.5164E-03    -188.517E-06    -5.10506E-03    -10.3213E-03
            8308     11.0940E-03    -372.393E-06    -4.91572E-03    -9.93850E-03
            8309     10.4021E-03    -547.099E-06    -4.60534E-03    -9.31098E-03
            8310     9.45836E-03    -708.333E-06    -4.18156E-03    -8.45420E-03
            8311     8.28762E-03    -852.127E-06    -3.65482E-03    -7.38924E-03
            8312     6.92161E-03    -974.937E-06    -3.03808E-03    -6.14233E-03
            8313     5.40059E-03    -1.07374E-03    -2.34654E-03    -4.74418E-03
            8314     3.78054E-03    -1.14611E-03    -1.59721E-03    -3.22922E-03
            8315     2.17780E-03    -1.19025E-03    -808.562E-06    -1.63473E-03
            8316     1.20509E-03    -1.20509E-03    -8.47085E-33    -9.13952E-33
            8317     820.266E-06     820.266E-06    -8.60226E-33    -6.46133E-33
            8318     1.62461E-03     810.167E-06    -863.055E-06    -1.11271E-03
            8319     2.88902E-03     780.119E-06    -1.70486E-03    -2.19802E-03
            8320     4.15156E-03     730.862E-06    -2.50468E-03    -3.22922E-03
            8321     5.33256E-03     663.609E-06    -3.24283E-03    -4.18089E-03
            8322     6.39159E-03     580.016E-06    -3.90114E-03    -5.02962E-03
            8323     7.29853E-03     482.140E-06    -4.46338E-03    -5.75450E-03
            8324     8.02928E-03     372.393E-06    -4.91572E-03    -6.33769E-03
            8325     8.56495E-03     253.476E-06    -5.24702E-03    -6.76482E-03
            8326     8.89187E-03     128.318E-06    -5.44912E-03    -7.02539E-03
            8327     9.00177E-03     1.15573E-21    -5.51704E-03    -7.11296E-03
            8328     8.89187E-03    -128.318E-06    -5.44912E-03    -7.02539E-03
            8329     8.56495E-03    -253.476E-06    -5.24702E-03    -6.76482E-03
            8330     8.02928E-03    -372.393E-06    -4.91572E-03    -6.33769E-03
            8331     7.29853E-03    -482.140E-06    -4.46338E-03    -5.75450E-03
            8332     6.39159E-03    -580.016E-06    -3.90114E-03    -5.02962E-03
            8333     5.33256E-03    -663.609E-06    -3.24283E-03    -4.18089E-03
            8334     4.15156E-03    -730.862E-06    -2.50468E-03    -3.22922E-03
            8335     2.88902E-03    -780.119E-06    -1.70486E-03    -2.19802E-03
            8336     1.62461E-03    -810.167E-06    -863.055E-06    -1.11271E-03
            8337     820.266E-06    -820.266E-06    -8.60226E-33    -6.46133E-33
            8338     415.245E-06     415.245E-06    -8.52185E-33    -3.62405E-33
            8339     1.13528E-03     410.133E-06    -896.298E-06    -563.291E-06
            8340     2.12811E-03     394.922E-06    -1.77053E-03    -1.11271E-03
            8341     3.09439E-03     369.986E-06    -2.60116E-03    -1.63473E-03
            8342     3.99176E-03     335.941E-06    -3.36774E-03    -2.11650E-03
            8343     4.79405E-03     293.623E-06    -4.05140E-03    -2.54616E-03
            8344     5.48013E-03     244.075E-06    -4.63530E-03    -2.91312E-03
            8345     6.03246E-03     188.517E-06    -5.10506E-03    -3.20835E-03
            8346     6.43716E-03     128.318E-06    -5.44912E-03    -3.42457E-03
            8347     6.68409E-03     64.9587E-06    -5.65900E-03    -3.55648E-03
            8348     6.76709E-03     62.3766E-21    -5.72954E-03    -3.60081E-03
            8349     6.68409E-03    -64.9587E-06    -5.65900E-03    -3.55648E-03
            8350     6.43716E-03    -128.318E-06    -5.44912E-03    -3.42457E-03
            8351     6.03246E-03    -188.517E-06    -5.10506E-03    -3.20835E-03
            8352     5.48013E-03    -244.075E-06    -4.63530E-03    -2.91312E-03
            8353     4.79405E-03    -293.623E-06    -4.05140E-03    -2.54616E-03
            8354     3.99176E-03    -335.941E-06    -3.36774E-03    -2.11650E-03
            8355     3.09439E-03    -369.986E-06    -2.60116E-03    -1.63473E-03
            8356     2.12811E-03    -394.922E-06    -1.77053E-03    -1.11271E-03
            8357     1.13528E-03    -410.133E-06    -896.298E-06    -563.291E-06
            8358     415.245E-06    -415.245E-06    -8.52185E-33    -3.62405E-33
            8359              0.    -446.495E-36     348.794E-36    -868.965E-36
            8360     907.470E-06     6.49700E-33    -907.470E-06    -2.02859E-33
            8361     1.79260E-03     4.70569E-33    -1.79260E-03    -4.70477E-33
            8362     2.63358E-03     2.79851E-33    -2.63358E-03    -7.26509E-33
            8363     3.40972E-03     822.427E-36    -3.40972E-03    -9.64653E-33
            8364     4.10190E-03    -1.17391E-33    -4.10190E-03    -11.7904E-33
            8365     4.69307E-03    -3.14134E-33    -4.69307E-03    -13.6440E-33
            8366     5.16869E-03    -5.03143E-33    -5.16869E-03    -15.1616E-33
            8367     5.51704E-03    -6.79762E-33    -5.51704E-03    -16.3059E-33
            8368     5.72954E-03    -8.39643E-33    -5.72954E-03    -17.0487E-33
            8369     5.80096E-03    -9.78849E-33    -5.80096E-03    -17.3717E-33
            8370     5.72954E-03    -10.9395E-33    -5.72954E-03    -17.2670E-33
            8371     5.51704E-03    -11.8212E-33    -5.51704E-03    -16.7370E-33
            8372     5.16869E-03    -12.4118E-33    -5.16869E-03    -15.7950E-33
            8373     4.69307E-03    -12.6968E-33    -4.69307E-03    -14.4640E-33
            8374     4.10190E-03    -12.6691E-33    -4.10190E-03    -12.7769E-33
            8375     3.40972E-03    -12.3295E-33    -3.40972E-03    -10.7751E-33
            8376     2.63358E-03    -11.6863E-33    -2.63358E-03    -8.50810E-33
            8377     1.79260E-03    -10.7553E-33    -1.79260E-03    -6.03154E-33
            8378     907.470E-06    -9.55952E-33    -907.470E-06    -3.40647E-33
            8379              0.     446.495E-36     348.794E-36    -868.965E-36


  Minimum                     0.    -2.65444E-03    -5.80096E-03    -23.0180E-03
         At Node            8379            8169            8369            8159

  Maximum            23.0180E-03     2.65444E-03     5.80096E-03     564.615E-36
         At Node            8159            8149            7949            7934

           Total         72.5163    -62.4500E-18     348.794E-36        -69.0884


