# yu2003 case2 [30/-30/-30/30], L/h = 10 -- three-method comparison (OpenSG-RM / Whitney-1973 FSDT / Pagano exact 3-D)
# stations: s11 s22 s12 s33 U3 at x = a/2; s13 s23 U1 U2 at x = 0
# Whitney k1^2 = 0.833333 (used inside the FSDT shear staircase)
# columns: z[in] then (RM, FSDT, exact) triplets for s11 s22 s12 s13 s23 s33 U1 U2 U3
  -2.000000e-01   -6.610661e+01   -5.925265e+01   -6.471660e+01   -2.103962e+01   -1.876576e+01   -2.055970e+01   -3.436288e+01   -3.079346e+01   -3.346537e+01    4.625756e-11    4.476219e+00    5.062412e-11    2.379667e-11    2.557299e+00    2.617534e-11   -5.000000e-01    0.000000e+00   -5.000000e-01    6.312665e-06    5.693081e-06    6.290665e-06   -1.279892e-06   -1.010749e-06   -1.265288e-06    5.152416e-05    4.768661e-05    5.131269e-05
  -1.987500e-01   -6.551992e+01   -5.888232e+01   -6.413893e+01   -2.085232e+01   -1.864848e+01   -2.037534e+01   -3.405050e+01   -3.060100e+01   -3.315897e+01    5.758210e-02    4.476219e+00    6.325163e-02    2.962755e-02    2.557299e+00    3.270404e-02   -4.999717e-01    0.000000e+00   -4.999689e-01    6.262166e-06    5.657499e-06    6.240370e-06   -1.279860e-06   -1.004431e-06   -1.265253e-06    5.152538e-05    4.768661e-05    5.131391e-05
  -1.975000e-01   -6.493529e+01   -5.851199e+01   -6.356354e+01   -2.066568e+01   -1.853119e+01   -2.019171e+01   -3.373927e+01   -3.040854e+01   -3.285384e+01    1.148032e-01    4.476219e+00    1.259372e-01    5.906934e-02    2.557299e+00    6.510791e-02   -4.998871e-01    0.000000e+00   -4.998760e-01    6.211815e-06    5.621917e-06    6.190238e-06   -1.279764e-06   -9.981142e-07   -1.265146e-06    5.152659e-05    4.768661e-05    5.131512e-05
  -1.962500e-01   -6.435271e+01   -5.814166e+01   -6.299041e+01   -2.047969e+01   -1.841391e+01   -2.000880e+01   -3.342917e+01   -3.021609e+01   -3.254996e+01    1.716633e-01    4.476219e+00    1.880591e-01    8.832538e-02    2.557299e+00    9.721282e-02   -4.997465e-01    0.000000e+00   -4.997218e-01    6.161612e-06    5.586335e-06    6.140267e-06   -1.279605e-06   -9.917971e-07   -1.264970e-06    5.152777e-05    4.768661e-05    5.131631e-05
  -1.950000e-01   -6.377217e+01   -5.777134e+01   -6.241951e+01   -2.029436e+01   -1.829662e+01   -1.982660e+01   -3.312020e+01   -3.002363e+01   -3.224731e+01    2.281623e-01    4.476219e+00    2.496194e-01    1.173957e-01    2.557299e+00    1.290200e-01   -4.995502e-01    0.000000e+00   -4.995069e-01    6.111555e-06    5.550754e-06    6.090456e-06   -1.279383e-06   -9.854799e-07   -1.264725e-06    5.152895e-05    4.768661e-05    5.131748e-05
  -1.937500e-01   -6.319365e+01   -5.740101e+01   -6.185083e+01   -2.010967e+01   -1.817933e+01   -1.964511e+01   -3.281235e+01   -2.983117e+01   -3.194590e+01    2.843003e-01    4.476219e+00    3.106202e-01    1.462802e-01    2.557299e+00    1.605307e-01   -4.992987e-01    0.000000e+00   -4.992319e-01    6.061643e-06    5.515172e-06    6.040802e-06   -1.279099e-06   -9.791627e-07   -1.264410e-06    5.153011e-05    4.768661e-05    5.131864e-05
  -1.925000e-01   -6.261715e+01   -5.703068e+01   -6.128435e+01   -1.992562e+01   -1.806205e+01   -1.946432e+01   -3.250562e+01   -2.963871e+01   -3.164570e+01    3.400774e-01    4.476219e+00    3.710639e-01    1.749790e-01    2.557299e+00    1.917460e-01   -4.989922e-01    0.000000e+00   -4.988972e-01    6.011876e-06    5.479590e-06    5.991305e-06   -1.278753e-06   -9.728455e-07   -1.264028e-06    5.153125e-05    4.768661e-05    5.131979e-05
  -1.912500e-01   -6.204264e+01   -5.666035e+01   -6.072005e+01   -1.974221e+01   -1.794476e+01   -1.928422e+01   -3.219999e+01   -2.944625e+01   -3.134670e+01    3.954934e-01    4.476219e+00    4.309525e-01    2.034920e-01    2.557299e+00    2.226672e-01   -4.986311e-01    0.000000e+00   -4.985035e-01    5.962253e-06    5.444008e-06    5.941964e-06   -1.278344e-06   -9.665283e-07   -1.263578e-06    5.153237e-05    4.768661e-05    5.132092e-05
  -1.900000e-01   -6.147013e+01   -5.629002e+01   -6.015790e+01   -1.955943e+01   -1.782748e+01   -1.910481e+01   -3.189546e+01   -2.925379e+01   -3.104890e+01    4.505484e-01    4.476219e+00    4.902881e-01    2.318193e-01    2.557299e+00    2.532955e-01   -4.982158e-01    0.000000e+00   -4.980512e-01    5.912772e-06    5.408426e-06    5.892776e-06   -1.277875e-06   -9.602112e-07   -1.263062e-06    5.153349e-05    4.768661e-05    5.132204e-05
  -1.887500e-01   -6.089958e+01   -5.591969e+01   -5.959788e+01   -1.937728e+01   -1.771019e+01   -1.892608e+01   -3.159203e+01   -2.906133e+01   -3.075228e+01    5.052423e-01    4.476219e+00    5.490729e-01    2.599608e-01    2.557299e+00    2.836320e-01   -4.977466e-01    0.000000e+00   -4.975410e-01    5.863433e-06    5.372845e-06    5.843741e-06   -1.277345e-06   -9.538940e-07   -1.262479e-06    5.153458e-05    4.768661e-05    5.132315e-05
  -1.875000e-01   -6.033100e+01   -5.554936e+01   -5.903999e+01   -1.919576e+01   -1.759290e+01   -1.874802e+01   -3.128968e+01   -2.886887e+01   -3.045683e+01    5.595753e-01    4.476219e+00    6.073090e-01    2.879166e-01    2.557299e+00    3.136779e-01   -4.972240e-01    0.000000e+00   -4.969733e-01    5.814235e-06    5.337263e-06    5.794857e-06   -1.276754e-06   -9.475768e-07   -1.261832e-06    5.153566e-05    4.768661e-05    5.132424e-05
  -1.862500e-01   -5.976436e+01   -5.517903e+01   -5.848419e+01   -1.901486e+01   -1.747562e+01   -1.857064e+01   -3.098841e+01   -2.867641e+01   -3.016254e+01    6.135472e-01    4.476219e+00    6.649984e-01    3.156866e-01    2.557299e+00    3.434342e-01   -4.966481e-01    0.000000e+00   -4.963487e-01    5.765177e-06    5.301681e-06    5.746122e-06   -1.276103e-06   -9.412596e-07   -1.261119e-06    5.153673e-05    4.768661e-05    5.132531e-05
  -1.850000e-01   -5.919966e+01   -5.480870e+01   -5.793047e+01   -1.883457e+01   -1.735833e+01   -1.839392e+01   -3.068820e+01   -2.848395e+01   -2.986940e+01    6.671581e-01    4.476219e+00    7.221431e-01    3.432709e-01    2.557299e+00    3.729022e-01   -4.960194e-01    0.000000e+00   -4.956677e-01    5.716258e-06    5.266099e-06    5.697536e-06   -1.275392e-06   -9.349424e-07   -1.260342e-06    5.153778e-05    4.768661e-05    5.132638e-05
  -1.837500e-01   -5.863688e+01   -5.443837e+01   -5.737880e+01   -1.865490e+01   -1.724105e+01   -1.821785e+01   -3.038907e+01   -2.829149e+01   -2.957740e+01    7.204081e-01    4.476219e+00    7.787453e-01    3.706694e-01    2.557299e+00    4.020830e-01   -4.953383e-01    0.000000e+00   -4.949310e-01    5.667477e-06    5.230518e-06    5.649096e-06   -1.274622e-06   -9.286253e-07   -1.259502e-06    5.153882e-05    4.768661e-05    5.132743e-05
  -1.825000e-01   -5.807601e+01   -5.406804e+01   -5.682918e+01   -1.847583e+01   -1.712376e+01   -1.804243e+01   -3.009098e+01   -2.809904e+01   -2.928653e+01    7.732969e-01    4.476219e+00    8.348068e-01    3.978821e-01    2.557299e+00    4.309777e-01   -4.946051e-01    0.000000e+00   -4.941389e-01    5.618833e-06    5.194936e-06    5.600802e-06   -1.273794e-06   -9.223081e-07   -1.258600e-06    5.153984e-05    4.768661e-05    5.132847e-05
  -1.812500e-01   -5.751704e+01   -5.369772e+01   -5.628157e+01   -1.829737e+01   -1.700647e+01   -1.786766e+01   -2.979395e+01   -2.790658e+01   -2.899678e+01    8.258248e-01    4.476219e+00    8.903297e-01    4.249092e-01    2.557299e+00    4.595874e-01   -4.938201e-01    0.000000e+00   -4.932920e-01    5.570325e-06    5.159354e-06    5.552652e-06   -1.272906e-06   -9.159909e-07   -1.257635e-06    5.154085e-05    4.768661e-05    5.132949e-05
  -1.800000e-01   -5.695994e+01   -5.332739e+01   -5.573596e+01   -1.811952e+01   -1.688919e+01   -1.769352e+01   -2.949796e+01   -2.771412e+01   -2.870813e+01    8.779917e-01    4.476219e+00    9.453161e-01    4.517504e-01    2.557299e+00    4.879131e-01   -4.929838e-01    0.000000e+00   -4.923909e-01    5.521952e-06    5.123772e-06    5.504645e-06   -1.271961e-06   -9.096737e-07   -1.256608e-06    5.154184e-05    4.768661e-05    5.133050e-05
  -1.787500e-01   -5.640472e+01   -5.295706e+01   -5.519232e+01   -1.794225e+01   -1.677190e+01   -1.752001e+01   -2.920301e+01   -2.752166e+01   -2.842057e+01    9.297975e-01    4.476219e+00    9.997677e-01    4.784059e-01    2.557299e+00    5.159560e-01   -4.920964e-01    0.000000e+00   -4.914360e-01    5.473714e-06    5.088191e-06    5.456779e-06   -1.270958e-06   -9.033566e-07   -1.255521e-06    5.154282e-05    4.768661e-05    5.133150e-05
  -1.775000e-01   -5.585135e+01   -5.258673e+01   -5.465065e+01   -1.776558e+01   -1.665462e+01   -1.734713e+01   -2.890908e+01   -2.732920e+01   -2.813410e+01    9.812423e-01    4.476219e+00    1.053687e+00    5.048757e-01    2.557299e+00    5.437171e-01   -4.911583e-01    0.000000e+00   -4.904280e-01    5.425609e-06    5.052609e-06    5.409053e-06   -1.269898e-06   -8.970394e-07   -1.254373e-06    5.154379e-05    4.768661e-05    5.133249e-05
  -1.762500e-01   -5.529983e+01   -5.221640e+01   -5.411092e+01   -1.758950e+01   -1.653733e+01   -1.717487e+01   -2.861617e+01   -2.713674e+01   -2.784871e+01    1.032326e+00    4.476219e+00    1.107075e+00    5.311597e-01    2.557299e+00    5.711975e-01   -4.901699e-01    0.000000e+00   -4.893673e-01    5.377637e-06    5.017027e-06    5.361466e-06   -1.268781e-06   -8.907222e-07   -1.253166e-06    5.154474e-05    4.768661e-05    5.133346e-05
  -1.750000e-01   -5.475014e+01   -5.184607e+01   -5.357311e+01   -1.741400e+01   -1.642004e+01   -1.700322e+01   -2.832428e+01   -2.694428e+01   -2.756437e+01    1.083049e+00    4.476219e+00    1.159934e+00    5.572579e-01    2.557299e+00    5.983983e-01   -4.891315e-01    0.000000e+00   -4.882544e-01    5.329796e-06    4.981445e-06    5.314016e-06   -1.267607e-06   -8.844050e-07   -1.251900e-06    5.154568e-05    4.768661e-05    5.133442e-05
  -1.737500e-01   -5.420226e+01   -5.147574e+01   -5.303720e+01   -1.723908e+01   -1.630276e+01   -1.683218e+01   -2.803339e+01   -2.675182e+01   -2.728109e+01    1.133411e+00    4.476219e+00    1.212266e+00    5.831704e-01    2.557299e+00    6.253204e-01   -4.880435e-01    0.000000e+00   -4.870900e-01    5.282085e-06    4.945864e-06    5.266702e-06   -1.266377e-06   -8.780878e-07   -1.250575e-06    5.154660e-05    4.768661e-05    5.133537e-05
  -1.725000e-01   -5.365619e+01   -5.110541e+01   -5.250318e+01   -1.706473e+01   -1.618547e+01   -1.666173e+01   -2.774350e+01   -2.655936e+01   -2.699886e+01    1.183411e+00    4.476219e+00    1.264073e+00    6.088971e-01    2.557299e+00    6.519649e-01   -4.869062e-01    0.000000e+00   -4.858743e-01    5.234504e-06    4.910282e-06    5.219522e-06   -1.265092e-06   -8.717707e-07   -1.249193e-06    5.154751e-05    4.768661e-05    5.133630e-05
  -1.712500e-01   -5.311191e+01   -5.073508e+01   -5.197101e+01   -1.689096e+01   -1.606819e+01   -1.649188e+01   -2.745460e+01   -2.636690e+01   -2.671765e+01    1.233051e+00    4.476219e+00    1.315356e+00    6.344381e-01    2.557299e+00    6.783329e-01   -4.857201e-01    0.000000e+00   -4.846081e-01    5.187052e-06    4.874700e-06    5.172476e-06   -1.263751e-06   -8.654535e-07   -1.247753e-06    5.154840e-05    4.768661e-05    5.133723e-05
  -1.700000e-01   -5.256941e+01   -5.036475e+01   -5.144070e+01   -1.671775e+01   -1.595090e+01   -1.632262e+01   -2.716669e+01   -2.617444e+01   -2.643746e+01    1.282330e+00    4.476219e+00    1.366118e+00    6.597934e-01    2.557299e+00    7.044252e-01   -4.844853e-01    0.000000e+00   -4.832918e-01    5.139728e-06    4.839118e-06    5.125561e-06   -1.262355e-06   -8.591363e-07   -1.246258e-06    5.154929e-05    4.768661e-05    5.133814e-05
  -1.687500e-01   -5.202868e+01   -4.999442e+01   -5.091221e+01   -1.654511e+01   -1.583361e+01   -1.615394e+01   -2.687975e+01   -2.598198e+01   -2.615829e+01    1.331248e+00    4.476219e+00    1.416360e+00    6.849629e-01    2.557299e+00    7.302430e-01   -4.832024e-01    0.000000e+00   -4.819259e-01    5.092531e-06    4.803537e-06    5.078778e-06   -1.260905e-06   -8.528191e-07   -1.244706e-06    5.155016e-05    4.768661e-05    5.133904e-05
  -1.675000e-01   -5.148970e+01   -4.962410e+01   -5.038552e+01   -1.637303e+01   -1.571633e+01   -1.598584e+01   -2.659379e+01   -2.578953e+01   -2.588011e+01    1.379804e+00    4.476219e+00    1.466085e+00    7.099466e-01    2.557299e+00    7.557872e-01   -4.818716e-01    0.000000e+00   -4.805110e-01    5.045459e-06    4.767955e-06    5.032123e-06   -1.259401e-06   -8.465019e-07   -1.243099e-06    5.155101e-05    4.768661e-05    5.133992e-05
  -1.662500e-01   -5.095246e+01   -4.925377e+01   -4.986063e+01   -1.620150e+01   -1.559904e+01   -1.581831e+01   -2.630879e+01   -2.559707e+01   -2.560292e+01    1.428000e+00    4.476219e+00    1.515293e+00    7.347446e-01    2.557299e+00    7.810588e-01   -4.804933e-01    0.000000e+00   -4.790474e-01    4.998512e-06    4.732373e-06    4.985596e-06   -1.257843e-06   -8.401848e-07   -1.241437e-06    5.155185e-05    4.768661e-05    5.134080e-05
  -1.650000e-01   -5.041694e+01   -4.888344e+01   -4.933750e+01   -1.603052e+01   -1.548176e+01   -1.565134e+01   -2.602474e+01   -2.540461e+01   -2.532672e+01    1.475835e+00    4.476219e+00    1.563986e+00    7.593568e-01    2.557299e+00    8.060588e-01   -4.790679e-01    0.000000e+00   -4.775359e-01    4.951690e-06    4.696791e-06    4.939196e-06   -1.256232e-06   -8.338676e-07   -1.239721e-06    5.155268e-05    4.768661e-05    5.134166e-05
  -1.637500e-01   -4.988314e+01   -4.851311e+01   -4.881613e+01   -1.586009e+01   -1.536447e+01   -1.548493e+01   -2.574164e+01   -2.521215e+01   -2.505148e+01    1.523308e+00    4.476219e+00    1.612167e+00    7.837833e-01    2.557299e+00    8.307880e-01   -4.775957e-01    0.000000e+00   -4.759767e-01    4.904990e-06    4.661210e-06    4.892921e-06   -1.254568e-06   -8.275504e-07   -1.237952e-06    5.155350e-05    4.768661e-05    5.134251e-05
  -1.625000e-01   -4.935104e+01   -4.814278e+01   -4.829648e+01   -1.569020e+01   -1.524718e+01   -1.531907e+01   -2.545949e+01   -2.501969e+01   -2.477720e+01    1.570421e+00    4.476219e+00    1.659837e+00    8.080240e-01    2.557299e+00    8.552476e-01   -4.760771e-01    0.000000e+00   -4.743706e-01    4.858413e-06    4.625628e-06    4.846771e-06   -1.252852e-06   -8.212332e-07   -1.236130e-06    5.155430e-05    4.768661e-05    5.134335e-05
  -1.612500e-01   -4.882063e+01   -4.777245e+01   -4.777855e+01   -1.552085e+01   -1.512990e+01   -1.515376e+01   -2.517826e+01   -2.482723e+01   -2.450386e+01    1.617173e+00    4.476219e+00    1.706998e+00    8.320789e-01    2.557299e+00    8.794383e-01   -4.745124e-01    0.000000e+00   -4.727178e-01    4.811957e-06    4.590046e-06    4.800742e-06   -1.251083e-06   -8.149160e-07   -1.234256e-06    5.155509e-05    4.768661e-05    5.134418e-05
  -1.600000e-01   -4.829189e+01   -4.740212e+01   -4.726232e+01   -1.535203e+01   -1.501261e+01   -1.498899e+01   -2.489797e+01   -2.463477e+01   -2.423147e+01    1.663563e+00    4.476219e+00    1.753651e+00    8.559482e-01    2.557299e+00    9.033611e-01   -4.729019e-01    0.000000e+00   -4.710190e-01    4.765622e-06    4.554464e-06    4.754836e-06   -1.249263e-06   -8.085989e-07   -1.232330e-06    5.155586e-05    4.768661e-05    5.134500e-05
  -1.587500e-01   -4.776482e+01   -4.703179e+01   -4.674777e+01   -1.518374e+01   -1.489533e+01   -1.482475e+01   -2.461859e+01   -2.444231e+01   -2.396000e+01    1.709593e+00    4.476219e+00    1.799798e+00    8.796316e-01    2.557299e+00    9.270169e-01   -4.712461e-01    0.000000e+00   -4.692747e-01    4.719405e-06    4.518883e-06    4.709049e-06   -1.247391e-06   -8.022817e-07   -1.230353e-06    5.155663e-05    4.768661e-05    5.134580e-05
  -1.575000e-01   -4.723939e+01   -4.666146e+01   -4.623487e+01   -1.501598e+01   -1.477804e+01   -1.466105e+01   -2.434013e+01   -2.424985e+01   -2.368946e+01    1.755261e+00    4.476219e+00    1.845440e+00    9.031293e-01    2.557299e+00    9.504067e-01   -4.695453e-01    0.000000e+00   -4.674853e-01    4.673307e-06    4.483301e-06    4.663381e-06   -1.245469e-06   -7.959645e-07   -1.228325e-06    5.155738e-05    4.768661e-05    5.134660e-05
  -1.562500e-01   -4.671560e+01   -4.629113e+01   -4.572361e+01   -1.484874e+01   -1.466075e+01   -1.449786e+01   -2.406257e+01   -2.405739e+01   -2.341981e+01    1.800569e+00    4.476219e+00    1.890580e+00    9.264413e-01    2.557299e+00    9.735314e-01   -4.677999e-01    0.000000e+00   -4.656514e-01    4.627327e-06    4.447719e-06    4.617831e-06   -1.243496e-06   -7.896473e-07   -1.226248e-06    5.155812e-05    4.768661e-05    5.134738e-05
  -1.550000e-01   -4.619343e+01   -4.592081e+01   -4.521398e+01   -1.468202e+01   -1.454347e+01   -1.433520e+01   -2.378592e+01   -2.386493e+01   -2.315107e+01    1.845515e+00    4.476219e+00    1.935219e+00    9.495675e-01    2.557299e+00    9.963917e-01   -4.660101e-01    0.000000e+00   -4.637733e-01    4.581463e-06    4.412137e-06    4.572396e-06   -1.241473e-06   -7.833302e-07   -1.224122e-06    5.155884e-05    4.768661e-05    5.134815e-05
  -1.537500e-01   -4.567287e+01   -4.555048e+01   -4.470595e+01   -1.451581e+01   -1.442618e+01   -1.417304e+01   -2.351015e+01   -2.367247e+01   -2.288321e+01    1.890101e+00    4.476219e+00    1.979358e+00    9.725079e-01    2.557299e+00    1.018989e+00   -4.641764e-01    0.000000e+00   -4.618517e-01    4.535715e-06    4.376556e-06    4.527077e-06   -1.239401e-06   -7.770130e-07   -1.221946e-06    5.155956e-05    4.768661e-05    5.134891e-05
  -1.525000e-01   -4.515391e+01   -4.518015e+01   -4.419950e+01   -1.435011e+01   -1.430890e+01   -1.401139e+01   -2.323526e+01   -2.348002e+01   -2.261623e+01    1.934325e+00    4.476219e+00    2.022999e+00    9.952626e-01    2.557299e+00    1.041323e+00   -4.622991e-01    0.000000e+00   -4.598870e-01    4.490082e-06    4.340974e-06    4.481871e-06   -1.237279e-06   -7.706958e-07   -1.219723e-06    5.156026e-05    4.768661e-05    5.134966e-05
  -1.512500e-01   -4.463654e+01   -4.480982e+01   -4.369463e+01   -1.418491e+01   -1.419161e+01   -1.385024e+01   -2.296126e+01   -2.328756e+01   -2.235012e+01    1.978189e+00    4.476219e+00    2.066144e+00    1.017832e+00    2.557299e+00    1.063396e+00   -4.603785e-01    0.000000e+00   -4.578797e-01    4.444562e-06    4.305392e-06    4.436778e-06   -1.235108e-06   -7.643786e-07   -1.217452e-06    5.156094e-05    4.768661e-05    5.135040e-05
  -1.500000e-01   -4.412073e+01   -4.443949e+01   -4.319130e+01   -1.402022e+01   -1.407432e+01   -1.368958e+01   -2.268812e+01   -2.309510e+01   -2.208487e+01    2.021691e+00    4.476219e+00    2.108794e+00    1.040215e+00    2.557299e+00    1.085208e+00   -4.584151e-01    0.000000e+00   -4.558303e-01    4.399156e-06    4.269810e-06    4.391796e-06   -1.232889e-06   -7.580614e-07   -1.215135e-06    5.156162e-05    4.768661e-05    5.135113e-05
  -1.487500e-01   -4.360648e+01   -4.406916e+01   -4.268951e+01   -1.385602e+01   -1.395704e+01   -1.352941e+01   -2.241585e+01   -2.290264e+01   -2.182046e+01    2.064833e+00    4.476219e+00    2.150950e+00    1.062412e+00    2.557299e+00    1.106760e+00   -4.564091e-01    0.000000e+00   -4.537393e-01    4.353861e-06    4.234229e-06    4.346924e-06   -1.230622e-06   -7.517443e-07   -1.212771e-06    5.156229e-05    4.768661e-05    5.135185e-05
  -1.475000e-01   -4.309378e+01   -4.369883e+01   -4.218923e+01   -1.369231e+01   -1.383975e+01   -1.336973e+01   -2.214443e+01   -2.271018e+01   -2.155689e+01    2.107613e+00    4.476219e+00    2.192615e+00    1.084424e+00    2.557299e+00    1.128052e+00   -4.543610e-01    0.000000e+00   -4.516071e-01    4.308677e-06    4.198647e-06    4.302160e-06   -1.228307e-06   -7.454271e-07   -1.210361e-06    5.156294e-05    4.768661e-05    5.135256e-05
  -1.462500e-01   -4.258261e+01   -4.332850e+01   -4.169045e+01   -1.352910e+01   -1.372247e+01   -1.321052e+01   -2.187385e+01   -2.251772e+01   -2.129415e+01    2.150033e+00    4.476219e+00    2.233789e+00    1.106250e+00    2.557299e+00    1.149087e+00   -4.522710e-01    0.000000e+00   -4.494343e-01    4.263603e-06    4.163065e-06    4.257503e-06   -1.225944e-06   -7.391099e-07   -1.207906e-06    5.156358e-05    4.768661e-05    5.135325e-05
  -1.450000e-01   -4.207296e+01   -4.295817e+01   -4.119314e+01   -1.336637e+01   -1.360518e+01   -1.305178e+01   -2.160412e+01   -2.232526e+01   -2.103222e+01    2.192091e+00    4.476219e+00    2.274475e+00    1.127890e+00    2.557299e+00    1.169864e+00   -4.501396e-01    0.000000e+00   -4.472212e-01    4.218639e-06    4.127483e-06    4.212953e-06   -1.223535e-06   -7.327927e-07   -1.205407e-06    5.156421e-05    4.768661e-05    5.135394e-05
  -1.437500e-01   -4.156481e+01   -4.258784e+01   -4.069730e+01   -1.320411e+01   -1.348789e+01   -1.289351e+01   -2.133523e+01   -2.213280e+01   -2.077111e+01    2.233788e+00    4.476219e+00    2.314672e+00    1.149344e+00    2.557299e+00    1.190384e+00   -4.479670e-01    0.000000e+00   -4.449685e-01    4.173782e-06    4.091902e-06    4.168508e-06   -1.221080e-06   -7.264755e-07   -1.202863e-06    5.156482e-05    4.768661e-05    5.135461e-05
  -1.425000e-01   -4.105816e+01   -4.221751e+01   -4.020290e+01   -1.304234e+01   -1.337061e+01   -1.273570e+01   -2.106715e+01   -2.194034e+01   -2.051079e+01    2.275125e+00    4.476219e+00    2.354384e+00    1.170613e+00    2.557299e+00    1.210648e+00   -4.457537e-01    0.000000e+00   -4.426765e-01    4.129033e-06    4.056320e-06    4.124166e-06   -1.218578e-06   -7.201584e-07   -1.200276e-06    5.156543e-05    4.768661e-05    5.135528e-05
  -1.412500e-01   -4.055299e+01   -4.184719e+01   -3.970992e+01   -1.288103e+01   -1.325332e+01   -1.257834e+01   -2.079990e+01   -2.174788e+01   -2.025126e+01    2.316100e+00    4.476219e+00    2.393611e+00    1.191696e+00    2.557299e+00    1.230657e+00   -4.435000e-01    0.000000e+00   -4.403458e-01    4.084390e-06    4.020738e-06    4.079926e-06   -1.216031e-06   -7.138412e-07   -1.197646e-06    5.156602e-05    4.768661e-05    5.135593e-05
  -1.400000e-01   -4.004928e+01   -4.147686e+01   -3.921835e+01   -1.272020e+01   -1.313604e+01   -1.242143e+01   -2.053346e+01   -2.155542e+01   -1.999251e+01    2.356714e+00    4.476219e+00    2.432355e+00    1.212593e+00    2.557299e+00    1.250411e+00   -4.412062e-01    0.000000e+00   -4.379769e-01    4.039853e-06    3.985156e-06    4.035787e-06   -1.213438e-06   -7.075240e-07   -1.194974e-06    5.156660e-05    4.768661e-05    5.135658e-05
  -1.387500e-01   -3.954703e+01   -4.110653e+01   -3.872818e+01   -1.255983e+01   -1.301875e+01   -1.226497e+01   -2.026783e+01   -2.136297e+01   -1.973452e+01    2.396968e+00    4.476219e+00    2.470617e+00    1.233305e+00    2.557299e+00    1.269912e+00   -4.388728e-01    0.000000e+00   -4.355701e-01    3.995420e-06    3.949575e-06    3.991749e-06   -1.210801e-06   -7.012068e-07   -1.192260e-06    5.156717e-05    4.768661e-05    5.135721e-05
  -1.375000e-01   -3.904622e+01   -4.073620e+01   -3.823937e+01   -1.239991e+01   -1.290146e+01   -1.210894e+01   -2.000299e+01   -2.117051e+01   -1.947730e+01    2.436860e+00    4.476219e+00    2.508398e+00    1.253830e+00    2.557299e+00    1.289160e+00   -4.365000e-01    0.000000e+00   -4.331260e-01    3.951090e-06    3.913993e-06    3.947809e-06   -1.208119e-06   -6.948897e-07   -1.189505e-06    5.156773e-05    4.768661e-05    5.135784e-05
  -1.362500e-01   -3.854684e+01   -4.036587e+01   -3.775192e+01   -1.224046e+01   -1.278418e+01   -1.195335e+01   -1.973895e+01   -2.097805e+01   -1.922082e+01    2.476391e+00    4.476219e+00    2.545700e+00    1.274170e+00    2.557299e+00    1.308156e+00   -4.340882e-01    0.000000e+00   -4.306450e-01    3.906863e-06    3.878411e-06    3.903966e-06   -1.205393e-06   -6.885725e-07   -1.186709e-06    5.156828e-05    4.768661e-05    5.135845e-05
  -1.350000e-01   -3.804887e+01   -3.999554e+01   -3.726581e+01   -1.208145e+01   -1.266689e+01   -1.179818e+01   -1.947568e+01   -2.078559e+01   -1.896509e+01    2.515562e+00    4.476219e+00    2.582524e+00    1.294324e+00    2.557299e+00    1.326901e+00   -4.316378e-01    0.000000e+00   -4.281277e-01    3.862738e-06    3.842829e-06    3.860220e-06   -1.202623e-06   -6.822553e-07   -1.183873e-06    5.156882e-05    4.768661e-05    5.135906e-05
  -1.337500e-01   -3.755231e+01   -3.962521e+01   -3.678103e+01   -1.192289e+01   -1.254961e+01   -1.164343e+01   -1.921320e+01   -2.059313e+01   -1.871009e+01    2.554371e+00    4.476219e+00    2.618871e+00    1.314293e+00    2.557299e+00    1.345394e+00   -4.291491e-01    0.000000e+00   -4.255744e-01    3.818713e-06    3.807248e-06    3.816568e-06   -1.199810e-06   -6.759381e-07   -1.180998e-06    5.156934e-05    4.768661e-05    5.135965e-05
  -1.325000e-01   -3.705713e+01   -3.925488e+01   -3.629754e+01   -1.176478e+01   -1.243232e+01   -1.148910e+01   -1.895148e+01   -2.040067e+01   -1.845580e+01    2.592819e+00    4.476219e+00    2.654744e+00    1.334075e+00    2.557299e+00    1.363638e+00   -4.266225e-01    0.000000e+00   -4.229857e-01    3.774789e-06    3.771666e-06    3.773010e-06   -1.196955e-06   -6.696209e-07   -1.178084e-06    5.156986e-05    4.768661e-05    5.136024e-05
  -1.312500e-01   -3.656333e+01   -3.888455e+01   -3.581534e+01   -1.160710e+01   -1.231503e+01   -1.133517e+01   -1.869052e+01   -2.020821e+01   -1.820223e+01    2.630906e+00    4.476219e+00    2.690142e+00    1.353672e+00    2.557299e+00    1.381632e+00   -4.240583e-01    0.000000e+00   -4.203620e-01    3.730963e-06    3.736084e-06    3.729545e-06   -1.194056e-06   -6.633038e-07   -1.175131e-06    5.157036e-05    4.768661e-05    5.136082e-05
  -1.300000e-01   -3.607090e+01   -3.851422e+01   -3.533441e+01   -1.144986e+01   -1.219775e+01   -1.118166e+01   -1.843032e+01   -2.001575e+01   -1.794936e+01    2.668633e+00    4.476219e+00    2.725067e+00    1.373083e+00    2.557299e+00    1.399378e+00   -4.214569e-01    0.000000e+00   -4.177037e-01    3.687235e-06    3.700502e-06    3.686171e-06   -1.191116e-06   -6.569866e-07   -1.172141e-06    5.157085e-05    4.768661e-05    5.136138e-05
  -1.287500e-01   -3.557981e+01   -3.814389e+01   -3.485473e+01   -1.129304e+01   -1.208046e+01   -1.102854e+01   -1.817087e+01   -1.982329e+01   -1.769718e+01    2.705998e+00    4.476219e+00    2.759521e+00    1.392309e+00    2.557299e+00    1.416876e+00   -4.188186e-01    0.000000e+00   -4.150115e-01    3.643604e-06    3.664921e-06    3.642887e-06   -1.188134e-06   -6.506694e-07   -1.169113e-06    5.157133e-05    4.768661e-05    5.136194e-05
  -1.275000e-01   -3.509006e+01   -3.777357e+01   -3.437629e+01   -1.113666e+01   -1.196317e+01   -1.087581e+01   -1.791215e+01   -1.963083e+01   -1.744569e+01    2.743002e+00    4.476219e+00    2.793505e+00    1.411349e+00    2.557299e+00    1.434127e+00   -4.161438e-01    0.000000e+00   -4.122856e-01    3.600069e-06    3.629339e-06    3.599692e-06   -1.185111e-06   -6.443522e-07   -1.166048e-06    5.157181e-05    4.768661e-05    5.136249e-05
  -1.262500e-01   -3.460164e+01   -3.740324e+01   -3.389907e+01   -1.098070e+01   -1.184589e+01   -1.072347e+01   -1.765417e+01   -1.943837e+01   -1.719486e+01    2.779645e+00    4.476219e+00    2.827019e+00    1.430202e+00    2.557299e+00    1.451131e+00   -4.134329e-01    0.000000e+00   -4.095266e-01    3.556629e-06    3.593757e-06    3.556584e-06   -1.182047e-06   -6.380350e-07   -1.162948e-06    5.157227e-05    4.768661e-05    5.136303e-05
  -1.250000e-01   -3.411453e+01   -3.703291e+01   -3.342304e+01   -1.082515e+01   -1.172860e+01   -1.057152e+01   -1.739692e+01   -1.924591e+01   -1.694471e+01    2.815927e+00    4.476219e+00    2.860066e+00    1.448871e+00    2.557299e+00    1.467889e+00   -4.106862e-01    0.000000e+00   -4.067349e-01    3.513284e-06    3.558175e-06    3.513563e-06   -1.178942e-06   -6.317179e-07   -1.159811e-06    5.157271e-05    4.768661e-05    5.136356e-05
  -1.237500e-01   -3.362871e+01   -3.666258e+01   -3.294820e+01   -1.067002e+01   -1.161132e+01   -1.041994e+01   -1.714038e+01   -1.905346e+01   -1.669520e+01    2.851848e+00    4.476219e+00    2.892646e+00    1.467353e+00    2.557299e+00    1.484402e+00   -4.079040e-01    0.000000e+00   -4.039110e-01    3.470032e-06    3.522594e-06    3.470628e-06   -1.175798e-06   -6.254007e-07   -1.156640e-06    5.157315e-05    4.768661e-05    5.136408e-05
  -1.225000e-01   -3.314419e+01   -3.629225e+01   -3.247453e+01   -1.051530e+01   -1.149403e+01   -1.026874e+01   -1.688455e+01   -1.886100e+01   -1.644634e+01    2.887408e+00    4.476219e+00    2.924760e+00    1.485650e+00    2.557299e+00    1.500670e+00   -4.050868e-01    0.000000e+00   -4.010554e-01    3.426872e-06    3.487012e-06    3.427776e-06   -1.172613e-06   -6.190835e-07   -1.153434e-06    5.157358e-05    4.768661e-05    5.136459e-05
  -1.212500e-01   -3.266093e+01   -3.592192e+01   -3.200201e+01   -1.036098e+01   -1.137674e+01   -1.011790e+01   -1.662943e+01   -1.866854e+01   -1.619812e+01    2.922608e+00    4.476219e+00    2.956410e+00    1.503760e+00    2.557299e+00    1.516694e+00   -4.022348e-01    0.000000e+00   -3.981684e-01    3.383803e-06    3.451430e-06    3.385007e-06   -1.169390e-06   -6.127663e-07   -1.150194e-06    5.157400e-05    4.768661e-05    5.136509e-05
  -1.200000e-01   -3.217893e+01   -3.555159e+01   -3.153062e+01   -1.020707e+01   -1.125946e+01   -9.967420e+00   -1.637501e+01   -1.847608e+01   -1.595052e+01    2.957446e+00    4.476219e+00    2.987596e+00    1.521686e+00    2.557299e+00    1.532475e+00   -3.993484e-01    0.000000e+00   -3.952506e-01    3.340825e-06    3.415848e-06    3.342320e-06   -1.166128e-06   -6.064492e-07   -1.146920e-06    5.157441e-05    4.768661e-05    5.136558e-05
  -1.187500e-01   -3.169818e+01   -3.518126e+01   -3.106035e+01   -1.005355e+01   -1.114217e+01   -9.817298e+00   -1.612128e+01   -1.828362e+01   -1.570354e+01    2.991923e+00    4.476219e+00    3.018320e+00    1.539425e+00    2.557299e+00    1.548013e+00   -3.964280e-01    0.000000e+00   -3.923024e-01    3.297937e-06    3.380267e-06    3.299714e-06   -1.162827e-06   -6.001320e-07   -1.143614e-06    5.157480e-05    4.768661e-05    5.136606e-05
  -1.175000e-01   -3.121866e+01   -3.481093e+01   -3.059117e+01   -9.900430e+00   -1.102489e+01   -9.667526e+00   -1.586823e+01   -1.809116e+01   -1.545717e+01    3.026039e+00    4.476219e+00    3.048583e+00    1.556979e+00    2.557299e+00    1.563309e+00   -3.934740e-01    0.000000e+00   -3.893243e-01    3.255137e-06    3.344685e-06    3.257186e-06   -1.159488e-06   -5.938148e-07   -1.140275e-06    5.157519e-05    4.768661e-05    5.136654e-05
  -1.162500e-01   -3.074037e+01   -3.444060e+01   -3.012308e+01   -9.747696e+00   -1.090760e+01   -9.518100e+00   -1.561585e+01   -1.789870e+01   -1.521140e+01    3.059794e+00    4.476219e+00    3.078386e+00    1.574346e+00    2.557299e+00    1.578364e+00   -3.904866e-01    0.000000e+00   -3.863167e-01    3.212424e-06    3.309103e-06    3.214737e-06   -1.156111e-06   -5.874976e-07   -1.136905e-06    5.157557e-05    4.768661e-05    5.136700e-05
  -1.150000e-01   -3.026328e+01   -3.407027e+01   -2.965606e+01   -9.595347e+00   -1.079031e+01   -9.369013e+00   -1.536414e+01   -1.770624e+01   -1.496621e+01    3.093188e+00    4.476219e+00    3.107730e+00    1.591529e+00    2.557299e+00    1.593177e+00   -3.874663e-01    0.000000e+00   -3.832801e-01    3.169799e-06    3.273521e-06    3.172365e-06   -1.152698e-06   -5.811804e-07   -1.133503e-06    5.157593e-05    4.768661e-05    5.136746e-05
  -1.137500e-01   -2.978738e+01   -3.369995e+01   -2.919009e+01   -9.443379e+00   -1.067303e+01   -9.220261e+00   -1.511310e+01   -1.751378e+01   -1.472161e+01    3.126221e+00    4.476219e+00    3.136616e+00    1.608525e+00    2.557299e+00    1.607750e+00   -3.844133e-01    0.000000e+00   -3.802148e-01    3.127259e-06    3.237940e-06    3.130069e-06   -1.149247e-06   -5.748633e-07   -1.130070e-06    5.157629e-05    4.768661e-05    5.136791e-05
  -1.125000e-01   -2.931267e+01   -3.332962e+01   -2.872515e+01   -9.291787e+00   -1.055574e+01   -9.071838e+00   -1.486270e+01   -1.732132e+01   -1.447757e+01    3.158893e+00    4.476219e+00    3.165045e+00    1.625336e+00    2.557299e+00    1.622083e+00   -3.813281e-01    0.000000e+00   -3.771215e-01    3.084804e-06    3.202358e-06    3.087847e-06   -1.145760e-06   -5.685461e-07   -1.126607e-06    5.157664e-05    4.768661e-05    5.136835e-05
  -1.112500e-01   -2.883913e+01   -3.295929e+01   -2.826122e+01   -9.140568e+00   -1.043846e+01   -8.923739e+00   -1.461296e+01   -1.712886e+01   -1.423410e+01    3.191204e+00    4.476219e+00    3.193018e+00    1.641960e+00    2.557299e+00    1.636177e+00   -3.782110e-01    0.000000e+00   -3.740004e-01    3.042434e-06    3.166776e-06    3.045699e-06   -1.142237e-06   -5.622289e-07   -1.123114e-06    5.157697e-05    4.768661e-05    5.136878e-05
  -1.100000e-01   -2.836674e+01   -3.258896e+01   -2.779830e+01   -8.989718e+00   -1.032117e+01   -8.775958e+00   -1.436385e+01   -1.693640e+01   -1.399118e+01    3.223154e+00    4.476219e+00    3.220536e+00    1.658400e+00    2.557299e+00    1.650032e+00   -3.750624e-01    0.000000e+00   -3.708521e-01    3.000146e-06    3.131194e-06    3.003623e-06   -1.138678e-06   -5.559117e-07   -1.119592e-06    5.157730e-05    4.768661e-05    5.136920e-05
  -1.087500e-01   -2.789549e+01   -3.221863e+01   -2.733636e+01   -8.839232e+00   -1.020388e+01   -8.628491e+00   -1.411538e+01   -1.674395e+01   -1.374880e+01    3.254743e+00    4.476219e+00    3.247600e+00    1.674653e+00    2.557299e+00    1.663649e+00   -3.718825e-01    0.000000e+00   -3.676771e-01    2.957940e-06    3.095613e-06    2.961618e-06   -1.135084e-06   -5.495945e-07   -1.116042e-06    5.157762e-05    4.768661e-05    5.136962e-05
  -1.075000e-01   -2.742537e+01   -3.184830e+01   -2.687539e+01   -8.689106e+00   -1.008660e+01   -8.481332e+00   -1.386753e+01   -1.655149e+01   -1.350696e+01    3.285970e+00    4.476219e+00    3.274211e+00    1.690721e+00    2.557299e+00    1.677028e+00   -3.686719e-01    0.000000e+00   -3.644756e-01    2.915815e-06    3.060031e-06    2.919683e-06   -1.131455e-06   -5.432774e-07   -1.112463e-06    5.157792e-05    4.768661e-05    5.137002e-05
  -1.062500e-01   -2.695637e+01   -3.147797e+01   -2.641537e+01   -8.539337e+00   -9.969312e+00   -8.334476e+00   -1.362030e+01   -1.635903e+01   -1.326564e+01    3.316837e+00    4.476219e+00    3.300370e+00    1.706602e+00    2.557299e+00    1.690170e+00   -3.654307e-01    0.000000e+00   -3.612483e-01    2.873771e-06    3.024449e-06    2.877816e-06   -1.127792e-06   -5.369602e-07   -1.108857e-06    5.157822e-05    4.768661e-05    5.137042e-05
  -1.050000e-01   -2.648847e+01   -3.110764e+01   -2.595628e+01   -8.389919e+00   -9.852026e+00   -8.187918e+00   -1.337368e+01   -1.616657e+01   -1.302484e+01    3.347343e+00    4.476219e+00    3.326078e+00    1.722298e+00    2.557299e+00    1.703075e+00   -3.621595e-01    0.000000e+00   -3.579955e-01    2.831806e-06    2.988867e-06    2.836018e-06   -1.124094e-06   -5.306430e-07   -1.105224e-06    5.157851e-05    4.768661e-05    5.137081e-05
  -1.037500e-01   -2.602167e+01   -3.073731e+01   -2.549811e+01   -8.240849e+00   -9.734740e+00   -8.041651e+00   -1.312767e+01   -1.597411e+01   -1.278455e+01    3.377488e+00    4.476219e+00    3.351336e+00    1.737809e+00    2.557299e+00    1.715744e+00   -3.588584e-01    0.000000e+00   -3.547177e-01    2.789919e-06    2.953286e-06    2.794285e-06   -1.120363e-06   -5.243258e-07   -1.101564e-06    5.157879e-05    4.768661e-05    5.137119e-05
  -1.025000e-01   -2.555594e+01   -3.036698e+01   -2.504084e+01   -8.092122e+00   -9.617454e+00   -7.895673e+00   -1.288225e+01   -1.578165e+01   -1.254475e+01    3.407272e+00    4.476219e+00    3.376144e+00    1.753133e+00    2.557299e+00    1.728177e+00   -3.555280e-01    0.000000e+00   -3.514153e-01    2.748109e-06    2.917704e-06    2.752619e-06   -1.116599e-06   -5.180087e-07   -1.097878e-06    5.157906e-05    4.768661e-05    5.137156e-05
  -1.012500e-01   -2.509127e+01   -2.999665e+01   -2.458446e+01   -7.943735e+00   -9.500168e+00   -7.749976e+00   -1.263742e+01   -1.558919e+01   -1.230545e+01    3.436695e+00    4.476219e+00    3.400504e+00    1.768272e+00    2.557299e+00    1.740376e+00   -3.521684e-01    0.000000e+00   -3.480888e-01    2.706376e-06    2.882122e-06    2.711016e-06   -1.112802e-06   -5.116915e-07   -1.094166e-06    5.157932e-05    4.768661e-05    5.137192e-05
  -1.000000e-01   -2.462766e+01   -2.962633e+01   -2.412894e+01   -7.795683e+00   -9.382882e+00   -7.604556e+00   -1.239317e+01   -1.539673e+01   -1.206662e+01    3.465757e+00    4.476219e+00    3.424416e+00    1.783225e+00    2.557299e+00    1.752339e+00   -3.487802e-01    0.000000e+00   -3.447386e-01    2.664719e-06    2.846540e-06    2.669476e-06   -1.108972e-06   -5.053743e-07   -1.090430e-06    5.157957e-05    4.768661e-05    5.137228e-05
  -1.000000e-01   -3.649360e+01   -3.578656e+01   -3.742068e+01   -1.186052e+01   -1.149315e+01   -1.215782e+01    1.991368e+01    1.930102e+01    2.049078e+01    3.465757e+00    3.163218e+00    3.424416e+00    1.783225e+00    2.222593e-01    1.752339e+00   -3.487802e-01    0.000000e+00   -3.447386e-01    2.664719e-06    2.846540e-06    2.669476e-06   -1.108972e-06   -5.053743e-07   -1.090430e-06    5.157957e-05    4.768661e-05    5.137228e-05
  -9.875000e-02   -3.600203e+01   -3.533923e+01   -3.691818e+01   -1.170096e+01   -1.134949e+01   -1.199475e+01    1.964509e+01    1.905976e+01    2.021533e+01    3.502673e+00    3.163218e+00    3.460907e+00    1.763251e+00    2.222593e-01    1.732358e+00   -3.453596e-01    0.000000e+00   -3.413588e-01    2.628937e-06    2.810959e-06    2.633705e-06   -1.093894e-06   -4.990571e-07   -1.075584e-06    5.157986e-05    4.768661e-05    5.137268e-05
  -9.750000e-02   -3.551181e+01   -3.489190e+01   -3.641701e+01   -1.154182e+01   -1.120582e+01   -1.183210e+01    1.937724e+01    1.881850e+01    1.994061e+01    3.539126e+00    3.163218e+00    3.496905e+00    1.743528e+00    2.222593e-01    1.712646e+00   -3.419029e-01    0.000000e+00   -3.379433e-01    2.593249e-06    2.775377e-06    2.598025e-06   -1.078862e-06   -4.927399e-07   -1.060784e-06    5.158015e-05    4.768661e-05    5.137308e-05
  -9.625000e-02   -3.502290e+01   -3.444456e+01   -3.591715e+01   -1.138311e+01   -1.106216e+01   -1.166987e+01    1.911013e+01    1.857723e+01    1.966663e+01    3.575114e+00    3.163218e+00    3.532412e+00    1.724056e+00    2.222593e-01    1.693204e+00   -3.384108e-01    0.000000e+00   -3.344928e-01    2.557653e-06    2.739795e-06    2.562437e-06   -1.063875e-06   -4.864228e-07   -1.046030e-06    5.158043e-05    4.768661e-05    5.137347e-05
  -9.500000e-02   -3.453529e+01   -3.399723e+01   -3.541858e+01   -1.122481e+01   -1.091850e+01   -1.150805e+01    1.884374e+01    1.833597e+01    1.939337e+01    3.610637e+00    3.163218e+00    3.567428e+00    1.704835e+00    2.222593e-01    1.674031e+00   -3.348835e-01    0.000000e+00   -3.310076e-01    2.522147e-06    2.704213e-06    2.526938e-06   -1.048933e-06   -4.801056e-07   -1.031321e-06    5.158070e-05    4.768661e-05    5.137385e-05
  -9.375000e-02   -3.404897e+01   -3.354990e+01   -3.492129e+01   -1.106692e+01   -1.077483e+01   -1.134664e+01    1.857807e+01    1.809471e+01    1.912081e+01    3.645697e+00    3.163218e+00    3.601956e+00    1.685865e+00    2.222593e-01    1.655125e+00   -3.313215e-01    0.000000e+00   -3.274883e-01    2.486732e-06    2.668631e-06    2.491527e-06   -1.034035e-06   -4.737884e-07   -1.016658e-06    5.158097e-05    4.768661e-05    5.137423e-05
  -9.250000e-02   -3.356392e+01   -3.310257e+01   -3.442526e+01   -1.090944e+01   -1.063117e+01   -1.118564e+01    1.831310e+01    1.785345e+01    1.884896e+01    3.680291e+00    3.163218e+00    3.635997e+00    1.667147e+00    2.222593e-01    1.636487e+00   -3.277254e-01    0.000000e+00   -3.239353e-01    2.451405e-06    2.633050e-06    2.456203e-06   -1.019181e-06   -4.674712e-07   -1.002038e-06    5.158124e-05    4.768661e-05    5.137460e-05
  -9.125000e-02   -3.308012e+01   -3.265524e+01   -3.393047e+01   -1.075236e+01   -1.048750e+01   -1.102503e+01    1.804882e+01    1.761218e+01    1.857779e+01    3.714422e+00    3.163218e+00    3.669551e+00    1.648680e+00    2.222593e-01    1.618115e+00   -3.240955e-01    0.000000e+00   -3.203492e-01    2.416165e-06    2.597468e-06    2.420965e-06   -1.004370e-06   -4.611540e-07   -9.874615e-07    5.158150e-05    4.768661e-05    5.137496e-05
  -9.000000e-02   -3.259755e+01   -3.220790e+01   -3.343690e+01   -1.059567e+01   -1.034384e+01   -1.086481e+01    1.778523e+01    1.737092e+01    1.830731e+01    3.748088e+00    3.163218e+00    3.702619e+00    1.630464e+00    2.222593e-01    1.600009e+00   -3.204324e-01    0.000000e+00   -3.167303e-01    2.381012e-06    2.561886e-06    2.385811e-06   -9.896005e-07   -4.548369e-07   -9.729279e-07    5.158175e-05    4.768661e-05    5.137532e-05
  -8.875000e-02   -3.211620e+01   -3.176057e+01   -3.294454e+01   -1.043937e+01   -1.020017e+01   -1.070497e+01    1.752232e+01    1.712966e+01    1.803749e+01    3.781290e+00    3.163218e+00    3.735204e+00    1.612500e+00    2.222593e-01    1.582169e+00   -3.167364e-01    0.000000e+00   -3.130793e-01    2.345944e-06    2.526304e-06    2.350741e-06   -9.748734e-07   -4.485197e-07   -9.584365e-07    5.158200e-05    4.768661e-05    5.137567e-05
  -8.750000e-02   -3.163604e+01   -3.131324e+01   -3.245336e+01   -1.028346e+01   -1.005651e+01   -1.054552e+01    1.726007e+01    1.688839e+01    1.776833e+01    3.814027e+00    3.163218e+00    3.767306e+00    1.594787e+00    2.222593e-01    1.564592e+00   -3.130080e-01    0.000000e+00   -3.093964e-01    2.310959e-06    2.490723e-06    2.315752e-06   -9.601874e-07   -4.422025e-07   -9.439867e-07    5.158225e-05    4.768661e-05    5.137601e-05
  -8.625000e-02   -3.115708e+01   -3.086591e+01   -3.196335e+01   -1.012792e+01   -9.912845e+00   -1.038644e+01    1.699848e+01    1.664713e+01    1.749983e+01    3.846300e+00    3.163218e+00    3.798927e+00    1.577325e+00    2.222593e-01    1.547280e+00   -3.092478e-01    0.000000e+00   -3.056823e-01    2.276058e-06    2.455141e-06    2.280845e-06   -9.455421e-07   -4.358853e-07   -9.295779e-07    5.158249e-05    4.768661e-05    5.137635e-05
  -8.500000e-02   -3.067928e+01   -3.041858e+01   -3.147450e+01   -9.972751e+00   -9.769180e+00   -1.022772e+01    1.673754e+01    1.640587e+01    1.723196e+01    3.878109e+00    3.163218e+00    3.830066e+00    1.560114e+00    2.222593e-01    1.530231e+00   -3.054561e-01    0.000000e+00   -3.019374e-01    2.241237e-06    2.419559e-06    2.246017e-06   -9.309369e-07   -4.295681e-07   -9.152093e-07    5.158273e-05    4.768661e-05    5.137668e-05
  -8.375000e-02   -3.020262e+01   -2.997124e+01   -3.098678e+01   -9.817953e+00   -9.625516e+00   -1.006937e+01    1.647724e+01    1.616461e+01    1.696473e+01    3.909454e+00    3.163218e+00    3.860727e+00    1.543155e+00    2.222593e-01    1.513445e+00   -3.016334e-01    0.000000e+00   -2.981622e-01    2.206497e-06    2.383977e-06    2.211268e-06   -9.163712e-07   -4.232510e-07   -9.008804e-07    5.158296e-05    4.768661e-05    5.137701e-05
  -8.250000e-02   -2.972711e+01   -2.952391e+01   -3.050017e+01   -9.663516e+00   -9.481851e+00   -9.911378e+00    1.621757e+01    1.592334e+01    1.669812e+01    3.940334e+00    3.163218e+00    3.890909e+00    1.526446e+00    2.222593e-01    1.496921e+00   -2.977801e-01    0.000000e+00   -2.943571e-01    2.171837e-06    2.348396e-06    2.176596e-06   -9.018444e-07   -4.169338e-07   -8.865907e-07    5.158318e-05    4.768661e-05    5.137733e-05
  -8.125000e-02   -2.925270e+01   -2.907658e+01   -3.001466e+01   -9.509436e+00   -9.338187e+00   -9.753735e+00    1.595851e+01    1.568208e+01    1.643211e+01    3.970749e+00    3.163218e+00    3.920614e+00    1.509989e+00    2.222593e-01    1.480658e+00   -2.938968e-01    0.000000e+00   -2.905226e-01    2.137254e-06    2.312814e-06    2.142000e-06   -8.873559e-07   -4.106166e-07   -8.723394e-07    5.158340e-05    4.768661e-05    5.137764e-05
  -8.000000e-02   -2.877940e+01   -2.862925e+01   -2.953024e+01   -9.355706e+00   -9.194523e+00   -9.596437e+00    1.570007e+01    1.544082e+01    1.616671e+01    4.000701e+00    3.163218e+00    3.949843e+00    1.493784e+00    2.222593e-01    1.464656e+00   -2.899838e-01    0.000000e+00   -2.866591e-01    2.102748e-06    2.277232e-06    2.107479e-06   -8.729052e-07   -4.042994e-07   -8.581259e-07    5.158362e-05    4.768661e-05    5.137795e-05
  -7.875000e-02   -2.830718e+01   -2.818192e+01   -2.904688e+01   -9.202323e+00   -9.050858e+00   -9.439479e+00    1.544223e+01    1.519955e+01    1.590190e+01    4.030187e+00    3.163218e+00    3.978597e+00    1.477829e+00    2.222593e-01    1.448915e+00   -2.860416e-01    0.000000e+00   -2.827672e-01    2.068317e-06    2.241650e-06    2.073031e-06   -8.584916e-07   -3.979823e-07   -8.439497e-07    5.158383e-05    4.768661e-05    5.137825e-05
  -7.750000e-02   -2.783602e+01   -2.773458e+01   -2.856456e+01   -9.049279e+00   -8.907194e+00   -9.282855e+00    1.518498e+01    1.495829e+01    1.563767e+01    4.059210e+00    3.163218e+00    4.006877e+00    1.462126e+00    2.222593e-01    1.433433e+00   -2.820708e-01    0.000000e+00   -2.788473e-01    2.033961e-06    2.206069e-06    2.038656e-06   -8.441146e-07   -3.916651e-07   -8.298101e-07    5.158404e-05    4.768661e-05    5.137855e-05
  -7.625000e-02   -2.736591e+01   -2.728725e+01   -2.808328e+01   -8.896570e+00   -8.763529e+00   -9.126560e+00    1.492832e+01    1.471703e+01    1.537402e+01    4.087768e+00    3.163218e+00    4.034684e+00    1.446674e+00    2.222593e-01    1.418210e+00   -2.780716e-01    0.000000e+00   -2.748999e-01    1.999678e-06    2.170487e-06    2.004351e-06   -8.297737e-07   -3.853479e-07   -8.157065e-07    5.158424e-05    4.768661e-05    5.137884e-05
  -7.500000e-02   -2.689683e+01   -2.683992e+01   -2.760300e+01   -8.744191e+00   -8.619865e+00   -8.970589e+00    1.467222e+01    1.447577e+01    1.511092e+01    4.115862e+00    3.163218e+00    4.062019e+00    1.431473e+00    2.222593e-01    1.403246e+00   -2.740447e-01    0.000000e+00   -2.709254e-01    1.965468e-06    2.134905e-06    1.970117e-06   -8.154681e-07   -3.790307e-07   -8.016384e-07    5.158444e-05    4.768661e-05    5.137912e-05
  -7.375000e-02   -2.642877e+01   -2.639259e+01   -2.712372e+01   -8.592136e+00   -8.476200e+00   -8.814935e+00    1.441669e+01    1.423450e+01    1.484838e+01    4.143492e+00    3.163218e+00    4.088882e+00    1.416524e+00    2.222593e-01    1.388540e+00   -2.699904e-01    0.000000e+00   -2.669243e-01    1.931328e-06    2.099323e-06    1.935952e-06   -8.011974e-07   -3.727135e-07   -7.876051e-07    5.158463e-05    4.768661e-05    5.137940e-05
  -7.250000e-02   -2.596170e+01   -2.594526e+01   -2.664542e+01   -8.440399e+00   -8.332536e+00   -8.659594e+00    1.416172e+01    1.399324e+01    1.458639e+01    4.170657e+00    3.163218e+00    4.115276e+00    1.401826e+00    2.222593e-01    1.374091e+00   -2.659092e-01    0.000000e+00   -2.628970e-01    1.897257e-06    2.063742e-06    1.901854e-06   -7.869610e-07   -3.663964e-07   -7.736059e-07    5.158482e-05    4.768661e-05    5.137967e-05
  -7.125000e-02   -2.549562e+01   -2.549792e+01   -2.616808e+01   -8.288975e+00   -8.188872e+00   -8.504559e+00    1.390729e+01    1.375198e+01    1.432492e+01    4.197357e+00    3.163218e+00    4.141201e+00    1.387379e+00    2.222593e-01    1.359899e+00   -2.618015e-01    0.000000e+00   -2.588441e-01    1.863256e-06    2.028160e-06    1.867823e-06   -7.727582e-07   -3.600792e-07   -7.596404e-07    5.158501e-05    4.768661e-05    5.137994e-05
  -7.000000e-02   -2.503050e+01   -2.505059e+01   -2.569168e+01   -8.137860e+00   -8.045207e+00   -8.349826e+00    1.365339e+01    1.351072e+01    1.406398e+01    4.223594e+00    3.163218e+00    4.166657e+00    1.373183e+00    2.222593e-01    1.345964e+00   -2.576679e-01    0.000000e+00   -2.547660e-01    1.829321e-06    1.992578e-06    1.833857e-06   -7.585886e-07   -3.537620e-07   -7.457078e-07    5.158519e-05    4.768661e-05    5.138020e-05
  -6.875000e-02   -2.456632e+01   -2.460326e+01   -2.521621e+01   -7.987046e+00   -7.901543e+00   -8.195388e+00    1.340002e+01    1.326945e+01    1.380356e+01    4.249366e+00    3.163218e+00    4.191647e+00    1.359239e+00    2.222593e-01    1.332285e+00   -2.535088e-01    0.000000e+00   -2.506630e-01    1.795453e-06    1.956996e-06    1.799955e-06   -7.444514e-07   -3.474448e-07   -7.318077e-07    5.158537e-05    4.768661e-05    5.138046e-05
  -6.750000e-02   -2.410308e+01   -2.415593e+01   -2.474165e+01   -7.836530e+00   -7.757878e+00   -8.041241e+00    1.314717e+01    1.302819e+01    1.354364e+01    4.274674e+00    3.163218e+00    4.216170e+00    1.345545e+00    2.222593e-01    1.318861e+00   -2.493245e-01    0.000000e+00   -2.465358e-01    1.761650e-06    1.921415e-06    1.766115e-06   -7.303462e-07   -3.411276e-07   -7.179393e-07    5.158554e-05    4.768661e-05    5.138071e-05
  -6.625000e-02   -2.364075e+01   -2.370860e+01   -2.426797e+01   -7.686305e+00   -7.614214e+00   -7.887379e+00    1.289483e+01    1.278693e+01    1.328422e+01    4.299517e+00    3.163218e+00    4.240227e+00    1.332103e+00    2.222593e-01    1.305692e+00   -2.451157e-01    0.000000e+00   -2.423848e-01    1.727910e-06    1.885833e-06    1.732338e-06   -7.162724e-07   -3.348105e-07   -7.041022e-07    5.158571e-05    4.768661e-05    5.138095e-05
  -6.500000e-02   -2.317931e+01   -2.326126e+01   -2.379517e+01   -7.536367e+00   -7.470550e+00   -7.733796e+00    1.264298e+01    1.254566e+01    1.302528e+01    4.323896e+00    3.163218e+00    4.263820e+00    1.318913e+00    2.222593e-01    1.292777e+00   -2.408827e-01    0.000000e+00   -2.382103e-01    1.694233e-06    1.850251e-06    1.698621e-06   -7.022294e-07   -3.284933e-07   -6.902956e-07    5.158588e-05    4.768661e-05    5.138119e-05
  -6.375000e-02   -2.271875e+01   -2.281393e+01   -2.332323e+01   -7.386709e+00   -7.326885e+00   -7.580487e+00    1.239162e+01    1.230440e+01    1.276682e+01    4.347810e+00    3.163218e+00    4.286949e+00    1.305973e+00    2.222593e-01    1.280116e+00   -2.366260e-01    0.000000e+00   -2.340129e-01    1.660618e-06    1.814669e-06    1.664963e-06   -6.882165e-07   -3.221761e-07   -6.765191e-07    5.158604e-05    4.768661e-05    5.138143e-05
  -6.250000e-02   -2.225906e+01   -2.236660e+01   -2.285213e+01   -7.237327e+00   -7.183221e+00   -7.427446e+00    1.214074e+01    1.206314e+01    1.250883e+01    4.371261e+00    3.163218e+00    4.309615e+00    1.293285e+00    2.222593e-01    1.267709e+00   -2.323460e-01    0.000000e+00   -2.297931e-01    1.627063e-06    1.779088e-06    1.631363e-06   -6.742333e-07   -3.158589e-07   -6.627719e-07    5.158620e-05    4.768661e-05    5.138166e-05
  -6.125000e-02   -2.180021e+01   -2.191927e+01   -2.238186e+01   -7.088214e+00   -7.039556e+00   -7.274669e+00    1.189033e+01    1.182188e+01    1.225129e+01    4.394247e+00    3.163218e+00    4.331819e+00    1.280848e+00    2.222593e-01    1.255555e+00   -2.280432e-01    0.000000e+00   -2.255512e-01    1.593566e-06    1.743506e-06    1.597820e-06   -6.602791e-07   -3.095418e-07   -6.490536e-07    5.158635e-05    4.768661e-05    5.138188e-05
  -6.000000e-02   -2.134219e+01   -2.147194e+01   -2.191239e+01   -6.939366e+00   -6.895892e+00   -7.122149e+00    1.164038e+01    1.158061e+01    1.199421e+01    4.416768e+00    3.163218e+00    4.353562e+00    1.268662e+00    2.222593e-01    1.243654e+00   -2.237181e-01    0.000000e+00   -2.212877e-01    1.560128e-06    1.707924e-06    1.564333e-06   -6.463533e-07   -3.032246e-07   -6.353635e-07    5.158650e-05    4.768661e-05    5.138210e-05
  -5.875000e-02   -2.088498e+01   -2.102460e+01   -2.144370e+01   -6.790778e+00   -6.752228e+00   -6.969882e+00    1.139088e+01    1.133935e+01    1.173756e+01    4.438825e+00    3.163218e+00    4.374845e+00    1.256728e+00    2.222593e-01    1.232004e+00   -2.193712e-01    0.000000e+00   -2.170031e-01    1.526747e-06    1.672342e-06    1.530901e-06   -6.324555e-07   -2.969074e-07   -6.217010e-07    5.158665e-05    4.768661e-05    5.138231e-05
  -5.750000e-02   -2.042856e+01   -2.057727e+01   -2.097580e+01   -6.642443e+00   -6.608563e+00   -6.817861e+00    1.114183e+01    1.109809e+01    1.148134e+01    4.460418e+00    3.163218e+00    4.395667e+00    1.245045e+00    2.222593e-01    1.220607e+00   -2.150028e-01    0.000000e+00   -2.126979e-01    1.493420e-06    1.636761e-06    1.497522e-06   -6.185849e-07   -2.905902e-07   -6.080655e-07    5.158679e-05    4.768661e-05    5.138252e-05
  -5.625000e-02   -1.997292e+01   -2.012994e+01   -2.050864e+01   -6.494357e+00   -6.464899e+00   -6.666082e+00    1.089320e+01    1.085682e+01    1.122554e+01    4.481546e+00    3.163218e+00    4.416031e+00    1.233613e+00    2.222593e-01    1.209461e+00   -2.106134e-01    0.000000e+00   -2.083724e-01    1.460149e-06    1.601179e-06    1.464196e-06   -6.047410e-07   -2.842730e-07   -5.944565e-07    5.158693e-05    4.768661e-05    5.138272e-05
  -5.500000e-02   -1.951805e+01   -1.968261e+01   -2.004223e+01   -6.346513e+00   -6.321234e+00   -6.514539e+00    1.064500e+01    1.061556e+01    1.097016e+01    4.502210e+00    3.163218e+00    4.435936e+00    1.222432e+00    2.222593e-01    1.198565e+00   -2.062035e-01    0.000000e+00   -2.040272e-01    1.426930e-06    1.565597e-06    1.430920e-06   -5.909233e-07   -2.779559e-07   -5.808733e-07    5.158706e-05    4.768661e-05    5.138292e-05
  -5.375000e-02   -1.906392e+01   -1.923528e+01   -1.957654e+01   -6.198907e+00   -6.177570e+00   -6.363227e+00    1.039721e+01    1.037430e+01    1.071517e+01    4.522410e+00    3.163218e+00    4.455384e+00    1.211503e+00    2.222593e-01    1.187921e+00   -2.017735e-01    0.000000e+00   -1.996626e-01    1.393763e-06    1.530015e-06    1.397695e-06   -5.771311e-07   -2.716387e-07   -5.673154e-07    5.158719e-05    4.768661e-05    5.138312e-05
  -5.250000e-02   -1.861051e+01   -1.878794e+01   -1.911155e+01   -6.051534e+00   -6.033905e+00   -6.212140e+00    1.014982e+01    1.013304e+01    1.046058e+01    4.542145e+00    3.163218e+00    4.474375e+00    1.200825e+00    2.222593e-01    1.177526e+00   -1.973240e-01    0.000000e+00   -1.952792e-01    1.360647e-06    1.494434e-06    1.364518e-06   -5.633639e-07   -2.653215e-07   -5.537822e-07    5.158732e-05    4.768661e-05    5.138330e-05
  -5.125000e-02   -1.815781e+01   -1.834061e+01   -1.864726e+01   -5.904387e+00   -5.890241e+00   -6.061273e+00    9.902834e+00    9.891774e+00    1.020637e+01    4.561416e+00    3.163218e+00    4.492909e+00    1.190398e+00    2.222593e-01    1.167381e+00   -1.928553e-01    0.000000e+00   -1.908773e-01    1.327581e-06    1.458852e-06    1.331389e-06   -5.496211e-07   -2.590043e-07   -5.402730e-07    5.158745e-05    4.768661e-05    5.138349e-05
  -5.000000e-02   -1.770581e+01   -1.789328e+01   -1.818363e+01   -5.757462e+00   -5.746577e+00   -5.910621e+00    9.656229e+00    9.650511e+00    9.952533e+00    4.580223e+00    3.163218e+00    4.510989e+00    1.180222e+00    2.222593e-01    1.157486e+00   -1.883679e-01    0.000000e+00   -1.864575e-01    1.294563e-06    1.423270e-06    1.298306e-06   -5.359021e-07   -2.526871e-07   -5.267874e-07    5.158757e-05    4.768661e-05    5.138367e-05
  -4.875000e-02   -1.725448e+01   -1.744595e+01   -1.772066e+01   -5.610752e+00   -5.602912e+00   -5.760179e+00    9.409999e+00    9.409248e+00    9.699061e+00    4.598565e+00    3.163218e+00    4.528613e+00    1.170297e+00    2.222593e-01    1.147839e+00   -1.838623e-01    0.000000e+00   -1.820202e-01    1.261593e-06    1.387688e-06    1.265269e-06   -5.222064e-07   -2.463700e-07   -5.133247e-07    5.158768e-05    4.768661e-05    5.138384e-05
  -4.750000e-02   -1.680382e+01   -1.699862e+01   -1.725833e+01   -5.464253e+00   -5.459248e+00   -5.609940e+00    9.164136e+00    9.167986e+00    9.445944e+00    4.616443e+00    3.163218e+00    4.545783e+00    1.160624e+00    2.222593e-01    1.138442e+00   -1.793389e-01    0.000000e+00   -1.775658e-01    1.228668e-06    1.352107e-06    1.232276e-06   -5.085333e-07   -2.400528e-07   -4.998843e-07    5.158780e-05    4.768661e-05    5.138401e-05
  -4.625000e-02   -1.635379e+01   -1.655128e+01   -1.679662e+01   -5.317960e+00   -5.315583e+00   -5.459900e+00    8.918630e+00    8.926723e+00    9.193173e+00    4.633857e+00    3.163218e+00    4.562500e+00    1.151202e+00    2.222593e-01    1.129292e+00   -1.747981e-01    0.000000e+00   -1.730947e-01    1.195789e-06    1.316525e-06    1.199326e-06   -4.948822e-07   -2.337356e-07   -4.864657e-07    5.158791e-05    4.768661e-05    5.138417e-05
  -4.500000e-02   -1.590439e+01   -1.610395e+01   -1.633552e+01   -5.171866e+00   -5.171919e+00   -5.310054e+00    8.673471e+00    8.685460e+00    8.940738e+00    4.650806e+00    3.163218e+00    4.578764e+00    1.142032e+00    2.222593e-01    1.120391e+00   -1.702405e-01    0.000000e+00   -1.686075e-01    1.162953e-06    1.280943e-06    1.166417e-06   -4.812527e-07   -2.274184e-07   -4.730682e-07    5.158802e-05    4.768661e-05    5.138433e-05
  -4.375000e-02   -1.545560e+01   -1.565662e+01   -1.587500e+01   -5.025967e+00   -5.028255e+00   -5.160395e+00    8.428651e+00    8.444197e+00    8.688631e+00    4.667291e+00    3.163218e+00    4.594575e+00    1.133112e+00    2.222593e-01    1.111737e+00   -1.656665e-01    0.000000e+00   -1.641045e-01    1.130159e-06    1.245361e-06    1.133550e-06   -4.676440e-07   -2.211013e-07   -4.596913e-07    5.158812e-05    4.768661e-05    5.138449e-05
  -4.250000e-02   -1.500740e+01   -1.520929e+01   -1.541506e+01   -4.880256e+00   -4.884590e+00   -5.010919e+00    8.184159e+00    8.202934e+00    8.436841e+00    4.683311e+00    3.163218e+00    4.609934e+00    1.124444e+00    2.222593e-01    1.103331e+00   -1.610766e-01    0.000000e+00   -1.595862e-01    1.097407e-06    1.209780e-06    1.100722e-06   -4.540557e-07   -2.147841e-07   -4.463345e-07    5.158822e-05    4.768661e-05    5.138464e-05
  -4.125000e-02   -1.455978e+01   -1.476196e+01   -1.495567e+01   -4.734729e+00   -4.740926e+00   -4.861621e+00    7.939987e+00    7.961672e+00    8.185361e+00    4.698867e+00    3.163218e+00    4.624843e+00    1.116027e+00    2.222593e-01    1.095171e+00   -1.564711e-01    0.000000e+00   -1.550530e-01    1.064695e-06    1.174198e-06    1.067933e-06   -4.404871e-07   -2.084669e-07   -4.329971e-07    5.158832e-05    4.768661e-05    5.138478e-05
  -4.000000e-02   -1.411271e+01   -1.431462e+01   -1.449682e+01   -4.589381e+00   -4.597261e+00   -4.712495e+00    7.696125e+00    7.720409e+00    7.934180e+00    4.713959e+00    3.163218e+00    4.639300e+00    1.107861e+00    2.222593e-01    1.087259e+00   -1.518506e-01    0.000000e+00   -1.505055e-01    1.032022e-06    1.138616e-06    1.035180e-06   -4.269377e-07   -2.021497e-07   -4.196785e-07    5.158841e-05    4.768661e-05    5.138492e-05
  -3.875000e-02   -1.366619e+01   -1.386729e+01   -1.403850e+01   -4.444205e+00   -4.453597e+00   -4.563536e+00    7.452563e+00    7.479146e+00    7.683290e+00    4.728586e+00    3.163218e+00    4.653307e+00    1.099947e+00    2.222593e-01    1.079592e+00   -1.472155e-01    0.000000e+00   -1.459439e-01    9.993871e-07    1.103034e-06    1.002464e-06   -4.134068e-07   -1.958325e-07   -4.063782e-07    5.158850e-05    4.768661e-05    5.138506e-05
  -3.750000e-02   -1.322019e+01   -1.341996e+01   -1.358068e+01   -4.299196e+00   -4.309932e+00   -4.414739e+00    7.209293e+00    7.237883e+00    7.432681e+00    4.742749e+00    3.163218e+00    4.666865e+00    1.092284e+00    2.222593e-01    1.072172e+00   -1.425662e-01    0.000000e+00   -1.413689e-01    9.667886e-07    1.067453e-06    9.697832e-07   -3.998940e-07   -1.895154e-07   -3.930956e-07    5.158859e-05    4.768661e-05    5.138519e-05
  -3.625000e-02   -1.277469e+01   -1.297263e+01   -1.312335e+01   -4.154350e+00   -4.166268e+00   -4.266098e+00    6.966304e+00    6.996621e+00    7.182344e+00    4.756448e+00    3.163218e+00    4.679973e+00    1.084872e+00    2.222593e-01    1.064998e+00   -1.379033e-01    0.000000e+00   -1.367807e-01    9.342255e-07    1.031871e-06    9.371360e-07   -3.863986e-07   -1.831982e-07   -3.798301e-07    5.158868e-05    4.768661e-05    5.138531e-05
  -3.500000e-02   -1.232969e+01   -1.252530e+01   -1.266649e+01   -4.009660e+00   -4.022604e+00   -4.117608e+00    6.723588e+00    6.755358e+00    6.932270e+00    4.769682e+00    3.163218e+00    4.692632e+00    1.077711e+00    2.222593e-01    1.058070e+00   -1.332272e-01    0.000000e+00   -1.321799e-01    9.016966e-07    9.962891e-07    9.045215e-07   -3.729200e-07   -1.768810e-07   -3.665811e-07    5.158876e-05    4.768661e-05    5.138544e-05
  -3.375000e-02   -1.188516e+01   -1.207796e+01   -1.221009e+01   -3.865122e+00   -3.878939e+00   -3.969264e+00    6.481135e+00    6.514095e+00    6.682450e+00    4.782452e+00    3.163218e+00    4.704844e+00    1.070802e+00    2.222593e-01    1.051387e+00   -1.285383e-01    0.000000e+00   -1.275669e-01    8.692008e-07    9.607073e-07    8.719386e-07   -3.594577e-07   -1.705638e-07   -3.533481e-07    5.158884e-05    4.768661e-05    5.138555e-05
  -3.250000e-02   -1.144109e+01   -1.163063e+01   -1.175412e+01   -3.720729e+00   -3.735275e+00   -3.821060e+00    6.238935e+00    6.272832e+00    6.432875e+00    4.794758e+00    3.163218e+00    4.716607e+00    1.064144e+00    2.222593e-01    1.044949e+00   -1.238371e-01    0.000000e+00   -1.229421e-01    8.367369e-07    9.251256e-07    8.393861e-07   -3.460111e-07   -1.642466e-07   -3.401305e-07    5.158891e-05    4.768661e-05    5.138567e-05
  -3.125000e-02   -1.099745e+01   -1.118330e+01   -1.129859e+01   -3.576476e+00   -3.591610e+00   -3.672992e+00    5.996980e+00    6.031569e+00    6.183535e+00    4.806599e+00    3.163218e+00    4.727923e+00    1.057737e+00    2.222593e-01    1.038756e+00   -1.191241e-01    0.000000e+00   -1.183060e-01    8.043038e-07    8.895438e-07    8.068629e-07   -3.325796e-07   -1.579295e-07   -3.269277e-07    5.158898e-05    4.768661e-05    5.138578e-05
  -3.000000e-02   -1.055424e+01   -1.073597e+01   -1.084346e+01   -3.432359e+00   -3.447946e+00   -3.525054e+00    5.755259e+00    5.790307e+00    5.934421e+00    4.817976e+00    3.163218e+00    4.738792e+00    1.051581e+00    2.222593e-01    1.032807e+00   -1.143996e-01    0.000000e+00   -1.136590e-01    7.719001e-07    8.539621e-07    7.743679e-07   -3.191626e-07   -1.516123e-07   -3.137392e-07    5.158905e-05    4.768661e-05    5.138588e-05
  -2.875000e-02   -1.011143e+01   -1.028864e+01   -1.038872e+01   -3.288371e+00   -3.304282e+00   -3.377241e+00    5.513764e+00    5.549044e+00    5.685525e+00    4.828888e+00    3.163218e+00    4.749214e+00    1.045677e+00    2.222593e-01    1.027103e+00   -1.096642e-01    0.000000e+00   -1.090016e-01    7.395248e-07    8.183803e-07    7.418999e-07   -3.057595e-07   -1.452951e-07   -3.005643e-07    5.158912e-05    4.768661e-05    5.138598e-05
  -2.750000e-02   -9.669017e+00   -9.841304e+00   -9.934350e+00   -3.144507e+00   -3.160617e+00   -3.229547e+00    5.272486e+00    5.307781e+00    5.436837e+00    4.839337e+00    3.163218e+00    4.759190e+00    1.040024e+00    2.222593e-01    1.021644e+00   -1.049183e-01    0.000000e+00   -1.043341e-01    7.071767e-07    7.827986e-07    7.094578e-07   -2.923698e-07   -1.389779e-07   -2.874025e-07    5.158918e-05    4.768661e-05    5.138608e-05
  -2.625000e-02   -9.226972e+00   -9.393972e+00   -9.480343e+00   -3.000763e+00   -3.016953e+00   -3.081968e+00    5.031413e+00    5.066518e+00    5.188348e+00    4.849320e+00    3.163218e+00    4.768720e+00    1.034622e+00    2.222593e-01    1.016428e+00   -1.001624e-01    0.000000e+00   -9.965707e-02    6.748545e-07    7.472168e-07    6.770405e-07   -2.789928e-07   -1.326608e-07   -2.742532e-07    5.158924e-05    4.768661e-05    5.138617e-05
  -2.500000e-02   -8.785282e+00   -8.946640e+00   -9.026677e+00   -2.857131e+00   -2.873288e+00   -2.934498e+00    4.790538e+00    4.825256e+00    4.940049e+00    4.858840e+00    3.163218e+00    4.777805e+00    1.029471e+00    2.222593e-01    1.011456e+00   -9.539695e-02    0.000000e+00   -9.497089e-02    6.425572e-07    7.116351e-07    6.446469e-07   -2.656281e-07   -1.263436e-07   -2.611159e-07    5.158930e-05    4.768661e-05    5.138625e-05
  -2.375000e-02   -8.343930e+00   -8.499308e+00   -8.573336e+00   -2.713608e+00   -2.729624e+00   -2.787132e+00    4.549851e+00    4.583993e+00    4.691931e+00    4.867895e+00    3.163218e+00    4.786444e+00    1.024572e+00    2.222593e-01    1.006728e+00   -9.062235e-02    0.000000e+00   -9.027601e-02    6.102834e-07    6.760533e-07    6.122757e-07   -2.522750e-07   -1.200264e-07   -2.479899e-07    5.158935e-05    4.768661e-05    5.138634e-05
  -2.250000e-02   -7.902899e+00   -8.051976e+00   -8.120305e+00   -2.570187e+00   -2.585959e+00   -2.639865e+00    4.309343e+00    4.342730e+00    4.443984e+00    4.876485e+00    3.163218e+00    4.794639e+00    1.019923e+00    2.222593e-01    1.002244e+00   -8.583908e-02    0.000000e+00   -8.557287e-02    5.780321e-07    6.404716e-07    5.799259e-07   -2.389329e-07   -1.137092e-07   -2.348747e-07    5.158941e-05    4.768661e-05    5.138641e-05
  -2.125000e-02   -7.462173e+00   -7.604644e+00   -7.667566e+00   -2.426863e+00   -2.442295e+00   -2.492691e+00    4.069003e+00    4.101467e+00    4.196201e+00    4.884612e+00    3.163218e+00    4.802389e+00    1.015527e+00    2.222593e-01    9.980026e-01   -8.104762e-02    0.000000e+00   -8.086191e-02    5.458021e-07    6.048898e-07    5.475963e-07   -2.256012e-07   -1.073920e-07   -2.217698e-07    5.158945e-05    4.768661e-05    5.138649e-05
  -2.000000e-02   -7.021734e+00   -7.157312e+00   -7.215103e+00   -2.283631e+00   -2.298631e+00   -2.345605e+00    3.828823e+00    3.860204e+00    3.948571e+00    4.892274e+00    3.163218e+00    4.809694e+00    1.011381e+00    2.222593e-01    9.940045e-01   -7.624840e-02    0.000000e+00   -7.614355e-02    5.135922e-07    5.693081e-07    5.152859e-07   -2.122795e-07   -1.010749e-07   -2.086746e-07    5.158950e-05    4.768661e-05    5.138656e-05
  -1.875000e-02   -6.581565e+00   -6.709980e+00   -6.762901e+00   -2.140486e+00   -2.154966e+00   -2.198603e+00    3.588794e+00    3.618942e+00    3.701085e+00    4.899471e+00    3.163218e+00    4.816555e+00    1.007487e+00    2.222593e-01    9.902495e-01   -7.144189e-02    0.000000e+00   -7.141824e-02    4.814011e-07    5.337263e-07    4.829935e-07   -1.989670e-07   -9.475768e-08   -1.955884e-07    5.158954e-05    4.768661e-05    5.138662e-05
  -1.750000e-02   -6.141650e+00   -6.262648e+00   -6.310942e+00   -1.997421e+00   -2.011302e+00   -2.051678e+00    3.348905e+00    3.377679e+00    3.453735e+00    4.906205e+00    3.163218e+00    4.822973e+00    1.003843e+00    2.222593e-01    9.867374e-01   -6.662854e-02    0.000000e+00   -6.668641e-02    4.492278e-07    4.981445e-07    4.507179e-07   -1.856632e-07   -8.844050e-08   -1.825107e-07    5.158958e-05    4.768661e-05    5.138668e-05
  -1.625000e-02   -5.701972e+00   -5.815316e+00   -5.859210e+00   -1.854433e+00   -1.867637e+00   -1.904826e+00    3.109148e+00    3.136416e+00    3.206512e+00    4.912473e+00    3.163218e+00    4.828947e+00    1.000452e+00    2.222593e-01    9.834681e-01   -6.180881e-02    0.000000e+00   -6.194850e-02    4.170710e-07    4.625628e-07    4.184580e-07   -1.723676e-07   -8.212332e-08   -1.694410e-07    5.158962e-05    4.768661e-05    5.138674e-05
  -1.500000e-02   -5.262513e+00   -5.367984e+00   -5.407690e+00   -1.711514e+00   -1.723973e+00   -1.758042e+00    2.869513e+00    2.895153e+00    2.959406e+00    4.918278e+00    3.163218e+00    4.834478e+00    9.973109e-01    2.222593e-01    9.804414e-01   -5.698315e-02    0.000000e+00   -5.720494e-02    3.849296e-07    4.269810e-07    3.862128e-07   -1.590795e-07   -7.580614e-08   -1.563787e-07    5.158966e-05    4.768661e-05    5.138679e-05
  -1.375000e-02   -4.823258e+00   -4.920652e+00   -4.956365e+00   -1.568660e+00   -1.580309e+00   -1.611320e+00    2.629991e+00    2.653891e+00    2.712408e+00    4.923618e+00    3.163218e+00    4.839565e+00    9.944215e-01    2.222593e-01    9.776573e-01   -5.215202e-02    0.000000e+00   -5.245617e-02    3.528023e-07    3.913993e-07    3.539810e-07   -1.457984e-07   -6.948897e-08   -1.433232e-07    5.158969e-05    4.768661e-05    5.138684e-05
  -1.250000e-02   -4.384188e+00   -4.473320e+00   -4.505218e+00   -1.425866e+00   -1.436644e+00   -1.464655e+00    2.390572e+00    2.412628e+00    2.465509e+00    4.928494e+00    3.163218e+00    4.844209e+00    9.917833e-01    2.222593e-01    9.751156e-01   -4.731587e-02    0.000000e+00   -4.770262e-02    3.206880e-07    3.558175e-07    3.217616e-07   -1.325237e-07   -6.317179e-08   -1.302740e-07    5.158972e-05    4.768661e-05    5.138689e-05
  -1.125000e-02   -3.945287e+00   -4.025988e+00   -4.054233e+00   -1.283125e+00   -1.292980e+00   -1.318041e+00    2.151247e+00    2.171365e+00    2.218701e+00    4.932905e+00    3.163218e+00    4.848411e+00    9.893964e-01    2.222593e-01    9.728162e-01   -4.247517e-02    0.000000e+00   -4.294473e-02    2.885856e-07    3.202358e-07    2.895535e-07   -1.192548e-07   -5.685461e-08   -1.172304e-07    5.158974e-05    4.768661e-05    5.138693e-05
  -1.000000e-02   -3.506539e+00   -3.578656e+00   -3.603395e+00   -1.140433e+00   -1.149315e+00   -1.171475e+00    1.912007e+00    1.930102e+00    1.971974e+00    4.936852e+00    3.163218e+00    4.852170e+00    9.872608e-01    2.222593e-01    9.707592e-01   -3.763036e-02    0.000000e+00   -3.818293e-02    2.564937e-07    2.846540e-07    2.573554e-07   -1.059911e-07   -5.053743e-08   -1.041920e-07    5.158977e-05    4.768661e-05    5.138696e-05
  -8.750000e-03   -3.067926e+00   -3.131324e+00   -3.152687e+00   -9.977846e-01   -1.005651e+00   -1.024950e+00    1.672842e+00    1.688839e+00    1.725320e+00    4.940335e+00    3.163218e+00    4.855486e+00    9.853764e-01    2.222593e-01    9.689443e-01   -3.278191e-02    0.000000e+00   -3.341766e-02    2.244113e-07    2.490723e-07    2.251663e-07   -9.273202e-08   -4.422025e-08   -9.115803e-08    5.158979e-05    4.768661e-05    5.138699e-05
  -7.500000e-03   -2.629431e+00   -2.683992e+00   -2.702092e+00   -8.551737e-01   -8.619865e-01   -8.784608e-01    1.433742e+00    1.447577e+00    1.478728e+00    4.943353e+00    3.163218e+00    4.858360e+00    9.837433e-01    2.222593e-01    9.673715e-01   -2.793027e-02    0.000000e+00   -2.864935e-02    1.923372e-07    2.134905e-07    1.929851e-07   -7.947704e-08   -3.790307e-08   -7.812808e-08    5.158980e-05    4.768661e-05    5.138702e-05
  -6.250000e-03   -2.191037e+00   -2.236660e+00   -2.251595e+00   -7.125953e-01   -7.183221e-01   -7.320032e-01    1.194699e+00    1.206314e+00    1.232191e+00    4.945907e+00    3.163218e+00    4.860792e+00    9.823614e-01    2.222593e-01    9.660408e-01   -2.307589e-02    0.000000e+00   -2.387844e-02    1.602702e-07    1.779088e-07    1.608106e-07   -6.622554e-08   -3.158589e-08   -6.510153e-08    5.158982e-05    4.768661e-05    5.138704e-05
  -5.000000e-03   -1.752728e+00   -1.789328e+00   -1.801178e+00   -5.700438e-01   -5.746577e-01   -5.855714e-01    9.557028e-01    9.650511e-01    9.856984e-01    4.947997e+00    3.163218e+00    4.862781e+00    9.812308e-01    2.222593e-01    9.649521e-01   -1.821923e-02    0.000000e+00   -1.910536e-02    1.282091e-07    1.423270e-07    1.286418e-07   -5.297695e-08   -2.526871e-08   -5.207782e-08    5.158983e-05    4.768661e-05    5.138706e-05
  -3.750000e-03   -1.314487e+00   -1.341996e+00   -1.350827e+00   -4.275140e-01   -4.309932e-01   -4.391604e-01    7.167442e-01    7.237883e-01    7.392422e-01    4.949622e+00    3.163218e+00    4.864329e+00    9.803514e-01    2.222593e-01    9.641053e-01   -1.336075e-02    0.000000e+00   -1.433054e-02    9.615266e-08    1.067453e-07    9.647740e-08   -3.973068e-08   -1.895154e-08   -3.905638e-08    5.158984e-05    4.768661e-05    5.138708e-05
  -2.500000e-03   -8.762966e-01   -8.946640e-01   -9.005242e-01   -2.850003e-01   -2.873288e-01   -2.927650e-01    4.778138e-01    4.825256e-01    4.928131e-01    4.950783e+00    3.163218e+00    4.865434e+00    9.797233e-01    2.222593e-01    9.635006e-01   -8.500896e-03    0.000000e+00   -9.554414e-03    6.409981e-08    7.116351e-08    6.431640e-08   -2.648615e-08   -1.263436e-08   -2.603664e-08    5.158985e-05    4.768661e-05    5.138709e-05
  -1.250000e-03   -4.381399e-01   -4.473320e-01   -4.502540e-01   -1.424975e-01   -1.436644e-01   -1.463799e-01    2.389022e-01    2.412628e-01    2.464020e-01    4.951480e+00    3.163218e+00    4.866097e+00    9.793464e-01    2.222593e-01    9.631377e-01   -3.640134e-03    0.000000e+00   -4.777424e-03    3.204931e-08    3.558175e-08    3.215764e-08   -1.324279e-08   -6.317179e-09   -1.301804e-08    5.158985e-05    4.768661e-05    5.138709e-05
  -1.000000e-12   -3.505187e-10   -3.578701e-10   -3.601907e-10   -1.140003e-10   -1.149331e-10   -1.170998e-10    1.911269e-10    1.930130e-10    1.971141e-10    4.951712e+00    3.163218e+00    4.866318e+00    9.792208e-01    2.222593e-01    9.630167e-01    1.221084e-03    0.000000e+00   -3.822149e-12    2.563921e-17    2.846544e-17    2.572577e-17   -1.059622e-17   -5.054412e-18   -1.041300e-17    5.158985e-05    4.768661e-05    5.138709e-05
   1.000000e-12    3.504995e-10    3.578611e-10    3.602122e-10    1.139938e-10    1.149300e-10    1.171069e-10   -1.911136e-10   -1.930074e-10   -1.971272e-10    4.951712e+00    3.163218e+00    4.866318e+00    9.792208e-01    2.222593e-01    9.630167e-01    1.221084e-03    0.000000e+00    3.821778e-12   -2.563938e-17   -2.846536e-17   -2.572630e-17    1.059208e-17    5.053074e-18    1.041557e-17    5.158985e-05    4.768661e-05    5.138709e-05
   1.250000e-03    4.381399e-01    4.473320e-01    4.502540e-01    1.424975e-01    1.436644e-01    1.463799e-01   -2.389022e-01   -2.412628e-01   -2.464020e-01    4.951480e+00    3.163218e+00    4.866097e+00    9.793464e-01    2.222593e-01    9.631377e-01    6.082302e-03    0.000000e+00    4.777424e-03   -3.204931e-08   -3.558175e-08   -3.215764e-08    1.324279e-08    6.317179e-09    1.301804e-08    5.158985e-05    4.768661e-05    5.138709e-05
   2.500000e-03    8.762966e-01    8.946640e-01    9.005242e-01    2.850003e-01    2.873288e-01    2.927650e-01   -4.778138e-01   -4.825256e-01   -4.928131e-01    4.950783e+00    3.163218e+00    4.865434e+00    9.797233e-01    2.222593e-01    9.635006e-01    1.094306e-02    0.000000e+00    9.554414e-03   -6.409981e-08   -7.116351e-08   -6.431640e-08    2.648615e-08    1.263436e-08    2.603664e-08    5.158985e-05    4.768661e-05    5.138709e-05
   3.750000e-03    1.314487e+00    1.341996e+00    1.350827e+00    4.275140e-01    4.309932e-01    4.391604e-01   -7.167442e-01   -7.237883e-01   -7.392422e-01    4.949622e+00    3.163218e+00    4.864329e+00    9.803514e-01    2.222593e-01    9.641053e-01    1.580291e-02    0.000000e+00    1.433054e-02   -9.615266e-08   -1.067453e-07   -9.647740e-08    3.973068e-08    1.895154e-08    3.905638e-08    5.158984e-05    4.768661e-05    5.138708e-05
   5.000000e-03    1.752728e+00    1.789328e+00    1.801178e+00    5.700438e-01    5.746577e-01    5.855714e-01   -9.557028e-01   -9.650511e-01   -9.856984e-01    4.947997e+00    3.163218e+00    4.862781e+00    9.812308e-01    2.222593e-01    9.649521e-01    2.066140e-02    0.000000e+00    1.910536e-02   -1.282091e-07   -1.423270e-07   -1.286418e-07    5.297695e-08    2.526871e-08    5.207782e-08    5.158983e-05    4.768661e-05    5.138706e-05
   6.250000e-03    2.191037e+00    2.236660e+00    2.251595e+00    7.125953e-01    7.183221e-01    7.320032e-01   -1.194699e+00   -1.206314e+00   -1.232191e+00    4.945907e+00    3.163218e+00    4.860792e+00    9.823614e-01    2.222593e-01    9.660408e-01    2.551806e-02    0.000000e+00    2.387844e-02   -1.602702e-07   -1.779088e-07   -1.608106e-07    6.622554e-08    3.158589e-08    6.510153e-08    5.158982e-05    4.768661e-05    5.138704e-05
   7.500000e-03    2.629431e+00    2.683992e+00    2.702092e+00    8.551737e-01    8.619865e-01    8.784608e-01   -1.433742e+00   -1.447577e+00   -1.478728e+00    4.943353e+00    3.163218e+00    4.858360e+00    9.837433e-01    2.222593e-01    9.673715e-01    3.037243e-02    0.000000e+00    2.864935e-02   -1.923372e-07   -2.134905e-07   -1.929851e-07    7.947704e-08    3.790307e-08    7.812808e-08    5.158980e-05    4.768661e-05    5.138702e-05
   8.750000e-03    3.067926e+00    3.131324e+00    3.152687e+00    9.977846e-01    1.005651e+00    1.024950e+00   -1.672842e+00   -1.688839e+00   -1.725320e+00    4.940335e+00    3.163218e+00    4.855486e+00    9.853764e-01    2.222593e-01    9.689443e-01    3.522408e-02    0.000000e+00    3.341766e-02   -2.244113e-07   -2.490723e-07   -2.251663e-07    9.273202e-08    4.422025e-08    9.115803e-08    5.158979e-05    4.768661e-05    5.138699e-05
   1.000000e-02    3.506539e+00    3.578656e+00    3.603395e+00    1.140433e+00    1.149315e+00    1.171475e+00   -1.912007e+00   -1.930102e+00   -1.971974e+00    4.936852e+00    3.163218e+00    4.852170e+00    9.872608e-01    2.222593e-01    9.707592e-01    4.007253e-02    0.000000e+00    3.818293e-02   -2.564937e-07   -2.846540e-07   -2.573554e-07    1.059911e-07    5.053743e-08    1.041920e-07    5.158977e-05    4.768661e-05    5.138696e-05
   1.125000e-02    3.945287e+00    4.025988e+00    4.054233e+00    1.283125e+00    1.292980e+00    1.318041e+00   -2.151247e+00   -2.171365e+00   -2.218701e+00    4.932905e+00    3.163218e+00    4.848411e+00    9.893964e-01    2.222593e-01    9.728162e-01    4.491734e-02    0.000000e+00    4.294473e-02   -2.885856e-07   -3.202358e-07   -2.895535e-07    1.192548e-07    5.685461e-08    1.172304e-07    5.158974e-05    4.768661e-05    5.138693e-05
   1.250000e-02    4.384188e+00    4.473320e+00    4.505218e+00    1.425866e+00    1.436644e+00    1.464655e+00   -2.390572e+00   -2.412628e+00   -2.465509e+00    4.928494e+00    3.163218e+00    4.844209e+00    9.917833e-01    2.222593e-01    9.751156e-01    4.975804e-02    0.000000e+00    4.770262e-02   -3.206880e-07   -3.558175e-07   -3.217616e-07    1.325237e-07    6.317179e-08    1.302740e-07    5.158972e-05    4.768661e-05    5.138689e-05
   1.375000e-02    4.823258e+00    4.920652e+00    4.956365e+00    1.568660e+00    1.580309e+00    1.611320e+00   -2.629991e+00   -2.653891e+00   -2.712408e+00    4.923618e+00    3.163218e+00    4.839565e+00    9.944215e-01    2.222593e-01    9.776573e-01    5.459419e-02    0.000000e+00    5.245617e-02   -3.528023e-07   -3.913993e-07   -3.539810e-07    1.457984e-07    6.948897e-08    1.433232e-07    5.158969e-05    4.768661e-05    5.138684e-05
   1.500000e-02    5.262513e+00    5.367984e+00    5.407690e+00    1.711514e+00    1.723973e+00    1.758042e+00   -2.869513e+00   -2.895153e+00   -2.959406e+00    4.918278e+00    3.163218e+00    4.834478e+00    9.973109e-01    2.222593e-01    9.804414e-01    5.942531e-02    0.000000e+00    5.720494e-02   -3.849296e-07   -4.269810e-07   -3.862128e-07    1.590795e-07    7.580614e-08    1.563787e-07    5.158966e-05    4.768661e-05    5.138679e-05
   1.625000e-02    5.701972e+00    5.815316e+00    5.859210e+00    1.854433e+00    1.867637e+00    1.904826e+00   -3.109148e+00   -3.136416e+00   -3.206512e+00    4.912473e+00    3.163218e+00    4.828947e+00    1.000452e+00    2.222593e-01    9.834681e-01    6.425097e-02    0.000000e+00    6.194850e-02   -4.170710e-07   -4.625628e-07   -4.184580e-07    1.723676e-07    8.212332e-08    1.694410e-07    5.158962e-05    4.768661e-05    5.138674e-05
   1.750000e-02    6.141650e+00    6.262648e+00    6.310942e+00    1.997421e+00    2.011302e+00    2.051678e+00   -3.348905e+00   -3.377679e+00   -3.453735e+00    4.906205e+00    3.163218e+00    4.822973e+00    1.003843e+00    2.222593e-01    9.867374e-01    6.907071e-02    0.000000e+00    6.668641e-02   -4.492278e-07   -4.981445e-07   -4.507179e-07    1.856632e-07    8.844050e-08    1.825107e-07    5.158958e-05    4.768661e-05    5.138668e-05
   1.875000e-02    6.581565e+00    6.709980e+00    6.762901e+00    2.140486e+00    2.154966e+00    2.198603e+00   -3.588794e+00   -3.618942e+00   -3.701085e+00    4.899471e+00    3.163218e+00    4.816555e+00    1.007487e+00    2.222593e-01    9.902495e-01    7.388406e-02    0.000000e+00    7.141824e-02   -4.814011e-07   -5.337263e-07   -4.829935e-07    1.989670e-07    9.475768e-08    1.955884e-07    5.158954e-05    4.768661e-05    5.138662e-05
   2.000000e-02    7.021734e+00    7.157312e+00    7.215103e+00    2.283631e+00    2.298631e+00    2.345605e+00   -3.828823e+00   -3.860204e+00   -3.948571e+00    4.892274e+00    3.163218e+00    4.809694e+00    1.011381e+00    2.222593e-01    9.940045e-01    7.869057e-02    0.000000e+00    7.614355e-02   -5.135922e-07   -5.693081e-07   -5.152859e-07    2.122795e-07    1.010749e-07    2.086746e-07    5.158950e-05    4.768661e-05    5.138656e-05
   2.125000e-02    7.462173e+00    7.604644e+00    7.667566e+00    2.426863e+00    2.442295e+00    2.492691e+00   -4.069003e+00   -4.101467e+00   -4.196201e+00    4.884612e+00    3.163218e+00    4.802389e+00    1.015527e+00    2.222593e-01    9.980026e-01    8.348978e-02    0.000000e+00    8.086191e-02   -5.458021e-07   -6.048898e-07   -5.475963e-07    2.256012e-07    1.073920e-07    2.217698e-07    5.158945e-05    4.768661e-05    5.138649e-05
   2.250000e-02    7.902899e+00    8.051976e+00    8.120305e+00    2.570187e+00    2.585959e+00    2.639865e+00   -4.309343e+00   -4.342730e+00   -4.443984e+00    4.876485e+00    3.163218e+00    4.794639e+00    1.019923e+00    2.222593e-01    1.002244e+00    8.828125e-02    0.000000e+00    8.557287e-02   -5.780321e-07   -6.404716e-07   -5.799259e-07    2.389329e-07    1.137092e-07    2.348747e-07    5.158941e-05    4.768661e-05    5.138641e-05
   2.375000e-02    8.343930e+00    8.499308e+00    8.573336e+00    2.713608e+00    2.729624e+00    2.787132e+00   -4.549851e+00   -4.583993e+00   -4.691931e+00    4.867895e+00    3.163218e+00    4.786444e+00    1.024572e+00    2.222593e-01    1.006728e+00    9.306451e-02    0.000000e+00    9.027601e-02   -6.102834e-07   -6.760533e-07   -6.122757e-07    2.522750e-07    1.200264e-07    2.479899e-07    5.158935e-05    4.768661e-05    5.138634e-05
   2.500000e-02    8.785282e+00    8.946640e+00    9.026677e+00    2.857131e+00    2.873288e+00    2.934498e+00   -4.790538e+00   -4.825256e+00   -4.940049e+00    4.858840e+00    3.163218e+00    4.777805e+00    1.029471e+00    2.222593e-01    1.011456e+00    9.783911e-02    0.000000e+00    9.497089e-02   -6.425572e-07   -7.116351e-07   -6.446469e-07    2.656281e-07    1.263436e-07    2.611159e-07    5.158930e-05    4.768661e-05    5.138625e-05
   2.625000e-02    9.226972e+00    9.393972e+00    9.480343e+00    3.000763e+00    3.016953e+00    3.081968e+00   -5.031413e+00   -5.066518e+00   -5.188348e+00    4.849320e+00    3.163218e+00    4.768720e+00    1.034622e+00    2.222593e-01    1.016428e+00    1.026046e-01    0.000000e+00    9.965707e-02   -6.748545e-07   -7.472168e-07   -6.770405e-07    2.789928e-07    1.326608e-07    2.742532e-07    5.158924e-05    4.768661e-05    5.138617e-05
   2.750000e-02    9.669017e+00    9.841304e+00    9.934350e+00    3.144507e+00    3.160617e+00    3.229547e+00   -5.272486e+00   -5.307781e+00   -5.436837e+00    4.839337e+00    3.163218e+00    4.759190e+00    1.040024e+00    2.222593e-01    1.021644e+00    1.073605e-01    0.000000e+00    1.043341e-01   -7.071767e-07   -7.827986e-07   -7.094578e-07    2.923698e-07    1.389779e-07    2.874025e-07    5.158918e-05    4.768661e-05    5.138608e-05
   2.875000e-02    1.011143e+01    1.028864e+01    1.038872e+01    3.288371e+00    3.304282e+00    3.377241e+00   -5.513764e+00   -5.549044e+00   -5.685525e+00    4.828888e+00    3.163218e+00    4.749214e+00    1.045677e+00    2.222593e-01    1.027103e+00    1.121064e-01    0.000000e+00    1.090016e-01   -7.395248e-07   -8.183803e-07   -7.418999e-07    3.057595e-07    1.452951e-07    3.005643e-07    5.158912e-05    4.768661e-05    5.138598e-05
   3.000000e-02    1.055424e+01    1.073597e+01    1.084346e+01    3.432359e+00    3.447946e+00    3.525054e+00   -5.755259e+00   -5.790307e+00   -5.934421e+00    4.817976e+00    3.163218e+00    4.738792e+00    1.051581e+00    2.222593e-01    1.032807e+00    1.168418e-01    0.000000e+00    1.136590e-01   -7.719001e-07   -8.539621e-07   -7.743679e-07    3.191626e-07    1.516123e-07    3.137392e-07    5.158905e-05    4.768661e-05    5.138588e-05
   3.125000e-02    1.099745e+01    1.118330e+01    1.129859e+01    3.576476e+00    3.591610e+00    3.672992e+00   -5.996980e+00   -6.031569e+00   -6.183535e+00    4.806599e+00    3.163218e+00    4.727923e+00    1.057737e+00    2.222593e-01    1.038756e+00    1.215662e-01    0.000000e+00    1.183060e-01   -8.043038e-07   -8.895438e-07   -8.068629e-07    3.325796e-07    1.579295e-07    3.269277e-07    5.158898e-05    4.768661e-05    5.138578e-05
   3.250000e-02    1.144109e+01    1.163063e+01    1.175412e+01    3.720729e+00    3.735275e+00    3.821060e+00   -6.238935e+00   -6.272832e+00   -6.432875e+00    4.794758e+00    3.163218e+00    4.716607e+00    1.064144e+00    2.222593e-01    1.044949e+00    1.262793e-01    0.000000e+00    1.229421e-01   -8.367369e-07   -9.251256e-07   -8.393861e-07    3.460111e-07    1.642466e-07    3.401305e-07    5.158891e-05    4.768661e-05    5.138567e-05
   3.375000e-02    1.188516e+01    1.207796e+01    1.221009e+01    3.865122e+00    3.878939e+00    3.969264e+00   -6.481135e+00   -6.514095e+00   -6.682450e+00    4.782452e+00    3.163218e+00    4.704844e+00    1.070802e+00    2.222593e-01    1.051387e+00    1.309805e-01    0.000000e+00    1.275669e-01   -8.692008e-07   -9.607073e-07   -8.719386e-07    3.594577e-07    1.705638e-07    3.533481e-07    5.158884e-05    4.768661e-05    5.138555e-05
   3.500000e-02    1.232969e+01    1.252530e+01    1.266649e+01    4.009660e+00    4.022604e+00    4.117608e+00   -6.723588e+00   -6.755358e+00   -6.932270e+00    4.769682e+00    3.163218e+00    4.692632e+00    1.077711e+00    2.222593e-01    1.058070e+00    1.356694e-01    0.000000e+00    1.321799e-01   -9.016966e-07   -9.962891e-07   -9.045215e-07    3.729200e-07    1.768810e-07    3.665811e-07    5.158876e-05    4.768661e-05    5.138544e-05
   3.625000e-02    1.277469e+01    1.297263e+01    1.312335e+01    4.154350e+00    4.166268e+00    4.266098e+00   -6.966304e+00   -6.996621e+00   -7.182344e+00    4.756448e+00    3.163218e+00    4.679973e+00    1.084872e+00    2.222593e-01    1.064998e+00    1.403455e-01    0.000000e+00    1.367807e-01   -9.342255e-07   -1.031871e-06   -9.371360e-07    3.863986e-07    1.831982e-07    3.798301e-07    5.158868e-05    4.768661e-05    5.138531e-05
   3.750000e-02    1.322019e+01    1.341996e+01    1.358068e+01    4.299196e+00    4.309932e+00    4.414739e+00   -7.209293e+00   -7.237883e+00   -7.432681e+00    4.742749e+00    3.163218e+00    4.666865e+00    1.092284e+00    2.222593e-01    1.072172e+00    1.450084e-01    0.000000e+00    1.413689e-01   -9.667886e-07   -1.067453e-06   -9.697832e-07    3.998940e-07    1.895154e-07    3.930956e-07    5.158859e-05    4.768661e-05    5.138519e-05
   3.875000e-02    1.366619e+01    1.386729e+01    1.403850e+01    4.444205e+00    4.453597e+00    4.563536e+00   -7.452563e+00   -7.479146e+00   -7.683290e+00    4.728586e+00    3.163218e+00    4.653307e+00    1.099947e+00    2.222593e-01    1.079592e+00    1.496576e-01    0.000000e+00    1.459439e-01   -9.993871e-07   -1.103034e-06   -1.002464e-06    4.134068e-07    1.958325e-07    4.063782e-07    5.158850e-05    4.768661e-05    5.138506e-05
   4.000000e-02    1.411271e+01    1.431462e+01    1.449682e+01    4.589381e+00    4.597261e+00    4.712495e+00   -7.696125e+00   -7.720409e+00   -7.934180e+00    4.713959e+00    3.163218e+00    4.639300e+00    1.107861e+00    2.222593e-01    1.087259e+00    1.542927e-01    0.000000e+00    1.505055e-01   -1.032022e-06   -1.138616e-06   -1.035180e-06    4.269377e-07    2.021497e-07    4.196785e-07    5.158841e-05    4.768661e-05    5.138492e-05
   4.125000e-02    1.455978e+01    1.476196e+01    1.495567e+01    4.734729e+00    4.740926e+00    4.861621e+00   -7.939987e+00   -7.961672e+00   -8.185361e+00    4.698867e+00    3.163218e+00    4.624843e+00    1.116027e+00    2.222593e-01    1.095171e+00    1.589133e-01    0.000000e+00    1.550530e-01   -1.064695e-06   -1.174198e-06   -1.067933e-06    4.404871e-07    2.084669e-07    4.329971e-07    5.158832e-05    4.768661e-05    5.138478e-05
   4.250000e-02    1.500740e+01    1.520929e+01    1.541506e+01    4.880256e+00    4.884590e+00    5.010919e+00   -8.184159e+00   -8.202934e+00   -8.436841e+00    4.683311e+00    3.163218e+00    4.609934e+00    1.124444e+00    2.222593e-01    1.103331e+00    1.635187e-01    0.000000e+00    1.595862e-01   -1.097407e-06   -1.209780e-06   -1.100722e-06    4.540557e-07    2.147841e-07    4.463345e-07    5.158822e-05    4.768661e-05    5.138464e-05
   4.375000e-02    1.545560e+01    1.565662e+01    1.587500e+01    5.025967e+00    5.028255e+00    5.160395e+00   -8.428651e+00   -8.444197e+00   -8.688631e+00    4.667291e+00    3.163218e+00    4.594575e+00    1.133112e+00    2.222593e-01    1.111737e+00    1.681087e-01    0.000000e+00    1.641045e-01   -1.130159e-06   -1.245361e-06   -1.133550e-06    4.676440e-07    2.211013e-07    4.596913e-07    5.158812e-05    4.768661e-05    5.138449e-05
   4.500000e-02    1.590439e+01    1.610395e+01    1.633552e+01    5.171866e+00    5.171919e+00    5.310054e+00   -8.673471e+00   -8.685460e+00   -8.940738e+00    4.650806e+00    3.163218e+00    4.578764e+00    1.142032e+00    2.222593e-01    1.120391e+00    1.726827e-01    0.000000e+00    1.686075e-01   -1.162953e-06   -1.280943e-06   -1.166417e-06    4.812527e-07    2.274184e-07    4.730682e-07    5.158802e-05    4.768661e-05    5.138433e-05
   4.625000e-02    1.635379e+01    1.655128e+01    1.679662e+01    5.317960e+00    5.315583e+00    5.459900e+00   -8.918630e+00   -8.926723e+00   -9.193173e+00    4.633857e+00    3.163218e+00    4.562500e+00    1.151202e+00    2.222593e-01    1.129292e+00    1.772403e-01    0.000000e+00    1.730947e-01   -1.195789e-06   -1.316525e-06   -1.199326e-06    4.948822e-07    2.337356e-07    4.864657e-07    5.158791e-05    4.768661e-05    5.138417e-05
   4.750000e-02    1.680382e+01    1.699862e+01    1.725833e+01    5.464253e+00    5.459248e+00    5.609940e+00   -9.164136e+00   -9.167986e+00   -9.445944e+00    4.616443e+00    3.163218e+00    4.545783e+00    1.160624e+00    2.222593e-01    1.138442e+00    1.817810e-01    0.000000e+00    1.775658e-01   -1.228668e-06   -1.352107e-06   -1.232276e-06    5.085333e-07    2.400528e-07    4.998843e-07    5.158780e-05    4.768661e-05    5.138401e-05
   4.875000e-02    1.725448e+01    1.744595e+01    1.772066e+01    5.610752e+00    5.602912e+00    5.760179e+00   -9.409999e+00   -9.409248e+00   -9.699061e+00    4.598565e+00    3.163218e+00    4.528613e+00    1.170297e+00    2.222593e-01    1.147839e+00    1.863044e-01    0.000000e+00    1.820202e-01   -1.261593e-06   -1.387688e-06   -1.265269e-06    5.222064e-07    2.463700e-07    5.133247e-07    5.158768e-05    4.768661e-05    5.138384e-05
   5.000000e-02    1.770581e+01    1.789328e+01    1.818363e+01    5.757462e+00    5.746577e+00    5.910621e+00   -9.656229e+00   -9.650511e+00   -9.952533e+00    4.580223e+00    3.163218e+00    4.510989e+00    1.180222e+00    2.222593e-01    1.157486e+00    1.908101e-01    0.000000e+00    1.864575e-01   -1.294563e-06   -1.423270e-06   -1.298306e-06    5.359021e-07    2.526871e-07    5.267874e-07    5.158757e-05    4.768661e-05    5.138367e-05
   5.125000e-02    1.815781e+01    1.834061e+01    1.864726e+01    5.904387e+00    5.890241e+00    6.061273e+00   -9.902834e+00   -9.891774e+00   -1.020637e+01    4.561416e+00    3.163218e+00    4.492909e+00    1.190398e+00    2.222593e-01    1.167381e+00    1.952975e-01    0.000000e+00    1.908773e-01   -1.327581e-06   -1.458852e-06   -1.331389e-06    5.496211e-07    2.590043e-07    5.402730e-07    5.158745e-05    4.768661e-05    5.138349e-05
   5.250000e-02    1.861051e+01    1.878794e+01    1.911155e+01    6.051534e+00    6.033905e+00    6.212140e+00   -1.014982e+01   -1.013304e+01   -1.046058e+01    4.542145e+00    3.163218e+00    4.474375e+00    1.200825e+00    2.222593e-01    1.177526e+00    1.997662e-01    0.000000e+00    1.952792e-01   -1.360647e-06   -1.494434e-06   -1.364518e-06    5.633639e-07    2.653215e-07    5.537822e-07    5.158732e-05    4.768661e-05    5.138330e-05
   5.375000e-02    1.906392e+01    1.923528e+01    1.957654e+01    6.198907e+00    6.177570e+00    6.363227e+00   -1.039721e+01   -1.037430e+01   -1.071517e+01    4.522410e+00    3.163218e+00    4.455384e+00    1.211503e+00    2.222593e-01    1.187921e+00    2.042157e-01    0.000000e+00    1.996626e-01   -1.393763e-06   -1.530015e-06   -1.397695e-06    5.771311e-07    2.716387e-07    5.673154e-07    5.158719e-05    4.768661e-05    5.138312e-05
   5.500000e-02    1.951805e+01    1.968261e+01    2.004223e+01    6.346513e+00    6.321234e+00    6.514539e+00   -1.064500e+01   -1.061556e+01   -1.097016e+01    4.502210e+00    3.163218e+00    4.435936e+00    1.222432e+00    2.222593e-01    1.198565e+00    2.086457e-01    0.000000e+00    2.040272e-01   -1.426930e-06   -1.565597e-06   -1.430920e-06    5.909233e-07    2.779559e-07    5.808733e-07    5.158706e-05    4.768661e-05    5.138292e-05
   5.625000e-02    1.997292e+01    2.012994e+01    2.050864e+01    6.494357e+00    6.464899e+00    6.666082e+00   -1.089320e+01   -1.085682e+01   -1.122554e+01    4.481546e+00    3.163218e+00    4.416031e+00    1.233613e+00    2.222593e-01    1.209461e+00    2.130555e-01    0.000000e+00    2.083724e-01   -1.460149e-06   -1.601179e-06   -1.464196e-06    6.047410e-07    2.842730e-07    5.944565e-07    5.158693e-05    4.768661e-05    5.138272e-05
   5.750000e-02    2.042856e+01    2.057727e+01    2.097580e+01    6.642443e+00    6.608563e+00    6.817861e+00   -1.114183e+01   -1.109809e+01   -1.148134e+01    4.460418e+00    3.163218e+00    4.395667e+00    1.245045e+00    2.222593e-01    1.220607e+00    2.174449e-01    0.000000e+00    2.126979e-01   -1.493420e-06   -1.636761e-06   -1.497522e-06    6.185849e-07    2.905902e-07    6.080655e-07    5.158679e-05    4.768661e-05    5.138252e-05
   5.875000e-02    2.088498e+01    2.102460e+01    2.144370e+01    6.790778e+00    6.752228e+00    6.969882e+00   -1.139088e+01   -1.133935e+01   -1.173756e+01    4.438825e+00    3.163218e+00    4.374845e+00    1.256728e+00    2.222593e-01    1.232004e+00    2.218133e-01    0.000000e+00    2.170031e-01   -1.526747e-06   -1.672342e-06   -1.530901e-06    6.324555e-07    2.969074e-07    6.217010e-07    5.158665e-05    4.768661e-05    5.138231e-05
   6.000000e-02    2.134219e+01    2.147194e+01    2.191239e+01    6.939366e+00    6.895892e+00    7.122149e+00   -1.164038e+01   -1.158061e+01   -1.199421e+01    4.416768e+00    3.163218e+00    4.353562e+00    1.268662e+00    2.222593e-01    1.243654e+00    2.261603e-01    0.000000e+00    2.212877e-01   -1.560128e-06   -1.707924e-06   -1.564333e-06    6.463533e-07    3.032246e-07    6.353635e-07    5.158650e-05    4.768661e-05    5.138210e-05
   6.125000e-02    2.180021e+01    2.191927e+01    2.238186e+01    7.088214e+00    7.039556e+00    7.274669e+00   -1.189033e+01   -1.182188e+01   -1.225129e+01    4.394247e+00    3.163218e+00    4.331819e+00    1.280848e+00    2.222593e-01    1.255555e+00    2.304854e-01    0.000000e+00    2.255512e-01   -1.593566e-06   -1.743506e-06   -1.597820e-06    6.602791e-07    3.095418e-07    6.490536e-07    5.158635e-05    4.768661e-05    5.138188e-05
   6.250000e-02    2.225906e+01    2.236660e+01    2.285213e+01    7.237327e+00    7.183221e+00    7.427446e+00   -1.214074e+01   -1.206314e+01   -1.250883e+01    4.371261e+00    3.163218e+00    4.309615e+00    1.293285e+00    2.222593e-01    1.267709e+00    2.347882e-01    0.000000e+00    2.297931e-01   -1.627063e-06   -1.779088e-06   -1.631363e-06    6.742333e-07    3.158589e-07    6.627719e-07    5.158620e-05    4.768661e-05    5.138166e-05
   6.375000e-02    2.271875e+01    2.281393e+01    2.332323e+01    7.386709e+00    7.326885e+00    7.580487e+00   -1.239162e+01   -1.230440e+01   -1.276682e+01    4.347810e+00    3.163218e+00    4.286949e+00    1.305973e+00    2.222593e-01    1.280116e+00    2.390681e-01    0.000000e+00    2.340129e-01   -1.660618e-06   -1.814669e-06   -1.664963e-06    6.882165e-07    3.221761e-07    6.765191e-07    5.158604e-05    4.768661e-05    5.138143e-05
   6.500000e-02    2.317931e+01    2.326126e+01    2.379517e+01    7.536367e+00    7.470550e+00    7.733796e+00   -1.264298e+01   -1.254566e+01   -1.302528e+01    4.323896e+00    3.163218e+00    4.263820e+00    1.318913e+00    2.222593e-01    1.292777e+00    2.433248e-01    0.000000e+00    2.382103e-01   -1.694233e-06   -1.850251e-06   -1.698621e-06    7.022294e-07    3.284933e-07    6.902956e-07    5.158588e-05    4.768661e-05    5.138119e-05
   6.625000e-02    2.364075e+01    2.370860e+01    2.426797e+01    7.686305e+00    7.614214e+00    7.887379e+00   -1.289483e+01   -1.278693e+01   -1.328422e+01    4.299517e+00    3.163218e+00    4.240227e+00    1.332103e+00    2.222593e-01    1.305692e+00    2.475578e-01    0.000000e+00    2.423848e-01   -1.727910e-06   -1.885833e-06   -1.732338e-06    7.162724e-07    3.348105e-07    7.041022e-07    5.158571e-05    4.768661e-05    5.138095e-05
   6.750000e-02    2.410308e+01    2.415593e+01    2.474165e+01    7.836530e+00    7.757878e+00    8.041241e+00   -1.314717e+01   -1.302819e+01   -1.354364e+01    4.274674e+00    3.163218e+00    4.216170e+00    1.345545e+00    2.222593e-01    1.318861e+00    2.517667e-01    0.000000e+00    2.465358e-01   -1.761650e-06   -1.921415e-06   -1.766115e-06    7.303462e-07    3.411276e-07    7.179393e-07    5.158554e-05    4.768661e-05    5.138071e-05
   6.875000e-02    2.456632e+01    2.460326e+01    2.521621e+01    7.987046e+00    7.901543e+00    8.195388e+00   -1.340002e+01   -1.326945e+01   -1.380356e+01    4.249366e+00    3.163218e+00    4.191647e+00    1.359239e+00    2.222593e-01    1.332285e+00    2.559509e-01    0.000000e+00    2.506630e-01   -1.795453e-06   -1.956996e-06   -1.799955e-06    7.444514e-07    3.474448e-07    7.318077e-07    5.158537e-05    4.768661e-05    5.138046e-05
   7.000000e-02    2.503050e+01    2.505059e+01    2.569168e+01    8.137860e+00    8.045207e+00    8.349826e+00   -1.365339e+01   -1.351072e+01   -1.406398e+01    4.223594e+00    3.163218e+00    4.166657e+00    1.373183e+00    2.222593e-01    1.345964e+00    2.601101e-01    0.000000e+00    2.547660e-01   -1.829321e-06   -1.992578e-06   -1.833857e-06    7.585886e-07    3.537620e-07    7.457078e-07    5.158519e-05    4.768661e-05    5.138020e-05
   7.125000e-02    2.549562e+01    2.549792e+01    2.616808e+01    8.288975e+00    8.188872e+00    8.504559e+00   -1.390729e+01   -1.375198e+01   -1.432492e+01    4.197357e+00    3.163218e+00    4.141201e+00    1.387379e+00    2.222593e-01    1.359899e+00    2.642437e-01    0.000000e+00    2.588441e-01   -1.863256e-06   -2.028160e-06   -1.867823e-06    7.727582e-07    3.600792e-07    7.596404e-07    5.158501e-05    4.768661e-05    5.137994e-05
   7.250000e-02    2.596170e+01    2.594526e+01    2.664542e+01    8.440399e+00    8.332536e+00    8.659594e+00   -1.416172e+01   -1.399324e+01   -1.458639e+01    4.170657e+00    3.163218e+00    4.115276e+00    1.401826e+00    2.222593e-01    1.374091e+00    2.683513e-01    0.000000e+00    2.628970e-01   -1.897257e-06   -2.063742e-06   -1.901854e-06    7.869610e-07    3.663964e-07    7.736059e-07    5.158482e-05    4.768661e-05    5.137967e-05
   7.375000e-02    2.642877e+01    2.639259e+01    2.712372e+01    8.592136e+00    8.476200e+00    8.814935e+00   -1.441669e+01   -1.423450e+01   -1.484838e+01    4.143492e+00    3.163218e+00    4.088882e+00    1.416524e+00    2.222593e-01    1.388540e+00    2.724325e-01    0.000000e+00    2.669243e-01   -1.931328e-06   -2.099323e-06   -1.935952e-06    8.011974e-07    3.727135e-07    7.876051e-07    5.158463e-05    4.768661e-05    5.137940e-05
   7.500000e-02    2.689683e+01    2.683992e+01    2.760300e+01    8.744191e+00    8.619865e+00    8.970589e+00   -1.467222e+01   -1.447577e+01   -1.511092e+01    4.115862e+00    3.163218e+00    4.062019e+00    1.431473e+00    2.222593e-01    1.403246e+00    2.764868e-01    0.000000e+00    2.709254e-01   -1.965468e-06   -2.134905e-06   -1.970117e-06    8.154681e-07    3.790307e-07    8.016384e-07    5.158444e-05    4.768661e-05    5.137912e-05
   7.625000e-02    2.736591e+01    2.728725e+01    2.808328e+01    8.896570e+00    8.763529e+00    9.126560e+00   -1.492832e+01   -1.471703e+01   -1.537402e+01    4.087768e+00    3.163218e+00    4.034684e+00    1.446674e+00    2.222593e-01    1.418210e+00    2.805138e-01    0.000000e+00    2.748999e-01   -1.999678e-06   -2.170487e-06   -2.004351e-06    8.297737e-07    3.853479e-07    8.157065e-07    5.158424e-05    4.768661e-05    5.137884e-05
   7.750000e-02    2.783602e+01    2.773458e+01    2.856456e+01    9.049279e+00    8.907194e+00    9.282855e+00   -1.518498e+01   -1.495829e+01   -1.563767e+01    4.059210e+00    3.163218e+00    4.006877e+00    1.462126e+00    2.222593e-01    1.433433e+00    2.845129e-01    0.000000e+00    2.788473e-01   -2.033961e-06   -2.206069e-06   -2.038656e-06    8.441146e-07    3.916651e-07    8.298101e-07    5.158404e-05    4.768661e-05    5.137855e-05
   7.875000e-02    2.830718e+01    2.818192e+01    2.904688e+01    9.202323e+00    9.050858e+00    9.439479e+00   -1.544223e+01   -1.519955e+01   -1.590190e+01    4.030187e+00    3.163218e+00    3.978597e+00    1.477829e+00    2.222593e-01    1.448915e+00    2.884838e-01    0.000000e+00    2.827672e-01   -2.068317e-06   -2.241650e-06   -2.073031e-06    8.584916e-07    3.979823e-07    8.439497e-07    5.158383e-05    4.768661e-05    5.137825e-05
   8.000000e-02    2.877940e+01    2.862925e+01    2.953024e+01    9.355706e+00    9.194523e+00    9.596437e+00   -1.570007e+01   -1.544082e+01   -1.616671e+01    4.000701e+00    3.163218e+00    3.949843e+00    1.493784e+00    2.222593e-01    1.464656e+00    2.924260e-01    0.000000e+00    2.866591e-01   -2.102748e-06   -2.277232e-06   -2.107479e-06    8.729052e-07    4.042994e-07    8.581259e-07    5.158362e-05    4.768661e-05    5.137795e-05
   8.125000e-02    2.925270e+01    2.907658e+01    3.001466e+01    9.509436e+00    9.338187e+00    9.753735e+00   -1.595851e+01   -1.568208e+01   -1.643211e+01    3.970749e+00    3.163218e+00    3.920614e+00    1.509989e+00    2.222593e-01    1.480658e+00    2.963389e-01    0.000000e+00    2.905226e-01   -2.137254e-06   -2.312814e-06   -2.142000e-06    8.873559e-07    4.106166e-07    8.723394e-07    5.158340e-05    4.768661e-05    5.137764e-05
   8.250000e-02    2.972711e+01    2.952391e+01    3.050017e+01    9.663516e+00    9.481851e+00    9.911378e+00   -1.621757e+01   -1.592334e+01   -1.669812e+01    3.940334e+00    3.163218e+00    3.890909e+00    1.526446e+00    2.222593e-01    1.496921e+00    3.002223e-01    0.000000e+00    2.943571e-01   -2.171837e-06   -2.348396e-06   -2.176596e-06    9.018444e-07    4.169338e-07    8.865907e-07    5.158318e-05    4.768661e-05    5.137733e-05
   8.375000e-02    3.020262e+01    2.997124e+01    3.098678e+01    9.817953e+00    9.625516e+00    1.006937e+01   -1.647724e+01   -1.616461e+01   -1.696473e+01    3.909454e+00    3.163218e+00    3.860727e+00    1.543155e+00    2.222593e-01    1.513445e+00    3.040755e-01    0.000000e+00    2.981622e-01   -2.206497e-06   -2.383977e-06   -2.211268e-06    9.163712e-07    4.232510e-07    9.008804e-07    5.158296e-05    4.768661e-05    5.137701e-05
   8.500000e-02    3.067928e+01    3.041858e+01    3.147450e+01    9.972751e+00    9.769180e+00    1.022772e+01   -1.673754e+01   -1.640587e+01   -1.723196e+01    3.878109e+00    3.163218e+00    3.830066e+00    1.560114e+00    2.222593e-01    1.530231e+00    3.078982e-01    0.000000e+00    3.019374e-01   -2.241237e-06   -2.419559e-06   -2.246017e-06    9.309369e-07    4.295681e-07    9.152093e-07    5.158273e-05    4.768661e-05    5.137668e-05
   8.625000e-02    3.115708e+01    3.086591e+01    3.196335e+01    1.012792e+01    9.912845e+00    1.038644e+01   -1.699848e+01   -1.664713e+01   -1.749983e+01    3.846300e+00    3.163218e+00    3.798927e+00    1.577325e+00    2.222593e-01    1.547280e+00    3.116899e-01    0.000000e+00    3.056823e-01   -2.276058e-06   -2.455141e-06   -2.280845e-06    9.455421e-07    4.358853e-07    9.295779e-07    5.158249e-05    4.768661e-05    5.137635e-05
   8.750000e-02    3.163604e+01    3.131324e+01    3.245336e+01    1.028346e+01    1.005651e+01    1.054552e+01   -1.726007e+01   -1.688839e+01   -1.776833e+01    3.814027e+00    3.163218e+00    3.767306e+00    1.594787e+00    2.222593e-01    1.564592e+00    3.154502e-01    0.000000e+00    3.093964e-01   -2.310959e-06   -2.490723e-06   -2.315752e-06    9.601874e-07    4.422025e-07    9.439867e-07    5.158225e-05    4.768661e-05    5.137601e-05
   8.875000e-02    3.211620e+01    3.176057e+01    3.294454e+01    1.043937e+01    1.020017e+01    1.070497e+01   -1.752232e+01   -1.712966e+01   -1.803749e+01    3.781290e+00    3.163218e+00    3.735204e+00    1.612500e+00    2.222593e-01    1.582169e+00    3.191785e-01    0.000000e+00    3.130793e-01   -2.345944e-06   -2.526304e-06   -2.350741e-06    9.748734e-07    4.485197e-07    9.584365e-07    5.158200e-05    4.768661e-05    5.137567e-05
   9.000000e-02    3.259755e+01    3.220790e+01    3.343690e+01    1.059567e+01    1.034384e+01    1.086481e+01   -1.778523e+01   -1.737092e+01   -1.830731e+01    3.748088e+00    3.163218e+00    3.702619e+00    1.630464e+00    2.222593e-01    1.600009e+00    3.228745e-01    0.000000e+00    3.167303e-01   -2.381012e-06   -2.561886e-06   -2.385811e-06    9.896005e-07    4.548369e-07    9.729279e-07    5.158175e-05    4.768661e-05    5.137532e-05
   9.125000e-02    3.308012e+01    3.265524e+01    3.393047e+01    1.075236e+01    1.048750e+01    1.102503e+01   -1.804882e+01   -1.761218e+01   -1.857779e+01    3.714422e+00    3.163218e+00    3.669551e+00    1.648680e+00    2.222593e-01    1.618115e+00    3.265377e-01    0.000000e+00    3.203492e-01   -2.416165e-06   -2.597468e-06   -2.420965e-06    1.004370e-06    4.611540e-07    9.874615e-07    5.158150e-05    4.768661e-05    5.137496e-05
   9.250000e-02    3.356392e+01    3.310257e+01    3.442526e+01    1.090944e+01    1.063117e+01    1.118564e+01   -1.831310e+01   -1.785345e+01   -1.884896e+01    3.680291e+00    3.163218e+00    3.635997e+00    1.667147e+00    2.222593e-01    1.636487e+00    3.301675e-01    0.000000e+00    3.239353e-01   -2.451405e-06   -2.633050e-06   -2.456203e-06    1.019181e-06    4.674712e-07    1.002038e-06    5.158124e-05    4.768661e-05    5.137460e-05
   9.375000e-02    3.404897e+01    3.354990e+01    3.492129e+01    1.106692e+01    1.077483e+01    1.134664e+01   -1.857807e+01   -1.809471e+01   -1.912081e+01    3.645697e+00    3.163218e+00    3.601956e+00    1.685865e+00    2.222593e-01    1.655125e+00    3.337637e-01    0.000000e+00    3.274883e-01   -2.486732e-06   -2.668631e-06   -2.491527e-06    1.034035e-06    4.737884e-07    1.016658e-06    5.158097e-05    4.768661e-05    5.137423e-05
   9.500000e-02    3.453529e+01    3.399723e+01    3.541858e+01    1.122481e+01    1.091850e+01    1.150805e+01   -1.884374e+01   -1.833597e+01   -1.939337e+01    3.610637e+00    3.163218e+00    3.567428e+00    1.704835e+00    2.222593e-01    1.674031e+00    3.373256e-01    0.000000e+00    3.310076e-01   -2.522147e-06   -2.704213e-06   -2.526938e-06    1.048933e-06    4.801056e-07    1.031321e-06    5.158070e-05    4.768661e-05    5.137385e-05
   9.625000e-02    3.502290e+01    3.444456e+01    3.591715e+01    1.138311e+01    1.106216e+01    1.166987e+01   -1.911013e+01   -1.857723e+01   -1.966663e+01    3.575114e+00    3.163218e+00    3.532412e+00    1.724056e+00    2.222593e-01    1.693204e+00    3.408529e-01    0.000000e+00    3.344928e-01   -2.557653e-06   -2.739795e-06   -2.562437e-06    1.063875e-06    4.864228e-07    1.046030e-06    5.158043e-05    4.768661e-05    5.137347e-05
   9.750000e-02    3.551181e+01    3.489190e+01    3.641701e+01    1.154182e+01    1.120582e+01    1.183210e+01   -1.937724e+01   -1.881850e+01   -1.994061e+01    3.539126e+00    3.163218e+00    3.496905e+00    1.743528e+00    2.222593e-01    1.712646e+00    3.443451e-01    0.000000e+00    3.379433e-01   -2.593249e-06   -2.775377e-06   -2.598025e-06    1.078862e-06    4.927399e-07    1.060784e-06    5.158015e-05    4.768661e-05    5.137308e-05
   9.875000e-02    3.600203e+01    3.533923e+01    3.691818e+01    1.170096e+01    1.134949e+01    1.199475e+01   -1.964509e+01   -1.905976e+01   -2.021533e+01    3.502673e+00    3.163218e+00    3.460907e+00    1.763251e+00    2.222593e-01    1.732358e+00    3.478018e-01    0.000000e+00    3.413588e-01   -2.628937e-06   -2.810959e-06   -2.633705e-06    1.093894e-06    4.990571e-07    1.075584e-06    5.157986e-05    4.768661e-05    5.137268e-05
   1.000000e-01    3.649360e+01    3.578656e+01    3.742068e+01    1.186052e+01    1.149315e+01    1.215782e+01   -1.991368e+01   -1.930102e+01   -2.049078e+01    3.465757e+00    3.163218e+00    3.424416e+00    1.783225e+00    2.222593e-01    1.752339e+00    3.512224e-01    0.000000e+00    3.447386e-01   -2.664719e-06   -2.846540e-06   -2.669476e-06    1.108972e-06    5.053743e-07    1.090430e-06    5.157957e-05    4.768661e-05    5.137228e-05
   1.000000e-01    2.462766e+01    2.962633e+01    2.412894e+01    7.795683e+00    9.382882e+00    7.604556e+00    1.239317e+01    1.539673e+01    1.206662e+01    3.465757e+00    4.476219e+00    3.424416e+00    1.783225e+00    2.557299e+00    1.752339e+00    3.512224e-01    0.000000e+00    3.447386e-01   -2.664719e-06   -2.846540e-06   -2.669476e-06    1.108972e-06    5.053743e-07    1.090430e-06    5.157957e-05    4.768661e-05    5.137228e-05
   1.012500e-01    2.509127e+01    2.999665e+01    2.458446e+01    7.943735e+00    9.500168e+00    7.749976e+00    1.263742e+01    1.558919e+01    1.230545e+01    3.436695e+00    4.476219e+00    3.400504e+00    1.768272e+00    2.557299e+00    1.740376e+00    3.546106e-01    0.000000e+00    3.480888e-01   -2.706376e-06   -2.882122e-06   -2.711016e-06    1.112802e-06    5.116915e-07    1.094166e-06    5.157932e-05    4.768661e-05    5.137192e-05
   1.025000e-01    2.555594e+01    3.036698e+01    2.504084e+01    8.092122e+00    9.617454e+00    7.895673e+00    1.288225e+01    1.578165e+01    1.254475e+01    3.407272e+00    4.476219e+00    3.376144e+00    1.753133e+00    2.557299e+00    1.728177e+00    3.579701e-01    0.000000e+00    3.514153e-01   -2.748109e-06   -2.917704e-06   -2.752619e-06    1.116599e-06    5.180087e-07    1.097878e-06    5.157906e-05    4.768661e-05    5.137156e-05
   1.037500e-01    2.602167e+01    3.073731e+01    2.549811e+01    8.240849e+00    9.734740e+00    8.041651e+00    1.312767e+01    1.597411e+01    1.278455e+01    3.377488e+00    4.476219e+00    3.351336e+00    1.737809e+00    2.557299e+00    1.715744e+00    3.613006e-01    0.000000e+00    3.547177e-01   -2.789919e-06   -2.953286e-06   -2.794285e-06    1.120363e-06    5.243258e-07    1.101564e-06    5.157879e-05    4.768661e-05    5.137119e-05
   1.050000e-01    2.648847e+01    3.110764e+01    2.595628e+01    8.389919e+00    9.852026e+00    8.187918e+00    1.337368e+01    1.616657e+01    1.302484e+01    3.347343e+00    4.476219e+00    3.326078e+00    1.722298e+00    2.557299e+00    1.703075e+00    3.646016e-01    0.000000e+00    3.579955e-01   -2.831806e-06   -2.988867e-06   -2.836018e-06    1.124094e-06    5.306430e-07    1.105224e-06    5.157851e-05    4.768661e-05    5.137081e-05
   1.062500e-01    2.695637e+01    3.147797e+01    2.641537e+01    8.539337e+00    9.969312e+00    8.334476e+00    1.362030e+01    1.635903e+01    1.326564e+01    3.316837e+00    4.476219e+00    3.300370e+00    1.706602e+00    2.557299e+00    1.690170e+00    3.678729e-01    0.000000e+00    3.612483e-01   -2.873771e-06   -3.024449e-06   -2.877816e-06    1.127792e-06    5.369602e-07    1.108857e-06    5.157822e-05    4.768661e-05    5.137042e-05
   1.075000e-01    2.742537e+01    3.184830e+01    2.687539e+01    8.689106e+00    1.008660e+01    8.481332e+00    1.386753e+01    1.655149e+01    1.350696e+01    3.285970e+00    4.476219e+00    3.274211e+00    1.690721e+00    2.557299e+00    1.677028e+00    3.711141e-01    0.000000e+00    3.644756e-01   -2.915815e-06   -3.060031e-06   -2.919683e-06    1.131455e-06    5.432774e-07    1.112463e-06    5.157792e-05    4.768661e-05    5.137002e-05
   1.087500e-01    2.789549e+01    3.221863e+01    2.733636e+01    8.839232e+00    1.020388e+01    8.628491e+00    1.411538e+01    1.674395e+01    1.374880e+01    3.254743e+00    4.476219e+00    3.247600e+00    1.674653e+00    2.557299e+00    1.663649e+00    3.743247e-01    0.000000e+00    3.676771e-01   -2.957940e-06   -3.095613e-06   -2.961618e-06    1.135084e-06    5.495945e-07    1.116042e-06    5.157762e-05    4.768661e-05    5.136962e-05
   1.100000e-01    2.836674e+01    3.258896e+01    2.779830e+01    8.989718e+00    1.032117e+01    8.775958e+00    1.436385e+01    1.693640e+01    1.399118e+01    3.223154e+00    4.476219e+00    3.220536e+00    1.658400e+00    2.557299e+00    1.650032e+00    3.775045e-01    0.000000e+00    3.708521e-01   -3.000146e-06   -3.131194e-06   -3.003623e-06    1.138678e-06    5.559117e-07    1.119592e-06    5.157730e-05    4.768661e-05    5.136920e-05
   1.112500e-01    2.883913e+01    3.295929e+01    2.826122e+01    9.140568e+00    1.043846e+01    8.923739e+00    1.461296e+01    1.712886e+01    1.423410e+01    3.191204e+00    4.476219e+00    3.193018e+00    1.641960e+00    2.557299e+00    1.636177e+00    3.806532e-01    0.000000e+00    3.740004e-01   -3.042434e-06   -3.166776e-06   -3.045699e-06    1.142237e-06    5.622289e-07    1.123114e-06    5.157697e-05    4.768661e-05    5.136878e-05
   1.125000e-01    2.931267e+01    3.332962e+01    2.872515e+01    9.291787e+00    1.055574e+01    9.071838e+00    1.486270e+01    1.732132e+01    1.447757e+01    3.158893e+00    4.476219e+00    3.165045e+00    1.625336e+00    2.557299e+00    1.622083e+00    3.837703e-01    0.000000e+00    3.771215e-01   -3.084804e-06   -3.202358e-06   -3.087847e-06    1.145760e-06    5.685461e-07    1.126607e-06    5.157664e-05    4.768661e-05    5.136835e-05
   1.137500e-01    2.978738e+01    3.369995e+01    2.919009e+01    9.443379e+00    1.067303e+01    9.220261e+00    1.511310e+01    1.751378e+01    1.472161e+01    3.126221e+00    4.476219e+00    3.136616e+00    1.608525e+00    2.557299e+00    1.607750e+00    3.868555e-01    0.000000e+00    3.802148e-01   -3.127259e-06   -3.237940e-06   -3.130069e-06    1.149247e-06    5.748633e-07    1.130070e-06    5.157629e-05    4.768661e-05    5.136791e-05
   1.150000e-01    3.026328e+01    3.407027e+01    2.965606e+01    9.595347e+00    1.079031e+01    9.369013e+00    1.536414e+01    1.770624e+01    1.496621e+01    3.093188e+00    4.476219e+00    3.107730e+00    1.591529e+00    2.557299e+00    1.593177e+00    3.899084e-01    0.000000e+00    3.832801e-01   -3.169799e-06   -3.273521e-06   -3.172365e-06    1.152698e-06    5.811804e-07    1.133503e-06    5.157593e-05    4.768661e-05    5.136746e-05
   1.162500e-01    3.074037e+01    3.444060e+01    3.012308e+01    9.747696e+00    1.090760e+01    9.518100e+00    1.561585e+01    1.789870e+01    1.521140e+01    3.059794e+00    4.476219e+00    3.078386e+00    1.574346e+00    2.557299e+00    1.578364e+00    3.929288e-01    0.000000e+00    3.863167e-01   -3.212424e-06   -3.309103e-06   -3.214737e-06    1.156111e-06    5.874976e-07    1.136905e-06    5.157557e-05    4.768661e-05    5.136700e-05
   1.175000e-01    3.121866e+01    3.481093e+01    3.059117e+01    9.900430e+00    1.102489e+01    9.667526e+00    1.586823e+01    1.809116e+01    1.545717e+01    3.026039e+00    4.476219e+00    3.048583e+00    1.556979e+00    2.557299e+00    1.563309e+00    3.959161e-01    0.000000e+00    3.893243e-01   -3.255137e-06   -3.344685e-06   -3.257186e-06    1.159488e-06    5.938148e-07    1.140275e-06    5.157519e-05    4.768661e-05    5.136654e-05
   1.187500e-01    3.169818e+01    3.518126e+01    3.106035e+01    1.005355e+01    1.114217e+01    9.817298e+00    1.612128e+01    1.828362e+01    1.570354e+01    2.991923e+00    4.476219e+00    3.018320e+00    1.539425e+00    2.557299e+00    1.548013e+00    3.988702e-01    0.000000e+00    3.923024e-01   -3.297937e-06   -3.380267e-06   -3.299714e-06    1.162827e-06    6.001320e-07    1.143614e-06    5.157480e-05    4.768661e-05    5.136606e-05
   1.200000e-01    3.217893e+01    3.555159e+01    3.153062e+01    1.020707e+01    1.125946e+01    9.967420e+00    1.637501e+01    1.847608e+01    1.595052e+01    2.957446e+00    4.476219e+00    2.987596e+00    1.521686e+00    2.557299e+00    1.532475e+00    4.017906e-01    0.000000e+00    3.952506e-01   -3.340825e-06   -3.415848e-06   -3.342320e-06    1.166128e-06    6.064492e-07    1.146920e-06    5.157441e-05    4.768661e-05    5.136558e-05
   1.212500e-01    3.266093e+01    3.592192e+01    3.200201e+01    1.036098e+01    1.137674e+01    1.011790e+01    1.662943e+01    1.866854e+01    1.619812e+01    2.922608e+00    4.476219e+00    2.956410e+00    1.503760e+00    2.557299e+00    1.516694e+00    4.046770e-01    0.000000e+00    3.981684e-01   -3.383803e-06   -3.451430e-06   -3.385007e-06    1.169390e-06    6.127663e-07    1.150194e-06    5.157400e-05    4.768661e-05    5.136509e-05
   1.225000e-01    3.314419e+01    3.629225e+01    3.247453e+01    1.051530e+01    1.149403e+01    1.026874e+01    1.688455e+01    1.886100e+01    1.644634e+01    2.887408e+00    4.476219e+00    2.924760e+00    1.485650e+00    2.557299e+00    1.500670e+00    4.075289e-01    0.000000e+00    4.010554e-01   -3.426872e-06   -3.487012e-06   -3.427776e-06    1.172613e-06    6.190835e-07    1.153434e-06    5.157358e-05    4.768661e-05    5.136459e-05
   1.237500e-01    3.362871e+01    3.666258e+01    3.294820e+01    1.067002e+01    1.161132e+01    1.041994e+01    1.714038e+01    1.905346e+01    1.669520e+01    2.851848e+00    4.476219e+00    2.892646e+00    1.467353e+00    2.557299e+00    1.484402e+00    4.103462e-01    0.000000e+00    4.039110e-01   -3.470032e-06   -3.522594e-06   -3.470628e-06    1.175798e-06    6.254007e-07    1.156640e-06    5.157315e-05    4.768661e-05    5.136408e-05
   1.250000e-01    3.411453e+01    3.703291e+01    3.342304e+01    1.082515e+01    1.172860e+01    1.057152e+01    1.739692e+01    1.924591e+01    1.694471e+01    2.815927e+00    4.476219e+00    2.860066e+00    1.448871e+00    2.557299e+00    1.467889e+00    4.131284e-01    0.000000e+00    4.067349e-01   -3.513284e-06   -3.558175e-06   -3.513563e-06    1.178942e-06    6.317179e-07    1.159811e-06    5.157271e-05    4.768661e-05    5.136356e-05
   1.262500e-01    3.460164e+01    3.740324e+01    3.389907e+01    1.098070e+01    1.184589e+01    1.072347e+01    1.765417e+01    1.943837e+01    1.719486e+01    2.779645e+00    4.476219e+00    2.827019e+00    1.430202e+00    2.557299e+00    1.451131e+00    4.158751e-01    0.000000e+00    4.095266e-01   -3.556629e-06   -3.593757e-06   -3.556584e-06    1.182047e-06    6.380350e-07    1.162948e-06    5.157227e-05    4.768661e-05    5.136303e-05
   1.275000e-01    3.509006e+01    3.777357e+01    3.437629e+01    1.113666e+01    1.196317e+01    1.087581e+01    1.791215e+01    1.963083e+01    1.744569e+01    2.743002e+00    4.476219e+00    2.793505e+00    1.411349e+00    2.557299e+00    1.434127e+00    4.185860e-01    0.000000e+00    4.122856e-01   -3.600069e-06   -3.629339e-06   -3.599692e-06    1.185111e-06    6.443522e-07    1.166048e-06    5.157181e-05    4.768661e-05    5.136249e-05
   1.287500e-01    3.557981e+01    3.814389e+01    3.485473e+01    1.129304e+01    1.208046e+01    1.102854e+01    1.817087e+01    1.982329e+01    1.769718e+01    2.705998e+00    4.476219e+00    2.759521e+00    1.392309e+00    2.557299e+00    1.416876e+00    4.212608e-01    0.000000e+00    4.150115e-01   -3.643604e-06   -3.664921e-06   -3.642887e-06    1.188134e-06    6.506694e-07    1.169113e-06    5.157133e-05    4.768661e-05    5.136194e-05
   1.300000e-01    3.607090e+01    3.851422e+01    3.533441e+01    1.144986e+01    1.219775e+01    1.118166e+01    1.843032e+01    2.001575e+01    1.794936e+01    2.668633e+00    4.476219e+00    2.725067e+00    1.373083e+00    2.557299e+00    1.399378e+00    4.238990e-01    0.000000e+00    4.177037e-01   -3.687235e-06   -3.700502e-06   -3.686171e-06    1.191116e-06    6.569866e-07    1.172141e-06    5.157085e-05    4.768661e-05    5.136138e-05
   1.312500e-01    3.656333e+01    3.888455e+01    3.581534e+01    1.160710e+01    1.231503e+01    1.133517e+01    1.869052e+01    2.020821e+01    1.820223e+01    2.630906e+00    4.476219e+00    2.690142e+00    1.353672e+00    2.557299e+00    1.381632e+00    4.265004e-01    0.000000e+00    4.203620e-01   -3.730963e-06   -3.736084e-06   -3.729545e-06    1.194056e-06    6.633038e-07    1.175131e-06    5.157036e-05    4.768661e-05    5.136082e-05
   1.325000e-01    3.705713e+01    3.925488e+01    3.629754e+01    1.176478e+01    1.243232e+01    1.148910e+01    1.895148e+01    2.040067e+01    1.845580e+01    2.592819e+00    4.476219e+00    2.654744e+00    1.334075e+00    2.557299e+00    1.363638e+00    4.290646e-01    0.000000e+00    4.229857e-01   -3.774789e-06   -3.771666e-06   -3.773010e-06    1.196955e-06    6.696209e-07    1.178084e-06    5.156986e-05    4.768661e-05    5.136024e-05
   1.337500e-01    3.755231e+01    3.962521e+01    3.678103e+01    1.192289e+01    1.254961e+01    1.164343e+01    1.921320e+01    2.059313e+01    1.871009e+01    2.554371e+00    4.476219e+00    2.618871e+00    1.314293e+00    2.557299e+00    1.345394e+00    4.315912e-01    0.000000e+00    4.255744e-01   -3.818713e-06   -3.807248e-06   -3.816568e-06    1.199810e-06    6.759381e-07    1.180998e-06    5.156934e-05    4.768661e-05    5.135965e-05
   1.350000e-01    3.804887e+01    3.999554e+01    3.726581e+01    1.208145e+01    1.266689e+01    1.179818e+01    1.947568e+01    2.078559e+01    1.896509e+01    2.515562e+00    4.476219e+00    2.582524e+00    1.294324e+00    2.557299e+00    1.326901e+00    4.340799e-01    0.000000e+00    4.281277e-01   -3.862738e-06   -3.842829e-06   -3.860220e-06    1.202623e-06    6.822553e-07    1.183873e-06    5.156882e-05    4.768661e-05    5.135906e-05
   1.362500e-01    3.854684e+01    4.036587e+01    3.775192e+01    1.224046e+01    1.278418e+01    1.195335e+01    1.973895e+01    2.097805e+01    1.922082e+01    2.476391e+00    4.476219e+00    2.545700e+00    1.274170e+00    2.557299e+00    1.308156e+00    4.365304e-01    0.000000e+00    4.306450e-01   -3.906863e-06   -3.878411e-06   -3.903966e-06    1.205393e-06    6.885725e-07    1.186709e-06    5.156828e-05    4.768661e-05    5.135845e-05
   1.375000e-01    3.904622e+01    4.073620e+01    3.823937e+01    1.239991e+01    1.290146e+01    1.210894e+01    2.000299e+01    2.117051e+01    1.947730e+01    2.436860e+00    4.476219e+00    2.508398e+00    1.253830e+00    2.557299e+00    1.289160e+00    4.389422e-01    0.000000e+00    4.331260e-01   -3.951090e-06   -3.913993e-06   -3.947809e-06    1.208119e-06    6.948897e-07    1.189505e-06    5.156773e-05    4.768661e-05    5.135784e-05
   1.387500e-01    3.954703e+01    4.110653e+01    3.872818e+01    1.255983e+01    1.301875e+01    1.226497e+01    2.026783e+01    2.136297e+01    1.973452e+01    2.396968e+00    4.476219e+00    2.470617e+00    1.233305e+00    2.557299e+00    1.269912e+00    4.413150e-01    0.000000e+00    4.355701e-01   -3.995420e-06   -3.949575e-06   -3.991749e-06    1.210801e-06    7.012068e-07    1.192260e-06    5.156717e-05    4.768661e-05    5.135721e-05
   1.400000e-01    4.004928e+01    4.147686e+01    3.921835e+01    1.272020e+01    1.313604e+01    1.242143e+01    2.053346e+01    2.155542e+01    1.999251e+01    2.356714e+00    4.476219e+00    2.432355e+00    1.212593e+00    2.557299e+00    1.250411e+00    4.436484e-01    0.000000e+00    4.379769e-01   -4.039853e-06   -3.985156e-06   -4.035787e-06    1.213438e-06    7.075240e-07    1.194974e-06    5.156660e-05    4.768661e-05    5.135658e-05
   1.412500e-01    4.055299e+01    4.184719e+01    3.970992e+01    1.288103e+01    1.325332e+01    1.257834e+01    2.079990e+01    2.174788e+01    2.025126e+01    2.316100e+00    4.476219e+00    2.393611e+00    1.191696e+00    2.557299e+00    1.230657e+00    4.459422e-01    0.000000e+00    4.403458e-01   -4.084390e-06   -4.020738e-06   -4.079926e-06    1.216031e-06    7.138412e-07    1.197646e-06    5.156602e-05    4.768661e-05    5.135593e-05
   1.425000e-01    4.105816e+01    4.221751e+01    4.020290e+01    1.304234e+01    1.337061e+01    1.273570e+01    2.106715e+01    2.194034e+01    2.051079e+01    2.275125e+00    4.476219e+00    2.354384e+00    1.170613e+00    2.557299e+00    1.210648e+00    4.481959e-01    0.000000e+00    4.426765e-01   -4.129033e-06   -4.056320e-06   -4.124166e-06    1.218578e-06    7.201584e-07    1.200276e-06    5.156543e-05    4.768661e-05    5.135528e-05
   1.437500e-01    4.156481e+01    4.258784e+01    4.069730e+01    1.320411e+01    1.348789e+01    1.289351e+01    2.133523e+01    2.213280e+01    2.077111e+01    2.233788e+00    4.476219e+00    2.314672e+00    1.149344e+00    2.557299e+00    1.190384e+00    4.504092e-01    0.000000e+00    4.449685e-01   -4.173782e-06   -4.091902e-06   -4.168508e-06    1.221080e-06    7.264755e-07    1.202863e-06    5.156482e-05    4.768661e-05    5.135461e-05
   1.450000e-01    4.207296e+01    4.295817e+01    4.119314e+01    1.336637e+01    1.360518e+01    1.305178e+01    2.160412e+01    2.232526e+01    2.103222e+01    2.192091e+00    4.476219e+00    2.274475e+00    1.127890e+00    2.557299e+00    1.169864e+00    4.525817e-01    0.000000e+00    4.472212e-01   -4.218639e-06   -4.127483e-06   -4.212953e-06    1.223535e-06    7.327927e-07    1.205407e-06    5.156421e-05    4.768661e-05    5.135394e-05
   1.462500e-01    4.258261e+01    4.332850e+01    4.169045e+01    1.352910e+01    1.372247e+01    1.321052e+01    2.187385e+01    2.251772e+01    2.129415e+01    2.150033e+00    4.476219e+00    2.233789e+00    1.106250e+00    2.557299e+00    1.149087e+00    4.547132e-01    0.000000e+00    4.494343e-01   -4.263603e-06   -4.163065e-06   -4.257503e-06    1.225944e-06    7.391099e-07    1.207906e-06    5.156358e-05    4.768661e-05    5.135325e-05
   1.475000e-01    4.309378e+01    4.369883e+01    4.218923e+01    1.369231e+01    1.383975e+01    1.336973e+01    2.214443e+01    2.271018e+01    2.155689e+01    2.107613e+00    4.476219e+00    2.192615e+00    1.084424e+00    2.557299e+00    1.128052e+00    4.568031e-01    0.000000e+00    4.516071e-01   -4.308677e-06   -4.198647e-06   -4.302160e-06    1.228307e-06    7.454271e-07    1.210361e-06    5.156294e-05    4.768661e-05    5.135256e-05
   1.487500e-01    4.360648e+01    4.406916e+01    4.268951e+01    1.385602e+01    1.395704e+01    1.352941e+01    2.241585e+01    2.290264e+01    2.182046e+01    2.064833e+00    4.476219e+00    2.150950e+00    1.062412e+00    2.557299e+00    1.106760e+00    4.588513e-01    0.000000e+00    4.537393e-01   -4.353861e-06   -4.234229e-06   -4.346924e-06    1.230622e-06    7.517443e-07    1.212771e-06    5.156229e-05    4.768661e-05    5.135185e-05
   1.500000e-01    4.412073e+01    4.443949e+01    4.319130e+01    1.402022e+01    1.407432e+01    1.368958e+01    2.268812e+01    2.309510e+01    2.208487e+01    2.021691e+00    4.476219e+00    2.108794e+00    1.040215e+00    2.557299e+00    1.085208e+00    4.608573e-01    0.000000e+00    4.558303e-01   -4.399156e-06   -4.269810e-06   -4.391796e-06    1.232889e-06    7.580614e-07    1.215135e-06    5.156162e-05    4.768661e-05    5.135113e-05
   1.512500e-01    4.463654e+01    4.480982e+01    4.369463e+01    1.418491e+01    1.419161e+01    1.385024e+01    2.296126e+01    2.328756e+01    2.235012e+01    1.978189e+00    4.476219e+00    2.066144e+00    1.017832e+00    2.557299e+00    1.063396e+00    4.628207e-01    0.000000e+00    4.578797e-01   -4.444562e-06   -4.305392e-06   -4.436778e-06    1.235108e-06    7.643786e-07    1.217452e-06    5.156094e-05    4.768661e-05    5.135040e-05
   1.525000e-01    4.515391e+01    4.518015e+01    4.419950e+01    1.435011e+01    1.430890e+01    1.401139e+01    2.323526e+01    2.348002e+01    2.261623e+01    1.934325e+00    4.476219e+00    2.022999e+00    9.952626e-01    2.557299e+00    1.041323e+00    4.647412e-01    0.000000e+00    4.598870e-01   -4.490082e-06   -4.340974e-06   -4.481871e-06    1.237279e-06    7.706958e-07    1.219723e-06    5.156026e-05    4.768661e-05    5.134966e-05
   1.537500e-01    4.567287e+01    4.555048e+01    4.470595e+01    1.451581e+01    1.442618e+01    1.417304e+01    2.351015e+01    2.367247e+01    2.288321e+01    1.890101e+00    4.476219e+00    1.979358e+00    9.725079e-01    2.557299e+00    1.018989e+00    4.666186e-01    0.000000e+00    4.618517e-01   -4.535715e-06   -4.376556e-06   -4.527077e-06    1.239401e-06    7.770130e-07    1.221946e-06    5.155956e-05    4.768661e-05    5.134891e-05
   1.550000e-01    4.619343e+01    4.592081e+01    4.521398e+01    1.468202e+01    1.454347e+01    1.433520e+01    2.378592e+01    2.386493e+01    2.315107e+01    1.845515e+00    4.476219e+00    1.935219e+00    9.495675e-01    2.557299e+00    9.963917e-01    4.684523e-01    0.000000e+00    4.637733e-01   -4.581463e-06   -4.412137e-06   -4.572396e-06    1.241473e-06    7.833302e-07    1.224122e-06    5.155884e-05    4.768661e-05    5.134815e-05
   1.562500e-01    4.671560e+01    4.629113e+01    4.572361e+01    1.484874e+01    1.466075e+01    1.449786e+01    2.406257e+01    2.405739e+01    2.341981e+01    1.800569e+00    4.476219e+00    1.890580e+00    9.264413e-01    2.557299e+00    9.735314e-01    4.702420e-01    0.000000e+00    4.656514e-01   -4.627327e-06   -4.447719e-06   -4.617831e-06    1.243496e-06    7.896473e-07    1.226248e-06    5.155812e-05    4.768661e-05    5.134738e-05
   1.575000e-01    4.723939e+01    4.666146e+01    4.623487e+01    1.501598e+01    1.477804e+01    1.466105e+01    2.434013e+01    2.424985e+01    2.368946e+01    1.755261e+00    4.476219e+00    1.845440e+00    9.031293e-01    2.557299e+00    9.504067e-01    4.719875e-01    0.000000e+00    4.674853e-01   -4.673307e-06   -4.483301e-06   -4.663381e-06    1.245469e-06    7.959645e-07    1.228325e-06    5.155738e-05    4.768661e-05    5.134660e-05
   1.587500e-01    4.776482e+01    4.703179e+01    4.674777e+01    1.518374e+01    1.489533e+01    1.482475e+01    2.461859e+01    2.444231e+01    2.396000e+01    1.709593e+00    4.476219e+00    1.799798e+00    8.796316e-01    2.557299e+00    9.270169e-01    4.736883e-01    0.000000e+00    4.692747e-01   -4.719405e-06   -4.518883e-06   -4.709049e-06    1.247391e-06    8.022817e-07    1.230353e-06    5.155663e-05    4.768661e-05    5.134580e-05
   1.600000e-01    4.829189e+01    4.740212e+01    4.726232e+01    1.535203e+01    1.501261e+01    1.498899e+01    2.489797e+01    2.463477e+01    2.423147e+01    1.663563e+00    4.476219e+00    1.753651e+00    8.559482e-01    2.557299e+00    9.033611e-01    4.753441e-01    0.000000e+00    4.710190e-01   -4.765622e-06   -4.554464e-06   -4.754836e-06    1.249263e-06    8.085989e-07    1.232330e-06    5.155586e-05    4.768661e-05    5.134500e-05
   1.612500e-01    4.882063e+01    4.777245e+01    4.777855e+01    1.552085e+01    1.512990e+01    1.515376e+01    2.517826e+01    2.482723e+01    2.450386e+01    1.617173e+00    4.476219e+00    1.706998e+00    8.320789e-01    2.557299e+00    8.794383e-01    4.769545e-01    0.000000e+00    4.727178e-01   -4.811957e-06   -4.590046e-06   -4.800742e-06    1.251083e-06    8.149160e-07    1.234256e-06    5.155509e-05    4.768661e-05    5.134418e-05
   1.625000e-01    4.935104e+01    4.814278e+01    4.829648e+01    1.569020e+01    1.524718e+01    1.531907e+01    2.545949e+01    2.501969e+01    2.477720e+01    1.570421e+00    4.476219e+00    1.659837e+00    8.080240e-01    2.557299e+00    8.552476e-01    4.785192e-01    0.000000e+00    4.743706e-01   -4.858413e-06   -4.625628e-06   -4.846771e-06    1.252852e-06    8.212332e-07    1.236130e-06    5.155430e-05    4.768661e-05    5.134335e-05
   1.637500e-01    4.988314e+01    4.851311e+01    4.881613e+01    1.586009e+01    1.536447e+01    1.548493e+01    2.574164e+01    2.521215e+01    2.505148e+01    1.523308e+00    4.476219e+00    1.612167e+00    7.837833e-01    2.557299e+00    8.307880e-01    4.800379e-01    0.000000e+00    4.759767e-01   -4.904990e-06   -4.661210e-06   -4.892921e-06    1.254568e-06    8.275504e-07    1.237952e-06    5.155350e-05    4.768661e-05    5.134251e-05
   1.650000e-01    5.041694e+01    4.888344e+01    4.933750e+01    1.603052e+01    1.548176e+01    1.565134e+01    2.602474e+01    2.540461e+01    2.532672e+01    1.475835e+00    4.476219e+00    1.563986e+00    7.593568e-01    2.557299e+00    8.060588e-01    4.815101e-01    0.000000e+00    4.775359e-01   -4.951690e-06   -4.696791e-06   -4.939196e-06    1.256232e-06    8.338676e-07    1.239721e-06    5.155268e-05    4.768661e-05    5.134166e-05
   1.662500e-01    5.095246e+01    4.925377e+01    4.986063e+01    1.620150e+01    1.559904e+01    1.581831e+01    2.630879e+01    2.559707e+01    2.560292e+01    1.428000e+00    4.476219e+00    1.515293e+00    7.347446e-01    2.557299e+00    7.810588e-01    4.829355e-01    0.000000e+00    4.790474e-01   -4.998512e-06   -4.732373e-06   -4.985596e-06    1.257843e-06    8.401848e-07    1.241437e-06    5.155185e-05    4.768661e-05    5.134080e-05
   1.675000e-01    5.148970e+01    4.962410e+01    5.038552e+01    1.637303e+01    1.571633e+01    1.598584e+01    2.659379e+01    2.578953e+01    2.588011e+01    1.379804e+00    4.476219e+00    1.466085e+00    7.099466e-01    2.557299e+00    7.557872e-01    4.843138e-01    0.000000e+00    4.805110e-01   -5.045459e-06   -4.767955e-06   -5.032123e-06    1.259401e-06    8.465019e-07    1.243099e-06    5.155101e-05    4.768661e-05    5.133992e-05
   1.687500e-01    5.202868e+01    4.999442e+01    5.091221e+01    1.654511e+01    1.583361e+01    1.615394e+01    2.687975e+01    2.598198e+01    2.615829e+01    1.331248e+00    4.476219e+00    1.416360e+00    6.849629e-01    2.557299e+00    7.302430e-01    4.856445e-01    0.000000e+00    4.819259e-01   -5.092531e-06   -4.803537e-06   -5.078778e-06    1.260905e-06    8.528191e-07    1.244706e-06    5.155016e-05    4.768661e-05    5.133904e-05
   1.700000e-01    5.256941e+01    5.036475e+01    5.144070e+01    1.671775e+01    1.595090e+01    1.632262e+01    2.716669e+01    2.617444e+01    2.643746e+01    1.282330e+00    4.476219e+00    1.366118e+00    6.597934e-01    2.557299e+00    7.044252e-01    4.869275e-01    0.000000e+00    4.832918e-01   -5.139728e-06   -4.839118e-06   -5.125561e-06    1.262355e-06    8.591363e-07    1.246258e-06    5.154929e-05    4.768661e-05    5.133814e-05
   1.712500e-01    5.311191e+01    5.073508e+01    5.197101e+01    1.689096e+01    1.606819e+01    1.649188e+01    2.745460e+01    2.636690e+01    2.671765e+01    1.233051e+00    4.476219e+00    1.315356e+00    6.344381e-01    2.557299e+00    6.783329e-01    4.881622e-01    0.000000e+00    4.846081e-01   -5.187052e-06   -4.874700e-06   -5.172476e-06    1.263751e-06    8.654535e-07    1.247753e-06    5.154840e-05    4.768661e-05    5.133723e-05
   1.725000e-01    5.365619e+01    5.110541e+01    5.250318e+01    1.706473e+01    1.618547e+01    1.666173e+01    2.774350e+01    2.655936e+01    2.699886e+01    1.183411e+00    4.476219e+00    1.264073e+00    6.088971e-01    2.557299e+00    6.519649e-01    4.893484e-01    0.000000e+00    4.858743e-01   -5.234504e-06   -4.910282e-06   -5.219522e-06    1.265092e-06    8.717707e-07    1.249193e-06    5.154751e-05    4.768661e-05    5.133630e-05
   1.737500e-01    5.420226e+01    5.147574e+01    5.303720e+01    1.723908e+01    1.630276e+01    1.683218e+01    2.803339e+01    2.675182e+01    2.728109e+01    1.133411e+00    4.476219e+00    1.212266e+00    5.831704e-01    2.557299e+00    6.253204e-01    4.904857e-01    0.000000e+00    4.870900e-01   -5.282085e-06   -4.945864e-06   -5.266702e-06    1.266377e-06    8.780878e-07    1.250575e-06    5.154660e-05    4.768661e-05    5.133537e-05
   1.750000e-01    5.475014e+01    5.184607e+01    5.357311e+01    1.741400e+01    1.642004e+01    1.700322e+01    2.832428e+01    2.694428e+01    2.756437e+01    1.083049e+00    4.476219e+00    1.159934e+00    5.572579e-01    2.557299e+00    5.983983e-01    4.915737e-01    0.000000e+00    4.882544e-01   -5.329796e-06   -4.981445e-06   -5.314016e-06    1.267607e-06    8.844050e-07    1.251900e-06    5.154568e-05    4.768661e-05    5.133442e-05
   1.762500e-01    5.529983e+01    5.221640e+01    5.411092e+01    1.758950e+01    1.653733e+01    1.717487e+01    2.861617e+01    2.713674e+01    2.784871e+01    1.032326e+00    4.476219e+00    1.107075e+00    5.311597e-01    2.557299e+00    5.711975e-01    4.926120e-01    0.000000e+00    4.893673e-01   -5.377637e-06   -5.017027e-06   -5.361466e-06    1.268781e-06    8.907222e-07    1.253166e-06    5.154474e-05    4.768661e-05    5.133346e-05
   1.775000e-01    5.585135e+01    5.258673e+01    5.465065e+01    1.776558e+01    1.665462e+01    1.734713e+01    2.890908e+01    2.732920e+01    2.813410e+01    9.812423e-01    4.476219e+00    1.053687e+00    5.048757e-01    2.557299e+00    5.437171e-01    4.936005e-01    0.000000e+00    4.904280e-01   -5.425609e-06   -5.052609e-06   -5.409053e-06    1.269898e-06    8.970394e-07    1.254373e-06    5.154379e-05    4.768661e-05    5.133249e-05
   1.787500e-01    5.640472e+01    5.295706e+01    5.519232e+01    1.794225e+01    1.677190e+01    1.752001e+01    2.920301e+01    2.752166e+01    2.842057e+01    9.297975e-01    4.476219e+00    9.997677e-01    4.784059e-01    2.557299e+00    5.159560e-01    4.945385e-01    0.000000e+00    4.914360e-01   -5.473714e-06   -5.088191e-06   -5.456779e-06    1.270958e-06    9.033566e-07    1.255521e-06    5.154282e-05    4.768661e-05    5.133150e-05
   1.800000e-01    5.695994e+01    5.332739e+01    5.573596e+01    1.811952e+01    1.688919e+01    1.769352e+01    2.949796e+01    2.771412e+01    2.870813e+01    8.779917e-01    4.476219e+00    9.453161e-01    4.517504e-01    2.557299e+00    4.879131e-01    4.954259e-01    0.000000e+00    4.923909e-01   -5.521952e-06   -5.123772e-06   -5.504645e-06    1.271961e-06    9.096737e-07    1.256608e-06    5.154184e-05    4.768661e-05    5.133050e-05
   1.812500e-01    5.751704e+01    5.369772e+01    5.628157e+01    1.829737e+01    1.700647e+01    1.786766e+01    2.979395e+01    2.790658e+01    2.899678e+01    8.258248e-01    4.476219e+00    8.903297e-01    4.249092e-01    2.557299e+00    4.595874e-01    4.962623e-01    0.000000e+00    4.932920e-01   -5.570325e-06   -5.159354e-06   -5.552652e-06    1.272906e-06    9.159909e-07    1.257635e-06    5.154085e-05    4.768661e-05    5.132949e-05
   1.825000e-01    5.807601e+01    5.406804e+01    5.682918e+01    1.847583e+01    1.712376e+01    1.804243e+01    3.009098e+01    2.809904e+01    2.928653e+01    7.732969e-01    4.476219e+00    8.348068e-01    3.978821e-01    2.557299e+00    4.309777e-01    4.970473e-01    0.000000e+00    4.941389e-01   -5.618833e-06   -5.194936e-06   -5.600802e-06    1.273794e-06    9.223081e-07    1.258600e-06    5.153984e-05    4.768661e-05    5.132847e-05
   1.837500e-01    5.863688e+01    5.443837e+01    5.737880e+01    1.865490e+01    1.724105e+01    1.821785e+01    3.038907e+01    2.829149e+01    2.957740e+01    7.204081e-01    4.476219e+00    7.787453e-01    3.706694e-01    2.557299e+00    4.020830e-01    4.977805e-01    0.000000e+00    4.949310e-01   -5.667477e-06   -5.230518e-06   -5.649096e-06    1.274622e-06    9.286253e-07    1.259502e-06    5.153882e-05    4.768661e-05    5.132743e-05
   1.850000e-01    5.919966e+01    5.480870e+01    5.793047e+01    1.883457e+01    1.735833e+01    1.839392e+01    3.068820e+01    2.848395e+01    2.986940e+01    6.671581e-01    4.476219e+00    7.221431e-01    3.432709e-01    2.557299e+00    3.729022e-01    4.984616e-01    0.000000e+00    4.956677e-01   -5.716258e-06   -5.266099e-06   -5.697536e-06    1.275392e-06    9.349424e-07    1.260342e-06    5.153778e-05    4.768661e-05    5.132638e-05
   1.862500e-01    5.976436e+01    5.517903e+01    5.848419e+01    1.901486e+01    1.747562e+01    1.857064e+01    3.098841e+01    2.867641e+01    3.016254e+01    6.135472e-01    4.476219e+00    6.649984e-01    3.156866e-01    2.557299e+00    3.434342e-01    4.990903e-01    0.000000e+00    4.963487e-01   -5.765177e-06   -5.301681e-06   -5.746122e-06    1.276103e-06    9.412596e-07    1.261119e-06    5.153673e-05    4.768661e-05    5.132531e-05
   1.875000e-01    6.033100e+01    5.554936e+01    5.903999e+01    1.919576e+01    1.759290e+01    1.874802e+01    3.128968e+01    2.886887e+01    3.045683e+01    5.595753e-01    4.476219e+00    6.073090e-01    2.879166e-01    2.557299e+00    3.136779e-01    4.996661e-01    0.000000e+00    4.969733e-01   -5.814235e-06   -5.337263e-06   -5.794857e-06    1.276754e-06    9.475768e-07    1.261832e-06    5.153566e-05    4.768661e-05    5.132424e-05
   1.887500e-01    6.089958e+01    5.591969e+01    5.959788e+01    1.937728e+01    1.771019e+01    1.892608e+01    3.159203e+01    2.906133e+01    3.075228e+01    5.052423e-01    4.476219e+00    5.490729e-01    2.599608e-01    2.557299e+00    2.836320e-01    5.001888e-01    0.000000e+00    4.975410e-01   -5.863433e-06   -5.372845e-06   -5.843741e-06    1.277345e-06    9.538940e-07    1.262479e-06    5.153458e-05    4.768661e-05    5.132315e-05
   1.900000e-01    6.147013e+01    5.629002e+01    6.015790e+01    1.955943e+01    1.782748e+01    1.910481e+01    3.189546e+01    2.925379e+01    3.104890e+01    4.505484e-01    4.476219e+00    4.902881e-01    2.318193e-01    2.557299e+00    2.532955e-01    5.006580e-01    0.000000e+00    4.980512e-01   -5.912772e-06   -5.408426e-06   -5.892776e-06    1.277875e-06    9.602112e-07    1.263062e-06    5.153349e-05    4.768661e-05    5.132204e-05
   1.912500e-01    6.204264e+01    5.666035e+01    6.072005e+01    1.974221e+01    1.794476e+01    1.928422e+01    3.219999e+01    2.944625e+01    3.134670e+01    3.954934e-01    4.476219e+00    4.309525e-01    2.034920e-01    2.557299e+00    2.226672e-01    5.010733e-01    0.000000e+00    4.985035e-01   -5.962253e-06   -5.444008e-06   -5.941964e-06    1.278344e-06    9.665283e-07    1.263578e-06    5.153237e-05    4.768661e-05    5.132092e-05
   1.925000e-01    6.261715e+01    5.703068e+01    6.128435e+01    1.992562e+01    1.806205e+01    1.946432e+01    3.250562e+01    2.963871e+01    3.164570e+01    3.400774e-01    4.476219e+00    3.710639e-01    1.749790e-01    2.557299e+00    1.917460e-01    5.014344e-01    0.000000e+00    4.988972e-01   -6.011876e-06   -5.479590e-06   -5.991305e-06    1.278753e-06    9.728455e-07    1.264028e-06    5.153125e-05    4.768661e-05    5.131979e-05
   1.937500e-01    6.319365e+01    5.740101e+01    6.185083e+01    2.010967e+01    1.817933e+01    1.964511e+01    3.281235e+01    2.983117e+01    3.194590e+01    2.843003e-01    4.476219e+00    3.106202e-01    1.462802e-01    2.557299e+00    1.605307e-01    5.017408e-01    0.000000e+00    4.992319e-01   -6.061643e-06   -5.515172e-06   -6.040802e-06    1.279099e-06    9.791627e-07    1.264410e-06    5.153011e-05    4.768661e-05    5.131864e-05
   1.950000e-01    6.377217e+01    5.777134e+01    6.241951e+01    2.029436e+01    1.829662e+01    1.982660e+01    3.312020e+01    3.002363e+01    3.224731e+01    2.281623e-01    4.476219e+00    2.496194e-01    1.173957e-01    2.557299e+00    1.290200e-01    5.019924e-01    0.000000e+00    4.995069e-01   -6.111555e-06   -5.550754e-06   -6.090456e-06    1.279383e-06    9.854799e-07    1.264725e-06    5.152895e-05    4.768661e-05    5.131748e-05
   1.962500e-01    6.435271e+01    5.814166e+01    6.299041e+01    2.047969e+01    1.841391e+01    2.000880e+01    3.342917e+01    3.021609e+01    3.254996e+01    1.716633e-01    4.476219e+00    1.880591e-01    8.832538e-02    2.557299e+00    9.721282e-02    5.021887e-01    0.000000e+00    4.997218e-01   -6.161612e-06   -5.586335e-06   -6.140267e-06    1.279605e-06    9.917971e-07    1.264970e-06    5.152777e-05    4.768661e-05    5.131631e-05
   1.975000e-01    6.493529e+01    5.851199e+01    6.356354e+01    2.066568e+01    1.853119e+01    2.019171e+01    3.373927e+01    3.040854e+01    3.285384e+01    1.148032e-01    4.476219e+00    1.259372e-01    5.906934e-02    2.557299e+00    6.510791e-02    5.023293e-01    0.000000e+00    4.998760e-01   -6.211815e-06   -5.621917e-06   -6.190238e-06    1.279764e-06    9.981142e-07    1.265146e-06    5.152659e-05    4.768661e-05    5.131512e-05
   1.987500e-01    6.551992e+01    5.888232e+01    6.413893e+01    2.085232e+01    1.864848e+01    2.037534e+01    3.405050e+01    3.060100e+01    3.315897e+01    5.758210e-02    4.476219e+00    6.325163e-02    2.962755e-02    2.557299e+00    3.270404e-02    5.024139e-01    0.000000e+00    4.999689e-01   -6.262166e-06   -5.657499e-06   -6.240370e-06    1.279860e-06    1.004431e-06    1.265253e-06    5.152538e-05    4.768661e-05    5.131391e-05
   2.000000e-01    6.610661e+01    5.925265e+01    6.471660e+01    2.103962e+01    1.876576e+01    2.055970e+01    3.436288e+01    3.079346e+01    3.346537e+01    4.620207e-11    4.476219e+00    5.062614e-11    2.378728e-11    2.557299e+00    2.617338e-11    5.024422e-01    0.000000e+00    5.000000e-01   -6.312665e-06   -5.693081e-06   -6.290665e-06    1.279892e-06    1.010749e-06    1.265288e-06    5.152416e-05    4.768661e-05    5.131269e-05
